split,sequence_id,IX_VGR_RefSwitchVerticalAxis_I1,IX_VGR_RefSwitchHorizontalAxis_I2,IX_VGR_RefSwitchRotate_I3,QX_VGR_M2_HorizontalAxisBackward_Q3,QX_VGR_M2_HorizontalAxisForward_Q4,QX_VGR_Compressor_Q7,QX_VGR_ValveVacuum_Q8,VGR_vertical_position,VGR_horizontal_position,VGR_rotate_position,IX_HBW_RefSwitchHorizontalAxis_I1,IX_HBW_LightBarrierInside_I2,IX_HBW_LightBarrierOutside_I3,IX_HBW_RefSwitchVerticalAxis_I4,IX_HBW_SwitchCantileverFront_I5,IX_HBW_SwitchCantileverBack_I6,HBW_vertical_position,HBW_horizontal_position,IX_SSC_LightBarrierStorage_I3,empty_storage_0,empty_storage_1,empty_storage_2,empty_storage_3,empty_storage_4,empty_storage_5,empty_storage_6,empty_storage_7,empty_storage_8,empty_storage_9,label_VGR
train,vgr_train_storage_cycle_01,1,1,1,0,0,0,0,0,0,0,1,1,1,1,0,1,0,0,1,0,1,0,0,0,0,0,0,0,0,0
train,vgr_train_storage_cycle_01,1,1,1,0,0,0,0,0,0,0,1,1,1,1,0,1,0,0,1,0,1,0,0,0,0,0,0,0,0,0
train,vgr_train_storage_cycle_01,1,1,1,0,0,0,0,0,0,0,1,1,1,1,0,1,0,0,1,0,1,0,0,0,0,0,0,0,0,0
train,vgr_train_storage_cycle_01,1,1,1,0,0,0,0,0,0,0,1,1,1,1,0,1,0,0,1,0,1,0,0,0,0,0,0,0,0,0
train,vgr_train_storage_cycle_01,1,1,1,0,0,0,0,0,0,0,1,1,1,1,0,1,0,0,1,0,1,0,0,0,0,0,0,0,0,0
train,vgr_train_storage_cycle_01,1,1,1,0,0,0,0,0,0,0,1,1,1,1,0,1,0,0,1,0,1,0,0,0,0,0,0,0,0,0
train,vgr_train_storage_cycle_01,1,1,1,0,0,0,0,0,0,0,1,1,1,1,0,1,0,0,1,0,1,0,0,0,0,0,0,0,0,0
train,vgr_train_storage_cycle_01,1,1,1,0,0,0,0,0,0,0,1,1,1,1,0,1,0,0,1,0,1,0,0,0,0,0,0,0,0,0
train,vgr_train_storage_cycle_01,1,1,1,0,0,0,0,0,0,0,1,1,1,1,0,1,0,0,1,0,1,0,0,0,0,0,0,0,0,0
train,vgr_train_storage_cycle_01,1,1,1,0,0,0,0,0,0,0,1,1,1,1,0,1,0,0,1,0,1,0,0,0,0,0,0,0,0,0
train,vgr_train_storage_cycle_01,1,1,1,0,0,0,0,0,0,0,1,1,1,1,0,1,0,0,0,0,1,0,0,0,0,0,0,0,0,101
train,vgr_train_storage_cycle_01,0,0,0,0,0,1,1,391,26,32,1,1,1,1,0,1,0,0,1,0,1,0,0,0,0,0,0,0,0,102
train,vgr_train_storage_cycle_01,0,0,0,0,0,1,1,1451,908,704,0,1,1,0,0,1,404,2869,1,0,1,0,0,0,0,0,0,0,0,103
train,vgr_train_storage_cycle_01,0,0,0,0,0,1,1,2453,160,428,0,1,1,0,0,1,37,2869,1,0,1,0,0,0,0,0,0,0,0,102
train,vgr_train_storage_cycle_01,0,0,0,0,0,1,1,1447,905,706,0,0,1,0,1,0,2799,16,1,0,1,0,0,0,0,0,0,0,0,104
train,vgr_train_storage_cycle_01,1,0,0,1,1,1,1,0,604,5348,0,1,0,0,1,0,2799,16,1,0,1,0,0,0,0,0,0,0,0,105
train,vgr_train_storage_cycle_01,0,0,0,0,0,0,0,398,604,5348,0,1,0,0,1,0,2799,16,1,0,1,0,0,0,0,0,0,0,0,0
train,vgr_train_storage_cycle_01,0,0,0,0,0,0,0,398,604,5348,0,0,1,0,1,0,2799,16,1,0,1,0,0,0,0,0,0,0,0,0
train,vgr_train_storage_cycle_01,0,0,0,0,0,0,0,398,604,5348,0,1,1,0,0,1,35,2870,1,0,1,0,0,0,0,0,0,0,0,0
train,vgr_train_storage_cycle_01,0,0,0,0,0,0,0,398,604,5348,0,1,1,0,0,1,402,2870,1,0,1,0,0,0,0,0,0,0,0,301
train,vgr_train_storage_cycle_01,1,1,1,0,0,0,0,0,0,0,1,1,1,1,0,1,0,0,1,0,0,1,0,0,0,0,0,0,0,0
train,vgr_train_storage_cycle_01,1,1,1,0,0,0,0,0,0,0,1,1,1,1,0,1,0,0,1,0,0,1,0,0,0,0,0,0,0,0
train,vgr_train_storage_cycle_01,1,1,1,0,0,0,0,0,0,0,1,1,1,1,0,1,0,0,1,0,0,1,0,0,0,0,0,0,0,0
train,vgr_train_storage_cycle_01,1,1,1,0,0,0,0,0,0,0,1,1,1,1,0,1,0,0,1,0,0,1,0,0,0,0,0,0,0,0
train,vgr_train_storage_cycle_01,1,1,1,0,0,0,0,0,0,0,1,1,1,1,0,1,0,0,1,0,0,1,0,0,0,0,0,0,0,0
train,vgr_train_storage_cycle_01,1,1,1,0,0,0,0,0,0,0,1,1,1,1,0,1,0,0,1,0,0,1,0,0,0,0,0,0,0,0
train,vgr_train_storage_cycle_01,1,1,1,0,0,0,0,0,0,0,1,1,1,1,0,1,0,0,1,0,0,1,0,0,0,0,0,0,0,0
train,vgr_train_storage_cycle_01,1,1,1,0,0,0,0,0,0,0,1,1,1,1,0,1,0,0,1,0,0,1,0,0,0,0,0,0,0,0
train,vgr_train_storage_cycle_01,1,1,1,0,0,0,0,0,0,0,1,1,1,1,0,1,0,0,1,0,0,1,0,0,0,0,0,0,0,0
train,vgr_train_storage_cycle_01,1,1,1,0,0,0,0,0,0,0,1,1,1,1,0,1,0,0,0,0,0,1,0,0,0,0,0,0,0,101
train,vgr_train_storage_cycle_01,0,0,0,0,0,1,1,394,26,33,1,1,1,1,0,1,0,0,1,0,0,1,0,0,0,0,0,0,0,102
train,vgr_train_storage_cycle_01,0,0,0,0,0,1,1,1452,904,703,0,1,1,0,0,1,1753,2869,1,0,0,1,0,0,0,0,0,0,0,103
train,vgr_train_storage_cycle_01,0,0,0,0,0,1,1,2456,156,426,0,1,1,0,0,1,1382,2869,1,0,0,1,0,0,0,0,0,0,0,102
train,vgr_train_storage_cycle_01,0,0,0,0,0,1,1,1449,908,702,0,0,1,0,1,0,2804,16,1,0,0,1,0,0,0,0,0,0,0,104
train,vgr_train_storage_cycle_01,1,0,0,1,1,1,1,0,608,5348,0,1,0,0,1,0,2804,16,1,0,0,1,0,0,0,0,0,0,0,105
train,vgr_train_storage_cycle_01,0,0,0,0,0,0,0,403,608,5348,0,1,0,0,1,0,2804,16,1,0,0,1,0,0,0,0,0,0,0,0
train,vgr_train_storage_cycle_01,0,0,0,0,0,0,0,403,608,5348,0,0,1,0,1,0,2804,16,1,0,0,1,0,0,0,0,0,0,0,0
train,vgr_train_storage_cycle_01,0,0,0,0,0,0,0,403,608,5348,0,1,1,0,0,1,1385,2870,1,0,0,1,0,0,0,0,0,0,0,0
train,vgr_train_storage_cycle_01,0,0,0,0,0,0,0,403,608,5348,0,1,1,0,0,1,1748,2870,1,0,0,1,0,0,0,0,0,0,0,301
train,vgr_train_storage_cycle_01,1,1,1,0,0,0,0,0,0,0,1,1,1,1,0,1,0,0,1,0,0,0,1,0,0,0,0,0,0,0
train,vgr_train_storage_cycle_01,1,1,1,0,0,0,0,0,0,0,1,1,1,1,0,1,0,0,1,0,0,0,1,0,0,0,0,0,0,0
train,vgr_train_storage_cycle_01,1,1,1,0,0,0,0,0,0,0,1,1,1,1,0,1,0,0,1,0,0,0,1,0,0,0,0,0,0,0
train,vgr_train_storage_cycle_01,1,1,1,0,0,0,0,0,0,0,1,1,1,1,0,1,0,0,1,0,0,0,1,0,0,0,0,0,0,0
train,vgr_train_storage_cycle_01,1,1,1,0,0,0,0,0,0,0,1,1,1,1,0,1,0,0,1,0,0,0,1,0,0,0,0,0,0,0
train,vgr_train_storage_cycle_01,1,1,1,0,0,0,0,0,0,0,1,1,1,1,0,1,0,0,1,0,0,0,1,0,0,0,0,0,0,0
train,vgr_train_storage_cycle_01,1,1,1,0,0,0,0,0,0,0,1,1,1,1,0,1,0,0,1,0,0,0,1,0,0,0,0,0,0,0
train,vgr_train_storage_cycle_01,1,1,1,0,0,0,0,0,0,0,1,1,1,1,0,1,0,0,1,0,0,0,1,0,0,0,0,0,0,0
train,vgr_train_storage_cycle_01,1,1,1,0,0,0,0,0,0,0,1,1,1,1,0,1,0,0,1,0,0,0,1,0,0,0,0,0,0,0
train,vgr_train_storage_cycle_01,1,1,1,0,0,0,0,0,0,0,1,1,1,1,0,1,0,0,1,0,0,0,1,0,0,0,0,0,0,0
train,vgr_train_storage_cycle_01,1,1,1,0,0,0,0,0,0,0,1,1,1,1,0,1,0,0,1,0,0,0,1,0,0,0,0,0,0,0
train,vgr_train_storage_cycle_01,1,1,1,0,0,0,0,0,0,0,1,1,1,1,0,1,0,0,1,0,0,0,1,0,0,0,0,0,0,0
train,vgr_train_storage_cycle_01,1,1,1,0,0,0,0,0,0,0,1,1,1,1,0,1,0,0,1,0,0,0,1,0,0,0,0,0,0,0
train,vgr_train_storage_cycle_01,1,1,1,0,0,0,0,0,0,0,1,1,1,1,0,1,0,0,0,0,0,0,1,0,0,0,0,0,0,101
train,vgr_train_storage_cycle_01,0,0,0,0,0,1,1,397,25,33,1,1,1,1,0,1,0,0,1,0,0,0,1,0,0,0,0,0,0,102
train,vgr_train_storage_cycle_01,0,0,0,0,0,1,1,1449,905,702,0,1,1,0,0,1,3252,2869,1,0,0,0,1,0,0,0,0,0,0,103
train,vgr_train_storage_cycle_01,0,0,0,0,0,1,1,2455,152,426,0,1,1,0,0,1,2885,2869,1,0,0,0,1,0,0,0,0,0,0,102
train,vgr_train_storage_cycle_01,0,0,0,0,0,1,1,1448,910,704,0,0,1,0,1,0,2799,18,1,0,0,0,1,0,0,0,0,0,0,104
train,vgr_train_storage_cycle_01,1,0,0,1,1,1,1,0,604,5348,0,1,0,0,1,0,2799,18,1,0,0,0,1,0,0,0,0,0,0,105
train,vgr_train_storage_cycle_01,0,0,0,0,0,0,0,396,604,5348,0,1,0,0,1,0,2799,18,1,0,0,0,1,0,0,0,0,0,0,0
train,vgr_train_storage_cycle_01,0,0,0,0,0,0,0,396,604,5348,0,0,1,0,1,0,2799,18,1,0,0,0,1,0,0,0,0,0,0,0
train,vgr_train_storage_cycle_01,0,0,0,0,0,0,0,396,604,5348,0,1,1,0,0,1,2878,2870,1,0,0,0,1,0,0,0,0,0,0,0
train,vgr_train_storage_cycle_01,0,0,0,0,0,0,0,396,604,5348,0,1,1,0,0,1,3250,2870,1,0,0,0,1,0,0,0,0,0,0,301
train,vgr_train_storage_cycle_01,1,1,1,0,0,0,0,0,0,0,1,1,1,1,0,1,0,0,1,0,0,0,0,1,0,0,0,0,0,0
train,vgr_train_storage_cycle_01,1,1,1,0,0,0,0,0,0,0,1,1,1,1,0,1,0,0,1,0,0,0,0,1,0,0,0,0,0,0
train,vgr_train_storage_cycle_01,1,1,1,0,0,0,0,0,0,0,1,1,1,1,0,1,0,0,1,0,0,0,0,1,0,0,0,0,0,0
train,vgr_train_storage_cycle_01,1,1,1,0,0,0,0,0,0,0,1,1,1,1,0,1,0,0,1,0,0,0,0,1,0,0,0,0,0,0
train,vgr_train_storage_cycle_01,1,1,1,0,0,0,0,0,0,0,1,1,1,1,0,1,0,0,1,0,0,0,0,1,0,0,0,0,0,0
train,vgr_train_storage_cycle_01,1,1,1,0,0,0,0,0,0,0,1,1,1,1,0,1,0,0,1,0,0,0,0,1,0,0,0,0,0,0
train,vgr_train_storage_cycle_01,1,1,1,0,0,0,0,0,0,0,1,1,1,1,0,1,0,0,1,0,0,0,0,1,0,0,0,0,0,0
train,vgr_train_storage_cycle_01,1,1,1,0,0,0,0,0,0,0,1,1,1,1,0,1,0,0,1,0,0,0,0,1,0,0,0,0,0,0
train,vgr_train_storage_cycle_01,1,1,1,0,0,0,0,0,0,0,1,1,1,1,0,1,0,0,1,0,0,0,0,1,0,0,0,0,0,0
train,vgr_train_storage_cycle_01,1,1,1,0,0,0,0,0,0,0,1,1,1,1,0,1,0,0,1,0,0,0,0,1,0,0,0,0,0,0
train,vgr_train_storage_cycle_01,1,1,1,0,0,0,0,0,0,0,1,1,1,1,0,1,0,0,1,0,0,0,0,1,0,0,0,0,0,0
train,vgr_train_storage_cycle_01,1,1,1,0,0,0,0,0,0,0,1,1,1,1,0,1,0,0,1,0,0,0,0,1,0,0,0,0,0,0
train,vgr_train_storage_cycle_01,1,1,1,0,0,0,0,0,0,0,1,1,1,1,0,1,0,0,0,0,0,0,0,1,0,0,0,0,0,101
train,vgr_train_storage_cycle_01,0,0,0,0,0,1,1,394,25,29,1,1,1,1,0,1,0,0,1,0,0,0,0,1,0,0,0,0,0,102
train,vgr_train_storage_cycle_01,0,0,0,0,0,1,1,1449,905,703,0,1,1,0,0,1,399,5199,1,0,0,0,0,1,0,0,0,0,0,103
train,vgr_train_storage_cycle_01,0,0,0,0,0,1,1,2454,157,424,0,1,1,0,0,1,32,5199,1,0,0,0,0,1,0,0,0,0,0,102
train,vgr_train_storage_cycle_01,0,0,0,0,0,1,1,1446,907,699,0,0,1,0,1,0,2803,17,1,0,0,0,0,1,0,0,0,0,0,104
train,vgr_train_storage_cycle_01,1,0,0,0,0,1,1,0,605,5349,0,1,0,0,1,0,2803,17,1,0,0,0,0,1,0,0,0,0,0,105
train,vgr_train_storage_cycle_01,0,0,0,0,0,0,0,400,605,5349,0,1,0,0,1,0,2803,17,1,0,0,0,0,1,0,0,0,0,0,0
train,vgr_train_storage_cycle_01,0,0,0,0,0,0,0,400,605,5349,0,0,1,0,1,0,2803,17,1,0,0,0,0,1,0,0,0,0,0,0
train,vgr_train_storage_cycle_01,0,0,0,0,0,0,0,400,605,5349,0,1,1,0,0,1,35,5199,1,0,0,0,0,1,0,0,0,0,0,0
train,vgr_train_storage_cycle_01,0,0,0,0,0,0,0,400,605,5349,0,1,1,0,0,1,401,5199,1,0,0,0,0,1,0,0,0,0,0,301
train,vgr_train_storage_cycle_01,1,1,1,0,0,0,0,0,0,0,1,1,1,1,0,1,0,0,1,0,0,0,0,0,1,0,0,0,0,0
train,vgr_train_storage_cycle_01,1,1,1,0,0,0,0,0,0,0,1,1,1,1,0,1,0,0,1,0,0,0,0,0,1,0,0,0,0,0
train,vgr_train_storage_cycle_01,1,1,1,0,0,0,0,0,0,0,1,1,1,1,0,1,0,0,1,0,0,0,0,0,1,0,0,0,0,0
train,vgr_train_storage_cycle_01,1,1,1,0,0,0,0,0,0,0,1,1,1,1,0,1,0,0,1,0,0,0,0,0,1,0,0,0,0,0
train,vgr_train_storage_cycle_01,1,1,1,0,0,0,0,0,0,0,1,1,1,1,0,1,0,0,1,0,0,0,0,0,1,0,0,0,0,0
train,vgr_train_storage_cycle_01,1,1,1,0,0,0,0,0,0,0,1,1,1,1,0,1,0,0,1,0,0,0,0,0,1,0,0,0,0,0
train,vgr_train_storage_cycle_01,1,1,1,0,0,0,0,0,0,0,1,1,1,1,0,1,0,0,1,0,0,0,0,0,1,0,0,0,0,0
train,vgr_train_storage_cycle_01,1,1,1,0,0,0,0,0,0,0,1,1,1,1,0,1,0,0,1,0,0,0,0,0,1,0,0,0,0,0
train,vgr_train_storage_cycle_01,1,1,1,0,0,0,0,0,0,0,1,1,1,1,0,1,0,0,1,0,0,0,0,0,1,0,0,0,0,0
train,vgr_train_storage_cycle_01,1,1,1,0,0,0,0,0,0,0,1,1,1,1,0,1,0,0,1,0,0,0,0,0,1,0,0,0,0,0
train,vgr_train_storage_cycle_01,1,1,1,0,0,0,0,0,0,0,1,1,1,1,0,1,0,0,1,0,0,0,0,0,1,0,0,0,0,0
train,vgr_train_storage_cycle_01,1,1,1,0,0,0,0,0,0,0,1,1,1,1,0,1,0,0,1,0,0,0,0,0,1,0,0,0,0,0
train,vgr_train_storage_cycle_01,1,1,1,0,0,0,0,0,0,0,1,1,1,1,0,1,0,0,1,0,0,0,0,0,1,0,0,0,0,0
train,vgr_train_storage_cycle_01,1,1,1,0,0,0,0,0,0,0,1,1,1,1,0,1,0,0,1,0,0,0,0,0,1,0,0,0,0,0
train,vgr_train_storage_cycle_01,1,1,1,0,0,0,0,0,0,0,1,1,1,1,0,1,0,0,1,0,0,0,0,0,1,0,0,0,0,0
train,vgr_train_storage_cycle_01,1,1,1,0,0,0,0,0,0,0,1,1,1,1,0,1,0,0,0,0,0,0,0,0,1,0,0,0,0,101
train,vgr_train_storage_cycle_01,0,0,0,0,0,1,1,395,25,32,1,1,1,1,0,1,0,0,1,0,0,0,0,0,1,0,0,0,0,102
train,vgr_train_storage_cycle_01,0,0,0,0,0,1,1,1448,905,704,0,1,1,0,0,1,1754,5201,1,0,0,0,0,0,1,0,0,0,0,103
train,vgr_train_storage_cycle_01,0,0,0,0,0,1,1,2462,157,426,0,1,1,0,0,1,1386,5201,1,0,0,0,0,0,1,0,0,0,0,102
train,vgr_train_storage_cycle_01,0,0,0,0,0,1,1,1448,903,706,0,0,1,0,1,0,2800,17,1,0,0,0,0,0,1,0,0,0,0,104
train,vgr_train_storage_cycle_01,1,0,0,0,0,1,1,0,607,5351,0,1,0,0,1,0,2800,17,1,0,0,0,0,0,1,0,0,0,0,105
train,vgr_train_storage_cycle_01,0,0,0,0,0,0,0,399,607,5351,0,1,0,0,1,0,2800,17,1,0,0,0,0,0,1,0,0,0,0,0
train,vgr_train_storage_cycle_01,0,0,0,0,0,0,0,399,607,5351,0,0,1,0,1,0,2800,17,1,0,0,0,0,0,1,0,0,0,0,0
train,vgr_train_storage_cycle_01,0,0,0,0,0,0,0,399,607,5351,0,1,1,0,0,1,1383,5198,1,0,0,0,0,0,1,0,0,0,0,0
train,vgr_train_storage_cycle_01,0,0,0,0,0,0,0,399,607,5351,0,1,1,0,0,1,1752,5198,1,0,0,0,0,0,1,0,0,0,0,301
train,vgr_train_storage_cycle_01,1,1,1,0,0,0,0,0,0,0,1,1,1,1,0,1,0,0,1,0,0,0,0,0,0,1,0,0,0,0
train,vgr_train_storage_cycle_01,1,1,1,0,0,0,0,0,0,0,1,1,1,1,0,1,0,0,1,0,0,0,0,0,0,1,0,0,0,0
train,vgr_train_storage_cycle_01,1,1,1,0,0,0,0,0,0,0,1,1,1,1,0,1,0,0,1,0,0,0,0,0,0,1,0,0,0,0
train,vgr_train_storage_cycle_01,1,1,1,0,0,0,0,0,0,0,1,1,1,1,0,1,0,0,1,0,0,0,0,0,0,1,0,0,0,0
train,vgr_train_storage_cycle_01,1,1,1,0,0,0,0,0,0,0,1,1,1,1,0,1,0,0,1,0,0,0,0,0,0,1,0,0,0,0
train,vgr_train_storage_cycle_01,1,1,1,0,0,0,0,0,0,0,1,1,1,1,0,1,0,0,1,0,0,0,0,0,0,1,0,0,0,0
train,vgr_train_storage_cycle_01,1,1,1,0,0,0,0,0,0,0,1,1,1,1,0,1,0,0,1,0,0,0,0,0,0,1,0,0,0,0
train,vgr_train_storage_cycle_01,1,1,1,0,0,0,0,0,0,0,1,1,1,1,0,1,0,0,1,0,0,0,0,0,0,1,0,0,0,0
train,vgr_train_storage_cycle_01,1,1,1,0,0,0,0,0,0,0,1,1,1,1,0,1,0,0,1,0,0,0,0,0,0,1,0,0,0,0
train,vgr_train_storage_cycle_01,1,1,1,0,0,0,0,0,0,0,1,1,1,1,0,1,0,0,1,0,0,0,0,0,0,1,0,0,0,0
train,vgr_train_storage_cycle_01,1,1,1,0,0,0,0,0,0,0,1,1,1,1,0,1,0,0,1,0,0,0,0,0,0,1,0,0,0,0
train,vgr_train_storage_cycle_01,1,1,1,0,0,0,0,0,0,0,1,1,1,1,0,1,0,0,1,0,0,0,0,0,0,1,0,0,0,0
train,vgr_train_storage_cycle_01,1,1,1,0,0,0,0,0,0,0,1,1,1,1,0,1,0,0,1,0,0,0,0,0,0,1,0,0,0,0
train,vgr_train_storage_cycle_01,1,1,1,0,0,0,0,0,0,0,1,1,1,1,0,1,0,0,1,0,0,0,0,0,0,1,0,0,0,0
train,vgr_train_storage_cycle_01,1,1,1,0,0,0,0,0,0,0,1,1,1,1,0,1,0,0,1,0,0,0,0,0,0,1,0,0,0,0
train,vgr_train_storage_cycle_01,1,1,1,0,0,0,0,0,0,0,1,1,1,1,0,1,0,0,1,0,0,0,0,0,0,1,0,0,0,0
train,vgr_train_storage_cycle_01,1,1,1,0,0,0,0,0,0,0,1,1,1,1,0,1,0,0,1,0,0,0,0,0,0,1,0,0,0,0
train,vgr_train_storage_cycle_01,1,1,1,0,0,0,0,0,0,0,1,1,1,1,0,1,0,0,0,0,0,0,0,0,0,1,0,0,0,101
train,vgr_train_storage_cycle_01,0,0,0,0,0,1,1,396,26,33,1,1,1,1,0,1,0,0,1,0,0,0,0,0,0,1,0,0,0,102
train,vgr_train_storage_cycle_01,0,0,0,0,0,1,1,1451,908,704,0,1,1,0,0,1,3253,5199,1,0,0,0,0,0,0,1,0,0,0,103
train,vgr_train_storage_cycle_01,0,0,0,0,0,1,1,2458,156,423,0,1,1,0,0,1,2883,5199,1,0,0,0,0,0,0,1,0,0,0,102
train,vgr_train_storage_cycle_01,0,0,0,0,0,1,1,1448,908,703,0,0,1,0,1,0,2802,17,1,0,0,0,0,0,0,1,0,0,0,104
train,vgr_train_storage_cycle_01,1,0,0,0,0,1,1,0,604,5352,0,1,0,0,1,0,2802,17,1,0,0,0,0,0,0,1,0,0,0,105
train,vgr_train_storage_cycle_01,0,0,0,0,0,0,0,400,604,5352,0,1,0,0,1,0,2802,17,1,0,0,0,0,0,0,1,0,0,0,0
train,vgr_train_storage_cycle_01,0,0,0,0,0,0,0,400,604,5352,0,0,1,0,1,0,2802,17,1,0,0,0,0,0,0,1,0,0,0,0
train,vgr_train_storage_cycle_01,0,0,0,0,0,0,0,400,604,5352,0,1,1,0,0,1,2881,5198,1,0,0,0,0,0,0,1,0,0,0,0
train,vgr_train_storage_cycle_01,0,0,0,0,0,0,0,400,604,5352,0,1,1,0,0,1,3250,5198,1,0,0,0,0,0,0,1,0,0,0,301
train,vgr_train_storage_cycle_01,1,1,1,0,0,0,0,0,0,0,1,1,1,1,0,1,0,0,1,0,0,0,0,0,0,0,1,0,0,0
train,vgr_train_storage_cycle_01,1,1,1,0,0,0,0,0,0,0,1,1,1,1,0,1,0,0,1,0,0,0,0,0,0,0,1,0,0,0
train,vgr_train_storage_cycle_01,1,1,1,0,0,0,0,0,0,0,1,1,1,1,0,1,0,0,1,0,0,0,0,0,0,0,1,0,0,0
train,vgr_train_storage_cycle_01,1,1,1,0,0,0,0,0,0,0,1,1,1,1,0,1,0,0,1,0,0,0,0,0,0,0,1,0,0,0
train,vgr_train_storage_cycle_01,1,1,1,0,0,0,0,0,0,0,1,1,1,1,0,1,0,0,1,0,0,0,0,0,0,0,1,0,0,0
train,vgr_train_storage_cycle_01,1,1,1,0,0,0,0,0,0,0,1,1,1,1,0,1,0,0,1,0,0,0,0,0,0,0,1,0,0,0
train,vgr_train_storage_cycle_01,1,1,1,0,0,0,0,0,0,0,1,1,1,1,0,1,0,0,1,0,0,0,0,0,0,0,1,0,0,0
train,vgr_train_storage_cycle_01,1,1,1,0,0,0,0,0,0,0,1,1,1,1,0,1,0,0,1,0,0,0,0,0,0,0,1,0,0,0
train,vgr_train_storage_cycle_01,1,1,1,0,0,0,0,0,0,0,1,1,1,1,0,1,0,0,1,0,0,0,0,0,0,0,1,0,0,0
train,vgr_train_storage_cycle_01,1,1,1,0,0,0,0,0,0,0,1,1,1,1,0,1,0,0,1,0,0,0,0,0,0,0,1,0,0,0
train,vgr_train_storage_cycle_01,1,1,1,0,0,0,0,0,0,0,1,1,1,1,0,1,0,0,1,0,0,0,0,0,0,0,1,0,0,0
train,vgr_train_storage_cycle_01,1,1,1,0,0,0,0,0,0,0,1,1,1,1,0,1,0,0,1,0,0,0,0,0,0,0,1,0,0,0
train,vgr_train_storage_cycle_01,1,1,1,0,0,0,0,0,0,0,1,1,1,1,0,1,0,0,1,0,0,0,0,0,0,0,1,0,0,0
train,vgr_train_storage_cycle_01,1,1,1,0,0,0,0,0,0,0,1,1,1,1,0,1,0,0,1,0,0,0,0,0,0,0,1,0,0,0
train,vgr_train_storage_cycle_01,1,1,1,0,0,0,0,0,0,0,1,1,1,1,0,1,0,0,1,0,0,0,0,0,0,0,1,0,0,0
train,vgr_train_storage_cycle_01,1,1,1,0,0,0,0,0,0,0,1,1,1,1,0,1,0,0,1,0,0,0,0,0,0,0,1,0,0,0
train,vgr_train_storage_cycle_01,1,1,1,0,0,0,0,0,0,0,1,1,1,1,0,1,0,0,0,0,0,0,0,0,0,0,1,0,0,101
train,vgr_train_storage_cycle_01,0,0,0,0,0,1,1,398,26,33,1,1,1,1,0,1,0,0,1,0,0,0,0,0,0,0,1,0,0,102
train,vgr_train_storage_cycle_01,0,0,0,0,0,1,1,1453,906,705,0,1,1,0,0,1,399,7560,1,0,0,0,0,0,0,0,1,0,0,103
train,vgr_train_storage_cycle_01,0,0,0,0,0,1,1,2460,157,426,0,1,1,0,0,1,36,7560,1,0,0,0,0,0,0,0,1,0,0,102
train,vgr_train_storage_cycle_01,0,0,0,0,0,1,1,1450,909,700,0,0,1,0,1,0,2802,17,1,0,0,0,0,0,0,0,1,0,0,104
train,vgr_train_storage_cycle_01,1,0,0,0,0,1,1,0,603,5350,0,1,0,0,1,0,2802,17,1,0,0,0,0,0,0,0,1,0,0,105
train,vgr_train_storage_cycle_01,0,0,0,0,0,0,0,400,603,5350,0,1,0,0,1,0,2802,17,1,0,0,0,0,0,0,0,1,0,0,0
train,vgr_train_storage_cycle_01,0,0,0,0,0,0,0,400,603,5350,0,0,1,0,1,0,2802,17,1,0,0,0,0,0,0,0,1,0,0,0
train,vgr_train_storage_cycle_01,0,0,0,0,0,0,0,400,603,5350,0,1,1,0,0,1,34,7559,1,0,0,0,0,0,0,0,1,0,0,0
train,vgr_train_storage_cycle_01,0,0,0,0,0,0,0,400,603,5350,0,1,1,0,0,1,403,7559,1,0,0,0,0,0,0,0,1,0,0,301
train,vgr_train_storage_cycle_01,1,1,1,0,0,0,0,0,0,0,1,1,1,1,0,1,0,0,1,0,0,0,0,0,0,0,0,1,0,0
train,vgr_train_storage_cycle_01,1,1,1,0,0,0,0,0,0,0,1,1,1,1,0,1,0,0,1,0,0,0,0,0,0,0,0,1,0,0
train,vgr_train_storage_cycle_01,1,1,1,0,0,0,0,0,0,0,1,1,1,1,0,1,0,0,1,0,0,0,0,0,0,0,0,1,0,0
train,vgr_train_storage_cycle_01,1,1,1,0,0,0,0,0,0,0,1,1,1,1,0,1,0,0,1,0,0,0,0,0,0,0,0,1,0,0
train,vgr_train_storage_cycle_01,1,1,1,0,0,0,0,0,0,0,1,1,1,1,0,1,0,0,1,0,0,0,0,0,0,0,0,1,0,0
train,vgr_train_storage_cycle_01,1,1,1,0,0,0,0,0,0,0,1,1,1,1,0,1,0,0,0,0,0,0,0,0,0,0,0,1,0,101
train,vgr_train_storage_cycle_01,0,0,0,0,0,1,1,390,26,32,1,1,1,1,0,1,0,0,1,0,0,0,0,0,0,0,0,1,0,102
train,vgr_train_storage_cycle_01,0,0,0,0,0,1,1,1447,906,700,0,1,1,0,0,1,1754,7559,1,0,0,0,0,0,0,0,0,1,0,103
train,vgr_train_storage_cycle_01,0,0,0,0,0,1,1,2456,156,424,0,1,1,0,0,1,1386,7559,1,0,0,0,0,0,0,0,0,1,0,102
train,vgr_train_storage_cycle_01,0,0,0,0,0,1,1,1446,904,703,0,0,1,0,1,0,2804,17,1,0,0,0,0,0,0,0,0,1,0,104
train,vgr_train_storage_cycle_01,1,0,0,0,0,1,1,0,606,5351,0,1,0,0,1,0,2804,17,1,0,0,0,0,0,0,0,0,1,0,105
train,vgr_train_storage_cycle_01,0,0,0,0,0,0,0,401,606,5351,0,1,0,0,1,0,2804,17,1,0,0,0,0,0,0,0,0,1,0,0
train,vgr_train_storage_cycle_01,0,0,0,0,0,0,0,401,606,5351,0,0,1,0,1,0,2804,17,1,0,0,0,0,0,0,0,0,1,0,0
train,vgr_train_storage_cycle_01,0,0,0,0,0,0,0,401,606,5351,0,1,1,0,0,1,1383,7559,1,0,0,0,0,0,0,0,0,1,0,0
train,vgr_train_storage_cycle_01,0,0,0,0,0,0,0,401,606,5351,0,1,1,0,0,1,1751,7559,1,0,0,0,0,0,0,0,0,1,0,301
train,vgr_train_storage_cycle_01,1,1,1,0,0,0,0,0,0,0,1,1,1,1,0,1,0,0,1,0,0,0,0,0,0,0,0,0,1,0
train,vgr_train_storage_cycle_01,1,1,1,0,0,0,0,0,0,0,1,1,1,1,0,1,0,0,1,0,0,0,0,0,0,0,0,0,1,0
train,vgr_train_storage_cycle_01,1,1,1,0,0,0,0,0,0,0,1,1,1,1,0,1,0,0,1,0,0,0,0,0,0,0,0,0,1,0
train,vgr_train_storage_cycle_01,1,1,1,0,0,0,0,0,0,0,1,1,1,1,0,1,0,0,1,0,0,0,0,0,0,0,0,0,1,0
train,vgr_train_storage_cycle_01,1,1,1,0,0,0,0,0,0,0,1,1,1,1,0,1,0,0,1,0,0,0,0,0,0,0,0,0,1,0
train,vgr_train_storage_cycle_01,1,1,1,0,0,0,0,0,0,0,1,1,1,1,0,1,0,0,1,0,0,0,0,0,0,0,0,0,1,0
train,vgr_train_storage_cycle_01,1,1,1,0,0,0,0,0,0,0,1,1,1,1,0,1,0,0,0,0,0,0,0,0,0,0,0,0,1,101
train,vgr_train_storage_cycle_01,0,0,0,0,0,1,1,396,26,34,1,1,1,1,0,1,0,0,1,0,0,0,0,0,0,0,0,0,1,102
train,vgr_train_storage_cycle_01,0,0,0,0,0,1,1,1452,910,704,0,1,1,0,0,1,3250,7556,1,0,0,0,0,0,0,0,0,0,1,103
train,vgr_train_storage_cycle_01,0,0,0,0,0,1,1,2460,156,424,0,1,1,0,0,1,2887,7556,1,0,0,0,0,0,0,0,0,0,1,102
train,vgr_train_storage_cycle_01,0,0,0,0,0,1,1,1449,908,702,0,0,1,0,1,0,2802,19,1,0,0,0,0,0,0,0,0,0,1,104
train,vgr_train_storage_cycle_01,1,0,0,0,1,1,1,0,483,5348,0,1,0,0,1,0,2802,19,1,0,0,0,0,0,0,0,0,0,1,105
train,vgr_train_storage_cycle_01,0,0,0,0,0,0,0,398,608,5348,0,1,0,0,1,0,2802,19,1,0,0,0,0,0,0,0,0,0,1,0
train,vgr_train_storage_cycle_01,0,0,0,0,0,0,0,398,608,5348,0,0,1,0,1,0,2802,19,1,0,0,0,0,0,0,0,0,0,1,0
train,vgr_train_storage_cycle_01,0,0,0,0,0,0,0,398,608,5348,0,1,1,0,0,1,2883,7560,1,0,0,0,0,0,0,0,0,0,1,0
train,vgr_train_storage_cycle_01,0,0,0,0,0,0,0,398,608,5348,0,1,1,0,0,1,3252,7560,1,0,0,0,0,0,0,0,0,0,1,301
train,vgr_train_storage_cycle_01,1,1,1,0,0,0,0,0,0,0,1,1,1,1,0,1,0,0,1,1,0,0,0,0,0,0,0,0,0,0
train,vgr_train_storage_cycle_01,1,1,1,0,0,0,0,0,0,0,1,1,1,1,0,1,0,0,1,1,0,0,0,0,0,0,0,0,0,0
train,vgr_train_storage_cycle_01,1,1,1,0,0,0,0,0,0,0,1,1,1,1,0,1,0,0,1,1,0,0,0,0,0,0,0,0,0,0
train,vgr_train_storage_cycle_01,1,1,1,0,0,0,0,0,0,0,1,1,1,1,0,1,0,0,0,1,0,0,0,0,0,0,0,0,0,0
train,vgr_train_storage_cycle_01,1,1,1,0,0,0,0,0,0,0,1,1,1,1,0,1,0,0,1,1,0,0,0,0,0,0,0,0,0,0
train,vgr_train_storage_cycle_01,1,1,1,0,0,0,0,0,0,0,1,1,1,1,0,1,0,0,1,1,0,0,0,0,0,0,0,0,0,0
train,vgr_train_storage_cycle_01,1,1,1,0,0,0,0,0,0,0,1,1,1,1,0,1,0,0,1,1,0,0,0,0,0,0,0,0,0,0
train,vgr_train_storage_cycle_01,1,1,1,0,0,0,0,0,0,0,1,1,1,1,0,1,0,0,1,1,0,0,0,0,0,0,0,0,0,0
train,vgr_train_storage_cycle_01,1,1,1,0,0,0,0,0,0,0,1,1,1,1,0,1,0,0,1,1,0,0,0,0,0,0,0,0,0,0
train,vgr_train_storage_cycle_01,1,1,1,0,0,0,0,0,0,0,1,1,1,1,0,1,0,0,1,1,0,0,0,0,0,0,0,0,0,0
train,vgr_train_storage_cycle_01,1,1,1,0,0,0,0,0,0,0,1,1,1,1,0,1,0,0,1,1,0,0,0,0,0,0,0,0,0,0
train,vgr_train_storage_cycle_01,1,1,1,0,0,0,0,0,0,0,1,1,1,1,0,1,0,0,1,1,0,0,0,0,0,0,0,0,0,0
train,vgr_train_storage_cycle_01,1,1,1,0,0,0,0,0,0,0,1,1,1,1,0,1,0,0,1,1,0,0,0,0,0,0,0,0,0,0
train,vgr_train_storage_cycle_01,1,1,1,0,0,0,0,0,0,0,1,1,1,1,0,1,0,0,1,1,0,0,0,0,0,0,0,0,0,0
train,vgr_train_storage_cycle_01,1,1,1,0,0,0,0,0,0,0,1,1,1,1,0,1,0,0,1,1,0,0,0,0,0,0,0,0,0,0
train,vgr_train_storage_cycle_01,1,1,1,0,0,0,0,0,0,0,1,1,1,1,0,1,0,0,1,1,0,0,0,0,0,0,0,0,0,0
train,vgr_train_storage_cycle_01,1,1,1,0,0,0,0,0,0,0,1,1,1,1,0,1,0,0,1,1,0,0,0,0,0,0,0,0,0,0
train,vgr_train_storage_cycle_01,1,1,1,0,0,0,0,0,0,0,1,1,1,1,0,1,0,0,1,1,0,0,0,0,0,0,0,0,0,0
train,vgr_train_storage_cycle_01,1,1,1,0,0,0,0,0,0,0,1,1,1,1,0,1,0,0,0,1,0,0,0,0,0,0,0,0,0,0
train,vgr_train_storage_cycle_01,1,1,1,0,0,0,0,0,0,0,1,1,1,1,0,1,0,0,1,1,0,0,0,0,0,0,0,0,0,0
train,vgr_train_storage_cycle_01,1,1,1,0,0,0,0,0,0,0,1,1,1,1,0,1,0,0,1,1,0,0,0,0,0,0,0,0,0,0
train,vgr_train_storage_cycle_01,1,1,1,0,0,0,0,0,0,0,1,1,1,1,0,1,0,0,1,1,0,0,0,0,0,0,0,0,0,0
train,vgr_train_storage_cycle_01,1,1,1,0,0,0,0,0,0,0,1,1,1,1,0,1,0,0,1,1,0,0,0,0,0,0,0,0,0,0
train,vgr_train_storage_cycle_01,1,1,1,0,0,0,0,0,0,0,1,1,1,1,0,1,0,0,1,1,0,0,0,0,0,0,0,0,0,0
train,vgr_train_storage_cycle_01,1,1,1,0,0,0,0,0,0,0,1,1,1,1,0,1,0,0,1,1,0,0,0,0,0,0,0,0,0,0
train,vgr_train_storage_cycle_01,1,1,1,0,0,0,0,0,0,0,1,1,1,1,0,1,0,0,1,1,0,0,0,0,0,0,0,0,0,0
train,vgr_train_storage_cycle_01,1,1,1,0,0,0,0,0,0,0,1,1,1,1,0,1,0,0,1,1,0,0,0,0,0,0,0,0,0,0
train,vgr_train_storage_cycle_01,1,1,1,0,0,0,0,0,0,0,1,1,1,1,0,1,0,0,1,1,0,0,0,0,0,0,0,0,0,0
train,vgr_train_storage_cycle_01,1,1,1,0,0,0,0,0,0,0,1,1,1,1,0,1,0,0,1,1,0,0,0,0,0,0,0,0,0,0
train,vgr_train_storage_cycle_01,1,1,1,0,0,0,0,0,0,0,1,1,1,1,0,1,0,0,1,1,0,0,0,0,0,0,0,0,0,0
train,vgr_train_storage_cycle_01,1,1,1,0,0,0,0,0,0,0,1,1,1,1,0,1,0,0,1,1,0,0,0,0,0,0,0,0,0,0
train,vgr_train_storage_cycle_01,1,1,1,0,0,0,0,0,0,0,1,1,1,1,0,1,0,0,0,1,0,0,0,0,0,0,0,0,0,0
train,vgr_train_storage_cycle_01,1,1,1,0,0,0,0,0,0,0,1,1,1,1,0,1,0,0,1,1,0,0,0,0,0,0,0,0,0,0
train,vgr_train_storage_cycle_01,1,1,1,0,0,0,0,0,0,0,1,1,1,1,0,1,0,0,1,1,0,0,0,0,0,0,0,0,0,0
train,vgr_train_storage_cycle_01,1,1,1,0,0,0,0,0,0,0,1,1,1,1,0,1,0,0,1,1,0,0,0,0,0,0,0,0,0,0
train,vgr_train_storage_cycle_01,1,1,1,0,0,0,0,0,0,0,1,1,1,1,0,1,0,0,1,1,0,0,0,0,0,0,0,0,0,0
train,vgr_train_storage_cycle_01,1,1,1,0,0,0,0,0,0,0,1,1,1,1,0,1,0,0,1,1,0,0,0,0,0,0,0,0,0,0
train,vgr_train_storage_cycle_01,1,1,1,0,0,0,0,0,0,0,1,1,1,1,0,1,0,0,1,1,0,0,0,0,0,0,0,0,0,0
train,vgr_train_storage_cycle_01,1,1,1,0,0,0,0,0,0,0,1,1,1,1,0,1,0,0,1,1,0,0,0,0,0,0,0,0,0,0
train,vgr_train_storage_cycle_01,1,1,1,0,0,0,0,0,0,0,1,1,1,1,0,1,0,0,1,1,0,0,0,0,0,0,0,0,0,0
train,vgr_train_storage_cycle_01,1,1,1,0,0,0,0,0,0,0,1,1,1,1,0,1,0,0,1,1,0,0,0,0,0,0,0,0,0,0
train,vgr_train_storage_cycle_01,1,1,1,0,0,0,0,0,0,0,1,1,1,1,0,1,0,0,1,1,0,0,0,0,0,0,0,0,0,0
train,vgr_train_storage_cycle_01,1,1,1,0,0,0,0,0,0,0,1,1,1,1,0,1,0,0,1,1,0,0,0,0,0,0,0,0,0,0
train,vgr_train_storage_cycle_01,1,1,1,0,0,0,0,0,0,0,1,1,1,1,0,1,0,0,1,1,0,0,0,0,0,0,0,0,0,0
train,vgr_train_storage_cycle_01,1,1,1,0,0,0,0,0,0,0,1,1,1,1,0,1,0,0,1,1,0,0,0,0,0,0,0,0,0,0
train,vgr_train_storage_cycle_01,1,1,1,0,0,0,0,0,0,0,1,1,1,1,0,1,0,0,1,1,0,0,0,0,0,0,0,0,0,0
train,vgr_train_storage_cycle_01,1,1,1,0,0,0,0,0,0,0,1,1,1,1,0,1,0,0,1,1,0,0,0,0,0,0,0,0,0,0
train,vgr_train_storage_cycle_01,1,1,1,0,0,0,0,0,0,0,1,1,1,1,0,1,0,0,1,1,0,0,0,0,0,0,0,0,0,0
train,vgr_train_storage_cycle_01,1,1,1,0,0,0,0,0,0,0,1,1,1,1,0,1,0,0,1,1,0,0,0,0,0,0,0,0,0,0
train,vgr_train_storage_cycle_01,1,1,1,0,0,0,0,0,0,0,1,1,1,1,0,1,0,0,1,1,0,0,0,0,0,0,0,0,0,0
train,vgr_train_storage_cycle_01,1,1,1,0,0,0,0,0,0,0,1,1,1,1,0,1,0,0,1,1,0,0,0,0,0,0,0,0,0,0
train,vgr_train_storage_cycle_01,1,1,1,0,0,0,0,0,0,0,1,1,1,1,0,1,0,0,0,1,0,0,0,0,0,0,0,0,0,0
train,vgr_train_storage_cycle_01,1,1,1,0,0,0,0,0,0,0,1,1,1,1,0,1,0,0,1,1,0,0,0,0,0,0,0,0,0,0
train,vgr_train_storage_cycle_01,1,1,1,0,0,0,0,0,0,0,1,1,1,1,0,1,0,0,1,1,0,0,0,0,0,0,0,0,0,0
train,vgr_train_storage_cycle_01,1,1,1,0,0,0,0,0,0,0,1,1,1,1,0,1,0,0,1,1,0,0,0,0,0,0,0,0,0,0
train,vgr_train_storage_cycle_01,1,1,1,0,0,0,0,0,0,0,1,1,1,1,0,1,0,0,1,1,0,0,0,0,0,0,0,0,0,0
train,vgr_train_storage_cycle_01,1,1,1,0,0,0,0,0,0,0,1,1,1,1,0,1,0,0,1,1,0,0,0,0,0,0,0,0,0,0
train,vgr_train_storage_cycle_01,1,1,1,0,0,0,0,0,0,0,1,1,1,1,0,1,0,0,0,1,0,0,0,0,0,0,0,0,0,0
train,vgr_train_storage_cycle_01,1,1,1,0,0,0,0,0,0,0,1,1,1,1,0,1,0,0,1,1,0,0,0,0,0,0,0,0,0,0
train,vgr_train_storage_cycle_01,1,1,1,0,0,0,0,0,0,0,1,1,1,1,0,1,0,0,1,1,0,0,0,0,0,0,0,0,0,0
train,vgr_train_storage_cycle_01,1,1,1,0,0,0,0,0,0,0,1,1,1,1,0,1,0,0,1,1,0,0,0,0,0,0,0,0,0,0
train,vgr_train_storage_cycle_01,1,1,1,0,0,0,0,0,0,0,1,1,1,1,0,1,0,0,1,1,0,0,0,0,0,0,0,0,0,0
train,vgr_train_storage_cycle_01,1,1,1,0,0,0,0,0,0,0,1,1,1,1,0,1,0,0,1,1,0,0,0,0,0,0,0,0,0,0
train,vgr_train_storage_cycle_01,1,1,1,0,0,0,0,0,0,0,1,1,1,1,0,1,0,0,1,1,0,0,0,0,0,0,0,0,0,0
train,vgr_train_storage_cycle_01,1,1,1,0,0,0,0,0,0,0,1,1,1,1,0,1,0,0,1,1,0,0,0,0,0,0,0,0,0,0
train,vgr_train_storage_cycle_01,1,1,1,0,0,0,0,0,0,0,1,1,1,1,0,1,0,0,1,1,0,0,0,0,0,0,0,0,0,0
train,vgr_train_storage_cycle_01,1,1,1,0,0,0,0,0,0,0,1,1,1,1,0,1,0,0,1,1,0,0,0,0,0,0,0,0,0,0
train,vgr_train_storage_cycle_01,1,1,1,0,0,0,0,0,0,0,1,1,1,1,0,1,0,0,1,1,0,0,0,0,0,0,0,0,0,0
train,vgr_train_storage_cycle_01,1,1,1,0,0,0,0,0,0,0,1,1,1,1,0,1,0,0,1,1,0,0,0,0,0,0,0,0,0,0
train,vgr_train_storage_cycle_01,1,1,1,0,0,0,0,0,0,0,1,1,1,1,0,1,0,0,0,1,0,0,0,0,0,0,0,0,0,0
train,vgr_train_storage_cycle_01,1,1,1,0,0,0,0,0,0,0,1,1,1,1,0,1,0,0,1,1,0,0,0,0,0,0,0,0,0,0
train,vgr_train_storage_cycle_01,1,1,1,0,0,0,0,0,0,0,1,1,1,1,0,1,0,0,1,1,0,0,0,0,0,0,0,0,0,0
train,vgr_train_storage_cycle_01,1,1,1,0,0,0,0,0,0,0,1,1,1,1,0,1,0,0,1,1,0,0,0,0,0,0,0,0,0,0
train,vgr_train_storage_cycle_01,1,1,1,0,0,0,0,0,0,0,1,1,1,1,0,1,0,0,1,1,0,0,0,0,0,0,0,0,0,0
train,vgr_train_storage_cycle_01,1,1,1,0,0,0,0,0,0,0,1,1,1,1,0,1,0,0,1,1,0,0,0,0,0,0,0,0,0,0
train,vgr_train_storage_cycle_01,1,1,1,0,0,0,0,0,0,0,1,1,1,1,0,1,0,0,1,1,0,0,0,0,0,0,0,0,0,0
train,vgr_train_storage_cycle_01,1,1,1,0,0,0,0,0,0,0,1,1,1,1,0,1,0,0,1,1,0,0,0,0,0,0,0,0,0,0
train,vgr_train_storage_cycle_01,1,1,1,0,0,0,0,0,0,0,1,1,1,1,0,1,0,0,1,1,0,0,0,0,0,0,0,0,0,0
train,vgr_train_storage_cycle_01,1,1,1,0,0,0,0,0,0,0,1,1,1,1,0,1,0,0,1,1,0,0,0,0,0,0,0,0,0,0
train,vgr_train_storage_cycle_01,1,1,1,0,0,0,0,0,0,0,1,1,1,1,0,1,0,0,1,1,0,0,0,0,0,0,0,0,0,0
train,vgr_train_storage_cycle_01,1,1,1,0,0,0,0,0,0,0,1,1,1,1,0,1,0,0,1,1,0,0,0,0,0,0,0,0,0,0
train,vgr_train_storage_cycle_01,1,1,1,0,0,0,0,0,0,0,1,1,1,1,0,1,0,0,1,1,0,0,0,0,0,0,0,0,0,0
train,vgr_train_storage_cycle_01,1,1,1,0,0,0,0,0,0,0,1,1,1,1,0,1,0,0,1,1,0,0,0,0,0,0,0,0,0,0
train,vgr_train_storage_cycle_01,1,1,1,0,0,0,0,0,0,0,1,1,1,1,0,1,0,0,1,1,0,0,0,0,0,0,0,0,0,0
train,vgr_train_storage_cycle_01,1,1,1,0,0,0,0,0,0,0,1,1,1,1,0,1,0,0,1,1,0,0,0,0,0,0,0,0,0,0
train,vgr_train_storage_cycle_01,1,1,1,0,0,0,0,0,0,0,1,1,1,1,0,1,0,0,1,1,0,0,0,0,0,0,0,0,0,0
train,vgr_train_storage_cycle_01,1,1,1,0,0,0,0,0,0,0,1,1,1,1,0,1,0,0,1,1,0,0,0,0,0,0,0,0,0,0
train,vgr_train_storage_cycle_01,1,1,1,0,0,0,0,0,0,0,1,1,1,1,0,1,0,0,1,1,0,0,0,0,0,0,0,0,0,0
train,vgr_train_storage_cycle_01,1,1,1,0,0,0,0,0,0,0,1,1,1,1,0,1,0,0,1,1,0,0,0,0,0,0,0,0,0,0
train,vgr_train_storage_cycle_01,1,1,1,0,0,0,0,0,0,0,1,1,1,1,0,1,0,0,0,1,0,0,0,0,0,0,0,0,0,0
train,vgr_train_storage_cycle_01,1,1,1,0,0,0,0,0,0,0,1,1,1,1,0,1,0,0,1,1,0,0,0,0,0,0,0,0,0,0
train,vgr_train_storage_cycle_01,1,1,1,0,0,0,0,0,0,0,1,1,1,1,0,1,0,0,1,1,0,0,0,0,0,0,0,0,0,0
train,vgr_train_storage_cycle_01,1,1,1,0,0,0,0,0,0,0,1,1,1,1,0,1,0,0,1,1,0,0,0,0,0,0,0,0,0,0
train,vgr_train_storage_cycle_01,1,1,1,0,0,0,0,0,0,0,1,1,1,1,0,1,0,0,1,1,0,0,0,0,0,0,0,0,0,0
train,vgr_train_storage_cycle_01,1,1,1,0,0,0,0,0,0,0,1,1,1,1,0,1,0,0,1,1,0,0,0,0,0,0,0,0,0,0
train,vgr_train_storage_cycle_01,1,1,1,0,0,0,0,0,0,0,1,1,1,1,0,1,0,0,1,1,0,0,0,0,0,0,0,0,0,0
train,vgr_train_storage_cycle_01,1,1,1,0,0,0,0,0,0,0,1,1,1,1,0,1,0,0,1,1,0,0,0,0,0,0,0,0,0,0
train,vgr_train_storage_cycle_01,1,1,1,0,0,0,0,0,0,0,1,1,1,1,0,1,0,0,1,1,0,0,0,0,0,0,0,0,0,0
train,vgr_train_storage_cycle_01,1,1,1,0,0,0,0,0,0,0,1,1,1,1,0,1,0,0,1,1,0,0,0,0,0,0,0,0,0,0
train,vgr_train_storage_cycle_01,1,1,1,0,0,0,0,0,0,0,1,1,1,1,0,1,0,0,1,1,0,0,0,0,0,0,0,0,0,0
train,vgr_train_storage_cycle_01,1,1,1,0,0,0,0,0,0,0,1,1,1,1,0,1,0,0,1,1,0,0,0,0,0,0,0,0,0,0
train,vgr_train_storage_cycle_01,1,1,1,0,0,0,0,0,0,0,1,1,1,1,0,1,0,0,1,1,0,0,0,0,0,0,0,0,0,0
train,vgr_train_storage_cycle_01,1,1,1,0,0,0,0,0,0,0,1,1,1,1,0,1,0,0,1,1,0,0,0,0,0,0,0,0,0,0
train,vgr_train_storage_cycle_01,1,1,1,0,0,0,0,0,0,0,1,1,1,1,0,1,0,0,1,1,0,0,0,0,0,0,0,0,0,0
train,vgr_train_storage_cycle_01,1,1,1,0,0,0,0,0,0,0,1,1,1,1,0,1,0,0,1,1,0,0,0,0,0,0,0,0,0,0
train,vgr_train_storage_cycle_01,1,1,1,0,0,0,0,0,0,0,1,1,1,1,0,1,0,0,1,1,0,0,0,0,0,0,0,0,0,0
train,vgr_train_storage_cycle_01,1,1,1,0,0,0,0,0,0,0,1,1,1,1,0,1,0,0,1,1,0,0,0,0,0,0,0,0,0,0
train,vgr_train_storage_cycle_01,1,1,1,0,0,0,0,0,0,0,1,1,1,1,0,1,0,0,1,1,0,0,0,0,0,0,0,0,0,0
train,vgr_train_storage_cycle_01,1,1,1,0,0,0,0,0,0,0,1,1,1,1,0,1,0,0,0,1,0,0,0,0,0,0,0,0,0,0
train,vgr_train_storage_cycle_01,1,1,1,0,0,0,0,0,0,0,1,1,1,1,0,1,0,0,1,1,0,0,0,0,0,0,0,0,0,0
train,vgr_train_storage_cycle_01,1,1,1,0,0,0,0,0,0,0,1,1,1,1,0,1,0,0,1,1,0,0,0,0,0,0,0,0,0,0
train,vgr_train_storage_cycle_01,1,1,1,0,0,0,0,0,0,0,1,1,1,1,0,1,0,0,1,1,0,0,0,0,0,0,0,0,0,0
train,vgr_train_storage_cycle_01,1,1,1,0,0,0,0,0,0,0,1,1,1,1,0,1,0,0,1,1,0,0,0,0,0,0,0,0,0,0
train,vgr_train_storage_cycle_01,1,1,1,0,0,0,0,0,0,0,1,1,1,1,0,1,0,0,1,1,0,0,0,0,0,0,0,0,0,0
train,vgr_train_storage_cycle_01,1,1,1,0,0,0,0,0,0,0,1,1,1,1,0,1,0,0,1,1,0,0,0,0,0,0,0,0,0,0
train,vgr_train_storage_cycle_01,1,1,1,0,0,0,0,0,0,0,1,1,1,1,0,1,0,0,1,1,0,0,0,0,0,0,0,0,0,0
train,vgr_train_storage_cycle_01,1,1,1,0,0,0,0,0,0,0,1,1,1,1,0,1,0,0,0,1,0,0,0,0,0,0,0,0,0,0
train,vgr_train_storage_cycle_01,1,1,1,0,0,0,0,0,0,0,1,1,1,1,0,1,0,0,1,1,0,0,0,0,0,0,0,0,0,0
train,vgr_train_storage_cycle_01,1,1,1,0,0,0,0,0,0,0,1,1,1,1,0,1,0,0,1,1,0,0,0,0,0,0,0,0,0,0
train,vgr_train_storage_cycle_01,1,1,1,0,0,0,0,0,0,0,1,1,1,1,0,1,0,0,1,1,0,0,0,0,0,0,0,0,0,0
train,vgr_train_storage_cycle_01,1,1,1,0,0,0,0,0,0,0,1,1,1,1,0,1,0,0,1,1,0,0,0,0,0,0,0,0,0,0
train,vgr_train_storage_cycle_01,1,1,1,0,0,0,0,0,0,0,1,1,1,1,0,1,0,0,1,1,0,0,0,0,0,0,0,0,0,0
train,vgr_train_storage_cycle_01,1,1,1,0,0,0,0,0,0,0,1,1,1,1,0,1,0,0,1,1,0,0,0,0,0,0,0,0,0,0
train,vgr_train_storage_cycle_01,1,1,1,0,0,0,0,0,0,0,1,1,1,1,0,1,0,0,1,1,0,0,0,0,0,0,0,0,0,0
train,vgr_train_storage_cycle_01,1,1,1,0,0,0,0,0,0,0,1,1,1,1,0,1,0,0,1,1,0,0,0,0,0,0,0,0,0,0
train,vgr_train_storage_cycle_01,1,1,1,0,0,0,0,0,0,0,1,1,1,1,0,1,0,0,1,1,0,0,0,0,0,0,0,0,0,0
train,vgr_train_storage_cycle_01,1,1,1,0,0,0,0,0,0,0,1,1,1,1,0,1,0,0,1,1,0,0,0,0,0,0,0,0,0,0
train,vgr_train_storage_cycle_01,1,1,1,0,0,0,0,0,0,0,1,1,1,1,0,1,0,0,1,1,0,0,0,0,0,0,0,0,0,0
train,vgr_train_storage_cycle_01,1,1,1,0,0,0,0,0,0,0,1,1,1,1,0,1,0,0,1,1,0,0,0,0,0,0,0,0,0,0
train,vgr_train_storage_cycle_01,1,1,1,0,0,0,0,0,0,0,1,1,1,1,0,1,0,0,1,1,0,0,0,0,0,0,0,0,0,0
train,vgr_train_storage_cycle_01,1,1,1,0,0,0,0,0,0,0,1,1,1,1,0,1,0,0,1,1,0,0,0,0,0,0,0,0,0,0
train,vgr_train_storage_cycle_01,1,1,1,0,0,0,0,0,0,0,1,1,1,1,0,1,0,0,1,1,0,0,0,0,0,0,0,0,0,0
train,vgr_train_storage_cycle_01,1,1,1,0,0,0,0,0,0,0,1,1,1,1,0,1,0,0,1,1,0,0,0,0,0,0,0,0,0,0
train,vgr_train_storage_cycle_01,1,1,1,0,0,0,0,0,0,0,1,1,1,1,0,1,0,0,1,1,0,0,0,0,0,0,0,0,0,0
train,vgr_train_storage_cycle_02,1,1,1,0,0,0,0,0,0,0,1,1,1,1,0,1,0,0,1,0,1,0,0,0,0,0,0,0,0,0
train,vgr_train_storage_cycle_02,1,1,1,0,0,0,0,0,0,0,1,1,1,1,0,1,0,0,1,0,1,0,0,0,0,0,0,0,0,0
train,vgr_train_storage_cycle_02,1,1,1,0,0,0,0,0,0,0,1,1,1,1,0,1,0,0,1,0,1,0,0,0,0,0,0,0,0,0
train,vgr_train_storage_cycle_02,1,1,1,0,0,0,0,0,0,0,1,1,1,1,0,1,0,0,1,0,1,0,0,0,0,0,0,0,0,0
train,vgr_train_storage_cycle_02,1,1,1,0,0,0,0,0,0,0,1,1,1,1,0,1,0,0,1,0,1,0,0,0,0,0,0,0,0,0
train,vgr_train_storage_cycle_02,1,1,1,0,0,0,0,0,0,0,1,1,1,1,0,1,0,0,1,0,1,0,0,0,0,0,0,0,0,0
train,vgr_train_storage_cycle_02,1,1,1,0,0,0,0,0,0,0,1,1,1,1,0,1,0,0,1,0,1,0,0,0,0,0,0,0,0,0
train,vgr_train_storage_cycle_02,1,1,1,0,0,0,0,0,0,0,1,1,1,1,0,1,0,0,1,0,1,0,0,0,0,0,0,0,0,0
train,vgr_train_storage_cycle_02,1,1,1,0,0,0,0,0,0,0,1,1,1,1,0,1,0,0,1,0,1,0,0,0,0,0,0,0,0,0
train,vgr_train_storage_cycle_02,1,1,1,0,0,0,0,0,0,0,1,1,1,1,0,1,0,0,1,0,1,0,0,0,0,0,0,0,0,0
train,vgr_train_storage_cycle_02,1,1,1,0,0,0,0,0,0,0,1,1,1,1,0,1,0,0,0,0,1,0,0,0,0,0,0,0,0,101
train,vgr_train_storage_cycle_02,0,0,0,0,0,1,1,391,26,32,1,1,1,1,0,1,0,0,1,0,1,0,0,0,0,0,0,0,0,102
train,vgr_train_storage_cycle_02,0,0,0,0,0,1,1,1451,908,704,0,1,1,0,0,1,404,2869,1,0,1,0,0,0,0,0,0,0,0,103
train,vgr_train_storage_cycle_02,0,0,0,0,0,1,1,2453,160,428,0,1,1,0,0,1,37,2869,1,0,1,0,0,0,0,0,0,0,0,102
train,vgr_train_storage_cycle_02,0,0,0,0,0,1,1,1447,905,706,0,0,1,0,1,0,2799,16,1,0,1,0,0,0,0,0,0,0,0,104
train,vgr_train_storage_cycle_02,1,0,0,1,1,1,1,0,604,5348,0,1,0,0,1,0,2799,16,1,0,1,0,0,0,0,0,0,0,0,105
train,vgr_train_storage_cycle_02,0,0,0,0,0,0,0,398,604,5348,0,1,0,0,1,0,2799,16,1,0,1,0,0,0,0,0,0,0,0,0
train,vgr_train_storage_cycle_02,0,0,0,0,0,0,0,398,604,5348,0,0,1,0,1,0,2799,16,1,0,1,0,0,0,0,0,0,0,0,0
train,vgr_train_storage_cycle_02,0,0,0,0,0,0,0,398,604,5348,0,1,1,0,0,1,35,2870,1,0,1,0,0,0,0,0,0,0,0,0
train,vgr_train_storage_cycle_02,0,0,0,0,0,0,0,398,604,5348,0,1,1,0,0,1,402,2870,1,0,1,0,0,0,0,0,0,0,0,301
train,vgr_train_storage_cycle_02,1,1,1,0,0,0,0,0,0,0,1,1,1,1,0,1,0,0,1,0,0,1,0,0,0,0,0,0,0,0
train,vgr_train_storage_cycle_02,1,1,1,0,0,0,0,0,0,0,1,1,1,1,0,1,0,0,1,0,0,1,0,0,0,0,0,0,0,0
train,vgr_train_storage_cycle_02,1,1,1,0,0,0,0,0,0,0,1,1,1,1,0,1,0,0,1,0,0,1,0,0,0,0,0,0,0,0
train,vgr_train_storage_cycle_02,1,1,1,0,0,0,0,0,0,0,1,1,1,1,0,1,0,0,1,0,0,1,0,0,0,0,0,0,0,0
train,vgr_train_storage_cycle_02,1,1,1,0,0,0,0,0,0,0,1,1,1,1,0,1,0,0,1,0,0,1,0,0,0,0,0,0,0,0
train,vgr_train_storage_cycle_02,1,1,1,0,0,0,0,0,0,0,1,1,1,1,0,1,0,0,1,0,0,1,0,0,0,0,0,0,0,0
train,vgr_train_storage_cycle_02,1,1,1,0,0,0,0,0,0,0,1,1,1,1,0,1,0,0,1,0,0,1,0,0,0,0,0,0,0,0
train,vgr_train_storage_cycle_02,1,1,1,0,0,0,0,0,0,0,1,1,1,1,0,1,0,0,1,0,0,1,0,0,0,0,0,0,0,0
train,vgr_train_storage_cycle_02,1,1,1,0,0,0,0,0,0,0,1,1,1,1,0,1,0,0,1,0,0,1,0,0,0,0,0,0,0,0
train,vgr_train_storage_cycle_02,1,1,1,0,0,0,0,0,0,0,1,1,1,1,0,1,0,0,1,0,0,1,0,0,0,0,0,0,0,0
train,vgr_train_storage_cycle_02,1,1,1,0,0,0,0,0,0,0,1,1,1,1,0,1,0,0,0,0,0,1,0,0,0,0,0,0,0,101
train,vgr_train_storage_cycle_02,0,0,0,0,0,1,1,394,26,33,1,1,1,1,0,1,0,0,1,0,0,1,0,0,0,0,0,0,0,102
train,vgr_train_storage_cycle_02,0,0,0,0,0,1,1,1452,904,703,0,1,1,0,0,1,1753,2869,1,0,0,1,0,0,0,0,0,0,0,103
train,vgr_train_storage_cycle_02,0,0,0,0,0,1,1,2456,156,426,0,1,1,0,0,1,1382,2869,1,0,0,1,0,0,0,0,0,0,0,102
train,vgr_train_storage_cycle_02,0,0,0,0,0,1,1,1449,908,702,0,0,1,0,1,0,2804,16,1,0,0,1,0,0,0,0,0,0,0,104
train,vgr_train_storage_cycle_02,1,0,0,1,1,1,1,0,608,5348,0,1,0,0,1,0,2804,16,1,0,0,1,0,0,0,0,0,0,0,105
train,vgr_train_storage_cycle_02,0,0,0,0,0,0,0,403,608,5348,0,1,0,0,1,0,2804,16,1,0,0,1,0,0,0,0,0,0,0,0
train,vgr_train_storage_cycle_02,0,0,0,0,0,0,0,403,608,5348,0,0,1,0,1,0,2804,16,1,0,0,1,0,0,0,0,0,0,0,0
train,vgr_train_storage_cycle_02,0,0,0,0,0,0,0,403,608,5348,0,1,1,0,0,1,1385,2870,1,0,0,1,0,0,0,0,0,0,0,0
train,vgr_train_storage_cycle_02,0,0,0,0,0,0,0,403,608,5348,0,1,1,0,0,1,1748,2870,1,0,0,1,0,0,0,0,0,0,0,301
train,vgr_train_storage_cycle_02,1,1,1,0,0,0,0,0,0,0,1,1,1,1,0,1,0,0,1,0,0,0,1,0,0,0,0,0,0,0
train,vgr_train_storage_cycle_02,1,1,1,0,0,0,0,0,0,0,1,1,1,1,0,1,0,0,1,0,0,0,1,0,0,0,0,0,0,0
train,vgr_train_storage_cycle_02,1,1,1,0,0,0,0,0,0,0,1,1,1,1,0,1,0,0,1,0,0,0,1,0,0,0,0,0,0,0
train,vgr_train_storage_cycle_02,1,1,1,0,0,0,0,0,0,0,1,1,1,1,0,1,0,0,1,0,0,0,1,0,0,0,0,0,0,0
train,vgr_train_storage_cycle_02,1,1,1,0,0,0,0,0,0,0,1,1,1,1,0,1,0,0,1,0,0,0,1,0,0,0,0,0,0,0
train,vgr_train_storage_cycle_02,1,1,1,0,0,0,0,0,0,0,1,1,1,1,0,1,0,0,0,0,0,0,1,0,0,0,0,0,0,101
train,vgr_train_storage_cycle_02,0,0,0,0,0,1,1,397,25,33,1,1,1,1,0,1,0,0,1,0,0,0,1,0,0,0,0,0,0,102
train,vgr_train_storage_cycle_02,0,0,0,0,0,1,1,1449,905,702,0,1,1,0,0,1,3252,2869,1,0,0,0,1,0,0,0,0,0,0,103
train,vgr_train_storage_cycle_02,0,0,0,0,0,1,1,2455,152,426,0,1,1,0,0,1,2885,2869,1,0,0,0,1,0,0,0,0,0,0,102
train,vgr_train_storage_cycle_02,0,0,0,0,0,1,1,1448,910,704,0,0,1,0,1,0,2799,18,1,0,0,0,1,0,0,0,0,0,0,104
train,vgr_train_storage_cycle_02,1,0,0,1,1,1,1,0,604,5348,0,1,0,0,1,0,2799,18,1,0,0,0,1,0,0,0,0,0,0,105
train,vgr_train_storage_cycle_02,0,0,0,0,0,0,0,396,604,5348,0,1,0,0,1,0,2799,18,1,0,0,0,1,0,0,0,0,0,0,0
train,vgr_train_storage_cycle_02,0,0,0,0,0,0,0,396,604,5348,0,0,1,0,1,0,2799,18,1,0,0,0,1,0,0,0,0,0,0,0
train,vgr_train_storage_cycle_02,0,0,0,0,0,0,0,396,604,5348,0,1,1,0,0,1,2878,2870,1,0,0,0,1,0,0,0,0,0,0,0
train,vgr_train_storage_cycle_02,0,0,0,0,0,0,0,396,604,5348,0,1,1,0,0,1,3250,2870,1,0,0,0,1,0,0,0,0,0,0,301
train,vgr_train_storage_cycle_02,1,1,1,0,0,0,0,0,0,0,1,1,1,1,0,1,0,0,1,0,0,0,0,1,0,0,0,0,0,0
train,vgr_train_storage_cycle_02,1,1,1,0,0,0,0,0,0,0,1,1,1,1,0,1,0,0,1,0,0,0,0,1,0,0,0,0,0,0
train,vgr_train_storage_cycle_02,1,1,1,0,0,0,0,0,0,0,1,1,1,1,0,1,0,0,1,0,0,0,0,1,0,0,0,0,0,0
train,vgr_train_storage_cycle_02,1,1,1,0,0,0,0,0,0,0,1,1,1,1,0,1,0,0,1,0,0,0,0,1,0,0,0,0,0,0
train,vgr_train_storage_cycle_02,1,1,1,0,0,0,0,0,0,0,1,1,1,1,0,1,0,0,1,0,0,0,0,1,0,0,0,0,0,0
train,vgr_train_storage_cycle_02,1,1,1,0,0,0,0,0,0,0,1,1,1,1,0,1,0,0,1,0,0,0,0,1,0,0,0,0,0,0
train,vgr_train_storage_cycle_02,1,1,1,0,0,0,0,0,0,0,1,1,1,1,0,1,0,0,0,0,0,0,0,1,0,0,0,0,0,101
train,vgr_train_storage_cycle_02,0,0,0,0,0,1,1,394,25,29,1,1,1,1,0,1,0,0,1,0,0,0,0,1,0,0,0,0,0,102
train,vgr_train_storage_cycle_02,0,0,0,0,0,1,1,1449,905,703,0,1,1,0,0,1,399,5199,1,0,0,0,0,1,0,0,0,0,0,103
train,vgr_train_storage_cycle_02,0,0,0,0,0,1,1,2454,157,424,0,1,1,0,0,1,32,5199,1,0,0,0,0,1,0,0,0,0,0,102
train,vgr_train_storage_cycle_02,0,0,0,0,0,1,1,1446,907,699,0,0,1,0,1,0,2803,17,1,0,0,0,0,1,0,0,0,0,0,104
train,vgr_train_storage_cycle_02,1,0,0,0,0,1,1,0,605,5349,0,1,0,0,1,0,2803,17,1,0,0,0,0,1,0,0,0,0,0,105
train,vgr_train_storage_cycle_02,0,0,0,0,0,0,0,400,605,5349,0,1,0,0,1,0,2803,17,1,0,0,0,0,1,0,0,0,0,0,0
train,vgr_train_storage_cycle_02,0,0,0,0,0,0,0,400,605,5349,0,0,1,0,1,0,2803,17,1,0,0,0,0,1,0,0,0,0,0,0
train,vgr_train_storage_cycle_02,0,0,0,0,0,0,0,400,605,5349,0,1,1,0,0,1,35,5199,1,0,0,0,0,1,0,0,0,0,0,0
train,vgr_train_storage_cycle_02,0,0,0,0,0,0,0,400,605,5349,0,1,1,0,0,1,401,5199,1,0,0,0,0,1,0,0,0,0,0,301
train,vgr_train_storage_cycle_02,1,1,1,0,0,0,0,0,0,0,1,1,1,1,0,1,0,0,1,0,0,0,0,0,1,0,0,0,0,0
train,vgr_train_storage_cycle_02,1,1,1,0,0,0,0,0,0,0,1,1,1,1,0,1,0,0,1,0,0,0,0,0,1,0,0,0,0,0
train,vgr_train_storage_cycle_02,1,1,1,0,0,0,0,0,0,0,1,1,1,1,0,1,0,0,1,0,0,0,0,0,1,0,0,0,0,0
train,vgr_train_storage_cycle_02,1,1,1,0,0,0,0,0,0,0,1,1,1,1,0,1,0,0,1,0,0,0,0,0,1,0,0,0,0,0
train,vgr_train_storage_cycle_02,1,1,1,0,0,0,0,0,0,0,1,1,1,1,0,1,0,0,1,0,0,0,0,0,1,0,0,0,0,0
train,vgr_train_storage_cycle_02,1,1,1,0,0,0,0,0,0,0,1,1,1,1,0,1,0,0,1,0,0,0,0,0,1,0,0,0,0,0
train,vgr_train_storage_cycle_02,1,1,1,0,0,0,0,0,0,0,1,1,1,1,0,1,0,0,1,0,0,0,0,0,1,0,0,0,0,0
train,vgr_train_storage_cycle_02,1,1,1,0,0,0,0,0,0,0,1,1,1,1,0,1,0,0,1,0,0,0,0,0,1,0,0,0,0,0
train,vgr_train_storage_cycle_02,1,1,1,0,0,0,0,0,0,0,1,1,1,1,0,1,0,0,1,0,0,0,0,0,1,0,0,0,0,0
train,vgr_train_storage_cycle_02,1,1,1,0,0,0,0,0,0,0,1,1,1,1,0,1,0,0,1,0,0,0,0,0,1,0,0,0,0,0
train,vgr_train_storage_cycle_02,1,1,1,0,0,0,0,0,0,0,1,1,1,1,0,1,0,0,1,0,0,0,0,0,1,0,0,0,0,0
train,vgr_train_storage_cycle_02,1,1,1,0,0,0,0,0,0,0,1,1,1,1,0,1,0,0,1,0,0,0,0,0,1,0,0,0,0,0
train,vgr_train_storage_cycle_02,1,1,1,0,0,0,0,0,0,0,1,1,1,1,0,1,0,0,1,0,0,0,0,0,1,0,0,0,0,0
train,vgr_train_storage_cycle_02,1,1,1,0,0,0,0,0,0,0,1,1,1,1,0,1,0,0,1,0,0,0,0,0,1,0,0,0,0,0
train,vgr_train_storage_cycle_02,1,1,1,0,0,0,0,0,0,0,1,1,1,1,0,1,0,0,1,0,0,0,0,0,1,0,0,0,0,0
train,vgr_train_storage_cycle_02,1,1,1,0,0,0,0,0,0,0,1,1,1,1,0,1,0,0,1,0,0,0,0,0,1,0,0,0,0,0
train,vgr_train_storage_cycle_02,1,1,1,0,0,0,0,0,0,0,1,1,1,1,0,1,0,0,1,0,0,0,0,0,1,0,0,0,0,0
train,vgr_train_storage_cycle_02,1,1,1,0,0,0,0,0,0,0,1,1,1,1,0,1,0,0,0,0,0,0,0,0,1,0,0,0,0,101
train,vgr_train_storage_cycle_02,0,0,0,0,0,1,1,395,25,32,1,1,1,1,0,1,0,0,1,0,0,0,0,0,1,0,0,0,0,102
train,vgr_train_storage_cycle_02,0,0,0,0,0,1,1,1448,905,704,0,1,1,0,0,1,1754,5201,1,0,0,0,0,0,1,0,0,0,0,103
train,vgr_train_storage_cycle_02,0,0,0,0,0,1,1,2462,157,426,0,1,1,0,0,1,1386,5201,1,0,0,0,0,0,1,0,0,0,0,102
train,vgr_train_storage_cycle_02,0,0,0,0,0,1,1,1448,903,706,0,0,1,0,1,0,2800,17,1,0,0,0,0,0,1,0,0,0,0,104
train,vgr_train_storage_cycle_02,1,0,0,0,0,1,1,0,607,5351,0,1,0,0,1,0,2800,17,1,0,0,0,0,0,1,0,0,0,0,105
train,vgr_train_storage_cycle_02,0,0,0,0,0,0,0,399,607,5351,0,1,0,0,1,0,2800,17,1,0,0,0,0,0,1,0,0,0,0,0
train,vgr_train_storage_cycle_02,0,0,0,0,0,0,0,399,607,5351,0,0,1,0,1,0,2800,17,1,0,0,0,0,0,1,0,0,0,0,0
train,vgr_train_storage_cycle_02,0,0,0,0,0,0,0,399,607,5351,0,1,1,0,0,1,1383,5198,1,0,0,0,0,0,1,0,0,0,0,0
train,vgr_train_storage_cycle_02,0,0,0,0,0,0,0,399,607,5351,0,1,1,0,0,1,1752,5198,1,0,0,0,0,0,1,0,0,0,0,301
train,vgr_train_storage_cycle_02,1,1,1,0,0,0,0,0,0,0,1,1,1,1,0,1,0,0,1,0,0,0,0,0,0,1,0,0,0,0
train,vgr_train_storage_cycle_02,1,1,1,0,0,0,0,0,0,0,1,1,1,1,0,1,0,0,1,0,0,0,0,0,0,1,0,0,0,0
train,vgr_train_storage_cycle_02,1,1,1,0,0,0,0,0,0,0,1,1,1,1,0,1,0,0,1,0,0,0,0,0,0,1,0,0,0,0
train,vgr_train_storage_cycle_02,1,1,1,0,0,0,0,0,0,0,1,1,1,1,0,1,0,0,1,0,0,0,0,0,0,1,0,0,0,0
train,vgr_train_storage_cycle_02,1,1,1,0,0,0,0,0,0,0,1,1,1,1,0,1,0,0,1,0,0,0,0,0,0,1,0,0,0,0
train,vgr_train_storage_cycle_02,1,1,1,0,0,0,0,0,0,0,1,1,1,1,0,1,0,0,1,0,0,0,0,0,0,1,0,0,0,0
train,vgr_train_storage_cycle_02,1,1,1,0,0,0,0,0,0,0,1,1,1,1,0,1,0,0,1,0,0,0,0,0,0,1,0,0,0,0
train,vgr_train_storage_cycle_02,1,1,1,0,0,0,0,0,0,0,1,1,1,1,0,1,0,0,1,0,0,0,0,0,0,1,0,0,0,0
train,vgr_train_storage_cycle_02,1,1,1,0,0,0,0,0,0,0,1,1,1,1,0,1,0,0,1,0,0,0,0,0,0,1,0,0,0,0
train,vgr_train_storage_cycle_02,1,1,1,0,0,0,0,0,0,0,1,1,1,1,0,1,0,0,1,0,0,0,0,0,0,1,0,0,0,0
train,vgr_train_storage_cycle_02,1,1,1,0,0,0,0,0,0,0,1,1,1,1,0,1,0,0,1,0,0,0,0,0,0,1,0,0,0,0
train,vgr_train_storage_cycle_02,1,1,1,0,0,0,0,0,0,0,1,1,1,1,0,1,0,0,0,0,0,0,0,0,0,1,0,0,0,101
train,vgr_train_storage_cycle_02,0,0,0,0,0,1,1,396,26,33,1,1,1,1,0,1,0,0,1,0,0,0,0,0,0,1,0,0,0,102
train,vgr_train_storage_cycle_02,0,0,0,0,0,1,1,1451,908,704,0,1,1,0,0,1,3253,5199,1,0,0,0,0,0,0,1,0,0,0,103
train,vgr_train_storage_cycle_02,0,0,0,0,0,1,1,2458,156,423,0,1,1,0,0,1,2883,5199,1,0,0,0,0,0,0,1,0,0,0,102
train,vgr_train_storage_cycle_02,0,0,0,0,0,1,1,1448,908,703,0,0,1,0,1,0,2802,17,1,0,0,0,0,0,0,1,0,0,0,104
train,vgr_train_storage_cycle_02,1,0,0,0,0,1,1,0,604,5352,0,1,0,0,1,0,2802,17,1,0,0,0,0,0,0,1,0,0,0,105
train,vgr_train_storage_cycle_02,0,0,0,0,0,0,0,400,604,5352,0,1,0,0,1,0,2802,17,1,0,0,0,0,0,0,1,0,0,0,0
train,vgr_train_storage_cycle_02,0,0,0,0,0,0,0,400,604,5352,0,0,1,0,1,0,2802,17,1,0,0,0,0,0,0,1,0,0,0,0
train,vgr_train_storage_cycle_02,0,0,0,0,0,0,0,400,604,5352,0,1,1,0,0,1,2881,5198,1,0,0,0,0,0,0,1,0,0,0,0
train,vgr_train_storage_cycle_02,0,0,0,0,0,0,0,400,604,5352,0,1,1,0,0,1,3250,5198,1,0,0,0,0,0,0,1,0,0,0,301
train,vgr_train_storage_cycle_02,1,1,1,0,0,0,0,0,0,0,1,1,1,1,0,1,0,0,1,0,0,0,0,0,0,0,1,0,0,0
train,vgr_train_storage_cycle_02,1,1,1,0,0,0,0,0,0,0,1,1,1,1,0,1,0,0,0,0,0,0,0,0,0,0,1,0,0,101
train,vgr_train_storage_cycle_02,0,0,0,0,0,1,1,398,26,33,1,1,1,1,0,1,0,0,1,0,0,0,0,0,0,0,1,0,0,102
train,vgr_train_storage_cycle_02,0,0,0,0,0,1,1,1453,906,705,0,1,1,0,0,1,399,7560,1,0,0,0,0,0,0,0,1,0,0,103
train,vgr_train_storage_cycle_02,0,0,0,0,0,1,1,2460,157,426,0,1,1,0,0,1,36,7560,1,0,0,0,0,0,0,0,1,0,0,102
train,vgr_train_storage_cycle_02,0,0,0,0,0,1,1,1450,909,700,0,0,1,0,1,0,2802,17,1,0,0,0,0,0,0,0,1,0,0,104
train,vgr_train_storage_cycle_02,1,0,0,0,0,1,1,0,603,5350,0,1,0,0,1,0,2802,17,1,0,0,0,0,0,0,0,1,0,0,105
train,vgr_train_storage_cycle_02,0,0,0,0,0,0,0,400,603,5350,0,1,0,0,1,0,2802,17,1,0,0,0,0,0,0,0,1,0,0,0
train,vgr_train_storage_cycle_02,0,0,0,0,0,0,0,400,603,5350,0,0,1,0,1,0,2802,17,1,0,0,0,0,0,0,0,1,0,0,0
train,vgr_train_storage_cycle_02,0,0,0,0,0,0,0,400,603,5350,0,1,1,0,0,1,34,7559,1,0,0,0,0,0,0,0,1,0,0,0
train,vgr_train_storage_cycle_02,0,0,0,0,0,0,0,400,603,5350,0,1,1,0,0,1,403,7559,1,0,0,0,0,0,0,0,1,0,0,301
train,vgr_train_storage_cycle_02,1,1,1,0,0,0,0,0,0,0,1,1,1,1,0,1,0,0,1,0,0,0,0,0,0,0,0,1,0,0
train,vgr_train_storage_cycle_02,1,1,1,0,0,0,0,0,0,0,1,1,1,1,0,1,0,0,1,0,0,0,0,0,0,0,0,1,0,0
train,vgr_train_storage_cycle_02,1,1,1,0,0,0,0,0,0,0,1,1,1,1,0,1,0,0,1,0,0,0,0,0,0,0,0,1,0,0
train,vgr_train_storage_cycle_02,1,1,1,0,0,0,0,0,0,0,1,1,1,1,0,1,0,0,1,0,0,0,0,0,0,0,0,1,0,0
train,vgr_train_storage_cycle_02,1,1,1,0,0,0,0,0,0,0,1,1,1,1,0,1,0,0,1,0,0,0,0,0,0,0,0,1,0,0
train,vgr_train_storage_cycle_02,1,1,1,0,0,0,0,0,0,0,1,1,1,1,0,1,0,0,1,0,0,0,0,0,0,0,0,1,0,0
train,vgr_train_storage_cycle_02,1,1,1,0,0,0,0,0,0,0,1,1,1,1,0,1,0,0,0,0,0,0,0,0,0,0,0,1,0,101
train,vgr_train_storage_cycle_02,0,0,0,0,0,1,1,390,26,32,1,1,1,1,0,1,0,0,1,0,0,0,0,0,0,0,0,1,0,102
train,vgr_train_storage_cycle_02,0,0,0,0,0,1,1,1447,906,700,0,1,1,0,0,1,1754,7559,1,0,0,0,0,0,0,0,0,1,0,103
train,vgr_train_storage_cycle_02,0,0,0,0,0,1,1,2456,156,424,0,1,1,0,0,1,1386,7559,1,0,0,0,0,0,0,0,0,1,0,102
train,vgr_train_storage_cycle_02,0,0,0,0,0,1,1,1446,904,703,0,0,1,0,1,0,2804,17,1,0,0,0,0,0,0,0,0,1,0,104
train,vgr_train_storage_cycle_02,1,0,0,0,0,1,1,0,606,5351,0,1,0,0,1,0,2804,17,1,0,0,0,0,0,0,0,0,1,0,105
train,vgr_train_storage_cycle_02,0,0,0,0,0,0,0,401,606,5351,0,1,0,0,1,0,2804,17,1,0,0,0,0,0,0,0,0,1,0,0
train,vgr_train_storage_cycle_02,0,0,0,0,0,0,0,401,606,5351,0,0,1,0,1,0,2804,17,1,0,0,0,0,0,0,0,0,1,0,0
train,vgr_train_storage_cycle_02,0,0,0,0,0,0,0,401,606,5351,0,1,1,0,0,1,1383,7559,1,0,0,0,0,0,0,0,0,1,0,0
train,vgr_train_storage_cycle_02,0,0,0,0,0,0,0,401,606,5351,0,1,1,0,0,1,1751,7559,1,0,0,0,0,0,0,0,0,1,0,301
train,vgr_train_storage_cycle_02,1,1,1,0,0,0,0,0,0,0,1,1,1,1,0,1,0,0,1,0,0,0,0,0,0,0,0,0,1,0
train,vgr_train_storage_cycle_02,1,1,1,0,0,0,0,0,0,0,1,1,1,1,0,1,0,0,1,0,0,0,0,0,0,0,0,0,1,0
train,vgr_train_storage_cycle_02,1,1,1,0,0,0,0,0,0,0,1,1,1,1,0,1,0,0,1,0,0,0,0,0,0,0,0,0,1,0
train,vgr_train_storage_cycle_02,1,1,1,0,0,0,0,0,0,0,1,1,1,1,0,1,0,0,1,0,0,0,0,0,0,0,0,0,1,0
train,vgr_train_storage_cycle_02,1,1,1,0,0,0,0,0,0,0,1,1,1,1,0,1,0,0,1,0,0,0,0,0,0,0,0,0,1,0
train,vgr_train_storage_cycle_02,1,1,1,0,0,0,0,0,0,0,1,1,1,1,0,1,0,0,0,0,0,0,0,0,0,0,0,0,1,101
train,vgr_train_storage_cycle_02,0,0,0,0,0,1,1,396,26,34,1,1,1,1,0,1,0,0,1,0,0,0,0,0,0,0,0,0,1,102
train,vgr_train_storage_cycle_02,0,0,0,0,0,1,1,1452,910,704,0,1,1,0,0,1,3250,7556,1,0,0,0,0,0,0,0,0,0,1,103
train,vgr_train_storage_cycle_02,0,0,0,0,0,1,1,2460,156,424,0,1,1,0,0,1,2887,7556,1,0,0,0,0,0,0,0,0,0,1,102
train,vgr_train_storage_cycle_02,0,0,0,0,0,1,1,1449,908,702,0,0,1,0,1,0,2802,19,1,0,0,0,0,0,0,0,0,0,1,104
train,vgr_train_storage_cycle_02,1,0,0,0,1,1,1,0,483,5348,0,1,0,0,1,0,2802,19,1,0,0,0,0,0,0,0,0,0,1,105
train,vgr_train_storage_cycle_02,0,0,0,0,0,0,0,398,608,5348,0,1,0,0,1,0,2802,19,1,0,0,0,0,0,0,0,0,0,1,0
train,vgr_train_storage_cycle_02,0,0,0,0,0,0,0,398,608,5348,0,0,1,0,1,0,2802,19,1,0,0,0,0,0,0,0,0,0,1,0
train,vgr_train_storage_cycle_02,0,0,0,0,0,0,0,398,608,5348,0,1,1,0,0,1,2883,7560,1,0,0,0,0,0,0,0,0,0,1,0
train,vgr_train_storage_cycle_02,0,0,0,0,0,0,0,398,608,5348,0,1,1,0,0,1,3252,7560,1,0,0,0,0,0,0,0,0,0,1,301
train,vgr_train_storage_cycle_02,1,1,1,0,0,0,0,0,0,0,1,1,1,1,0,1,0,0,1,1,0,0,0,0,0,0,0,0,0,0
train,vgr_train_storage_cycle_02,1,1,1,0,0,0,0,0,0,0,1,1,1,1,0,1,0,0,1,1,0,0,0,0,0,0,0,0,0,0
train,vgr_train_storage_cycle_02,1,1,1,0,0,0,0,0,0,0,1,1,1,1,0,1,0,0,1,1,0,0,0,0,0,0,0,0,0,0
train,vgr_train_storage_cycle_02,1,1,1,0,0,0,0,0,0,0,1,1,1,1,0,1,0,0,1,1,0,0,0,0,0,0,0,0,0,0
train,vgr_train_storage_cycle_02,1,1,1,0,0,0,0,0,0,0,1,1,1,1,0,1,0,0,1,1,0,0,0,0,0,0,0,0,0,0
train,vgr_train_storage_cycle_02,1,1,1,0,0,0,0,0,0,0,1,1,1,1,0,1,0,0,1,1,0,0,0,0,0,0,0,0,0,0
train,vgr_train_storage_cycle_02,1,1,1,0,0,0,0,0,0,0,1,1,1,1,0,1,0,0,0,1,0,0,0,0,0,0,0,0,0,0
train,vgr_train_storage_cycle_02,1,1,1,0,0,0,0,0,0,0,1,1,1,1,0,1,0,0,1,1,0,0,0,0,0,0,0,0,0,0
train,vgr_train_storage_cycle_02,1,1,1,0,0,0,0,0,0,0,1,1,1,1,0,1,0,0,1,1,0,0,0,0,0,0,0,0,0,0
train,vgr_train_storage_cycle_02,1,1,1,0,0,0,0,0,0,0,1,1,1,1,0,1,0,0,1,1,0,0,0,0,0,0,0,0,0,0
train,vgr_train_storage_cycle_02,1,1,1,0,0,0,0,0,0,0,1,1,1,1,0,1,0,0,1,1,0,0,0,0,0,0,0,0,0,0
train,vgr_train_storage_cycle_02,1,1,1,0,0,0,0,0,0,0,1,1,1,1,0,1,0,0,1,1,0,0,0,0,0,0,0,0,0,0
train,vgr_train_storage_cycle_02,1,1,1,0,0,0,0,0,0,0,1,1,1,1,0,1,0,0,1,1,0,0,0,0,0,0,0,0,0,0
train,vgr_train_storage_cycle_02,1,1,1,0,0,0,0,0,0,0,1,1,1,1,0,1,0,0,1,1,0,0,0,0,0,0,0,0,0,0
train,vgr_train_storage_cycle_02,1,1,1,0,0,0,0,0,0,0,1,1,1,1,0,1,0,0,0,1,0,0,0,0,0,0,0,0,0,0
train,vgr_train_storage_cycle_02,1,1,1,0,0,0,0,0,0,0,1,1,1,1,0,1,0,0,1,1,0,0,0,0,0,0,0,0,0,0
train,vgr_train_storage_cycle_02,1,1,1,0,0,0,0,0,0,0,1,1,1,1,0,1,0,0,1,1,0,0,0,0,0,0,0,0,0,0
train,vgr_train_storage_cycle_02,1,1,1,0,0,0,0,0,0,0,1,1,1,1,0,1,0,0,1,1,0,0,0,0,0,0,0,0,0,0
train,vgr_train_storage_cycle_02,1,1,1,0,0,0,0,0,0,0,1,1,1,1,0,1,0,0,1,1,0,0,0,0,0,0,0,0,0,0
train,vgr_train_storage_cycle_02,1,1,1,0,0,0,0,0,0,0,1,1,1,1,0,1,0,0,1,1,0,0,0,0,0,0,0,0,0,0
train,vgr_train_storage_cycle_02,1,1,1,0,0,0,0,0,0,0,1,1,1,1,0,1,0,0,1,1,0,0,0,0,0,0,0,0,0,0
train,vgr_train_storage_cycle_02,1,1,1,0,0,0,0,0,0,0,1,1,1,1,0,1,0,0,1,1,0,0,0,0,0,0,0,0,0,0
train,vgr_train_storage_cycle_02,1,1,1,0,0,0,0,0,0,0,1,1,1,1,0,1,0,0,1,1,0,0,0,0,0,0,0,0,0,0
train,vgr_train_storage_cycle_02,1,1,1,0,0,0,0,0,0,0,1,1,1,1,0,1,0,0,1,1,0,0,0,0,0,0,0,0,0,0
train,vgr_train_storage_cycle_02,1,1,1,0,0,0,0,0,0,0,1,1,1,1,0,1,0,0,1,1,0,0,0,0,0,0,0,0,0,0
train,vgr_train_storage_cycle_02,1,1,1,0,0,0,0,0,0,0,1,1,1,1,0,1,0,0,0,1,0,0,0,0,0,0,0,0,0,0
train,vgr_train_storage_cycle_02,1,1,1,0,0,0,0,0,0,0,1,1,1,1,0,1,0,0,1,1,0,0,0,0,0,0,0,0,0,0
train,vgr_train_storage_cycle_02,1,1,1,0,0,0,0,0,0,0,1,1,1,1,0,1,0,0,1,1,0,0,0,0,0,0,0,0,0,0
train,vgr_train_storage_cycle_02,1,1,1,0,0,0,0,0,0,0,1,1,1,1,0,1,0,0,1,1,0,0,0,0,0,0,0,0,0,0
train,vgr_train_storage_cycle_02,1,1,1,0,0,0,0,0,0,0,1,1,1,1,0,1,0,0,0,1,0,0,0,0,0,0,0,0,0,0
train,vgr_train_storage_cycle_02,1,1,1,0,0,0,0,0,0,0,1,1,1,1,0,1,0,0,1,1,0,0,0,0,0,0,0,0,0,0
train,vgr_train_storage_cycle_02,1,1,1,0,0,0,0,0,0,0,1,1,1,1,0,1,0,0,1,1,0,0,0,0,0,0,0,0,0,0
train,vgr_train_storage_cycle_02,1,1,1,0,0,0,0,0,0,0,1,1,1,1,0,1,0,0,1,1,0,0,0,0,0,0,0,0,0,0
train,vgr_train_storage_cycle_02,1,1,1,0,0,0,0,0,0,0,1,1,1,1,0,1,0,0,1,1,0,0,0,0,0,0,0,0,0,0
train,vgr_train_storage_cycle_02,1,1,1,0,0,0,0,0,0,0,1,1,1,1,0,1,0,0,1,1,0,0,0,0,0,0,0,0,0,0
train,vgr_train_storage_cycle_02,1,1,1,0,0,0,0,0,0,0,1,1,1,1,0,1,0,0,1,1,0,0,0,0,0,0,0,0,0,0
train,vgr_train_storage_cycle_02,1,1,1,0,0,0,0,0,0,0,1,1,1,1,0,1,0,0,1,1,0,0,0,0,0,0,0,0,0,0
train,vgr_train_storage_cycle_02,1,1,1,0,0,0,0,0,0,0,1,1,1,1,0,1,0,0,1,1,0,0,0,0,0,0,0,0,0,0
train,vgr_train_storage_cycle_02,1,1,1,0,0,0,0,0,0,0,1,1,1,1,0,1,0,0,1,1,0,0,0,0,0,0,0,0,0,0
train,vgr_train_storage_cycle_02,1,1,1,0,0,0,0,0,0,0,1,1,1,1,0,1,0,0,1,1,0,0,0,0,0,0,0,0,0,0
train,vgr_train_storage_cycle_02,1,1,1,0,0,0,0,0,0,0,1,1,1,1,0,1,0,0,1,1,0,0,0,0,0,0,0,0,0,0
train,vgr_train_storage_cycle_02,1,1,1,0,0,0,0,0,0,0,1,1,1,1,0,1,0,0,1,1,0,0,0,0,0,0,0,0,0,0
train,vgr_train_storage_cycle_02,1,1,1,0,0,0,0,0,0,0,1,1,1,1,0,1,0,0,1,1,0,0,0,0,0,0,0,0,0,0
train,vgr_train_storage_cycle_02,1,1,1,0,0,0,0,0,0,0,1,1,1,1,0,1,0,0,1,1,0,0,0,0,0,0,0,0,0,0
train,vgr_train_storage_cycle_02,1,1,1,0,0,0,0,0,0,0,1,1,1,1,0,1,0,0,1,1,0,0,0,0,0,0,0,0,0,0
train,vgr_train_storage_cycle_02,1,1,1,0,0,0,0,0,0,0,1,1,1,1,0,1,0,0,1,1,0,0,0,0,0,0,0,0,0,0
train,vgr_train_storage_cycle_02,1,1,1,0,0,0,0,0,0,0,1,1,1,1,0,1,0,0,1,1,0,0,0,0,0,0,0,0,0,0
train,vgr_train_storage_cycle_02,1,1,1,0,0,0,0,0,0,0,1,1,1,1,0,1,0,0,1,1,0,0,0,0,0,0,0,0,0,0
train,vgr_train_storage_cycle_02,1,1,1,0,0,0,0,0,0,0,1,1,1,1,0,1,0,0,1,1,0,0,0,0,0,0,0,0,0,0
train,vgr_train_storage_cycle_02,1,1,1,0,0,0,0,0,0,0,1,1,1,1,0,1,0,0,0,1,0,0,0,0,0,0,0,0,0,0
train,vgr_train_storage_cycle_02,1,1,1,0,0,0,0,0,0,0,1,1,1,1,0,1,0,0,1,1,0,0,0,0,0,0,0,0,0,0
train,vgr_train_storage_cycle_02,1,1,1,0,0,0,0,0,0,0,1,1,1,1,0,1,0,0,1,1,0,0,0,0,0,0,0,0,0,0
train,vgr_train_storage_cycle_02,1,1,1,0,0,0,0,0,0,0,1,1,1,1,0,1,0,0,1,1,0,0,0,0,0,0,0,0,0,0
train,vgr_train_storage_cycle_02,1,1,1,0,0,0,0,0,0,0,1,1,1,1,0,1,0,0,1,1,0,0,0,0,0,0,0,0,0,0
train,vgr_train_storage_cycle_02,1,1,1,0,0,0,0,0,0,0,1,1,1,1,0,1,0,0,1,1,0,0,0,0,0,0,0,0,0,0
train,vgr_train_storage_cycle_02,1,1,1,0,0,0,0,0,0,0,1,1,1,1,0,1,0,0,1,1,0,0,0,0,0,0,0,0,0,0
train,vgr_train_storage_cycle_02,1,1,1,0,0,0,0,0,0,0,1,1,1,1,0,1,0,0,1,1,0,0,0,0,0,0,0,0,0,0
train,vgr_train_storage_cycle_02,1,1,1,0,0,0,0,0,0,0,1,1,1,1,0,1,0,0,1,1,0,0,0,0,0,0,0,0,0,0
train,vgr_train_storage_cycle_02,1,1,1,0,0,0,0,0,0,0,1,1,1,1,0,1,0,0,1,1,0,0,0,0,0,0,0,0,0,0
train,vgr_train_storage_cycle_02,1,1,1,0,0,0,0,0,0,0,1,1,1,1,0,1,0,0,0,1,0,0,0,0,0,0,0,0,0,0
train,vgr_train_storage_cycle_02,1,1,1,0,0,0,0,0,0,0,1,1,1,1,0,1,0,0,1,1,0,0,0,0,0,0,0,0,0,0
train,vgr_train_storage_cycle_02,1,1,1,0,0,0,0,0,0,0,1,1,1,1,0,1,0,0,1,1,0,0,0,0,0,0,0,0,0,0
train,vgr_train_storage_cycle_02,1,1,1,0,0,0,0,0,0,0,1,1,1,1,0,1,0,0,1,1,0,0,0,0,0,0,0,0,0,0
train,vgr_train_storage_cycle_02,1,1,1,0,0,0,0,0,0,0,1,1,1,1,0,1,0,0,1,1,0,0,0,0,0,0,0,0,0,0
train,vgr_train_storage_cycle_02,1,1,1,0,0,0,0,0,0,0,1,1,1,1,0,1,0,0,1,1,0,0,0,0,0,0,0,0,0,0
train,vgr_train_storage_cycle_02,1,1,1,0,0,0,0,0,0,0,1,1,1,1,0,1,0,0,1,1,0,0,0,0,0,0,0,0,0,0
train,vgr_train_storage_cycle_02,1,1,1,0,0,0,0,0,0,0,1,1,1,1,0,1,0,0,1,1,0,0,0,0,0,0,0,0,0,0
train,vgr_train_storage_cycle_02,1,1,1,0,0,0,0,0,0,0,1,1,1,1,0,1,0,0,1,1,0,0,0,0,0,0,0,0,0,0
train,vgr_train_storage_cycle_02,1,1,1,0,0,0,0,0,0,0,1,1,1,1,0,1,0,0,0,1,0,0,0,0,0,0,0,0,0,0
train,vgr_train_storage_cycle_02,1,1,1,0,0,0,0,0,0,0,1,1,1,1,0,1,0,0,1,1,0,0,0,0,0,0,0,0,0,0
train,vgr_train_storage_cycle_02,1,1,1,0,0,0,0,0,0,0,1,1,1,1,0,1,0,0,1,1,0,0,0,0,0,0,0,0,0,0
train,vgr_train_storage_cycle_02,1,1,1,0,0,0,0,0,0,0,1,1,1,1,0,1,0,0,1,1,0,0,0,0,0,0,0,0,0,0
train,vgr_train_storage_cycle_02,1,1,1,0,0,0,0,0,0,0,1,1,1,1,0,1,0,0,1,1,0,0,0,0,0,0,0,0,0,0
train,vgr_train_storage_cycle_02,1,1,1,0,0,0,0,0,0,0,1,1,1,1,0,1,0,0,1,1,0,0,0,0,0,0,0,0,0,0
train,vgr_train_storage_cycle_02,1,1,1,0,0,0,0,0,0,0,1,1,1,1,0,1,0,0,1,1,0,0,0,0,0,0,0,0,0,0
train,vgr_train_storage_cycle_02,1,1,1,0,0,0,0,0,0,0,1,1,1,1,0,1,0,0,1,1,0,0,0,0,0,0,0,0,0,0
train,vgr_train_storage_cycle_02,1,1,1,0,0,0,0,0,0,0,1,1,1,1,0,1,0,0,1,1,0,0,0,0,0,0,0,0,0,0
train,vgr_train_storage_cycle_02,1,1,1,0,0,0,0,0,0,0,1,1,1,1,0,1,0,0,1,1,0,0,0,0,0,0,0,0,0,0
train,vgr_train_storage_cycle_02,1,1,1,0,0,0,0,0,0,0,1,1,1,1,0,1,0,0,1,1,0,0,0,0,0,0,0,0,0,0
train,vgr_train_storage_cycle_02,1,1,1,0,0,0,0,0,0,0,1,1,1,1,0,1,0,0,1,1,0,0,0,0,0,0,0,0,0,0
train,vgr_train_storage_cycle_02,1,1,1,0,0,0,0,0,0,0,1,1,1,1,0,1,0,0,1,1,0,0,0,0,0,0,0,0,0,0
train,vgr_train_storage_cycle_02,1,1,1,0,0,0,0,0,0,0,1,1,1,1,0,1,0,0,1,1,0,0,0,0,0,0,0,0,0,0
train,vgr_train_storage_cycle_02,1,1,1,0,0,0,0,0,0,0,1,1,1,1,0,1,0,0,0,1,0,0,0,0,0,0,0,0,0,0
train,vgr_train_storage_cycle_02,1,1,1,0,0,0,0,0,0,0,1,1,1,1,0,1,0,0,1,1,0,0,0,0,0,0,0,0,0,0
train,vgr_train_storage_cycle_02,1,1,1,0,0,0,0,0,0,0,1,1,1,1,0,1,0,0,1,1,0,0,0,0,0,0,0,0,0,0
train,vgr_train_storage_cycle_02,1,1,1,0,0,0,0,0,0,0,1,1,1,1,0,1,0,0,1,1,0,0,0,0,0,0,0,0,0,0
train,vgr_train_storage_cycle_02,1,1,1,0,0,0,0,0,0,0,1,1,1,1,0,1,0,0,1,1,0,0,0,0,0,0,0,0,0,0
train,vgr_train_storage_cycle_02,1,1,1,0,0,0,0,0,0,0,1,1,1,1,0,1,0,0,1,1,0,0,0,0,0,0,0,0,0,0
train,vgr_train_storage_cycle_02,1,1,1,0,0,0,0,0,0,0,1,1,1,1,0,1,0,0,1,1,0,0,0,0,0,0,0,0,0,0
train,vgr_train_storage_cycle_02,1,1,1,0,0,0,0,0,0,0,1,1,1,1,0,1,0,0,1,1,0,0,0,0,0,0,0,0,0,0
train,vgr_train_storage_cycle_02,1,1,1,0,0,0,0,0,0,0,1,1,1,1,0,1,0,0,1,1,0,0,0,0,0,0,0,0,0,0
train,vgr_train_storage_cycle_02,1,1,1,0,0,0,0,0,0,0,1,1,1,1,0,1,0,0,1,1,0,0,0,0,0,0,0,0,0,0
train,vgr_train_storage_cycle_02,1,1,1,0,0,0,0,0,0,0,1,1,1,1,0,1,0,0,1,1,0,0,0,0,0,0,0,0,0,0
train,vgr_train_storage_cycle_02,1,1,1,0,0,0,0,0,0,0,1,1,1,1,0,1,0,0,1,1,0,0,0,0,0,0,0,0,0,0
train,vgr_train_storage_cycle_02,1,1,1,0,0,0,0,0,0,0,1,1,1,1,0,1,0,0,0,1,0,0,0,0,0,0,0,0,0,0
train,vgr_train_storage_cycle_02,1,1,1,0,0,0,0,0,0,0,1,1,1,1,0,1,0,0,1,1,0,0,0,0,0,0,0,0,0,0
train,vgr_train_storage_cycle_02,1,1,1,0,0,0,0,0,0,0,1,1,1,1,0,1,0,0,1,1,0,0,0,0,0,0,0,0,0,0
train,vgr_train_storage_cycle_02,1,1,1,0,0,0,0,0,0,0,1,1,1,1,0,1,0,0,1,1,0,0,0,0,0,0,0,0,0,0
train,vgr_train_storage_cycle_02,1,1,1,0,0,0,0,0,0,0,1,1,1,1,0,1,0,0,1,1,0,0,0,0,0,0,0,0,0,0
train,vgr_train_storage_cycle_02,1,1,1,0,0,0,0,0,0,0,1,1,1,1,0,1,0,0,1,1,0,0,0,0,0,0,0,0,0,0
train,vgr_train_storage_cycle_02,1,1,1,0,0,0,0,0,0,0,1,1,1,1,0,1,0,0,1,1,0,0,0,0,0,0,0,0,0,0
train,vgr_train_storage_cycle_02,1,1,1,0,0,0,0,0,0,0,1,1,1,1,0,1,0,0,1,1,0,0,0,0,0,0,0,0,0,0
train,vgr_train_storage_cycle_02,1,1,1,0,0,0,0,0,0,0,1,1,1,1,0,1,0,0,1,1,0,0,0,0,0,0,0,0,0,0
train,vgr_train_storage_cycle_02,1,1,1,0,0,0,0,0,0,0,1,1,1,1,0,1,0,0,1,1,0,0,0,0,0,0,0,0,0,0
train,vgr_train_storage_cycle_03,1,1,1,0,0,0,0,0,0,0,1,1,1,1,0,1,0,0,1,0,1,0,0,0,0,0,0,0,0,0
train,vgr_train_storage_cycle_03,1,1,1,0,0,0,0,0,0,0,1,1,1,1,0,1,0,0,1,0,1,0,0,0,0,0,0,0,0,0
train,vgr_train_storage_cycle_03,1,1,1,0,0,0,0,0,0,0,1,1,1,1,0,1,0,0,1,0,1,0,0,0,0,0,0,0,0,0
train,vgr_train_storage_cycle_03,1,1,1,0,0,0,0,0,0,0,1,1,1,1,0,1,0,0,1,0,1,0,0,0,0,0,0,0,0,0
train,vgr_train_storage_cycle_03,1,1,1,0,0,0,0,0,0,0,1,1,1,1,0,1,0,0,1,0,1,0,0,0,0,0,0,0,0,0
train,vgr_train_storage_cycle_03,1,1,1,0,0,0,0,0,0,0,1,1,1,1,0,1,0,0,1,0,1,0,0,0,0,0,0,0,0,0
train,vgr_train_storage_cycle_03,1,1,1,0,0,0,0,0,0,0,1,1,1,1,0,1,0,0,1,0,1,0,0,0,0,0,0,0,0,0
train,vgr_train_storage_cycle_03,1,1,1,0,0,0,0,0,0,0,1,1,1,1,0,1,0,0,1,0,1,0,0,0,0,0,0,0,0,0
train,vgr_train_storage_cycle_03,1,1,1,0,0,0,0,0,0,0,1,1,1,1,0,1,0,0,1,0,1,0,0,0,0,0,0,0,0,0
train,vgr_train_storage_cycle_03,1,1,1,0,0,0,0,0,0,0,1,1,1,1,0,1,0,0,1,0,1,0,0,0,0,0,0,0,0,0
train,vgr_train_storage_cycle_03,1,1,1,0,0,0,0,0,0,0,1,1,1,1,0,1,0,0,0,0,1,0,0,0,0,0,0,0,0,101
train,vgr_train_storage_cycle_03,0,0,0,0,0,1,1,391,26,32,1,1,1,1,0,1,0,0,1,0,1,0,0,0,0,0,0,0,0,102
train,vgr_train_storage_cycle_03,0,0,0,0,0,1,1,1451,908,704,0,1,1,0,0,1,404,2869,1,0,1,0,0,0,0,0,0,0,0,103
train,vgr_train_storage_cycle_03,0,0,0,0,0,1,1,2453,160,428,0,1,1,0,0,1,37,2869,1,0,1,0,0,0,0,0,0,0,0,102
train,vgr_train_storage_cycle_03,0,0,0,0,0,1,1,1447,905,706,0,0,1,0,1,0,2799,16,1,0,1,0,0,0,0,0,0,0,0,104
train,vgr_train_storage_cycle_03,1,0,0,1,1,1,1,0,604,5348,0,1,0,0,1,0,2799,16,1,0,1,0,0,0,0,0,0,0,0,105
train,vgr_train_storage_cycle_03,0,0,0,0,0,0,0,398,604,5348,0,1,0,0,1,0,2799,16,1,0,1,0,0,0,0,0,0,0,0,0
train,vgr_train_storage_cycle_03,0,0,0,0,0,0,0,398,604,5348,0,0,1,0,1,0,2799,16,1,0,1,0,0,0,0,0,0,0,0,0
train,vgr_train_storage_cycle_03,0,0,0,0,0,0,0,398,604,5348,0,1,1,0,0,1,35,2870,1,0,1,0,0,0,0,0,0,0,0,0
train,vgr_train_storage_cycle_03,0,0,0,0,0,0,0,398,604,5348,0,1,1,0,0,1,402,2870,1,0,1,0,0,0,0,0,0,0,0,301
train,vgr_train_storage_cycle_03,1,1,1,0,0,0,0,0,0,0,1,1,1,1,0,1,0,0,1,0,0,1,0,0,0,0,0,0,0,0
train,vgr_train_storage_cycle_03,1,1,1,0,0,0,0,0,0,0,1,1,1,1,0,1,0,0,1,0,0,1,0,0,0,0,0,0,0,0
train,vgr_train_storage_cycle_03,1,1,1,0,0,0,0,0,0,0,1,1,1,1,0,1,0,0,1,0,0,1,0,0,0,0,0,0,0,0
train,vgr_train_storage_cycle_03,1,1,1,0,0,0,0,0,0,0,1,1,1,1,0,1,0,0,1,0,0,1,0,0,0,0,0,0,0,0
train,vgr_train_storage_cycle_03,1,1,1,0,0,0,0,0,0,0,1,1,1,1,0,1,0,0,1,0,0,1,0,0,0,0,0,0,0,0
train,vgr_train_storage_cycle_03,1,1,1,0,0,0,0,0,0,0,1,1,1,1,0,1,0,0,1,0,0,1,0,0,0,0,0,0,0,0
train,vgr_train_storage_cycle_03,1,1,1,0,0,0,0,0,0,0,1,1,1,1,0,1,0,0,1,0,0,1,0,0,0,0,0,0,0,0
train,vgr_train_storage_cycle_03,1,1,1,0,0,0,0,0,0,0,1,1,1,1,0,1,0,0,1,0,0,1,0,0,0,0,0,0,0,0
train,vgr_train_storage_cycle_03,1,1,1,0,0,0,0,0,0,0,1,1,1,1,0,1,0,0,1,0,0,1,0,0,0,0,0,0,0,0
train,vgr_train_storage_cycle_03,1,1,1,0,0,0,0,0,0,0,1,1,1,1,0,1,0,0,1,0,0,1,0,0,0,0,0,0,0,0
train,vgr_train_storage_cycle_03,1,1,1,0,0,0,0,0,0,0,1,1,1,1,0,1,0,0,0,0,0,1,0,0,0,0,0,0,0,101
train,vgr_train_storage_cycle_03,0,0,0,0,0,1,1,394,26,33,1,1,1,1,0,1,0,0,1,0,0,1,0,0,0,0,0,0,0,102
train,vgr_train_storage_cycle_03,0,0,0,0,0,1,1,1452,904,703,0,1,1,0,0,1,1753,2869,1,0,0,1,0,0,0,0,0,0,0,103
train,vgr_train_storage_cycle_03,0,0,0,0,0,1,1,2456,156,426,0,1,1,0,0,1,1382,2869,1,0,0,1,0,0,0,0,0,0,0,102
train,vgr_train_storage_cycle_03,0,0,0,0,0,1,1,1449,908,702,0,0,1,0,1,0,2804,16,1,0,0,1,0,0,0,0,0,0,0,104
train,vgr_train_storage_cycle_03,1,0,0,1,1,1,1,0,608,5348,0,1,0,0,1,0,2804,16,1,0,0,1,0,0,0,0,0,0,0,105
train,vgr_train_storage_cycle_03,0,0,0,0,0,0,0,403,608,5348,0,1,0,0,1,0,2804,16,1,0,0,1,0,0,0,0,0,0,0,0
train,vgr_train_storage_cycle_03,0,0,0,0,0,0,0,403,608,5348,0,0,1,0,1,0,2804,16,1,0,0,1,0,0,0,0,0,0,0,0
train,vgr_train_storage_cycle_03,0,0,0,0,0,0,0,403,608,5348,0,1,1,0,0,1,1385,2870,1,0,0,1,0,0,0,0,0,0,0,0
train,vgr_train_storage_cycle_03,0,0,0,0,0,0,0,403,608,5348,0,1,1,0,0,1,1748,2870,1,0,0,1,0,0,0,0,0,0,0,301
train,vgr_train_storage_cycle_03,1,1,1,0,0,0,0,0,0,0,1,1,1,1,0,1,0,0,1,0,0,0,1,0,0,0,0,0,0,0
train,vgr_train_storage_cycle_03,1,1,1,0,0,0,0,0,0,0,1,1,1,1,0,1,0,0,1,0,0,0,1,0,0,0,0,0,0,0
train,vgr_train_storage_cycle_03,1,1,1,0,0,0,0,0,0,0,1,1,1,1,0,1,0,0,1,0,0,0,1,0,0,0,0,0,0,0
train,vgr_train_storage_cycle_03,1,1,1,0,0,0,0,0,0,0,1,1,1,1,0,1,0,0,1,0,0,0,1,0,0,0,0,0,0,0
train,vgr_train_storage_cycle_03,1,1,1,0,0,0,0,0,0,0,1,1,1,1,0,1,0,0,1,0,0,0,1,0,0,0,0,0,0,0
train,vgr_train_storage_cycle_03,1,1,1,0,0,0,0,0,0,0,1,1,1,1,0,1,0,0,1,0,0,0,1,0,0,0,0,0,0,0
train,vgr_train_storage_cycle_03,1,1,1,0,0,0,0,0,0,0,1,1,1,1,0,1,0,0,1,0,0,0,1,0,0,0,0,0,0,0
train,vgr_train_storage_cycle_03,1,1,1,0,0,0,0,0,0,0,1,1,1,1,0,1,0,0,1,0,0,0,1,0,0,0,0,0,0,0
train,vgr_train_storage_cycle_03,1,1,1,0,0,0,0,0,0,0,1,1,1,1,0,1,0,0,1,0,0,0,1,0,0,0,0,0,0,0
train,vgr_train_storage_cycle_03,1,1,1,0,0,0,0,0,0,0,1,1,1,1,0,1,0,0,1,0,0,0,1,0,0,0,0,0,0,0
train,vgr_train_storage_cycle_03,1,1,1,0,0,0,0,0,0,0,1,1,1,1,0,1,0,0,1,0,0,0,1,0,0,0,0,0,0,0
train,vgr_train_storage_cycle_03,1,1,1,0,0,0,0,0,0,0,1,1,1,1,0,1,0,0,1,0,0,0,1,0,0,0,0,0,0,0
train,vgr_train_storage_cycle_03,1,1,1,0,0,0,0,0,0,0,1,1,1,1,0,1,0,0,1,0,0,0,1,0,0,0,0,0,0,0
train,vgr_train_storage_cycle_03,1,1,1,0,0,0,0,0,0,0,1,1,1,1,0,1,0,0,1,0,0,0,1,0,0,0,0,0,0,0
train,vgr_train_storage_cycle_03,1,1,1,0,0,0,0,0,0,0,1,1,1,1,0,1,0,0,1,0,0,0,1,0,0,0,0,0,0,0
train,vgr_train_storage_cycle_03,1,1,1,0,0,0,0,0,0,0,1,1,1,1,0,1,0,0,1,0,0,0,1,0,0,0,0,0,0,0
train,vgr_train_storage_cycle_03,1,1,1,0,0,0,0,0,0,0,1,1,1,1,0,1,0,0,1,0,0,0,1,0,0,0,0,0,0,0
train,vgr_train_storage_cycle_03,1,1,1,0,0,0,0,0,0,0,1,1,1,1,0,1,0,0,0,0,0,0,1,0,0,0,0,0,0,101
train,vgr_train_storage_cycle_03,0,0,0,0,0,1,1,397,25,33,1,1,1,1,0,1,0,0,1,0,0,0,1,0,0,0,0,0,0,102
train,vgr_train_storage_cycle_03,0,0,0,0,0,1,1,1449,905,702,0,1,1,0,0,1,3252,2869,1,0,0,0,1,0,0,0,0,0,0,103
train,vgr_train_storage_cycle_03,0,0,0,0,0,1,1,2455,152,426,0,1,1,0,0,1,2885,2869,1,0,0,0,1,0,0,0,0,0,0,102
train,vgr_train_storage_cycle_03,0,0,0,0,0,1,1,1448,910,704,0,0,1,0,1,0,2799,18,1,0,0,0,1,0,0,0,0,0,0,104
train,vgr_train_storage_cycle_03,1,0,0,1,1,1,1,0,604,5348,0,1,0,0,1,0,2799,18,1,0,0,0,1,0,0,0,0,0,0,105
train,vgr_train_storage_cycle_03,0,0,0,0,0,0,0,396,604,5348,0,1,0,0,1,0,2799,18,1,0,0,0,1,0,0,0,0,0,0,0
train,vgr_train_storage_cycle_03,0,0,0,0,0,0,0,396,604,5348,0,0,1,0,1,0,2799,18,1,0,0,0,1,0,0,0,0,0,0,0
train,vgr_train_storage_cycle_03,0,0,0,0,0,0,0,396,604,5348,0,1,1,0,0,1,2878,2870,1,0,0,0,1,0,0,0,0,0,0,0
train,vgr_train_storage_cycle_03,0,0,0,0,0,0,0,396,604,5348,0,1,1,0,0,1,3250,2870,1,0,0,0,1,0,0,0,0,0,0,301
train,vgr_train_storage_cycle_03,1,1,1,0,0,0,0,0,0,0,1,1,1,1,0,1,0,0,1,0,0,0,0,1,0,0,0,0,0,0
train,vgr_train_storage_cycle_03,1,1,1,0,0,0,0,0,0,0,1,1,1,1,0,1,0,0,1,0,0,0,0,1,0,0,0,0,0,0
train,vgr_train_storage_cycle_03,1,1,1,0,0,0,0,0,0,0,1,1,1,1,0,1,0,0,1,0,0,0,0,1,0,0,0,0,0,0
train,vgr_train_storage_cycle_03,1,1,1,0,0,0,0,0,0,0,1,1,1,1,0,1,0,0,1,0,0,0,0,1,0,0,0,0,0,0
train,vgr_train_storage_cycle_03,1,1,1,0,0,0,0,0,0,0,1,1,1,1,0,1,0,0,1,0,0,0,0,1,0,0,0,0,0,0
train,vgr_train_storage_cycle_03,1,1,1,0,0,0,0,0,0,0,1,1,1,1,0,1,0,0,1,0,0,0,0,1,0,0,0,0,0,0
train,vgr_train_storage_cycle_03,1,1,1,0,0,0,0,0,0,0,1,1,1,1,0,1,0,0,1,0,0,0,0,1,0,0,0,0,0,0
train,vgr_train_storage_cycle_03,1,1,1,0,0,0,0,0,0,0,1,1,1,1,0,1,0,0,1,0,0,0,0,1,0,0,0,0,0,0
train,vgr_train_storage_cycle_03,1,1,1,0,0,0,0,0,0,0,1,1,1,1,0,1,0,0,1,0,0,0,0,1,0,0,0,0,0,0
train,vgr_train_storage_cycle_03,1,1,1,0,0,0,0,0,0,0,1,1,1,1,0,1,0,0,1,0,0,0,0,1,0,0,0,0,0,0
train,vgr_train_storage_cycle_03,1,1,1,0,0,0,0,0,0,0,1,1,1,1,0,1,0,0,1,0,0,0,0,1,0,0,0,0,0,0
train,vgr_train_storage_cycle_03,1,1,1,0,0,0,0,0,0,0,1,1,1,1,0,1,0,0,1,0,0,0,0,1,0,0,0,0,0,0
train,vgr_train_storage_cycle_03,1,1,1,0,0,0,0,0,0,0,1,1,1,1,0,1,0,0,1,0,0,0,0,1,0,0,0,0,0,0
train,vgr_train_storage_cycle_03,1,1,1,0,0,0,0,0,0,0,1,1,1,1,0,1,0,0,0,0,0,0,0,1,0,0,0,0,0,101
train,vgr_train_storage_cycle_03,0,0,0,0,0,1,1,394,25,29,1,1,1,1,0,1,0,0,1,0,0,0,0,1,0,0,0,0,0,102
train,vgr_train_storage_cycle_03,0,0,0,0,0,1,1,1449,905,703,0,1,1,0,0,1,399,5199,1,0,0,0,0,1,0,0,0,0,0,103
train,vgr_train_storage_cycle_03,0,0,0,0,0,1,1,2454,157,424,0,1,1,0,0,1,32,5199,1,0,0,0,0,1,0,0,0,0,0,102
train,vgr_train_storage_cycle_03,0,0,0,0,0,1,1,1446,907,699,0,0,1,0,1,0,2803,17,1,0,0,0,0,1,0,0,0,0,0,104
train,vgr_train_storage_cycle_03,1,0,0,0,0,1,1,0,605,5349,0,1,0,0,1,0,2803,17,1,0,0,0,0,1,0,0,0,0,0,105
train,vgr_train_storage_cycle_03,0,0,0,0,0,0,0,400,605,5349,0,1,0,0,1,0,2803,17,1,0,0,0,0,1,0,0,0,0,0,0
train,vgr_train_storage_cycle_03,0,0,0,0,0,0,0,400,605,5349,0,0,1,0,1,0,2803,17,1,0,0,0,0,1,0,0,0,0,0,0
train,vgr_train_storage_cycle_03,0,0,0,0,0,0,0,400,605,5349,0,1,1,0,0,1,35,5199,1,0,0,0,0,1,0,0,0,0,0,0
train,vgr_train_storage_cycle_03,0,0,0,0,0,0,0,400,605,5349,0,1,1,0,0,1,401,5199,1,0,0,0,0,1,0,0,0,0,0,301
train,vgr_train_storage_cycle_03,1,1,1,0,0,0,0,0,0,0,1,1,1,1,0,1,0,0,1,0,0,0,0,0,1,0,0,0,0,0
train,vgr_train_storage_cycle_03,1,1,1,0,0,0,0,0,0,0,1,1,1,1,0,1,0,0,1,0,0,0,0,0,1,0,0,0,0,0
train,vgr_train_storage_cycle_03,1,1,1,0,0,0,0,0,0,0,1,1,1,1,0,1,0,0,1,0,0,0,0,0,1,0,0,0,0,0
train,vgr_train_storage_cycle_03,1,1,1,0,0,0,0,0,0,0,1,1,1,1,0,1,0,0,1,0,0,0,0,0,1,0,0,0,0,0
train,vgr_train_storage_cycle_03,1,1,1,0,0,0,0,0,0,0,1,1,1,1,0,1,0,0,1,0,0,0,0,0,1,0,0,0,0,0
train,vgr_train_storage_cycle_03,1,1,1,0,0,0,0,0,0,0,1,1,1,1,0,1,0,0,1,0,0,0,0,0,1,0,0,0,0,0
train,vgr_train_storage_cycle_03,1,1,1,0,0,0,0,0,0,0,1,1,1,1,0,1,0,0,1,0,0,0,0,0,1,0,0,0,0,0
train,vgr_train_storage_cycle_03,1,1,1,0,0,0,0,0,0,0,1,1,1,1,0,1,0,0,1,0,0,0,0,0,1,0,0,0,0,0
train,vgr_train_storage_cycle_03,1,1,1,0,0,0,0,0,0,0,1,1,1,1,0,1,0,0,1,0,0,0,0,0,1,0,0,0,0,0
train,vgr_train_storage_cycle_03,1,1,1,0,0,0,0,0,0,0,1,1,1,1,0,1,0,0,1,0,0,0,0,0,1,0,0,0,0,0
train,vgr_train_storage_cycle_03,1,1,1,0,0,0,0,0,0,0,1,1,1,1,0,1,0,0,1,0,0,0,0,0,1,0,0,0,0,0
train,vgr_train_storage_cycle_03,1,1,1,0,0,0,0,0,0,0,1,1,1,1,0,1,0,0,1,0,0,0,0,0,1,0,0,0,0,0
train,vgr_train_storage_cycle_03,1,1,1,0,0,0,0,0,0,0,1,1,1,1,0,1,0,0,1,0,0,0,0,0,1,0,0,0,0,0
train,vgr_train_storage_cycle_03,1,1,1,0,0,0,0,0,0,0,1,1,1,1,0,1,0,0,0,0,0,0,0,0,1,0,0,0,0,101
train,vgr_train_storage_cycle_03,0,0,0,0,0,1,1,395,25,32,1,1,1,1,0,1,0,0,1,0,0,0,0,0,1,0,0,0,0,102
train,vgr_train_storage_cycle_03,0,0,0,0,0,1,1,1448,905,704,0,1,1,0,0,1,1754,5201,1,0,0,0,0,0,1,0,0,0,0,103
train,vgr_train_storage_cycle_03,0,0,0,0,0,1,1,2462,157,426,0,1,1,0,0,1,1386,5201,1,0,0,0,0,0,1,0,0,0,0,102
train,vgr_train_storage_cycle_03,0,0,0,0,0,1,1,1448,903,706,0,0,1,0,1,0,2800,17,1,0,0,0,0,0,1,0,0,0,0,104
train,vgr_train_storage_cycle_03,1,0,0,0,0,1,1,0,607,5351,0,1,0,0,1,0,2800,17,1,0,0,0,0,0,1,0,0,0,0,105
train,vgr_train_storage_cycle_03,0,0,0,0,0,0,0,399,607,5351,0,1,0,0,1,0,2800,17,1,0,0,0,0,0,1,0,0,0,0,0
train,vgr_train_storage_cycle_03,0,0,0,0,0,0,0,399,607,5351,0,0,1,0,1,0,2800,17,1,0,0,0,0,0,1,0,0,0,0,0
train,vgr_train_storage_cycle_03,0,0,0,0,0,0,0,399,607,5351,0,1,1,0,0,1,1383,5198,1,0,0,0,0,0,1,0,0,0,0,0
train,vgr_train_storage_cycle_03,0,0,0,0,0,0,0,399,607,5351,0,1,1,0,0,1,1752,5198,1,0,0,0,0,0,1,0,0,0,0,301
train,vgr_train_storage_cycle_03,1,1,1,0,0,0,0,0,0,0,1,1,1,1,0,1,0,0,1,0,0,0,0,0,0,1,0,0,0,0
train,vgr_train_storage_cycle_03,1,1,1,0,0,0,0,0,0,0,1,1,1,1,0,1,0,0,1,0,0,0,0,0,0,1,0,0,0,0
train,vgr_train_storage_cycle_03,1,1,1,0,0,0,0,0,0,0,1,1,1,1,0,1,0,0,1,0,0,0,0,0,0,1,0,0,0,0
train,vgr_train_storage_cycle_03,1,1,1,0,0,0,0,0,0,0,1,1,1,1,0,1,0,0,1,0,0,0,0,0,0,1,0,0,0,0
train,vgr_train_storage_cycle_03,1,1,1,0,0,0,0,0,0,0,1,1,1,1,0,1,0,0,1,0,0,0,0,0,0,1,0,0,0,0
train,vgr_train_storage_cycle_03,1,1,1,0,0,0,0,0,0,0,1,1,1,1,0,1,0,0,1,0,0,0,0,0,0,1,0,0,0,0
train,vgr_train_storage_cycle_03,1,1,1,0,0,0,0,0,0,0,1,1,1,1,0,1,0,0,1,0,0,0,0,0,0,1,0,0,0,0
train,vgr_train_storage_cycle_03,1,1,1,0,0,0,0,0,0,0,1,1,1,1,0,1,0,0,1,0,0,0,0,0,0,1,0,0,0,0
train,vgr_train_storage_cycle_03,1,1,1,0,0,0,0,0,0,0,1,1,1,1,0,1,0,0,1,0,0,0,0,0,0,1,0,0,0,0
train,vgr_train_storage_cycle_03,1,1,1,0,0,0,0,0,0,0,1,1,1,1,0,1,0,0,1,0,0,0,0,0,0,1,0,0,0,0
train,vgr_train_storage_cycle_03,1,1,1,0,0,0,0,0,0,0,1,1,1,1,0,1,0,0,0,0,0,0,0,0,0,1,0,0,0,101
train,vgr_train_storage_cycle_03,0,0,0,0,0,1,1,396,26,33,1,1,1,1,0,1,0,0,1,0,0,0,0,0,0,1,0,0,0,102
train,vgr_train_storage_cycle_03,0,0,0,0,0,1,1,1451,908,704,0,1,1,0,0,1,3253,5199,1,0,0,0,0,0,0,1,0,0,0,103
train,vgr_train_storage_cycle_03,0,0,0,0,0,1,1,2458,156,423,0,1,1,0,0,1,2883,5199,1,0,0,0,0,0,0,1,0,0,0,102
train,vgr_train_storage_cycle_03,0,0,0,0,0,1,1,1448,908,703,0,0,1,0,1,0,2802,17,1,0,0,0,0,0,0,1,0,0,0,104
train,vgr_train_storage_cycle_03,1,0,0,0,0,1,1,0,604,5352,0,1,0,0,1,0,2802,17,1,0,0,0,0,0,0,1,0,0,0,105
train,vgr_train_storage_cycle_03,0,0,0,0,0,0,0,400,604,5352,0,1,0,0,1,0,2802,17,1,0,0,0,0,0,0,1,0,0,0,0
train,vgr_train_storage_cycle_03,0,0,0,0,0,0,0,400,604,5352,0,0,1,0,1,0,2802,17,1,0,0,0,0,0,0,1,0,0,0,0
train,vgr_train_storage_cycle_03,0,0,0,0,0,0,0,400,604,5352,0,1,1,0,0,1,2881,5198,1,0,0,0,0,0,0,1,0,0,0,0
train,vgr_train_storage_cycle_03,0,0,0,0,0,0,0,400,604,5352,0,1,1,0,0,1,3250,5198,1,0,0,0,0,0,0,1,0,0,0,301
train,vgr_train_storage_cycle_03,1,1,1,0,0,0,0,0,0,0,1,1,1,1,0,1,0,0,1,0,0,0,0,0,0,0,1,0,0,0
train,vgr_train_storage_cycle_03,1,1,1,0,0,0,0,0,0,0,1,1,1,1,0,1,0,0,1,0,0,0,0,0,0,0,1,0,0,0
train,vgr_train_storage_cycle_03,1,1,1,0,0,0,0,0,0,0,1,1,1,1,0,1,0,0,1,0,0,0,0,0,0,0,1,0,0,0
train,vgr_train_storage_cycle_03,1,1,1,0,0,0,0,0,0,0,1,1,1,1,0,1,0,0,1,0,0,0,0,0,0,0,1,0,0,0
train,vgr_train_storage_cycle_03,1,1,1,0,0,0,0,0,0,0,1,1,1,1,0,1,0,0,1,0,0,0,0,0,0,0,1,0,0,0
train,vgr_train_storage_cycle_03,1,1,1,0,0,0,0,0,0,0,1,1,1,1,0,1,0,0,1,0,0,0,0,0,0,0,1,0,0,0
train,vgr_train_storage_cycle_03,1,1,1,0,0,0,0,0,0,0,1,1,1,1,0,1,0,0,1,0,0,0,0,0,0,0,1,0,0,0
train,vgr_train_storage_cycle_03,1,1,1,0,0,0,0,0,0,0,1,1,1,1,0,1,0,0,1,0,0,0,0,0,0,0,1,0,0,0
train,vgr_train_storage_cycle_03,1,1,1,0,0,0,0,0,0,0,1,1,1,1,0,1,0,0,1,0,0,0,0,0,0,0,1,0,0,0
train,vgr_train_storage_cycle_03,1,1,1,0,0,0,0,0,0,0,1,1,1,1,0,1,0,0,1,0,0,0,0,0,0,0,1,0,0,0
train,vgr_train_storage_cycle_03,1,1,1,0,0,0,0,0,0,0,1,1,1,1,0,1,0,0,1,0,0,0,0,0,0,0,1,0,0,0
train,vgr_train_storage_cycle_03,1,1,1,0,0,0,0,0,0,0,1,1,1,1,0,1,0,0,1,0,0,0,0,0,0,0,1,0,0,0
train,vgr_train_storage_cycle_03,1,1,1,0,0,0,0,0,0,0,1,1,1,1,0,1,0,0,1,0,0,0,0,0,0,0,1,0,0,0
train,vgr_train_storage_cycle_03,1,1,1,0,0,0,0,0,0,0,1,1,1,1,0,1,0,0,1,0,0,0,0,0,0,0,1,0,0,0
train,vgr_train_storage_cycle_03,1,1,1,0,0,0,0,0,0,0,1,1,1,1,0,1,0,0,1,0,0,0,0,0,0,0,1,0,0,0
train,vgr_train_storage_cycle_03,1,1,1,0,0,0,0,0,0,0,1,1,1,1,0,1,0,0,1,0,0,0,0,0,0,0,1,0,0,0
train,vgr_train_storage_cycle_03,1,1,1,0,0,0,0,0,0,0,1,1,1,1,0,1,0,0,1,0,0,0,0,0,0,0,1,0,0,0
train,vgr_train_storage_cycle_03,1,1,1,0,0,0,0,0,0,0,1,1,1,1,0,1,0,0,1,0,0,0,0,0,0,0,1,0,0,0
train,vgr_train_storage_cycle_03,1,1,1,0,0,0,0,0,0,0,1,1,1,1,0,1,0,0,0,0,0,0,0,0,0,0,1,0,0,101
train,vgr_train_storage_cycle_03,0,0,0,0,0,1,1,398,26,33,1,1,1,1,0,1,0,0,1,0,0,0,0,0,0,0,1,0,0,102
train,vgr_train_storage_cycle_03,0,0,0,0,0,1,1,1453,906,705,0,1,1,0,0,1,399,7560,1,0,0,0,0,0,0,0,1,0,0,103
train,vgr_train_storage_cycle_03,0,0,0,0,0,1,1,2460,157,426,0,1,1,0,0,1,36,7560,1,0,0,0,0,0,0,0,1,0,0,102
train,vgr_train_storage_cycle_03,0,0,0,0,0,1,1,1450,909,700,0,0,1,0,1,0,2802,17,1,0,0,0,0,0,0,0,1,0,0,104
train,vgr_train_storage_cycle_03,1,0,0,0,0,1,1,0,603,5350,0,1,0,0,1,0,2802,17,1,0,0,0,0,0,0,0,1,0,0,105
train,vgr_train_storage_cycle_03,0,0,0,0,0,0,0,400,603,5350,0,1,0,0,1,0,2802,17,1,0,0,0,0,0,0,0,1,0,0,0
train,vgr_train_storage_cycle_03,0,0,0,0,0,0,0,400,603,5350,0,0,1,0,1,0,2802,17,1,0,0,0,0,0,0,0,1,0,0,0
train,vgr_train_storage_cycle_03,0,0,0,0,0,0,0,400,603,5350,0,1,1,0,0,1,34,7559,1,0,0,0,0,0,0,0,1,0,0,0
train,vgr_train_storage_cycle_03,0,0,0,0,0,0,0,400,603,5350,0,1,1,0,0,1,403,7559,1,0,0,0,0,0,0,0,1,0,0,301
train,vgr_train_storage_cycle_03,1,1,1,0,0,0,0,0,0,0,1,1,1,1,0,1,0,0,1,0,0,0,0,0,0,0,0,1,0,0
train,vgr_train_storage_cycle_03,1,1,1,0,0,0,0,0,0,0,1,1,1,1,0,1,0,0,1,0,0,0,0,0,0,0,0,1,0,0
train,vgr_train_storage_cycle_03,1,1,1,0,0,0,0,0,0,0,1,1,1,1,0,1,0,0,1,0,0,0,0,0,0,0,0,1,0,0
train,vgr_train_storage_cycle_03,1,1,1,0,0,0,0,0,0,0,1,1,1,1,0,1,0,0,1,0,0,0,0,0,0,0,0,1,0,0
train,vgr_train_storage_cycle_03,1,1,1,0,0,0,0,0,0,0,1,1,1,1,0,1,0,0,1,0,0,0,0,0,0,0,0,1,0,0
train,vgr_train_storage_cycle_03,1,1,1,0,0,0,0,0,0,0,1,1,1,1,0,1,0,0,1,0,0,0,0,0,0,0,0,1,0,0
train,vgr_train_storage_cycle_03,1,1,1,0,0,0,0,0,0,0,1,1,1,1,0,1,0,0,1,0,0,0,0,0,0,0,0,1,0,0
train,vgr_train_storage_cycle_03,1,1,1,0,0,0,0,0,0,0,1,1,1,1,0,1,0,0,1,0,0,0,0,0,0,0,0,1,0,0
train,vgr_train_storage_cycle_03,1,1,1,0,0,0,0,0,0,0,1,1,1,1,0,1,0,0,1,0,0,0,0,0,0,0,0,1,0,0
train,vgr_train_storage_cycle_03,1,1,1,0,0,0,0,0,0,0,1,1,1,1,0,1,0,0,1,0,0,0,0,0,0,0,0,1,0,0
train,vgr_train_storage_cycle_03,1,1,1,0,0,0,0,0,0,0,1,1,1,1,0,1,0,0,1,0,0,0,0,0,0,0,0,1,0,0
train,vgr_train_storage_cycle_03,1,1,1,0,0,0,0,0,0,0,1,1,1,1,0,1,0,0,1,0,0,0,0,0,0,0,0,1,0,0
train,vgr_train_storage_cycle_03,1,1,1,0,0,0,0,0,0,0,1,1,1,1,0,1,0,0,1,0,0,0,0,0,0,0,0,1,0,0
train,vgr_train_storage_cycle_03,1,1,1,0,0,0,0,0,0,0,1,1,1,1,0,1,0,0,1,0,0,0,0,0,0,0,0,1,0,0
train,vgr_train_storage_cycle_03,1,1,1,0,0,0,0,0,0,0,1,1,1,1,0,1,0,0,0,0,0,0,0,0,0,0,0,1,0,101
train,vgr_train_storage_cycle_03,0,0,0,0,0,1,1,390,26,32,1,1,1,1,0,1,0,0,1,0,0,0,0,0,0,0,0,1,0,102
train,vgr_train_storage_cycle_03,0,0,0,0,0,1,1,1447,906,700,0,1,1,0,0,1,1754,7559,1,0,0,0,0,0,0,0,0,1,0,103
train,vgr_train_storage_cycle_03,0,0,0,0,0,1,1,2456,156,424,0,1,1,0,0,1,1386,7559,1,0,0,0,0,0,0,0,0,1,0,102
train,vgr_train_storage_cycle_03,0,0,0,0,0,1,1,1446,904,703,0,0,1,0,1,0,2804,17,1,0,0,0,0,0,0,0,0,1,0,104
train,vgr_train_storage_cycle_03,1,0,0,0,0,1,1,0,606,5351,0,1,0,0,1,0,2804,17,1,0,0,0,0,0,0,0,0,1,0,105
train,vgr_train_storage_cycle_03,0,0,0,0,0,0,0,401,606,5351,0,1,0,0,1,0,2804,17,1,0,0,0,0,0,0,0,0,1,0,0
train,vgr_train_storage_cycle_03,0,0,0,0,0,0,0,401,606,5351,0,0,1,0,1,0,2804,17,1,0,0,0,0,0,0,0,0,1,0,0
train,vgr_train_storage_cycle_03,0,0,0,0,0,0,0,401,606,5351,0,1,1,0,0,1,1383,7559,1,0,0,0,0,0,0,0,0,1,0,0
train,vgr_train_storage_cycle_03,0,0,0,0,0,0,0,401,606,5351,0,1,1,0,0,1,1751,7559,1,0,0,0,0,0,0,0,0,1,0,301
train,vgr_train_storage_cycle_03,1,1,1,0,0,0,0,0,0,0,1,1,1,1,0,1,0,0,1,0,0,0,0,0,0,0,0,0,1,0
train,vgr_train_storage_cycle_03,1,1,1,0,0,0,0,0,0,0,1,1,1,1,0,1,0,0,1,0,0,0,0,0,0,0,0,0,1,0
train,vgr_train_storage_cycle_03,1,1,1,0,0,0,0,0,0,0,1,1,1,1,0,1,0,0,1,0,0,0,0,0,0,0,0,0,1,0
train,vgr_train_storage_cycle_03,1,1,1,0,0,0,0,0,0,0,1,1,1,1,0,1,0,0,1,0,0,0,0,0,0,0,0,0,1,0
train,vgr_train_storage_cycle_03,1,1,1,0,0,0,0,0,0,0,1,1,1,1,0,1,0,0,1,0,0,0,0,0,0,0,0,0,1,0
train,vgr_train_storage_cycle_03,1,1,1,0,0,0,0,0,0,0,1,1,1,1,0,1,0,0,1,0,0,0,0,0,0,0,0,0,1,0
train,vgr_train_storage_cycle_03,1,1,1,0,0,0,0,0,0,0,1,1,1,1,0,1,0,0,1,0,0,0,0,0,0,0,0,0,1,0
train,vgr_train_storage_cycle_03,1,1,1,0,0,0,0,0,0,0,1,1,1,1,0,1,0,0,0,0,0,0,0,0,0,0,0,0,1,101
train,vgr_train_storage_cycle_03,0,0,0,0,0,1,1,396,26,34,1,1,1,1,0,1,0,0,1,0,0,0,0,0,0,0,0,0,1,102
train,vgr_train_storage_cycle_03,0,0,0,0,0,1,1,1452,910,704,0,1,1,0,0,1,3250,7556,1,0,0,0,0,0,0,0,0,0,1,103
train,vgr_train_storage_cycle_03,0,0,0,0,0,1,1,2460,156,424,0,1,1,0,0,1,2887,7556,1,0,0,0,0,0,0,0,0,0,1,102
train,vgr_train_storage_cycle_03,0,0,0,0,0,1,1,1449,908,702,0,0,1,0,1,0,2802,19,1,0,0,0,0,0,0,0,0,0,1,104
train,vgr_train_storage_cycle_03,1,0,0,0,1,1,1,0,483,5348,0,1,0,0,1,0,2802,19,1,0,0,0,0,0,0,0,0,0,1,105
train,vgr_train_storage_cycle_03,0,0,0,0,0,0,0,398,608,5348,0,1,0,0,1,0,2802,19,1,0,0,0,0,0,0,0,0,0,1,0
train,vgr_train_storage_cycle_03,0,0,0,0,0,0,0,398,608,5348,0,0,1,0,1,0,2802,19,1,0,0,0,0,0,0,0,0,0,1,0
train,vgr_train_storage_cycle_03,0,0,0,0,0,0,0,398,608,5348,0,1,1,0,0,1,2883,7560,1,0,0,0,0,0,0,0,0,0,1,0
train,vgr_train_storage_cycle_03,0,0,0,0,0,0,0,398,608,5348,0,1,1,0,0,1,3252,7560,1,0,0,0,0,0,0,0,0,0,1,301
train,vgr_train_storage_cycle_03,1,1,1,0,0,0,0,0,0,0,1,1,1,1,0,1,0,0,1,1,0,0,0,0,0,0,0,0,0,0
train,vgr_train_storage_cycle_03,1,1,1,0,0,0,0,0,0,0,1,1,1,1,0,1,0,0,1,1,0,0,0,0,0,0,0,0,0,0
train,vgr_train_storage_cycle_03,1,1,1,0,0,0,0,0,0,0,1,1,1,1,0,1,0,0,1,1,0,0,0,0,0,0,0,0,0,0
train,vgr_train_storage_cycle_03,1,1,1,0,0,0,0,0,0,0,1,1,1,1,0,1,0,0,1,1,0,0,0,0,0,0,0,0,0,0
train,vgr_train_storage_cycle_03,1,1,1,0,0,0,0,0,0,0,1,1,1,1,0,1,0,0,1,1,0,0,0,0,0,0,0,0,0,0
train,vgr_train_storage_cycle_03,1,1,1,0,0,0,0,0,0,0,1,1,1,1,0,1,0,0,1,1,0,0,0,0,0,0,0,0,0,0
train,vgr_train_storage_cycle_03,1,1,1,0,0,0,0,0,0,0,1,1,1,1,0,1,0,0,1,1,0,0,0,0,0,0,0,0,0,0
train,vgr_train_storage_cycle_03,1,1,1,0,0,0,0,0,0,0,1,1,1,1,0,1,0,0,0,1,0,0,0,0,0,0,0,0,0,0
train,vgr_train_storage_cycle_03,1,1,1,0,0,0,0,0,0,0,1,1,1,1,0,1,0,0,1,1,0,0,0,0,0,0,0,0,0,0
train,vgr_train_storage_cycle_03,1,1,1,0,0,0,0,0,0,0,1,1,1,1,0,1,0,0,1,1,0,0,0,0,0,0,0,0,0,0
train,vgr_train_storage_cycle_03,1,1,1,0,0,0,0,0,0,0,1,1,1,1,0,1,0,0,1,1,0,0,0,0,0,0,0,0,0,0
train,vgr_train_storage_cycle_03,1,1,1,0,0,0,0,0,0,0,1,1,1,1,0,1,0,0,1,1,0,0,0,0,0,0,0,0,0,0
train,vgr_train_storage_cycle_03,1,1,1,0,0,0,0,0,0,0,1,1,1,1,0,1,0,0,1,1,0,0,0,0,0,0,0,0,0,0
train,vgr_train_storage_cycle_03,1,1,1,0,0,0,0,0,0,0,1,1,1,1,0,1,0,0,1,1,0,0,0,0,0,0,0,0,0,0
train,vgr_train_storage_cycle_03,1,1,1,0,0,0,0,0,0,0,1,1,1,1,0,1,0,0,1,1,0,0,0,0,0,0,0,0,0,0
train,vgr_train_storage_cycle_03,1,1,1,0,0,0,0,0,0,0,1,1,1,1,0,1,0,0,1,1,0,0,0,0,0,0,0,0,0,0
train,vgr_train_storage_cycle_03,1,1,1,0,0,0,0,0,0,0,1,1,1,1,0,1,0,0,1,1,0,0,0,0,0,0,0,0,0,0
train,vgr_train_storage_cycle_03,1,1,1,0,0,0,0,0,0,0,1,1,1,1,0,1,0,0,1,1,0,0,0,0,0,0,0,0,0,0
train,vgr_train_storage_cycle_03,1,1,1,0,0,0,0,0,0,0,1,1,1,1,0,1,0,0,1,1,0,0,0,0,0,0,0,0,0,0
train,vgr_train_storage_cycle_03,1,1,1,0,0,0,0,0,0,0,1,1,1,1,0,1,0,0,1,1,0,0,0,0,0,0,0,0,0,0
train,vgr_train_storage_cycle_03,1,1,1,0,0,0,0,0,0,0,1,1,1,1,0,1,0,0,1,1,0,0,0,0,0,0,0,0,0,0
train,vgr_train_storage_cycle_03,1,1,1,0,0,0,0,0,0,0,1,1,1,1,0,1,0,0,0,1,0,0,0,0,0,0,0,0,0,0
train,vgr_train_storage_cycle_03,1,1,1,0,0,0,0,0,0,0,1,1,1,1,0,1,0,0,1,1,0,0,0,0,0,0,0,0,0,0
train,vgr_train_storage_cycle_03,1,1,1,0,0,0,0,0,0,0,1,1,1,1,0,1,0,0,1,1,0,0,0,0,0,0,0,0,0,0
train,vgr_train_storage_cycle_03,1,1,1,0,0,0,0,0,0,0,1,1,1,1,0,1,0,0,1,1,0,0,0,0,0,0,0,0,0,0
train,vgr_train_storage_cycle_03,1,1,1,0,0,0,0,0,0,0,1,1,1,1,0,1,0,0,1,1,0,0,0,0,0,0,0,0,0,0
train,vgr_train_storage_cycle_03,1,1,1,0,0,0,0,0,0,0,1,1,1,1,0,1,0,0,1,1,0,0,0,0,0,0,0,0,0,0
train,vgr_train_storage_cycle_03,1,1,1,0,0,0,0,0,0,0,1,1,1,1,0,1,0,0,1,1,0,0,0,0,0,0,0,0,0,0
train,vgr_train_storage_cycle_03,1,1,1,0,0,0,0,0,0,0,1,1,1,1,0,1,0,0,1,1,0,0,0,0,0,0,0,0,0,0
train,vgr_train_storage_cycle_03,1,1,1,0,0,0,0,0,0,0,1,1,1,1,0,1,0,0,1,1,0,0,0,0,0,0,0,0,0,0
train,vgr_train_storage_cycle_03,1,1,1,0,0,0,0,0,0,0,1,1,1,1,0,1,0,0,1,1,0,0,0,0,0,0,0,0,0,0
train,vgr_train_storage_cycle_03,1,1,1,0,0,0,0,0,0,0,1,1,1,1,0,1,0,0,1,1,0,0,0,0,0,0,0,0,0,0
train,vgr_train_storage_cycle_03,1,1,1,0,0,0,0,0,0,0,1,1,1,1,0,1,0,0,1,1,0,0,0,0,0,0,0,0,0,0
train,vgr_train_storage_cycle_03,1,1,1,0,0,0,0,0,0,0,1,1,1,1,0,1,0,0,0,1,0,0,0,0,0,0,0,0,0,0
train,vgr_train_storage_cycle_03,1,1,1,0,0,0,0,0,0,0,1,1,1,1,0,1,0,0,1,1,0,0,0,0,0,0,0,0,0,0
train,vgr_train_storage_cycle_03,1,1,1,0,0,0,0,0,0,0,1,1,1,1,0,1,0,0,0,1,0,0,0,0,0,0,0,0,0,0
train,vgr_train_storage_cycle_03,1,1,1,0,0,0,0,0,0,0,1,1,1,1,0,1,0,0,1,1,0,0,0,0,0,0,0,0,0,0
train,vgr_train_storage_cycle_03,1,1,1,0,0,0,0,0,0,0,1,1,1,1,0,1,0,0,1,1,0,0,0,0,0,0,0,0,0,0
train,vgr_train_storage_cycle_03,1,1,1,0,0,0,0,0,0,0,1,1,1,1,0,1,0,0,1,1,0,0,0,0,0,0,0,0,0,0
train,vgr_train_storage_cycle_03,1,1,1,0,0,0,0,0,0,0,1,1,1,1,0,1,0,0,1,1,0,0,0,0,0,0,0,0,0,0
train,vgr_train_storage_cycle_03,1,1,1,0,0,0,0,0,0,0,1,1,1,1,0,1,0,0,1,1,0,0,0,0,0,0,0,0,0,0
train,vgr_train_storage_cycle_03,1,1,1,0,0,0,0,0,0,0,1,1,1,1,0,1,0,0,1,1,0,0,0,0,0,0,0,0,0,0
train,vgr_train_storage_cycle_03,1,1,1,0,0,0,0,0,0,0,1,1,1,1,0,1,0,0,1,1,0,0,0,0,0,0,0,0,0,0
train,vgr_train_storage_cycle_03,1,1,1,0,0,0,0,0,0,0,1,1,1,1,0,1,0,0,1,1,0,0,0,0,0,0,0,0,0,0
train,vgr_train_storage_cycle_03,1,1,1,0,0,0,0,0,0,0,1,1,1,1,0,1,0,0,1,1,0,0,0,0,0,0,0,0,0,0
train,vgr_train_storage_cycle_03,1,1,1,0,0,0,0,0,0,0,1,1,1,1,0,1,0,0,1,1,0,0,0,0,0,0,0,0,0,0
train,vgr_train_storage_cycle_03,1,1,1,0,0,0,0,0,0,0,1,1,1,1,0,1,0,0,1,1,0,0,0,0,0,0,0,0,0,0
train,vgr_train_storage_cycle_03,1,1,1,0,0,0,0,0,0,0,1,1,1,1,0,1,0,0,1,1,0,0,0,0,0,0,0,0,0,0
train,vgr_train_storage_cycle_03,1,1,1,0,0,0,0,0,0,0,1,1,1,1,0,1,0,0,1,1,0,0,0,0,0,0,0,0,0,0
train,vgr_train_storage_cycle_03,1,1,1,0,0,0,0,0,0,0,1,1,1,1,0,1,0,0,1,1,0,0,0,0,0,0,0,0,0,0
train,vgr_train_storage_cycle_03,1,1,1,0,0,0,0,0,0,0,1,1,1,1,0,1,0,0,1,1,0,0,0,0,0,0,0,0,0,0
train,vgr_train_storage_cycle_03,1,1,1,0,0,0,0,0,0,0,1,1,1,1,0,1,0,0,1,1,0,0,0,0,0,0,0,0,0,0
train,vgr_train_storage_cycle_03,1,1,1,0,0,0,0,0,0,0,1,1,1,1,0,1,0,0,1,1,0,0,0,0,0,0,0,0,0,0
train,vgr_train_storage_cycle_03,1,1,1,0,0,0,0,0,0,0,1,1,1,1,0,1,0,0,0,1,0,0,0,0,0,0,0,0,0,0
train,vgr_train_storage_cycle_03,1,1,1,0,0,0,0,0,0,0,1,1,1,1,0,1,0,0,1,1,0,0,0,0,0,0,0,0,0,0
train,vgr_train_storage_cycle_03,1,1,1,0,0,0,0,0,0,0,1,1,1,1,0,1,0,0,1,1,0,0,0,0,0,0,0,0,0,0
train,vgr_train_storage_cycle_03,1,1,1,0,0,0,0,0,0,0,1,1,1,1,0,1,0,0,1,1,0,0,0,0,0,0,0,0,0,0
train,vgr_train_storage_cycle_03,1,1,1,0,0,0,0,0,0,0,1,1,1,1,0,1,0,0,0,1,0,0,0,0,0,0,0,0,0,0
train,vgr_train_storage_cycle_03,1,1,1,0,0,0,0,0,0,0,1,1,1,1,0,1,0,0,1,1,0,0,0,0,0,0,0,0,0,0
train,vgr_train_storage_cycle_03,1,1,1,0,0,0,0,0,0,0,1,1,1,1,0,1,0,0,1,1,0,0,0,0,0,0,0,0,0,0
train,vgr_train_storage_cycle_03,1,1,1,0,0,0,0,0,0,0,1,1,1,1,0,1,0,0,1,1,0,0,0,0,0,0,0,0,0,0
train,vgr_train_storage_cycle_03,1,1,1,0,0,0,0,0,0,0,1,1,1,1,0,1,0,0,1,1,0,0,0,0,0,0,0,0,0,0
train,vgr_train_storage_cycle_03,1,1,1,0,0,0,0,0,0,0,1,1,1,1,0,1,0,0,1,1,0,0,0,0,0,0,0,0,0,0
train,vgr_train_storage_cycle_03,1,1,1,0,0,0,0,0,0,0,1,1,1,1,0,1,0,0,1,1,0,0,0,0,0,0,0,0,0,0
train,vgr_train_storage_cycle_03,1,1,1,0,0,0,0,0,0,0,1,1,1,1,0,1,0,0,1,1,0,0,0,0,0,0,0,0,0,0
train,vgr_train_storage_cycle_03,1,1,1,0,0,0,0,0,0,0,1,1,1,1,0,1,0,0,0,1,0,0,0,0,0,0,0,0,0,0
train,vgr_train_storage_cycle_03,1,1,1,0,0,0,0,0,0,0,1,1,1,1,0,1,0,0,1,1,0,0,0,0,0,0,0,0,0,0
train,vgr_train_storage_cycle_03,1,1,1,0,0,0,0,0,0,0,1,1,1,1,0,1,0,0,1,1,0,0,0,0,0,0,0,0,0,0
train,vgr_train_storage_cycle_03,1,1,1,0,0,0,0,0,0,0,1,1,1,1,0,1,0,0,1,1,0,0,0,0,0,0,0,0,0,0
train,vgr_train_storage_cycle_03,1,1,1,0,0,0,0,0,0,0,1,1,1,1,0,1,0,0,1,1,0,0,0,0,0,0,0,0,0,0
train,vgr_train_storage_cycle_03,1,1,1,0,0,0,0,0,0,0,1,1,1,1,0,1,0,0,1,1,0,0,0,0,0,0,0,0,0,0
train,vgr_train_storage_cycle_03,1,1,1,0,0,0,0,0,0,0,1,1,1,1,0,1,0,0,1,1,0,0,0,0,0,0,0,0,0,0
train,vgr_train_storage_cycle_03,1,1,1,0,0,0,0,0,0,0,1,1,1,1,0,1,0,0,1,1,0,0,0,0,0,0,0,0,0,0
train,vgr_train_storage_cycle_03,1,1,1,0,0,0,0,0,0,0,1,1,1,1,0,1,0,0,1,1,0,0,0,0,0,0,0,0,0,0
train,vgr_train_storage_cycle_03,1,1,1,0,0,0,0,0,0,0,1,1,1,1,0,1,0,0,1,1,0,0,0,0,0,0,0,0,0,0
train,vgr_train_storage_cycle_03,1,1,1,0,0,0,0,0,0,0,1,1,1,1,0,1,0,0,1,1,0,0,0,0,0,0,0,0,0,0
train,vgr_train_storage_cycle_03,1,1,1,0,0,0,0,0,0,0,1,1,1,1,0,1,0,0,1,1,0,0,0,0,0,0,0,0,0,0
train,vgr_train_storage_cycle_03,1,1,1,0,0,0,0,0,0,0,1,1,1,1,0,1,0,0,1,1,0,0,0,0,0,0,0,0,0,0
train,vgr_train_storage_cycle_03,1,1,1,0,0,0,0,0,0,0,1,1,1,1,0,1,0,0,0,1,0,0,0,0,0,0,0,0,0,0
train,vgr_train_storage_cycle_03,1,1,1,0,0,0,0,0,0,0,1,1,1,1,0,1,0,0,1,1,0,0,0,0,0,0,0,0,0,0
train,vgr_train_storage_cycle_03,1,1,1,0,0,0,0,0,0,0,1,1,1,1,0,1,0,0,1,1,0,0,0,0,0,0,0,0,0,0
train,vgr_train_storage_cycle_03,1,1,1,0,0,0,0,0,0,0,1,1,1,1,0,1,0,0,1,1,0,0,0,0,0,0,0,0,0,0
train,vgr_train_storage_cycle_03,1,1,1,0,0,0,0,0,0,0,1,1,1,1,0,1,0,0,1,1,0,0,0,0,0,0,0,0,0,0
train,vgr_train_storage_cycle_03,1,1,1,0,0,0,0,0,0,0,1,1,1,1,0,1,0,0,1,1,0,0,0,0,0,0,0,0,0,0
train,vgr_train_storage_cycle_03,1,1,1,0,0,0,0,0,0,0,1,1,1,1,0,1,0,0,1,1,0,0,0,0,0,0,0,0,0,0
train,vgr_train_storage_cycle_03,1,1,1,0,0,0,0,0,0,0,1,1,1,1,0,1,0,0,1,1,0,0,0,0,0,0,0,0,0,0
train,vgr_train_storage_cycle_03,1,1,1,0,0,0,0,0,0,0,1,1,1,1,0,1,0,0,1,1,0,0,0,0,0,0,0,0,0,0
train,vgr_train_storage_cycle_03,1,1,1,0,0,0,0,0,0,0,1,1,1,1,0,1,0,0,1,1,0,0,0,0,0,0,0,0,0,0
train,vgr_train_storage_cycle_03,1,1,1,0,0,0,0,0,0,0,1,1,1,1,0,1,0,0,1,1,0,0,0,0,0,0,0,0,0,0
train,vgr_train_storage_cycle_03,1,1,1,0,0,0,0,0,0,0,1,1,1,1,0,1,0,0,1,1,0,0,0,0,0,0,0,0,0,0
train,vgr_train_storage_cycle_03,1,1,1,0,0,0,0,0,0,0,1,1,1,1,0,1,0,0,1,1,0,0,0,0,0,0,0,0,0,0
train,vgr_train_storage_cycle_03,1,1,1,0,0,0,0,0,0,0,1,1,1,1,0,1,0,0,1,1,0,0,0,0,0,0,0,0,0,0
train,vgr_train_storage_cycle_03,1,1,1,0,0,0,0,0,0,0,1,1,1,1,0,1,0,0,1,1,0,0,0,0,0,0,0,0,0,0
train,vgr_train_storage_cycle_03,1,1,1,0,0,0,0,0,0,0,1,1,1,1,0,1,0,0,0,1,0,0,0,0,0,0,0,0,0,0
train,vgr_train_storage_cycle_03,1,1,1,0,0,0,0,0,0,0,1,1,1,1,0,1,0,0,1,1,0,0,0,0,0,0,0,0,0,0
train,vgr_train_storage_cycle_03,1,1,1,0,0,0,0,0,0,0,1,1,1,1,0,1,0,0,1,1,0,0,0,0,0,0,0,0,0,0
train,vgr_train_storage_cycle_03,1,1,1,0,0,0,0,0,0,0,1,1,1,1,0,1,0,0,1,1,0,0,0,0,0,0,0,0,0,0
train,vgr_train_storage_cycle_03,1,1,1,0,0,0,0,0,0,0,1,1,1,1,0,1,0,0,1,1,0,0,0,0,0,0,0,0,0,0
train,vgr_train_storage_cycle_03,1,1,1,0,0,0,0,0,0,0,1,1,1,1,0,1,0,0,1,1,0,0,0,0,0,0,0,0,0,0
train,vgr_train_storage_cycle_03,1,1,1,0,0,0,0,0,0,0,1,1,1,1,0,1,0,0,1,1,0,0,0,0,0,0,0,0,0,0
train,vgr_train_storage_cycle_03,1,1,1,0,0,0,0,0,0,0,1,1,1,1,0,1,0,0,1,1,0,0,0,0,0,0,0,0,0,0
train,vgr_train_storage_cycle_03,1,1,1,0,0,0,0,0,0,0,1,1,1,1,0,1,0,0,1,1,0,0,0,0,0,0,0,0,0,0
train,vgr_train_storage_cycle_03,1,1,1,0,0,0,0,0,0,0,1,1,1,1,0,1,0,0,1,1,0,0,0,0,0,0,0,0,0,0
train,vgr_train_storage_cycle_03,1,1,1,0,0,0,0,0,0,0,1,1,1,1,0,1,0,0,1,1,0,0,0,0,0,0,0,0,0,0
train,vgr_train_storage_cycle_03,1,1,1,0,0,0,0,0,0,0,1,1,1,1,0,1,0,0,1,1,0,0,0,0,0,0,0,0,0,0
train,vgr_train_storage_cycle_03,1,1,1,0,0,0,0,0,0,0,1,1,1,1,0,1,0,0,1,1,0,0,0,0,0,0,0,0,0,0
train,vgr_train_storage_cycle_03,1,1,1,0,0,0,0,0,0,0,1,1,1,1,0,1,0,0,1,1,0,0,0,0,0,0,0,0,0,0
train,vgr_train_storage_cycle_04,1,1,1,0,0,0,0,0,0,0,1,1,1,1,0,1,0,0,1,0,1,0,0,0,0,0,0,0,0,0
train,vgr_train_storage_cycle_04,1,1,1,0,0,0,0,0,0,0,1,1,1,1,0,1,0,0,1,0,1,0,0,0,0,0,0,0,0,0
train,vgr_train_storage_cycle_04,1,1,1,0,0,0,0,0,0,0,1,1,1,1,0,1,0,0,1,0,1,0,0,0,0,0,0,0,0,0
train,vgr_train_storage_cycle_04,1,1,1,0,0,0,0,0,0,0,1,1,1,1,0,1,0,0,1,0,1,0,0,0,0,0,0,0,0,0
train,vgr_train_storage_cycle_04,1,1,1,0,0,0,0,0,0,0,1,1,1,1,0,1,0,0,1,0,1,0,0,0,0,0,0,0,0,0
train,vgr_train_storage_cycle_04,1,1,1,0,0,0,0,0,0,0,1,1,1,1,0,1,0,0,1,0,1,0,0,0,0,0,0,0,0,0
train,vgr_train_storage_cycle_04,1,1,1,0,0,0,0,0,0,0,1,1,1,1,0,1,0,0,1,0,1,0,0,0,0,0,0,0,0,0
train,vgr_train_storage_cycle_04,1,1,1,0,0,0,0,0,0,0,1,1,1,1,0,1,0,0,1,0,1,0,0,0,0,0,0,0,0,0
train,vgr_train_storage_cycle_04,1,1,1,0,0,0,0,0,0,0,1,1,1,1,0,1,0,0,1,0,1,0,0,0,0,0,0,0,0,0
train,vgr_train_storage_cycle_04,1,1,1,0,0,0,0,0,0,0,1,1,1,1,0,1,0,0,1,0,1,0,0,0,0,0,0,0,0,0
train,vgr_train_storage_cycle_04,1,1,1,0,0,0,0,0,0,0,1,1,1,1,0,1,0,0,0,0,1,0,0,0,0,0,0,0,0,101
train,vgr_train_storage_cycle_04,0,0,0,0,0,1,1,391,26,32,1,1,1,1,0,1,0,0,1,0,1,0,0,0,0,0,0,0,0,102
train,vgr_train_storage_cycle_04,0,0,0,0,0,1,1,1451,908,704,0,1,1,0,0,1,404,2869,1,0,1,0,0,0,0,0,0,0,0,103
train,vgr_train_storage_cycle_04,0,0,0,0,0,1,1,2453,160,428,0,1,1,0,0,1,37,2869,1,0,1,0,0,0,0,0,0,0,0,102
train,vgr_train_storage_cycle_04,0,0,0,0,0,1,1,1447,905,706,0,0,1,0,1,0,2799,16,1,0,1,0,0,0,0,0,0,0,0,104
train,vgr_train_storage_cycle_04,1,0,0,1,1,1,1,0,604,5348,0,1,0,0,1,0,2799,16,1,0,1,0,0,0,0,0,0,0,0,105
train,vgr_train_storage_cycle_04,0,0,0,0,0,0,0,398,604,5348,0,1,0,0,1,0,2799,16,1,0,1,0,0,0,0,0,0,0,0,0
train,vgr_train_storage_cycle_04,0,0,0,0,0,0,0,398,604,5348,0,0,1,0,1,0,2799,16,1,0,1,0,0,0,0,0,0,0,0,0
train,vgr_train_storage_cycle_04,0,0,0,0,0,0,0,398,604,5348,0,1,1,0,0,1,35,2870,1,0,1,0,0,0,0,0,0,0,0,0
train,vgr_train_storage_cycle_04,0,0,0,0,0,0,0,398,604,5348,0,1,1,0,0,1,402,2870,1,0,1,0,0,0,0,0,0,0,0,301
train,vgr_train_storage_cycle_04,1,1,1,0,0,0,0,0,0,0,1,1,1,1,0,1,0,0,1,0,0,1,0,0,0,0,0,0,0,0
train,vgr_train_storage_cycle_04,1,1,1,0,0,0,0,0,0,0,1,1,1,1,0,1,0,0,1,0,0,1,0,0,0,0,0,0,0,0
train,vgr_train_storage_cycle_04,1,1,1,0,0,0,0,0,0,0,1,1,1,1,0,1,0,0,1,0,0,1,0,0,0,0,0,0,0,0
train,vgr_train_storage_cycle_04,1,1,1,0,0,0,0,0,0,0,1,1,1,1,0,1,0,0,1,0,0,1,0,0,0,0,0,0,0,0
train,vgr_train_storage_cycle_04,1,1,1,0,0,0,0,0,0,0,1,1,1,1,0,1,0,0,1,0,0,1,0,0,0,0,0,0,0,0
train,vgr_train_storage_cycle_04,1,1,1,0,0,0,0,0,0,0,1,1,1,1,0,1,0,0,1,0,0,1,0,0,0,0,0,0,0,0
train,vgr_train_storage_cycle_04,1,1,1,0,0,0,0,0,0,0,1,1,1,1,0,1,0,0,1,0,0,1,0,0,0,0,0,0,0,0
train,vgr_train_storage_cycle_04,1,1,1,0,0,0,0,0,0,0,1,1,1,1,0,1,0,0,1,0,0,1,0,0,0,0,0,0,0,0
train,vgr_train_storage_cycle_04,1,1,1,0,0,0,0,0,0,0,1,1,1,1,0,1,0,0,1,0,0,1,0,0,0,0,0,0,0,0
train,vgr_train_storage_cycle_04,1,1,1,0,0,0,0,0,0,0,1,1,1,1,0,1,0,0,1,0,0,1,0,0,0,0,0,0,0,0
train,vgr_train_storage_cycle_04,1,1,1,0,0,0,0,0,0,0,1,1,1,1,0,1,0,0,1,0,0,1,0,0,0,0,0,0,0,0
train,vgr_train_storage_cycle_04,1,1,1,0,0,0,0,0,0,0,1,1,1,1,0,1,0,0,1,0,0,1,0,0,0,0,0,0,0,0
train,vgr_train_storage_cycle_04,1,1,1,0,0,0,0,0,0,0,1,1,1,1,0,1,0,0,1,0,0,1,0,0,0,0,0,0,0,0
train,vgr_train_storage_cycle_04,1,1,1,0,0,0,0,0,0,0,1,1,1,1,0,1,0,0,0,0,0,1,0,0,0,0,0,0,0,101
train,vgr_train_storage_cycle_04,0,0,0,0,0,1,1,394,26,33,1,1,1,1,0,1,0,0,1,0,0,1,0,0,0,0,0,0,0,102
train,vgr_train_storage_cycle_04,0,0,0,0,0,1,1,1452,904,703,0,1,1,0,0,1,1753,2869,1,0,0,1,0,0,0,0,0,0,0,103
train,vgr_train_storage_cycle_04,0,0,0,0,0,1,1,2456,156,426,0,1,1,0,0,1,1382,2869,1,0,0,1,0,0,0,0,0,0,0,102
train,vgr_train_storage_cycle_04,0,0,0,0,0,1,1,1449,908,702,0,0,1,0,1,0,2804,16,1,0,0,1,0,0,0,0,0,0,0,104
train,vgr_train_storage_cycle_04,1,0,0,1,1,1,1,0,608,5348,0,1,0,0,1,0,2804,16,1,0,0,1,0,0,0,0,0,0,0,105
train,vgr_train_storage_cycle_04,0,0,0,0,0,0,0,403,608,5348,0,1,0,0,1,0,2804,16,1,0,0,1,0,0,0,0,0,0,0,0
train,vgr_train_storage_cycle_04,0,0,0,0,0,0,0,403,608,5348,0,0,1,0,1,0,2804,16,1,0,0,1,0,0,0,0,0,0,0,0
train,vgr_train_storage_cycle_04,0,0,0,0,0,0,0,403,608,5348,0,1,1,0,0,1,1385,2870,1,0,0,1,0,0,0,0,0,0,0,0
train,vgr_train_storage_cycle_04,0,0,0,0,0,0,0,403,608,5348,0,1,1,0,0,1,1748,2870,1,0,0,1,0,0,0,0,0,0,0,301
train,vgr_train_storage_cycle_04,1,1,1,0,0,0,0,0,0,0,1,1,1,1,0,1,0,0,1,0,0,0,1,0,0,0,0,0,0,0
train,vgr_train_storage_cycle_04,1,1,1,0,0,0,0,0,0,0,1,1,1,1,0,1,0,0,1,0,0,0,1,0,0,0,0,0,0,0
train,vgr_train_storage_cycle_04,1,1,1,0,0,0,0,0,0,0,1,1,1,1,0,1,0,0,1,0,0,0,1,0,0,0,0,0,0,0
train,vgr_train_storage_cycle_04,1,1,1,0,0,0,0,0,0,0,1,1,1,1,0,1,0,0,1,0,0,0,1,0,0,0,0,0,0,0
train,vgr_train_storage_cycle_04,1,1,1,0,0,0,0,0,0,0,1,1,1,1,0,1,0,0,1,0,0,0,1,0,0,0,0,0,0,0
train,vgr_train_storage_cycle_04,1,1,1,0,0,0,0,0,0,0,1,1,1,1,0,1,0,0,1,0,0,0,1,0,0,0,0,0,0,0
train,vgr_train_storage_cycle_04,1,1,1,0,0,0,0,0,0,0,1,1,1,1,0,1,0,0,1,0,0,0,1,0,0,0,0,0,0,0
train,vgr_train_storage_cycle_04,1,1,1,0,0,0,0,0,0,0,1,1,1,1,0,1,0,0,1,0,0,0,1,0,0,0,0,0,0,0
train,vgr_train_storage_cycle_04,1,1,1,0,0,0,0,0,0,0,1,1,1,1,0,1,0,0,1,0,0,0,1,0,0,0,0,0,0,0
train,vgr_train_storage_cycle_04,1,1,1,0,0,0,0,0,0,0,1,1,1,1,0,1,0,0,0,0,0,0,1,0,0,0,0,0,0,101
train,vgr_train_storage_cycle_04,0,0,0,0,0,1,1,397,25,33,1,1,1,1,0,1,0,0,1,0,0,0,1,0,0,0,0,0,0,102
train,vgr_train_storage_cycle_04,0,0,0,0,0,1,1,1449,905,702,0,1,1,0,0,1,3252,2869,1,0,0,0,1,0,0,0,0,0,0,103
train,vgr_train_storage_cycle_04,0,0,0,0,0,1,1,2455,152,426,0,1,1,0,0,1,2885,2869,1,0,0,0,1,0,0,0,0,0,0,102
train,vgr_train_storage_cycle_04,0,0,0,0,0,1,1,1448,910,704,0,0,1,0,1,0,2799,18,1,0,0,0,1,0,0,0,0,0,0,104
train,vgr_train_storage_cycle_04,1,0,0,1,1,1,1,0,604,5348,0,1,0,0,1,0,2799,18,1,0,0,0,1,0,0,0,0,0,0,105
train,vgr_train_storage_cycle_04,0,0,0,0,0,0,0,396,604,5348,0,1,0,0,1,0,2799,18,1,0,0,0,1,0,0,0,0,0,0,0
train,vgr_train_storage_cycle_04,0,0,0,0,0,0,0,396,604,5348,0,0,1,0,1,0,2799,18,1,0,0,0,1,0,0,0,0,0,0,0
train,vgr_train_storage_cycle_04,0,0,0,0,0,0,0,396,604,5348,0,1,1,0,0,1,2878,2870,1,0,0,0,1,0,0,0,0,0,0,0
train,vgr_train_storage_cycle_04,0,0,0,0,0,0,0,396,604,5348,0,1,1,0,0,1,3250,2870,1,0,0,0,1,0,0,0,0,0,0,301
train,vgr_train_storage_cycle_04,1,1,1,0,0,0,0,0,0,0,1,1,1,1,0,1,0,0,1,0,0,0,0,1,0,0,0,0,0,0
train,vgr_train_storage_cycle_04,1,1,1,0,0,0,0,0,0,0,1,1,1,1,0,1,0,0,1,0,0,0,0,1,0,0,0,0,0,0
train,vgr_train_storage_cycle_04,1,1,1,0,0,0,0,0,0,0,1,1,1,1,0,1,0,0,1,0,0,0,0,1,0,0,0,0,0,0
train,vgr_train_storage_cycle_04,1,1,1,0,0,0,0,0,0,0,1,1,1,1,0,1,0,0,1,0,0,0,0,1,0,0,0,0,0,0
train,vgr_train_storage_cycle_04,1,1,1,0,0,0,0,0,0,0,1,1,1,1,0,1,0,0,1,0,0,0,0,1,0,0,0,0,0,0
train,vgr_train_storage_cycle_04,1,1,1,0,0,0,0,0,0,0,1,1,1,1,0,1,0,0,1,0,0,0,0,1,0,0,0,0,0,0
train,vgr_train_storage_cycle_04,1,1,1,0,0,0,0,0,0,0,1,1,1,1,0,1,0,0,1,0,0,0,0,1,0,0,0,0,0,0
train,vgr_train_storage_cycle_04,1,1,1,0,0,0,0,0,0,0,1,1,1,1,0,1,0,0,1,0,0,0,0,1,0,0,0,0,0,0
train,vgr_train_storage_cycle_04,1,1,1,0,0,0,0,0,0,0,1,1,1,1,0,1,0,0,1,0,0,0,0,1,0,0,0,0,0,0
train,vgr_train_storage_cycle_04,1,1,1,0,0,0,0,0,0,0,1,1,1,1,0,1,0,0,1,0,0,0,0,1,0,0,0,0,0,0
train,vgr_train_storage_cycle_04,1,1,1,0,0,0,0,0,0,0,1,1,1,1,0,1,0,0,1,0,0,0,0,1,0,0,0,0,0,0
train,vgr_train_storage_cycle_04,1,1,1,0,0,0,0,0,0,0,1,1,1,1,0,1,0,0,1,0,0,0,0,1,0,0,0,0,0,0
train,vgr_train_storage_cycle_04,1,1,1,0,0,0,0,0,0,0,1,1,1,1,0,1,0,0,1,0,0,0,0,1,0,0,0,0,0,0
train,vgr_train_storage_cycle_04,1,1,1,0,0,0,0,0,0,0,1,1,1,1,0,1,0,0,1,0,0,0,0,1,0,0,0,0,0,0
train,vgr_train_storage_cycle_04,1,1,1,0,0,0,0,0,0,0,1,1,1,1,0,1,0,0,1,0,0,0,0,1,0,0,0,0,0,0
train,vgr_train_storage_cycle_04,1,1,1,0,0,0,0,0,0,0,1,1,1,1,0,1,0,0,1,0,0,0,0,1,0,0,0,0,0,0
train,vgr_train_storage_cycle_04,1,1,1,0,0,0,0,0,0,0,1,1,1,1,0,1,0,0,0,0,0,0,0,1,0,0,0,0,0,101
train,vgr_train_storage_cycle_04,0,0,0,0,0,1,1,394,25,29,1,1,1,1,0,1,0,0,1,0,0,0,0,1,0,0,0,0,0,102
train,vgr_train_storage_cycle_04,0,0,0,0,0,1,1,1449,905,703,0,1,1,0,0,1,399,5199,1,0,0,0,0,1,0,0,0,0,0,103
train,vgr_train_storage_cycle_04,0,0,0,0,0,1,1,2454,157,424,0,1,1,0,0,1,32,5199,1,0,0,0,0,1,0,0,0,0,0,102
train,vgr_train_storage_cycle_04,0,0,0,0,0,1,1,1446,907,699,0,0,1,0,1,0,2803,17,1,0,0,0,0,1,0,0,0,0,0,104
train,vgr_train_storage_cycle_04,1,0,0,0,0,1,1,0,605,5349,0,1,0,0,1,0,2803,17,1,0,0,0,0,1,0,0,0,0,0,105
train,vgr_train_storage_cycle_04,0,0,0,0,0,0,0,400,605,5349,0,1,0,0,1,0,2803,17,1,0,0,0,0,1,0,0,0,0,0,0
train,vgr_train_storage_cycle_04,0,0,0,0,0,0,0,400,605,5349,0,0,1,0,1,0,2803,17,1,0,0,0,0,1,0,0,0,0,0,0
train,vgr_train_storage_cycle_04,0,0,0,0,0,0,0,400,605,5349,0,1,1,0,0,1,35,5199,1,0,0,0,0,1,0,0,0,0,0,0
train,vgr_train_storage_cycle_04,0,0,0,0,0,0,0,400,605,5349,0,1,1,0,0,1,401,5199,1,0,0,0,0,1,0,0,0,0,0,301
train,vgr_train_storage_cycle_04,1,1,1,0,0,0,0,0,0,0,1,1,1,1,0,1,0,0,1,0,0,0,0,0,1,0,0,0,0,0
train,vgr_train_storage_cycle_04,1,1,1,0,0,0,0,0,0,0,1,1,1,1,0,1,0,0,1,0,0,0,0,0,1,0,0,0,0,0
train,vgr_train_storage_cycle_04,1,1,1,0,0,0,0,0,0,0,1,1,1,1,0,1,0,0,1,0,0,0,0,0,1,0,0,0,0,0
train,vgr_train_storage_cycle_04,1,1,1,0,0,0,0,0,0,0,1,1,1,1,0,1,0,0,1,0,0,0,0,0,1,0,0,0,0,0
train,vgr_train_storage_cycle_04,1,1,1,0,0,0,0,0,0,0,1,1,1,1,0,1,0,0,0,0,0,0,0,0,1,0,0,0,0,101
train,vgr_train_storage_cycle_04,0,0,0,0,0,1,1,395,25,32,1,1,1,1,0,1,0,0,1,0,0,0,0,0,1,0,0,0,0,102
train,vgr_train_storage_cycle_04,0,0,0,0,0,1,1,1448,905,704,0,1,1,0,0,1,1754,5201,1,0,0,0,0,0,1,0,0,0,0,103
train,vgr_train_storage_cycle_04,0,0,0,0,0,1,1,2462,157,426,0,1,1,0,0,1,1386,5201,1,0,0,0,0,0,1,0,0,0,0,102
train,vgr_train_storage_cycle_04,0,0,0,0,0,1,1,1448,903,706,0,0,1,0,1,0,2800,17,1,0,0,0,0,0,1,0,0,0,0,104
train,vgr_train_storage_cycle_04,1,0,0,0,0,1,1,0,607,5351,0,1,0,0,1,0,2800,17,1,0,0,0,0,0,1,0,0,0,0,105
train,vgr_train_storage_cycle_04,0,0,0,0,0,0,0,399,607,5351,0,1,0,0,1,0,2800,17,1,0,0,0,0,0,1,0,0,0,0,0
train,vgr_train_storage_cycle_04,0,0,0,0,0,0,0,399,607,5351,0,0,1,0,1,0,2800,17,1,0,0,0,0,0,1,0,0,0,0,0
train,vgr_train_storage_cycle_04,0,0,0,0,0,0,0,399,607,5351,0,1,1,0,0,1,1383,5198,1,0,0,0,0,0,1,0,0,0,0,0
train,vgr_train_storage_cycle_04,0,0,0,0,0,0,0,399,607,5351,0,1,1,0,0,1,1752,5198,1,0,0,0,0,0,1,0,0,0,0,301
train,vgr_train_storage_cycle_04,1,1,1,0,0,0,0,0,0,0,1,1,1,1,0,1,0,0,1,0,0,0,0,0,0,1,0,0,0,0
train,vgr_train_storage_cycle_04,1,1,1,0,0,0,0,0,0,0,1,1,1,1,0,1,0,0,1,0,0,0,0,0,0,1,0,0,0,0
train,vgr_train_storage_cycle_04,1,1,1,0,0,0,0,0,0,0,1,1,1,1,0,1,0,0,1,0,0,0,0,0,0,1,0,0,0,0
train,vgr_train_storage_cycle_04,1,1,1,0,0,0,0,0,0,0,1,1,1,1,0,1,0,0,1,0,0,0,0,0,0,1,0,0,0,0
train,vgr_train_storage_cycle_04,1,1,1,0,0,0,0,0,0,0,1,1,1,1,0,1,0,0,1,0,0,0,0,0,0,1,0,0,0,0
train,vgr_train_storage_cycle_04,1,1,1,0,0,0,0,0,0,0,1,1,1,1,0,1,0,0,1,0,0,0,0,0,0,1,0,0,0,0
train,vgr_train_storage_cycle_04,1,1,1,0,0,0,0,0,0,0,1,1,1,1,0,1,0,0,0,0,0,0,0,0,0,1,0,0,0,101
train,vgr_train_storage_cycle_04,0,0,0,0,0,1,1,396,26,33,1,1,1,1,0,1,0,0,1,0,0,0,0,0,0,1,0,0,0,102
train,vgr_train_storage_cycle_04,0,0,0,0,0,1,1,1451,908,704,0,1,1,0,0,1,3253,5199,1,0,0,0,0,0,0,1,0,0,0,103
train,vgr_train_storage_cycle_04,0,0,0,0,0,1,1,2458,156,423,0,1,1,0,0,1,2883,5199,1,0,0,0,0,0,0,1,0,0,0,102
train,vgr_train_storage_cycle_04,0,0,0,0,0,1,1,1448,908,703,0,0,1,0,1,0,2802,17,1,0,0,0,0,0,0,1,0,0,0,104
train,vgr_train_storage_cycle_04,1,0,0,0,0,1,1,0,604,5352,0,1,0,0,1,0,2802,17,1,0,0,0,0,0,0,1,0,0,0,105
train,vgr_train_storage_cycle_04,0,0,0,0,0,0,0,400,604,5352,0,1,0,0,1,0,2802,17,1,0,0,0,0,0,0,1,0,0,0,0
train,vgr_train_storage_cycle_04,0,0,0,0,0,0,0,400,604,5352,0,0,1,0,1,0,2802,17,1,0,0,0,0,0,0,1,0,0,0,0
train,vgr_train_storage_cycle_04,0,0,0,0,0,0,0,400,604,5352,0,1,1,0,0,1,2881,5198,1,0,0,0,0,0,0,1,0,0,0,0
train,vgr_train_storage_cycle_04,0,0,0,0,0,0,0,400,604,5352,0,1,1,0,0,1,3250,5198,1,0,0,0,0,0,0,1,0,0,0,301
train,vgr_train_storage_cycle_04,1,1,1,0,0,0,0,0,0,0,1,1,1,1,0,1,0,0,1,0,0,0,0,0,0,0,1,0,0,0
train,vgr_train_storage_cycle_04,1,1,1,0,0,0,0,0,0,0,1,1,1,1,0,1,0,0,1,0,0,0,0,0,0,0,1,0,0,0
train,vgr_train_storage_cycle_04,1,1,1,0,0,0,0,0,0,0,1,1,1,1,0,1,0,0,1,0,0,0,0,0,0,0,1,0,0,0
train,vgr_train_storage_cycle_04,1,1,1,0,0,0,0,0,0,0,1,1,1,1,0,1,0,0,1,0,0,0,0,0,0,0,1,0,0,0
train,vgr_train_storage_cycle_04,1,1,1,0,0,0,0,0,0,0,1,1,1,1,0,1,0,0,1,0,0,0,0,0,0,0,1,0,0,0
train,vgr_train_storage_cycle_04,1,1,1,0,0,0,0,0,0,0,1,1,1,1,0,1,0,0,1,0,0,0,0,0,0,0,1,0,0,0
train,vgr_train_storage_cycle_04,1,1,1,0,0,0,0,0,0,0,1,1,1,1,0,1,0,0,1,0,0,0,0,0,0,0,1,0,0,0
train,vgr_train_storage_cycle_04,1,1,1,0,0,0,0,0,0,0,1,1,1,1,0,1,0,0,1,0,0,0,0,0,0,0,1,0,0,0
train,vgr_train_storage_cycle_04,1,1,1,0,0,0,0,0,0,0,1,1,1,1,0,1,0,0,1,0,0,0,0,0,0,0,1,0,0,0
train,vgr_train_storage_cycle_04,1,1,1,0,0,0,0,0,0,0,1,1,1,1,0,1,0,0,1,0,0,0,0,0,0,0,1,0,0,0
train,vgr_train_storage_cycle_04,1,1,1,0,0,0,0,0,0,0,1,1,1,1,0,1,0,0,1,0,0,0,0,0,0,0,1,0,0,0
train,vgr_train_storage_cycle_04,1,1,1,0,0,0,0,0,0,0,1,1,1,1,0,1,0,0,1,0,0,0,0,0,0,0,1,0,0,0
train,vgr_train_storage_cycle_04,1,1,1,0,0,0,0,0,0,0,1,1,1,1,0,1,0,0,1,0,0,0,0,0,0,0,1,0,0,0
train,vgr_train_storage_cycle_04,1,1,1,0,0,0,0,0,0,0,1,1,1,1,0,1,0,0,1,0,0,0,0,0,0,0,1,0,0,0
train,vgr_train_storage_cycle_04,1,1,1,0,0,0,0,0,0,0,1,1,1,1,0,1,0,0,1,0,0,0,0,0,0,0,1,0,0,0
train,vgr_train_storage_cycle_04,1,1,1,0,0,0,0,0,0,0,1,1,1,1,0,1,0,0,0,0,0,0,0,0,0,0,1,0,0,101
train,vgr_train_storage_cycle_04,0,0,0,0,0,1,1,398,26,33,1,1,1,1,0,1,0,0,1,0,0,0,0,0,0,0,1,0,0,102
train,vgr_train_storage_cycle_04,0,0,0,0,0,1,1,1453,906,705,0,1,1,0,0,1,399,7560,1,0,0,0,0,0,0,0,1,0,0,103
train,vgr_train_storage_cycle_04,0,0,0,0,0,1,1,2460,157,426,0,1,1,0,0,1,36,7560,1,0,0,0,0,0,0,0,1,0,0,102
train,vgr_train_storage_cycle_04,0,0,0,0,0,1,1,1450,909,700,0,0,1,0,1,0,2802,17,1,0,0,0,0,0,0,0,1,0,0,104
train,vgr_train_storage_cycle_04,1,0,0,0,0,1,1,0,603,5350,0,1,0,0,1,0,2802,17,1,0,0,0,0,0,0,0,1,0,0,105
train,vgr_train_storage_cycle_04,0,0,0,0,0,0,0,400,603,5350,0,1,0,0,1,0,2802,17,1,0,0,0,0,0,0,0,1,0,0,0
train,vgr_train_storage_cycle_04,0,0,0,0,0,0,0,400,603,5350,0,0,1,0,1,0,2802,17,1,0,0,0,0,0,0,0,1,0,0,0
train,vgr_train_storage_cycle_04,0,0,0,0,0,0,0,400,603,5350,0,1,1,0,0,1,34,7559,1,0,0,0,0,0,0,0,1,0,0,0
train,vgr_train_storage_cycle_04,0,0,0,0,0,0,0,400,603,5350,0,1,1,0,0,1,403,7559,1,0,0,0,0,0,0,0,1,0,0,301
train,vgr_train_storage_cycle_04,1,1,1,0,0,0,0,0,0,0,1,1,1,1,0,1,0,0,1,0,0,0,0,0,0,0,0,1,0,0
train,vgr_train_storage_cycle_04,1,1,1,0,0,0,0,0,0,0,1,1,1,1,0,1,0,0,1,0,0,0,0,0,0,0,0,1,0,0
train,vgr_train_storage_cycle_04,1,1,1,0,0,0,0,0,0,0,1,1,1,1,0,1,0,0,1,0,0,0,0,0,0,0,0,1,0,0
train,vgr_train_storage_cycle_04,1,1,1,0,0,0,0,0,0,0,1,1,1,1,0,1,0,0,1,0,0,0,0,0,0,0,0,1,0,0
train,vgr_train_storage_cycle_04,1,1,1,0,0,0,0,0,0,0,1,1,1,1,0,1,0,0,1,0,0,0,0,0,0,0,0,1,0,0
train,vgr_train_storage_cycle_04,1,1,1,0,0,0,0,0,0,0,1,1,1,1,0,1,0,0,1,0,0,0,0,0,0,0,0,1,0,0
train,vgr_train_storage_cycle_04,1,1,1,0,0,0,0,0,0,0,1,1,1,1,0,1,0,0,1,0,0,0,0,0,0,0,0,1,0,0
train,vgr_train_storage_cycle_04,1,1,1,0,0,0,0,0,0,0,1,1,1,1,0,1,0,0,1,0,0,0,0,0,0,0,0,1,0,0
train,vgr_train_storage_cycle_04,1,1,1,0,0,0,0,0,0,0,1,1,1,1,0,1,0,0,1,0,0,0,0,0,0,0,0,1,0,0
train,vgr_train_storage_cycle_04,1,1,1,0,0,0,0,0,0,0,1,1,1,1,0,1,0,0,1,0,0,0,0,0,0,0,0,1,0,0
train,vgr_train_storage_cycle_04,1,1,1,0,0,0,0,0,0,0,1,1,1,1,0,1,0,0,1,0,0,0,0,0,0,0,0,1,0,0
train,vgr_train_storage_cycle_04,1,1,1,0,0,0,0,0,0,0,1,1,1,1,0,1,0,0,1,0,0,0,0,0,0,0,0,1,0,0
train,vgr_train_storage_cycle_04,1,1,1,0,0,0,0,0,0,0,1,1,1,1,0,1,0,0,1,0,0,0,0,0,0,0,0,1,0,0
train,vgr_train_storage_cycle_04,1,1,1,0,0,0,0,0,0,0,1,1,1,1,0,1,0,0,1,0,0,0,0,0,0,0,0,1,0,0
train,vgr_train_storage_cycle_04,1,1,1,0,0,0,0,0,0,0,1,1,1,1,0,1,0,0,1,0,0,0,0,0,0,0,0,1,0,0
train,vgr_train_storage_cycle_04,1,1,1,0,0,0,0,0,0,0,1,1,1,1,0,1,0,0,1,0,0,0,0,0,0,0,0,1,0,0
train,vgr_train_storage_cycle_04,1,1,1,0,0,0,0,0,0,0,1,1,1,1,0,1,0,0,1,0,0,0,0,0,0,0,0,1,0,0
train,vgr_train_storage_cycle_04,1,1,1,0,0,0,0,0,0,0,1,1,1,1,0,1,0,0,0,0,0,0,0,0,0,0,0,1,0,101
train,vgr_train_storage_cycle_04,0,0,0,0,0,1,1,390,26,32,1,1,1,1,0,1,0,0,1,0,0,0,0,0,0,0,0,1,0,102
train,vgr_train_storage_cycle_04,0,0,0,0,0,1,1,1447,906,700,0,1,1,0,0,1,1754,7559,1,0,0,0,0,0,0,0,0,1,0,103
train,vgr_train_storage_cycle_04,0,0,0,0,0,1,1,2456,156,424,0,1,1,0,0,1,1386,7559,1,0,0,0,0,0,0,0,0,1,0,102
train,vgr_train_storage_cycle_04,0,0,0,0,0,1,1,1446,904,703,0,0,1,0,1,0,2804,17,1,0,0,0,0,0,0,0,0,1,0,104
train,vgr_train_storage_cycle_04,1,0,0,0,0,1,1,0,606,5351,0,1,0,0,1,0,2804,17,1,0,0,0,0,0,0,0,0,1,0,105
train,vgr_train_storage_cycle_04,0,0,0,0,0,0,0,401,606,5351,0,1,0,0,1,0,2804,17,1,0,0,0,0,0,0,0,0,1,0,0
train,vgr_train_storage_cycle_04,0,0,0,0,0,0,0,401,606,5351,0,0,1,0,1,0,2804,17,1,0,0,0,0,0,0,0,0,1,0,0
train,vgr_train_storage_cycle_04,0,0,0,0,0,0,0,401,606,5351,0,1,1,0,0,1,1383,7559,1,0,0,0,0,0,0,0,0,1,0,0
train,vgr_train_storage_cycle_04,0,0,0,0,0,0,0,401,606,5351,0,1,1,0,0,1,1751,7559,1,0,0,0,0,0,0,0,0,1,0,301
train,vgr_train_storage_cycle_04,1,1,1,0,0,0,0,0,0,0,1,1,1,1,0,1,0,0,1,0,0,0,0,0,0,0,0,0,1,0
train,vgr_train_storage_cycle_04,1,1,1,0,0,0,0,0,0,0,1,1,1,1,0,1,0,0,1,0,0,0,0,0,0,0,0,0,1,0
train,vgr_train_storage_cycle_04,1,1,1,0,0,0,0,0,0,0,1,1,1,1,0,1,0,0,1,0,0,0,0,0,0,0,0,0,1,0
train,vgr_train_storage_cycle_04,1,1,1,0,0,0,0,0,0,0,1,1,1,1,0,1,0,0,1,0,0,0,0,0,0,0,0,0,1,0
train,vgr_train_storage_cycle_04,1,1,1,0,0,0,0,0,0,0,1,1,1,1,0,1,0,0,1,0,0,0,0,0,0,0,0,0,1,0
train,vgr_train_storage_cycle_04,1,1,1,0,0,0,0,0,0,0,1,1,1,1,0,1,0,0,1,0,0,0,0,0,0,0,0,0,1,0
train,vgr_train_storage_cycle_04,1,1,1,0,0,0,0,0,0,0,1,1,1,1,0,1,0,0,1,0,0,0,0,0,0,0,0,0,1,0
train,vgr_train_storage_cycle_04,1,1,1,0,0,0,0,0,0,0,1,1,1,1,0,1,0,0,1,0,0,0,0,0,0,0,0,0,1,0
train,vgr_train_storage_cycle_04,1,1,1,0,0,0,0,0,0,0,1,1,1,1,0,1,0,0,1,0,0,0,0,0,0,0,0,0,1,0
train,vgr_train_storage_cycle_04,1,1,1,0,0,0,0,0,0,0,1,1,1,1,0,1,0,0,1,0,0,0,0,0,0,0,0,0,1,0
train,vgr_train_storage_cycle_04,1,1,1,0,0,0,0,0,0,0,1,1,1,1,0,1,0,0,1,0,0,0,0,0,0,0,0,0,1,0
train,vgr_train_storage_cycle_04,1,1,1,0,0,0,0,0,0,0,1,1,1,1,0,1,0,0,1,0,0,0,0,0,0,0,0,0,1,0
train,vgr_train_storage_cycle_04,1,1,1,0,0,0,0,0,0,0,1,1,1,1,0,1,0,0,1,0,0,0,0,0,0,0,0,0,1,0
train,vgr_train_storage_cycle_04,1,1,1,0,0,0,0,0,0,0,1,1,1,1,0,1,0,0,1,0,0,0,0,0,0,0,0,0,1,0
train,vgr_train_storage_cycle_04,1,1,1,0,0,0,0,0,0,0,1,1,1,1,0,1,0,0,1,0,0,0,0,0,0,0,0,0,1,0
train,vgr_train_storage_cycle_04,1,1,1,0,0,0,0,0,0,0,1,1,1,1,0,1,0,0,1,0,0,0,0,0,0,0,0,0,1,0
train,vgr_train_storage_cycle_04,1,1,1,0,0,0,0,0,0,0,1,1,1,1,0,1,0,0,1,0,0,0,0,0,0,0,0,0,1,0
train,vgr_train_storage_cycle_04,1,1,1,0,0,0,0,0,0,0,1,1,1,1,0,1,0,0,0,0,0,0,0,0,0,0,0,0,1,101
train,vgr_train_storage_cycle_04,0,0,0,0,0,1,1,396,26,34,1,1,1,1,0,1,0,0,1,0,0,0,0,0,0,0,0,0,1,102
train,vgr_train_storage_cycle_04,0,0,0,0,0,1,1,1452,910,704,0,1,1,0,0,1,3250,7556,1,0,0,0,0,0,0,0,0,0,1,103
train,vgr_train_storage_cycle_04,0,0,0,0,0,1,1,2460,156,424,0,1,1,0,0,1,2887,7556,1,0,0,0,0,0,0,0,0,0,1,102
train,vgr_train_storage_cycle_04,0,0,0,0,0,1,1,1449,908,702,0,0,1,0,1,0,2802,19,1,0,0,0,0,0,0,0,0,0,1,104
train,vgr_train_storage_cycle_04,1,0,0,0,1,1,1,0,483,5348,0,1,0,0,1,0,2802,19,1,0,0,0,0,0,0,0,0,0,1,105
train,vgr_train_storage_cycle_04,0,0,0,0,0,0,0,398,608,5348,0,1,0,0,1,0,2802,19,1,0,0,0,0,0,0,0,0,0,1,0
train,vgr_train_storage_cycle_04,0,0,0,0,0,0,0,398,608,5348,0,0,1,0,1,0,2802,19,1,0,0,0,0,0,0,0,0,0,1,0
train,vgr_train_storage_cycle_04,0,0,0,0,0,0,0,398,608,5348,0,1,1,0,0,1,2883,7560,1,0,0,0,0,0,0,0,0,0,1,0
train,vgr_train_storage_cycle_04,0,0,0,0,0,0,0,398,608,5348,0,1,1,0,0,1,3252,7560,1,0,0,0,0,0,0,0,0,0,1,301
train,vgr_train_storage_cycle_04,1,1,1,0,0,0,0,0,0,0,1,1,1,1,0,1,0,0,1,1,0,0,0,0,0,0,0,0,0,0
train,vgr_train_storage_cycle_04,1,1,1,0,0,0,0,0,0,0,1,1,1,1,0,1,0,0,1,1,0,0,0,0,0,0,0,0,0,0
train,vgr_train_storage_cycle_04,1,1,1,0,0,0,0,0,0,0,1,1,1,1,0,1,0,0,1,1,0,0,0,0,0,0,0,0,0,0
train,vgr_train_storage_cycle_04,1,1,1,0,0,0,0,0,0,0,1,1,1,1,0,1,0,0,1,1,0,0,0,0,0,0,0,0,0,0
train,vgr_train_storage_cycle_04,1,1,1,0,0,0,0,0,0,0,1,1,1,1,0,1,0,0,1,1,0,0,0,0,0,0,0,0,0,0
train,vgr_train_storage_cycle_04,1,1,1,0,0,0,0,0,0,0,1,1,1,1,0,1,0,0,1,1,0,0,0,0,0,0,0,0,0,0
train,vgr_train_storage_cycle_04,1,1,1,0,0,0,0,0,0,0,1,1,1,1,0,1,0,0,1,1,0,0,0,0,0,0,0,0,0,0
train,vgr_train_storage_cycle_04,1,1,1,0,0,0,0,0,0,0,1,1,1,1,0,1,0,0,1,1,0,0,0,0,0,0,0,0,0,0
train,vgr_train_storage_cycle_04,1,1,1,0,0,0,0,0,0,0,1,1,1,1,0,1,0,0,1,1,0,0,0,0,0,0,0,0,0,0
train,vgr_train_storage_cycle_04,1,1,1,0,0,0,0,0,0,0,1,1,1,1,0,1,0,0,1,1,0,0,0,0,0,0,0,0,0,0
train,vgr_train_storage_cycle_04,1,1,1,0,0,0,0,0,0,0,1,1,1,1,0,1,0,0,1,1,0,0,0,0,0,0,0,0,0,0
train,vgr_train_storage_cycle_04,1,1,1,0,0,0,0,0,0,0,1,1,1,1,0,1,0,0,1,1,0,0,0,0,0,0,0,0,0,0
train,vgr_train_storage_cycle_04,1,1,1,0,0,0,0,0,0,0,1,1,1,1,0,1,0,0,1,1,0,0,0,0,0,0,0,0,0,0
train,vgr_train_storage_cycle_04,1,1,1,0,0,0,0,0,0,0,1,1,1,1,0,1,0,0,1,1,0,0,0,0,0,0,0,0,0,0
train,vgr_train_storage_cycle_04,1,1,1,0,0,0,0,0,0,0,1,1,1,1,0,1,0,0,1,1,0,0,0,0,0,0,0,0,0,0
train,vgr_train_storage_cycle_04,1,1,1,0,0,0,0,0,0,0,1,1,1,1,0,1,0,0,1,1,0,0,0,0,0,0,0,0,0,0
train,vgr_train_storage_cycle_04,1,1,1,0,0,0,0,0,0,0,1,1,1,1,0,1,0,0,0,1,0,0,0,0,0,0,0,0,0,0
train,vgr_train_storage_cycle_04,1,1,1,0,0,0,0,0,0,0,1,1,1,1,0,1,0,0,1,1,0,0,0,0,0,0,0,0,0,0
train,vgr_train_storage_cycle_04,1,1,1,0,0,0,0,0,0,0,1,1,1,1,0,1,0,0,1,1,0,0,0,0,0,0,0,0,0,0
train,vgr_train_storage_cycle_04,1,1,1,0,0,0,0,0,0,0,1,1,1,1,0,1,0,0,1,1,0,0,0,0,0,0,0,0,0,0
train,vgr_train_storage_cycle_04,1,1,1,0,0,0,0,0,0,0,1,1,1,1,0,1,0,0,1,1,0,0,0,0,0,0,0,0,0,0
train,vgr_train_storage_cycle_04,1,1,1,0,0,0,0,0,0,0,1,1,1,1,0,1,0,0,1,1,0,0,0,0,0,0,0,0,0,0
train,vgr_train_storage_cycle_04,1,1,1,0,0,0,0,0,0,0,1,1,1,1,0,1,0,0,1,1,0,0,0,0,0,0,0,0,0,0
train,vgr_train_storage_cycle_04,1,1,1,0,0,0,0,0,0,0,1,1,1,1,0,1,0,0,1,1,0,0,0,0,0,0,0,0,0,0
train,vgr_train_storage_cycle_04,1,1,1,0,0,0,0,0,0,0,1,1,1,1,0,1,0,0,1,1,0,0,0,0,0,0,0,0,0,0
train,vgr_train_storage_cycle_04,1,1,1,0,0,0,0,0,0,0,1,1,1,1,0,1,0,0,1,1,0,0,0,0,0,0,0,0,0,0
train,vgr_train_storage_cycle_04,1,1,1,0,0,0,0,0,0,0,1,1,1,1,0,1,0,0,1,1,0,0,0,0,0,0,0,0,0,0
train,vgr_train_storage_cycle_04,1,1,1,0,0,0,0,0,0,0,1,1,1,1,0,1,0,0,1,1,0,0,0,0,0,0,0,0,0,0
train,vgr_train_storage_cycle_04,1,1,1,0,0,0,0,0,0,0,1,1,1,1,0,1,0,0,1,1,0,0,0,0,0,0,0,0,0,0
train,vgr_train_storage_cycle_04,1,1,1,0,0,0,0,0,0,0,1,1,1,1,0,1,0,0,1,1,0,0,0,0,0,0,0,0,0,0
train,vgr_train_storage_cycle_04,1,1,1,0,0,0,0,0,0,0,1,1,1,1,0,1,0,0,1,1,0,0,0,0,0,0,0,0,0,0
train,vgr_train_storage_cycle_04,1,1,1,0,0,0,0,0,0,0,1,1,1,1,0,1,0,0,1,1,0,0,0,0,0,0,0,0,0,0
train,vgr_train_storage_cycle_04,1,1,1,0,0,0,0,0,0,0,1,1,1,1,0,1,0,0,1,1,0,0,0,0,0,0,0,0,0,0
train,vgr_train_storage_cycle_04,1,1,1,0,0,0,0,0,0,0,1,1,1,1,0,1,0,0,0,1,0,0,0,0,0,0,0,0,0,0
train,vgr_train_storage_cycle_04,1,1,1,0,0,0,0,0,0,0,1,1,1,1,0,1,0,0,1,1,0,0,0,0,0,0,0,0,0,0
train,vgr_train_storage_cycle_04,1,1,1,0,0,0,0,0,0,0,1,1,1,1,0,1,0,0,1,1,0,0,0,0,0,0,0,0,0,0
train,vgr_train_storage_cycle_04,1,1,1,0,0,0,0,0,0,0,1,1,1,1,0,1,0,0,1,1,0,0,0,0,0,0,0,0,0,0
train,vgr_train_storage_cycle_04,1,1,1,0,0,0,0,0,0,0,1,1,1,1,0,1,0,0,1,1,0,0,0,0,0,0,0,0,0,0
train,vgr_train_storage_cycle_04,1,1,1,0,0,0,0,0,0,0,1,1,1,1,0,1,0,0,1,1,0,0,0,0,0,0,0,0,0,0
train,vgr_train_storage_cycle_04,1,1,1,0,0,0,0,0,0,0,1,1,1,1,0,1,0,0,1,1,0,0,0,0,0,0,0,0,0,0
train,vgr_train_storage_cycle_04,1,1,1,0,0,0,0,0,0,0,1,1,1,1,0,1,0,0,1,1,0,0,0,0,0,0,0,0,0,0
train,vgr_train_storage_cycle_04,1,1,1,0,0,0,0,0,0,0,1,1,1,1,0,1,0,0,1,1,0,0,0,0,0,0,0,0,0,0
train,vgr_train_storage_cycle_04,1,1,1,0,0,0,0,0,0,0,1,1,1,1,0,1,0,0,1,1,0,0,0,0,0,0,0,0,0,0
train,vgr_train_storage_cycle_04,1,1,1,0,0,0,0,0,0,0,1,1,1,1,0,1,0,0,0,1,0,0,0,0,0,0,0,0,0,0
train,vgr_train_storage_cycle_04,1,1,1,0,0,0,0,0,0,0,1,1,1,1,0,1,0,0,1,1,0,0,0,0,0,0,0,0,0,0
train,vgr_train_storage_cycle_04,1,1,1,0,0,0,0,0,0,0,1,1,1,1,0,1,0,0,1,1,0,0,0,0,0,0,0,0,0,0
train,vgr_train_storage_cycle_04,1,1,1,0,0,0,0,0,0,0,1,1,1,1,0,1,0,0,1,1,0,0,0,0,0,0,0,0,0,0
train,vgr_train_storage_cycle_04,1,1,1,0,0,0,0,0,0,0,1,1,1,1,0,1,0,0,1,1,0,0,0,0,0,0,0,0,0,0
train,vgr_train_storage_cycle_04,1,1,1,0,0,0,0,0,0,0,1,1,1,1,0,1,0,0,1,1,0,0,0,0,0,0,0,0,0,0
train,vgr_train_storage_cycle_04,1,1,1,0,0,0,0,0,0,0,1,1,1,1,0,1,0,0,1,1,0,0,0,0,0,0,0,0,0,0
train,vgr_train_storage_cycle_04,1,1,1,0,0,0,0,0,0,0,1,1,1,1,0,1,0,0,1,1,0,0,0,0,0,0,0,0,0,0
train,vgr_train_storage_cycle_04,1,1,1,0,0,0,0,0,0,0,1,1,1,1,0,1,0,0,1,1,0,0,0,0,0,0,0,0,0,0
train,vgr_train_storage_cycle_04,1,1,1,0,0,0,0,0,0,0,1,1,1,1,0,1,0,0,1,1,0,0,0,0,0,0,0,0,0,0
train,vgr_train_storage_cycle_04,1,1,1,0,0,0,0,0,0,0,1,1,1,1,0,1,0,0,1,1,0,0,0,0,0,0,0,0,0,0
train,vgr_train_storage_cycle_04,1,1,1,0,0,0,0,0,0,0,1,1,1,1,0,1,0,0,1,1,0,0,0,0,0,0,0,0,0,0
train,vgr_train_storage_cycle_04,1,1,1,0,0,0,0,0,0,0,1,1,1,1,0,1,0,0,1,1,0,0,0,0,0,0,0,0,0,0
train,vgr_train_storage_cycle_04,1,1,1,0,0,0,0,0,0,0,1,1,1,1,0,1,0,0,1,1,0,0,0,0,0,0,0,0,0,0
train,vgr_train_storage_cycle_04,1,1,1,0,0,0,0,0,0,0,1,1,1,1,0,1,0,0,1,1,0,0,0,0,0,0,0,0,0,0
train,vgr_train_storage_cycle_04,1,1,1,0,0,0,0,0,0,0,1,1,1,1,0,1,0,0,1,1,0,0,0,0,0,0,0,0,0,0
train,vgr_train_storage_cycle_04,1,1,1,0,0,0,0,0,0,0,1,1,1,1,0,1,0,0,1,1,0,0,0,0,0,0,0,0,0,0
train,vgr_train_storage_cycle_04,1,1,1,0,0,0,0,0,0,0,1,1,1,1,0,1,0,0,1,1,0,0,0,0,0,0,0,0,0,0
train,vgr_train_storage_cycle_04,1,1,1,0,0,0,0,0,0,0,1,1,1,1,0,1,0,0,0,1,0,0,0,0,0,0,0,0,0,0
train,vgr_train_storage_cycle_04,1,1,1,0,0,0,0,0,0,0,1,1,1,1,0,1,0,0,1,1,0,0,0,0,0,0,0,0,0,0
train,vgr_train_storage_cycle_04,1,1,1,0,0,0,0,0,0,0,1,1,1,1,0,1,0,0,1,1,0,0,0,0,0,0,0,0,0,0
train,vgr_train_storage_cycle_04,1,1,1,0,0,0,0,0,0,0,1,1,1,1,0,1,0,0,1,1,0,0,0,0,0,0,0,0,0,0
train,vgr_train_storage_cycle_04,1,1,1,0,0,0,0,0,0,0,1,1,1,1,0,1,0,0,1,1,0,0,0,0,0,0,0,0,0,0
train,vgr_train_storage_cycle_04,1,1,1,0,0,0,0,0,0,0,1,1,1,1,0,1,0,0,0,1,0,0,0,0,0,0,0,0,0,0
train,vgr_train_storage_cycle_04,1,1,1,0,0,0,0,0,0,0,1,1,1,1,0,1,0,0,1,1,0,0,0,0,0,0,0,0,0,0
train,vgr_train_storage_cycle_04,1,1,1,0,0,0,0,0,0,0,1,1,1,1,0,1,0,0,1,1,0,0,0,0,0,0,0,0,0,0
train,vgr_train_storage_cycle_04,1,1,1,0,0,0,0,0,0,0,1,1,1,1,0,1,0,0,1,1,0,0,0,0,0,0,0,0,0,0
train,vgr_train_storage_cycle_04,1,1,1,0,0,0,0,0,0,0,1,1,1,1,0,1,0,0,1,1,0,0,0,0,0,0,0,0,0,0
train,vgr_train_storage_cycle_04,1,1,1,0,0,0,0,0,0,0,1,1,1,1,0,1,0,0,1,1,0,0,0,0,0,0,0,0,0,0
train,vgr_train_storage_cycle_04,1,1,1,0,0,0,0,0,0,0,1,1,1,1,0,1,0,0,1,1,0,0,0,0,0,0,0,0,0,0
train,vgr_train_storage_cycle_04,1,1,1,0,0,0,0,0,0,0,1,1,1,1,0,1,0,0,1,1,0,0,0,0,0,0,0,0,0,0
train,vgr_train_storage_cycle_04,1,1,1,0,0,0,0,0,0,0,1,1,1,1,0,1,0,0,1,1,0,0,0,0,0,0,0,0,0,0
train,vgr_train_storage_cycle_04,1,1,1,0,0,0,0,0,0,0,1,1,1,1,0,1,0,0,1,1,0,0,0,0,0,0,0,0,0,0
train,vgr_train_storage_cycle_04,1,1,1,0,0,0,0,0,0,0,1,1,1,1,0,1,0,0,0,1,0,0,0,0,0,0,0,0,0,0
train,vgr_train_storage_cycle_04,1,1,1,0,0,0,0,0,0,0,1,1,1,1,0,1,0,0,1,1,0,0,0,0,0,0,0,0,0,0
train,vgr_train_storage_cycle_04,1,1,1,0,0,0,0,0,0,0,1,1,1,1,0,1,0,0,1,1,0,0,0,0,0,0,0,0,0,0
train,vgr_train_storage_cycle_04,1,1,1,0,0,0,0,0,0,0,1,1,1,1,0,1,0,0,1,1,0,0,0,0,0,0,0,0,0,0
train,vgr_train_storage_cycle_04,1,1,1,0,0,0,0,0,0,0,1,1,1,1,0,1,0,0,1,1,0,0,0,0,0,0,0,0,0,0
train,vgr_train_storage_cycle_04,1,1,1,0,0,0,0,0,0,0,1,1,1,1,0,1,0,0,1,1,0,0,0,0,0,0,0,0,0,0
train,vgr_train_storage_cycle_04,1,1,1,0,0,0,0,0,0,0,1,1,1,1,0,1,0,0,1,1,0,0,0,0,0,0,0,0,0,0
train,vgr_train_storage_cycle_04,1,1,1,0,0,0,0,0,0,0,1,1,1,1,0,1,0,0,1,1,0,0,0,0,0,0,0,0,0,0
train,vgr_train_storage_cycle_04,1,1,1,0,0,0,0,0,0,0,1,1,1,1,0,1,0,0,1,1,0,0,0,0,0,0,0,0,0,0
train,vgr_train_storage_cycle_04,1,1,1,0,0,0,0,0,0,0,1,1,1,1,0,1,0,0,1,1,0,0,0,0,0,0,0,0,0,0
train,vgr_train_storage_cycle_04,1,1,1,0,0,0,0,0,0,0,1,1,1,1,0,1,0,0,1,1,0,0,0,0,0,0,0,0,0,0
train,vgr_train_storage_cycle_04,1,1,1,0,0,0,0,0,0,0,1,1,1,1,0,1,0,0,1,1,0,0,0,0,0,0,0,0,0,0
train,vgr_train_storage_cycle_04,1,1,1,0,0,0,0,0,0,0,1,1,1,1,0,1,0,0,0,1,0,0,0,0,0,0,0,0,0,0
train,vgr_train_storage_cycle_04,1,1,1,0,0,0,0,0,0,0,1,1,1,1,0,1,0,0,1,1,0,0,0,0,0,0,0,0,0,0
train,vgr_train_storage_cycle_04,1,1,1,0,0,0,0,0,0,0,1,1,1,1,0,1,0,0,1,1,0,0,0,0,0,0,0,0,0,0
train,vgr_train_storage_cycle_04,1,1,1,0,0,0,0,0,0,0,1,1,1,1,0,1,0,0,1,1,0,0,0,0,0,0,0,0,0,0
train,vgr_train_storage_cycle_04,1,1,1,0,0,0,0,0,0,0,1,1,1,1,0,1,0,0,1,1,0,0,0,0,0,0,0,0,0,0
train,vgr_train_storage_cycle_04,1,1,1,0,0,0,0,0,0,0,1,1,1,1,0,1,0,0,0,1,0,0,0,0,0,0,0,0,0,0
train,vgr_train_storage_cycle_04,1,1,1,0,0,0,0,0,0,0,1,1,1,1,0,1,0,0,1,1,0,0,0,0,0,0,0,0,0,0
train,vgr_train_storage_cycle_04,1,1,1,0,0,0,0,0,0,0,1,1,1,1,0,1,0,0,1,1,0,0,0,0,0,0,0,0,0,0
train,vgr_train_storage_cycle_04,1,1,1,0,0,0,0,0,0,0,1,1,1,1,0,1,0,0,1,1,0,0,0,0,0,0,0,0,0,0
train,vgr_train_storage_cycle_04,1,1,1,0,0,0,0,0,0,0,1,1,1,1,0,1,0,0,1,1,0,0,0,0,0,0,0,0,0,0
train,vgr_train_storage_cycle_04,1,1,1,0,0,0,0,0,0,0,1,1,1,1,0,1,0,0,1,1,0,0,0,0,0,0,0,0,0,0
train,vgr_train_storage_cycle_04,1,1,1,0,0,0,0,0,0,0,1,1,1,1,0,1,0,0,1,1,0,0,0,0,0,0,0,0,0,0
train,vgr_train_storage_cycle_04,1,1,1,0,0,0,0,0,0,0,1,1,1,1,0,1,0,0,1,1,0,0,0,0,0,0,0,0,0,0
train,vgr_train_storage_cycle_04,1,1,1,0,0,0,0,0,0,0,1,1,1,1,0,1,0,0,1,1,0,0,0,0,0,0,0,0,0,0
train,vgr_train_storage_cycle_04,1,1,1,0,0,0,0,0,0,0,1,1,1,1,0,1,0,0,1,1,0,0,0,0,0,0,0,0,0,0
train,vgr_train_storage_cycle_04,1,1,1,0,0,0,0,0,0,0,1,1,1,1,0,1,0,0,1,1,0,0,0,0,0,0,0,0,0,0
train,vgr_train_storage_cycle_04,1,1,1,0,0,0,0,0,0,0,1,1,1,1,0,1,0,0,1,1,0,0,0,0,0,0,0,0,0,0
train,vgr_train_storage_cycle_04,1,1,1,0,0,0,0,0,0,0,1,1,1,1,0,1,0,0,1,1,0,0,0,0,0,0,0,0,0,0
train,vgr_train_storage_cycle_04,1,1,1,0,0,0,0,0,0,0,1,1,1,1,0,1,0,0,1,1,0,0,0,0,0,0,0,0,0,0
train,vgr_train_storage_cycle_04,1,1,1,0,0,0,0,0,0,0,1,1,1,1,0,1,0,0,1,1,0,0,0,0,0,0,0,0,0,0
train,vgr_train_storage_cycle_04,1,1,1,0,0,0,0,0,0,0,1,1,1,1,0,1,0,0,0,1,0,0,0,0,0,0,0,0,0,0
train,vgr_train_storage_cycle_04,1,1,1,0,0,0,0,0,0,0,1,1,1,1,0,1,0,0,1,1,0,0,0,0,0,0,0,0,0,0
train,vgr_train_storage_cycle_04,1,1,1,0,0,0,0,0,0,0,1,1,1,1,0,1,0,0,1,1,0,0,0,0,0,0,0,0,0,0
train,vgr_train_storage_cycle_04,1,1,1,0,0,0,0,0,0,0,1,1,1,1,0,1,0,0,1,1,0,0,0,0,0,0,0,0,0,0
train,vgr_train_storage_cycle_04,1,1,1,0,0,0,0,0,0,0,1,1,1,1,0,1,0,0,1,1,0,0,0,0,0,0,0,0,0,0
train,vgr_train_storage_cycle_04,1,1,1,0,0,0,0,0,0,0,1,1,1,1,0,1,0,0,1,1,0,0,0,0,0,0,0,0,0,0
train,vgr_train_storage_cycle_04,1,1,1,0,0,0,0,0,0,0,1,1,1,1,0,1,0,0,1,1,0,0,0,0,0,0,0,0,0,0
train,vgr_train_storage_cycle_04,1,1,1,0,0,0,0,0,0,0,1,1,1,1,0,1,0,0,1,1,0,0,0,0,0,0,0,0,0,0
train,vgr_train_storage_cycle_04,1,1,1,0,0,0,0,0,0,0,1,1,1,1,0,1,0,0,1,1,0,0,0,0,0,0,0,0,0,0
train,vgr_train_storage_cycle_04,1,1,1,0,0,0,0,0,0,0,1,1,1,1,0,1,0,0,1,1,0,0,0,0,0,0,0,0,0,0
train,vgr_train_storage_cycle_04,1,1,1,0,0,0,0,0,0,0,1,1,1,1,0,1,0,0,1,1,0,0,0,0,0,0,0,0,0,0
train,vgr_train_storage_cycle_04,1,1,1,0,0,0,0,0,0,0,1,1,1,1,0,1,0,0,1,1,0,0,0,0,0,0,0,0,0,0
train,vgr_train_storage_cycle_04,1,1,1,0,0,0,0,0,0,0,1,1,1,1,0,1,0,0,1,1,0,0,0,0,0,0,0,0,0,0
train,vgr_train_storage_cycle_04,1,1,1,0,0,0,0,0,0,0,1,1,1,1,0,1,0,0,1,1,0,0,0,0,0,0,0,0,0,0
train,vgr_train_storage_cycle_04,1,1,1,0,0,0,0,0,0,0,1,1,1,1,0,1,0,0,1,1,0,0,0,0,0,0,0,0,0,0
train,vgr_train_storage_cycle_04,1,1,1,0,0,0,0,0,0,0,1,1,1,1,0,1,0,0,1,1,0,0,0,0,0,0,0,0,0,0
train,vgr_train_storage_cycle_04,1,1,1,0,0,0,0,0,0,0,1,1,1,1,0,1,0,0,1,1,0,0,0,0,0,0,0,0,0,0
train,vgr_train_storage_cycle_04,1,1,1,0,0,0,0,0,0,0,1,1,1,1,0,1,0,0,1,1,0,0,0,0,0,0,0,0,0,0
train,vgr_train_storage_cycle_04,1,1,1,0,0,0,0,0,0,0,1,1,1,1,0,1,0,0,1,1,0,0,0,0,0,0,0,0,0,0
train,vgr_train_storage_cycle_04,1,1,1,0,0,0,0,0,0,0,1,1,1,1,0,1,0,0,1,1,0,0,0,0,0,0,0,0,0,0
train,vgr_train_storage_cycle_05,1,1,1,0,0,0,0,0,0,0,1,1,1,1,0,1,0,0,1,0,1,0,0,0,0,0,0,0,0,0
train,vgr_train_storage_cycle_05,1,1,1,0,0,0,0,0,0,0,1,1,1,1,0,1,0,0,1,0,1,0,0,0,0,0,0,0,0,0
train,vgr_train_storage_cycle_05,1,1,1,0,0,0,0,0,0,0,1,1,1,1,0,1,0,0,1,0,1,0,0,0,0,0,0,0,0,0
train,vgr_train_storage_cycle_05,1,1,1,0,0,0,0,0,0,0,1,1,1,1,0,1,0,0,1,0,1,0,0,0,0,0,0,0,0,0
train,vgr_train_storage_cycle_05,1,1,1,0,0,0,0,0,0,0,1,1,1,1,0,1,0,0,1,0,1,0,0,0,0,0,0,0,0,0
train,vgr_train_storage_cycle_05,1,1,1,0,0,0,0,0,0,0,1,1,1,1,0,1,0,0,1,0,1,0,0,0,0,0,0,0,0,0
train,vgr_train_storage_cycle_05,1,1,1,0,0,0,0,0,0,0,1,1,1,1,0,1,0,0,1,0,1,0,0,0,0,0,0,0,0,0
train,vgr_train_storage_cycle_05,1,1,1,0,0,0,0,0,0,0,1,1,1,1,0,1,0,0,1,0,1,0,0,0,0,0,0,0,0,0
train,vgr_train_storage_cycle_05,1,1,1,0,0,0,0,0,0,0,1,1,1,1,0,1,0,0,1,0,1,0,0,0,0,0,0,0,0,0
train,vgr_train_storage_cycle_05,1,1,1,0,0,0,0,0,0,0,1,1,1,1,0,1,0,0,1,0,1,0,0,0,0,0,0,0,0,0
train,vgr_train_storage_cycle_05,1,1,1,0,0,0,0,0,0,0,1,1,1,1,0,1,0,0,0,0,1,0,0,0,0,0,0,0,0,101
train,vgr_train_storage_cycle_05,0,0,0,0,0,1,1,391,26,32,1,1,1,1,0,1,0,0,1,0,1,0,0,0,0,0,0,0,0,102
train,vgr_train_storage_cycle_05,0,0,0,0,0,1,1,1451,908,704,0,1,1,0,0,1,404,2869,1,0,1,0,0,0,0,0,0,0,0,103
train,vgr_train_storage_cycle_05,0,0,0,0,0,1,1,2453,160,428,0,1,1,0,0,1,37,2869,1,0,1,0,0,0,0,0,0,0,0,102
train,vgr_train_storage_cycle_05,0,0,0,0,0,1,1,1447,905,706,0,0,1,0,1,0,2799,16,1,0,1,0,0,0,0,0,0,0,0,104
train,vgr_train_storage_cycle_05,1,0,0,1,1,1,1,0,604,5348,0,1,0,0,1,0,2799,16,1,0,1,0,0,0,0,0,0,0,0,105
train,vgr_train_storage_cycle_05,0,0,0,0,0,0,0,398,604,5348,0,1,0,0,1,0,2799,16,1,0,1,0,0,0,0,0,0,0,0,0
train,vgr_train_storage_cycle_05,0,0,0,0,0,0,0,398,604,5348,0,0,1,0,1,0,2799,16,1,0,1,0,0,0,0,0,0,0,0,0
train,vgr_train_storage_cycle_05,0,0,0,0,0,0,0,398,604,5348,0,1,1,0,0,1,35,2870,1,0,1,0,0,0,0,0,0,0,0,0
train,vgr_train_storage_cycle_05,0,0,0,0,0,0,0,398,604,5348,0,1,1,0,0,1,402,2870,1,0,1,0,0,0,0,0,0,0,0,301
train,vgr_train_storage_cycle_05,1,1,1,0,0,0,0,0,0,0,1,1,1,1,0,1,0,0,1,0,0,1,0,0,0,0,0,0,0,0
train,vgr_train_storage_cycle_05,1,1,1,0,0,0,0,0,0,0,1,1,1,1,0,1,0,0,1,0,0,1,0,0,0,0,0,0,0,0
train,vgr_train_storage_cycle_05,1,1,1,0,0,0,0,0,0,0,1,1,1,1,0,1,0,0,1,0,0,1,0,0,0,0,0,0,0,0
train,vgr_train_storage_cycle_05,1,1,1,0,0,0,0,0,0,0,1,1,1,1,0,1,0,0,1,0,0,1,0,0,0,0,0,0,0,0
train,vgr_train_storage_cycle_05,1,1,1,0,0,0,0,0,0,0,1,1,1,1,0,1,0,0,1,0,0,1,0,0,0,0,0,0,0,0
train,vgr_train_storage_cycle_05,1,1,1,0,0,0,0,0,0,0,1,1,1,1,0,1,0,0,1,0,0,1,0,0,0,0,0,0,0,0
train,vgr_train_storage_cycle_05,1,1,1,0,0,0,0,0,0,0,1,1,1,1,0,1,0,0,1,0,0,1,0,0,0,0,0,0,0,0
train,vgr_train_storage_cycle_05,1,1,1,0,0,0,0,0,0,0,1,1,1,1,0,1,0,0,1,0,0,1,0,0,0,0,0,0,0,0
train,vgr_train_storage_cycle_05,1,1,1,0,0,0,0,0,0,0,1,1,1,1,0,1,0,0,1,0,0,1,0,0,0,0,0,0,0,0
train,vgr_train_storage_cycle_05,1,1,1,0,0,0,0,0,0,0,1,1,1,1,0,1,0,0,1,0,0,1,0,0,0,0,0,0,0,0
train,vgr_train_storage_cycle_05,1,1,1,0,0,0,0,0,0,0,1,1,1,1,0,1,0,0,1,0,0,1,0,0,0,0,0,0,0,0
train,vgr_train_storage_cycle_05,1,1,1,0,0,0,0,0,0,0,1,1,1,1,0,1,0,0,1,0,0,1,0,0,0,0,0,0,0,0
train,vgr_train_storage_cycle_05,1,1,1,0,0,0,0,0,0,0,1,1,1,1,0,1,0,0,1,0,0,1,0,0,0,0,0,0,0,0
train,vgr_train_storage_cycle_05,1,1,1,0,0,0,0,0,0,0,1,1,1,1,0,1,0,0,1,0,0,1,0,0,0,0,0,0,0,0
train,vgr_train_storage_cycle_05,1,1,1,0,0,0,0,0,0,0,1,1,1,1,0,1,0,0,1,0,0,1,0,0,0,0,0,0,0,0
train,vgr_train_storage_cycle_05,1,1,1,0,0,0,0,0,0,0,1,1,1,1,0,1,0,0,1,0,0,1,0,0,0,0,0,0,0,0
train,vgr_train_storage_cycle_05,1,1,1,0,0,0,0,0,0,0,1,1,1,1,0,1,0,0,0,0,0,1,0,0,0,0,0,0,0,101
train,vgr_train_storage_cycle_05,0,0,0,0,0,1,1,394,26,33,1,1,1,1,0,1,0,0,1,0,0,1,0,0,0,0,0,0,0,102
train,vgr_train_storage_cycle_05,0,0,0,0,0,1,1,1452,904,703,0,1,1,0,0,1,1753,2869,1,0,0,1,0,0,0,0,0,0,0,103
train,vgr_train_storage_cycle_05,0,0,0,0,0,1,1,2456,156,426,0,1,1,0,0,1,1382,2869,1,0,0,1,0,0,0,0,0,0,0,102
train,vgr_train_storage_cycle_05,0,0,0,0,0,1,1,1449,908,702,0,0,1,0,1,0,2804,16,1,0,0,1,0,0,0,0,0,0,0,104
train,vgr_train_storage_cycle_05,1,0,0,1,1,1,1,0,608,5348,0,1,0,0,1,0,2804,16,1,0,0,1,0,0,0,0,0,0,0,105
train,vgr_train_storage_cycle_05,0,0,0,0,0,0,0,403,608,5348,0,1,0,0,1,0,2804,16,1,0,0,1,0,0,0,0,0,0,0,0
train,vgr_train_storage_cycle_05,0,0,0,0,0,0,0,403,608,5348,0,0,1,0,1,0,2804,16,1,0,0,1,0,0,0,0,0,0,0,0
train,vgr_train_storage_cycle_05,0,0,0,0,0,0,0,403,608,5348,0,1,1,0,0,1,1385,2870,1,0,0,1,0,0,0,0,0,0,0,0
train,vgr_train_storage_cycle_05,0,0,0,0,0,0,0,403,608,5348,0,1,1,0,0,1,1748,2870,1,0,0,1,0,0,0,0,0,0,0,301
train,vgr_train_storage_cycle_05,1,1,1,0,0,0,0,0,0,0,1,1,1,1,0,1,0,0,1,0,0,0,1,0,0,0,0,0,0,0
train,vgr_train_storage_cycle_05,1,1,1,0,0,0,0,0,0,0,1,1,1,1,0,1,0,0,1,0,0,0,1,0,0,0,0,0,0,0
train,vgr_train_storage_cycle_05,1,1,1,0,0,0,0,0,0,0,1,1,1,1,0,1,0,0,1,0,0,0,1,0,0,0,0,0,0,0
train,vgr_train_storage_cycle_05,1,1,1,0,0,0,0,0,0,0,1,1,1,1,0,1,0,0,1,0,0,0,1,0,0,0,0,0,0,0
train,vgr_train_storage_cycle_05,1,1,1,0,0,0,0,0,0,0,1,1,1,1,0,1,0,0,1,0,0,0,1,0,0,0,0,0,0,0
train,vgr_train_storage_cycle_05,1,1,1,0,0,0,0,0,0,0,1,1,1,1,0,1,0,0,1,0,0,0,1,0,0,0,0,0,0,0
train,vgr_train_storage_cycle_05,1,1,1,0,0,0,0,0,0,0,1,1,1,1,0,1,0,0,1,0,0,0,1,0,0,0,0,0,0,0
train,vgr_train_storage_cycle_05,1,1,1,0,0,0,0,0,0,0,1,1,1,1,0,1,0,0,1,0,0,0,1,0,0,0,0,0,0,0
train,vgr_train_storage_cycle_05,1,1,1,0,0,0,0,0,0,0,1,1,1,1,0,1,0,0,1,0,0,0,1,0,0,0,0,0,0,0
train,vgr_train_storage_cycle_05,1,1,1,0,0,0,0,0,0,0,1,1,1,1,0,1,0,0,1,0,0,0,1,0,0,0,0,0,0,0
train,vgr_train_storage_cycle_05,1,1,1,0,0,0,0,0,0,0,1,1,1,1,0,1,0,0,1,0,0,0,1,0,0,0,0,0,0,0
train,vgr_train_storage_cycle_05,1,1,1,0,0,0,0,0,0,0,1,1,1,1,0,1,0,0,1,0,0,0,1,0,0,0,0,0,0,0
train,vgr_train_storage_cycle_05,1,1,1,0,0,0,0,0,0,0,1,1,1,1,0,1,0,0,1,0,0,0,1,0,0,0,0,0,0,0
train,vgr_train_storage_cycle_05,1,1,1,0,0,0,0,0,0,0,1,1,1,1,0,1,0,0,1,0,0,0,1,0,0,0,0,0,0,0
train,vgr_train_storage_cycle_05,1,1,1,0,0,0,0,0,0,0,1,1,1,1,0,1,0,0,0,0,0,0,1,0,0,0,0,0,0,101
train,vgr_train_storage_cycle_05,0,0,0,0,0,1,1,397,25,33,1,1,1,1,0,1,0,0,1,0,0,0,1,0,0,0,0,0,0,102
train,vgr_train_storage_cycle_05,0,0,0,0,0,1,1,1449,905,702,0,1,1,0,0,1,3252,2869,1,0,0,0,1,0,0,0,0,0,0,103
train,vgr_train_storage_cycle_05,0,0,0,0,0,1,1,2455,152,426,0,1,1,0,0,1,2885,2869,1,0,0,0,1,0,0,0,0,0,0,102
train,vgr_train_storage_cycle_05,0,0,0,0,0,1,1,1448,910,704,0,0,1,0,1,0,2799,18,1,0,0,0,1,0,0,0,0,0,0,104
train,vgr_train_storage_cycle_05,1,0,0,1,1,1,1,0,604,5348,0,1,0,0,1,0,2799,18,1,0,0,0,1,0,0,0,0,0,0,105
train,vgr_train_storage_cycle_05,0,0,0,0,0,0,0,396,604,5348,0,1,0,0,1,0,2799,18,1,0,0,0,1,0,0,0,0,0,0,0
train,vgr_train_storage_cycle_05,0,0,0,0,0,0,0,396,604,5348,0,0,1,0,1,0,2799,18,1,0,0,0,1,0,0,0,0,0,0,0
train,vgr_train_storage_cycle_05,0,0,0,0,0,0,0,396,604,5348,0,1,1,0,0,1,2878,2870,1,0,0,0,1,0,0,0,0,0,0,0
train,vgr_train_storage_cycle_05,0,0,0,0,0,0,0,396,604,5348,0,1,1,0,0,1,3250,2870,1,0,0,0,1,0,0,0,0,0,0,301
train,vgr_train_storage_cycle_05,1,1,1,0,0,0,0,0,0,0,1,1,1,1,0,1,0,0,1,0,0,0,0,1,0,0,0,0,0,0
train,vgr_train_storage_cycle_05,1,1,1,0,0,0,0,0,0,0,1,1,1,1,0,1,0,0,1,0,0,0,0,1,0,0,0,0,0,0
train,vgr_train_storage_cycle_05,1,1,1,0,0,0,0,0,0,0,1,1,1,1,0,1,0,0,1,0,0,0,0,1,0,0,0,0,0,0
train,vgr_train_storage_cycle_05,1,1,1,0,0,0,0,0,0,0,1,1,1,1,0,1,0,0,1,0,0,0,0,1,0,0,0,0,0,0
train,vgr_train_storage_cycle_05,1,1,1,0,0,0,0,0,0,0,1,1,1,1,0,1,0,0,1,0,0,0,0,1,0,0,0,0,0,0
train,vgr_train_storage_cycle_05,1,1,1,0,0,0,0,0,0,0,1,1,1,1,0,1,0,0,1,0,0,0,0,1,0,0,0,0,0,0
train,vgr_train_storage_cycle_05,1,1,1,0,0,0,0,0,0,0,1,1,1,1,0,1,0,0,1,0,0,0,0,1,0,0,0,0,0,0
train,vgr_train_storage_cycle_05,1,1,1,0,0,0,0,0,0,0,1,1,1,1,0,1,0,0,1,0,0,0,0,1,0,0,0,0,0,0
train,vgr_train_storage_cycle_05,1,1,1,0,0,0,0,0,0,0,1,1,1,1,0,1,0,0,1,0,0,0,0,1,0,0,0,0,0,0
train,vgr_train_storage_cycle_05,1,1,1,0,0,0,0,0,0,0,1,1,1,1,0,1,0,0,1,0,0,0,0,1,0,0,0,0,0,0
train,vgr_train_storage_cycle_05,1,1,1,0,0,0,0,0,0,0,1,1,1,1,0,1,0,0,1,0,0,0,0,1,0,0,0,0,0,0
train,vgr_train_storage_cycle_05,1,1,1,0,0,0,0,0,0,0,1,1,1,1,0,1,0,0,1,0,0,0,0,1,0,0,0,0,0,0
train,vgr_train_storage_cycle_05,1,1,1,0,0,0,0,0,0,0,1,1,1,1,0,1,0,0,1,0,0,0,0,1,0,0,0,0,0,0
train,vgr_train_storage_cycle_05,1,1,1,0,0,0,0,0,0,0,1,1,1,1,0,1,0,0,1,0,0,0,0,1,0,0,0,0,0,0
train,vgr_train_storage_cycle_05,1,1,1,0,0,0,0,0,0,0,1,1,1,1,0,1,0,0,1,0,0,0,0,1,0,0,0,0,0,0
train,vgr_train_storage_cycle_05,1,1,1,0,0,0,0,0,0,0,1,1,1,1,0,1,0,0,0,0,0,0,0,1,0,0,0,0,0,101
train,vgr_train_storage_cycle_05,0,0,0,0,0,1,1,394,25,29,1,1,1,1,0,1,0,0,1,0,0,0,0,1,0,0,0,0,0,102
train,vgr_train_storage_cycle_05,0,0,0,0,0,1,1,1449,905,703,0,1,1,0,0,1,399,5199,1,0,0,0,0,1,0,0,0,0,0,103
train,vgr_train_storage_cycle_05,0,0,0,0,0,1,1,2454,157,424,0,1,1,0,0,1,32,5199,1,0,0,0,0,1,0,0,0,0,0,102
train,vgr_train_storage_cycle_05,0,0,0,0,0,1,1,1446,907,699,0,0,1,0,1,0,2803,17,1,0,0,0,0,1,0,0,0,0,0,104
train,vgr_train_storage_cycle_05,1,0,0,0,0,1,1,0,605,5349,0,1,0,0,1,0,2803,17,1,0,0,0,0,1,0,0,0,0,0,105
train,vgr_train_storage_cycle_05,0,0,0,0,0,0,0,400,605,5349,0,1,0,0,1,0,2803,17,1,0,0,0,0,1,0,0,0,0,0,0
train,vgr_train_storage_cycle_05,0,0,0,0,0,0,0,400,605,5349,0,0,1,0,1,0,2803,17,1,0,0,0,0,1,0,0,0,0,0,0
train,vgr_train_storage_cycle_05,0,0,0,0,0,0,0,400,605,5349,0,1,1,0,0,1,35,5199,1,0,0,0,0,1,0,0,0,0,0,0
train,vgr_train_storage_cycle_05,0,0,0,0,0,0,0,400,605,5349,0,1,1,0,0,1,401,5199,1,0,0,0,0,1,0,0,0,0,0,301
train,vgr_train_storage_cycle_05,1,1,1,0,0,0,0,0,0,0,1,1,1,1,0,1,0,0,1,0,0,0,0,0,1,0,0,0,0,0
train,vgr_train_storage_cycle_05,1,1,1,0,0,0,0,0,0,0,1,1,1,1,0,1,0,0,1,0,0,0,0,0,1,0,0,0,0,0
train,vgr_train_storage_cycle_05,1,1,1,0,0,0,0,0,0,0,1,1,1,1,0,1,0,0,1,0,0,0,0,0,1,0,0,0,0,0
train,vgr_train_storage_cycle_05,1,1,1,0,0,0,0,0,0,0,1,1,1,1,0,1,0,0,1,0,0,0,0,0,1,0,0,0,0,0
train,vgr_train_storage_cycle_05,1,1,1,0,0,0,0,0,0,0,1,1,1,1,0,1,0,0,1,0,0,0,0,0,1,0,0,0,0,0
train,vgr_train_storage_cycle_05,1,1,1,0,0,0,0,0,0,0,1,1,1,1,0,1,0,0,1,0,0,0,0,0,1,0,0,0,0,0
train,vgr_train_storage_cycle_05,1,1,1,0,0,0,0,0,0,0,1,1,1,1,0,1,0,0,1,0,0,0,0,0,1,0,0,0,0,0
train,vgr_train_storage_cycle_05,1,1,1,0,0,0,0,0,0,0,1,1,1,1,0,1,0,0,1,0,0,0,0,0,1,0,0,0,0,0
train,vgr_train_storage_cycle_05,1,1,1,0,0,0,0,0,0,0,1,1,1,1,0,1,0,0,1,0,0,0,0,0,1,0,0,0,0,0
train,vgr_train_storage_cycle_05,1,1,1,0,0,0,0,0,0,0,1,1,1,1,0,1,0,0,1,0,0,0,0,0,1,0,0,0,0,0
train,vgr_train_storage_cycle_05,1,1,1,0,0,0,0,0,0,0,1,1,1,1,0,1,0,0,1,0,0,0,0,0,1,0,0,0,0,0
train,vgr_train_storage_cycle_05,1,1,1,0,0,0,0,0,0,0,1,1,1,1,0,1,0,0,1,0,0,0,0,0,1,0,0,0,0,0
train,vgr_train_storage_cycle_05,1,1,1,0,0,0,0,0,0,0,1,1,1,1,0,1,0,0,1,0,0,0,0,0,1,0,0,0,0,0
train,vgr_train_storage_cycle_05,1,1,1,0,0,0,0,0,0,0,1,1,1,1,0,1,0,0,0,0,0,0,0,0,1,0,0,0,0,101
train,vgr_train_storage_cycle_05,0,0,0,0,0,1,1,395,25,32,1,1,1,1,0,1,0,0,1,0,0,0,0,0,1,0,0,0,0,102
train,vgr_train_storage_cycle_05,0,0,0,0,0,1,1,1448,905,704,0,1,1,0,0,1,1754,5201,1,0,0,0,0,0,1,0,0,0,0,103
train,vgr_train_storage_cycle_05,0,0,0,0,0,1,1,2462,157,426,0,1,1,0,0,1,1386,5201,1,0,0,0,0,0,1,0,0,0,0,102
train,vgr_train_storage_cycle_05,0,0,0,0,0,1,1,1448,903,706,0,0,1,0,1,0,2800,17,1,0,0,0,0,0,1,0,0,0,0,104
train,vgr_train_storage_cycle_05,1,0,0,0,0,1,1,0,607,5351,0,1,0,0,1,0,2800,17,1,0,0,0,0,0,1,0,0,0,0,105
train,vgr_train_storage_cycle_05,0,0,0,0,0,0,0,399,607,5351,0,1,0,0,1,0,2800,17,1,0,0,0,0,0,1,0,0,0,0,0
train,vgr_train_storage_cycle_05,0,0,0,0,0,0,0,399,607,5351,0,0,1,0,1,0,2800,17,1,0,0,0,0,0,1,0,0,0,0,0
train,vgr_train_storage_cycle_05,0,0,0,0,0,0,0,399,607,5351,0,1,1,0,0,1,1383,5198,1,0,0,0,0,0,1,0,0,0,0,0
train,vgr_train_storage_cycle_05,0,0,0,0,0,0,0,399,607,5351,0,1,1,0,0,1,1752,5198,1,0,0,0,0,0,1,0,0,0,0,301
train,vgr_train_storage_cycle_05,1,1,1,0,0,0,0,0,0,0,1,1,1,1,0,1,0,0,1,0,0,0,0,0,0,1,0,0,0,0
train,vgr_train_storage_cycle_05,1,1,1,0,0,0,0,0,0,0,1,1,1,1,0,1,0,0,1,0,0,0,0,0,0,1,0,0,0,0
train,vgr_train_storage_cycle_05,1,1,1,0,0,0,0,0,0,0,1,1,1,1,0,1,0,0,1,0,0,0,0,0,0,1,0,0,0,0
train,vgr_train_storage_cycle_05,1,1,1,0,0,0,0,0,0,0,1,1,1,1,0,1,0,0,1,0,0,0,0,0,0,1,0,0,0,0
train,vgr_train_storage_cycle_05,1,1,1,0,0,0,0,0,0,0,1,1,1,1,0,1,0,0,1,0,0,0,0,0,0,1,0,0,0,0
train,vgr_train_storage_cycle_05,1,1,1,0,0,0,0,0,0,0,1,1,1,1,0,1,0,0,1,0,0,0,0,0,0,1,0,0,0,0
train,vgr_train_storage_cycle_05,1,1,1,0,0,0,0,0,0,0,1,1,1,1,0,1,0,0,1,0,0,0,0,0,0,1,0,0,0,0
train,vgr_train_storage_cycle_05,1,1,1,0,0,0,0,0,0,0,1,1,1,1,0,1,0,0,1,0,0,0,0,0,0,1,0,0,0,0
train,vgr_train_storage_cycle_05,1,1,1,0,0,0,0,0,0,0,1,1,1,1,0,1,0,0,1,0,0,0,0,0,0,1,0,0,0,0
train,vgr_train_storage_cycle_05,1,1,1,0,0,0,0,0,0,0,1,1,1,1,0,1,0,0,1,0,0,0,0,0,0,1,0,0,0,0
train,vgr_train_storage_cycle_05,1,1,1,0,0,0,0,0,0,0,1,1,1,1,0,1,0,0,1,0,0,0,0,0,0,1,0,0,0,0
train,vgr_train_storage_cycle_05,1,1,1,0,0,0,0,0,0,0,1,1,1,1,0,1,0,0,1,0,0,0,0,0,0,1,0,0,0,0
train,vgr_train_storage_cycle_05,1,1,1,0,0,0,0,0,0,0,1,1,1,1,0,1,0,0,1,0,0,0,0,0,0,1,0,0,0,0
train,vgr_train_storage_cycle_05,1,1,1,0,0,0,0,0,0,0,1,1,1,1,0,1,0,0,1,0,0,0,0,0,0,1,0,0,0,0
train,vgr_train_storage_cycle_05,1,1,1,0,0,0,0,0,0,0,1,1,1,1,0,1,0,0,1,0,0,0,0,0,0,1,0,0,0,0
train,vgr_train_storage_cycle_05,1,1,1,0,0,0,0,0,0,0,1,1,1,1,0,1,0,0,1,0,0,0,0,0,0,1,0,0,0,0
train,vgr_train_storage_cycle_05,1,1,1,0,0,0,0,0,0,0,1,1,1,1,0,1,0,0,1,0,0,0,0,0,0,1,0,0,0,0
train,vgr_train_storage_cycle_05,1,1,1,0,0,0,0,0,0,0,1,1,1,1,0,1,0,0,1,0,0,0,0,0,0,1,0,0,0,0
train,vgr_train_storage_cycle_05,1,1,1,0,0,0,0,0,0,0,1,1,1,1,0,1,0,0,0,0,0,0,0,0,0,1,0,0,0,101
train,vgr_train_storage_cycle_05,0,0,0,0,0,1,1,396,26,33,1,1,1,1,0,1,0,0,1,0,0,0,0,0,0,1,0,0,0,102
train,vgr_train_storage_cycle_05,0,0,0,0,0,1,1,1451,908,704,0,1,1,0,0,1,3253,5199,1,0,0,0,0,0,0,1,0,0,0,103
train,vgr_train_storage_cycle_05,0,0,0,0,0,1,1,2458,156,423,0,1,1,0,0,1,2883,5199,1,0,0,0,0,0,0,1,0,0,0,102
train,vgr_train_storage_cycle_05,0,0,0,0,0,1,1,1448,908,703,0,0,1,0,1,0,2802,17,1,0,0,0,0,0,0,1,0,0,0,104
train,vgr_train_storage_cycle_05,1,0,0,0,0,1,1,0,604,5352,0,1,0,0,1,0,2802,17,1,0,0,0,0,0,0,1,0,0,0,105
train,vgr_train_storage_cycle_05,0,0,0,0,0,0,0,400,604,5352,0,1,0,0,1,0,2802,17,1,0,0,0,0,0,0,1,0,0,0,0
train,vgr_train_storage_cycle_05,0,0,0,0,0,0,0,400,604,5352,0,0,1,0,1,0,2802,17,1,0,0,0,0,0,0,1,0,0,0,0
train,vgr_train_storage_cycle_05,0,0,0,0,0,0,0,400,604,5352,0,1,1,0,0,1,2881,5198,1,0,0,0,0,0,0,1,0,0,0,0
train,vgr_train_storage_cycle_05,0,0,0,0,0,0,0,400,604,5352,0,1,1,0,0,1,3250,5198,1,0,0,0,0,0,0,1,0,0,0,301
train,vgr_train_storage_cycle_05,1,1,1,0,0,0,0,0,0,0,1,1,1,1,0,1,0,0,1,0,0,0,0,0,0,0,1,0,0,0
train,vgr_train_storage_cycle_05,1,1,1,0,0,0,0,0,0,0,1,1,1,1,0,1,0,0,1,0,0,0,0,0,0,0,1,0,0,0
train,vgr_train_storage_cycle_05,1,1,1,0,0,0,0,0,0,0,1,1,1,1,0,1,0,0,0,0,0,0,0,0,0,0,1,0,0,101
train,vgr_train_storage_cycle_05,0,0,0,0,0,1,1,398,26,33,1,1,1,1,0,1,0,0,1,0,0,0,0,0,0,0,1,0,0,102
train,vgr_train_storage_cycle_05,0,0,0,0,0,1,1,1453,906,705,0,1,1,0,0,1,399,7560,1,0,0,0,0,0,0,0,1,0,0,103
train,vgr_train_storage_cycle_05,0,0,0,0,0,1,1,2460,157,426,0,1,1,0,0,1,36,7560,1,0,0,0,0,0,0,0,1,0,0,102
train,vgr_train_storage_cycle_05,0,0,0,0,0,1,1,1450,909,700,0,0,1,0,1,0,2802,17,1,0,0,0,0,0,0,0,1,0,0,104
train,vgr_train_storage_cycle_05,1,0,0,0,0,1,1,0,603,5350,0,1,0,0,1,0,2802,17,1,0,0,0,0,0,0,0,1,0,0,105
train,vgr_train_storage_cycle_05,0,0,0,0,0,0,0,400,603,5350,0,1,0,0,1,0,2802,17,1,0,0,0,0,0,0,0,1,0,0,0
train,vgr_train_storage_cycle_05,0,0,0,0,0,0,0,400,603,5350,0,0,1,0,1,0,2802,17,1,0,0,0,0,0,0,0,1,0,0,0
train,vgr_train_storage_cycle_05,0,0,0,0,0,0,0,400,603,5350,0,1,1,0,0,1,34,7559,1,0,0,0,0,0,0,0,1,0,0,0
train,vgr_train_storage_cycle_05,0,0,0,0,0,0,0,400,603,5350,0,1,1,0,0,1,403,7559,1,0,0,0,0,0,0,0,1,0,0,301
train,vgr_train_storage_cycle_05,1,1,1,0,0,0,0,0,0,0,1,1,1,1,0,1,0,0,1,0,0,0,0,0,0,0,0,1,0,0
train,vgr_train_storage_cycle_05,1,1,1,0,0,0,0,0,0,0,1,1,1,1,0,1,0,0,1,0,0,0,0,0,0,0,0,1,0,0
train,vgr_train_storage_cycle_05,1,1,1,0,0,0,0,0,0,0,1,1,1,1,0,1,0,0,1,0,0,0,0,0,0,0,0,1,0,0
train,vgr_train_storage_cycle_05,1,1,1,0,0,0,0,0,0,0,1,1,1,1,0,1,0,0,1,0,0,0,0,0,0,0,0,1,0,0
train,vgr_train_storage_cycle_05,1,1,1,0,0,0,0,0,0,0,1,1,1,1,0,1,0,0,1,0,0,0,0,0,0,0,0,1,0,0
train,vgr_train_storage_cycle_05,1,1,1,0,0,0,0,0,0,0,1,1,1,1,0,1,0,0,1,0,0,0,0,0,0,0,0,1,0,0
train,vgr_train_storage_cycle_05,1,1,1,0,0,0,0,0,0,0,1,1,1,1,0,1,0,0,1,0,0,0,0,0,0,0,0,1,0,0
train,vgr_train_storage_cycle_05,1,1,1,0,0,0,0,0,0,0,1,1,1,1,0,1,0,0,1,0,0,0,0,0,0,0,0,1,0,0
train,vgr_train_storage_cycle_05,1,1,1,0,0,0,0,0,0,0,1,1,1,1,0,1,0,0,1,0,0,0,0,0,0,0,0,1,0,0
train,vgr_train_storage_cycle_05,1,1,1,0,0,0,0,0,0,0,1,1,1,1,0,1,0,0,1,0,0,0,0,0,0,0,0,1,0,0
train,vgr_train_storage_cycle_05,1,1,1,0,0,0,0,0,0,0,1,1,1,1,0,1,0,0,1,0,0,0,0,0,0,0,0,1,0,0
train,vgr_train_storage_cycle_05,1,1,1,0,0,0,0,0,0,0,1,1,1,1,0,1,0,0,1,0,0,0,0,0,0,0,0,1,0,0
train,vgr_train_storage_cycle_05,1,1,1,0,0,0,0,0,0,0,1,1,1,1,0,1,0,0,1,0,0,0,0,0,0,0,0,1,0,0
train,vgr_train_storage_cycle_05,1,1,1,0,0,0,0,0,0,0,1,1,1,1,0,1,0,0,1,0,0,0,0,0,0,0,0,1,0,0
train,vgr_train_storage_cycle_05,1,1,1,0,0,0,0,0,0,0,1,1,1,1,0,1,0,0,0,0,0,0,0,0,0,0,0,1,0,101
train,vgr_train_storage_cycle_05,0,0,0,0,0,1,1,390,26,32,1,1,1,1,0,1,0,0,1,0,0,0,0,0,0,0,0,1,0,102
train,vgr_train_storage_cycle_05,0,0,0,0,0,1,1,1447,906,700,0,1,1,0,0,1,1754,7559,1,0,0,0,0,0,0,0,0,1,0,103
train,vgr_train_storage_cycle_05,0,0,0,0,0,1,1,2456,156,424,0,1,1,0,0,1,1386,7559,1,0,0,0,0,0,0,0,0,1,0,102
train,vgr_train_storage_cycle_05,0,0,0,0,0,1,1,1446,904,703,0,0,1,0,1,0,2804,17,1,0,0,0,0,0,0,0,0,1,0,104
train,vgr_train_storage_cycle_05,1,0,0,0,0,1,1,0,606,5351,0,1,0,0,1,0,2804,17,1,0,0,0,0,0,0,0,0,1,0,105
train,vgr_train_storage_cycle_05,0,0,0,0,0,0,0,401,606,5351,0,1,0,0,1,0,2804,17,1,0,0,0,0,0,0,0,0,1,0,0
train,vgr_train_storage_cycle_05,0,0,0,0,0,0,0,401,606,5351,0,0,1,0,1,0,2804,17,1,0,0,0,0,0,0,0,0,1,0,0
train,vgr_train_storage_cycle_05,0,0,0,0,0,0,0,401,606,5351,0,1,1,0,0,1,1383,7559,1,0,0,0,0,0,0,0,0,1,0,0
train,vgr_train_storage_cycle_05,0,0,0,0,0,0,0,401,606,5351,0,1,1,0,0,1,1751,7559,1,0,0,0,0,0,0,0,0,1,0,301
train,vgr_train_storage_cycle_05,1,1,1,0,0,0,0,0,0,0,1,1,1,1,0,1,0,0,1,0,0,0,0,0,0,0,0,0,1,0
train,vgr_train_storage_cycle_05,1,1,1,0,0,0,0,0,0,0,1,1,1,1,0,1,0,0,1,0,0,0,0,0,0,0,0,0,1,0
train,vgr_train_storage_cycle_05,1,1,1,0,0,0,0,0,0,0,1,1,1,1,0,1,0,0,1,0,0,0,0,0,0,0,0,0,1,0
train,vgr_train_storage_cycle_05,1,1,1,0,0,0,0,0,0,0,1,1,1,1,0,1,0,0,1,0,0,0,0,0,0,0,0,0,1,0
train,vgr_train_storage_cycle_05,1,1,1,0,0,0,0,0,0,0,1,1,1,1,0,1,0,0,0,0,0,0,0,0,0,0,0,0,1,101
train,vgr_train_storage_cycle_05,0,0,0,0,0,1,1,396,26,34,1,1,1,1,0,1,0,0,1,0,0,0,0,0,0,0,0,0,1,102
train,vgr_train_storage_cycle_05,0,0,0,0,0,1,1,1452,910,704,0,1,1,0,0,1,3250,7556,1,0,0,0,0,0,0,0,0,0,1,103
train,vgr_train_storage_cycle_05,0,0,0,0,0,1,1,2460,156,424,0,1,1,0,0,1,2887,7556,1,0,0,0,0,0,0,0,0,0,1,102
train,vgr_train_storage_cycle_05,0,0,0,0,0,1,1,1449,908,702,0,0,1,0,1,0,2802,19,1,0,0,0,0,0,0,0,0,0,1,104
train,vgr_train_storage_cycle_05,1,0,0,0,1,1,1,0,483,5348,0,1,0,0,1,0,2802,19,1,0,0,0,0,0,0,0,0,0,1,105
train,vgr_train_storage_cycle_05,0,0,0,0,0,0,0,398,608,5348,0,1,0,0,1,0,2802,19,1,0,0,0,0,0,0,0,0,0,1,0
train,vgr_train_storage_cycle_05,0,0,0,0,0,0,0,398,608,5348,0,0,1,0,1,0,2802,19,1,0,0,0,0,0,0,0,0,0,1,0
train,vgr_train_storage_cycle_05,0,0,0,0,0,0,0,398,608,5348,0,1,1,0,0,1,2883,7560,1,0,0,0,0,0,0,0,0,0,1,0
train,vgr_train_storage_cycle_05,0,0,0,0,0,0,0,398,608,5348,0,1,1,0,0,1,3252,7560,1,0,0,0,0,0,0,0,0,0,1,301
train,vgr_train_storage_cycle_05,1,1,1,0,0,0,0,0,0,0,1,1,1,1,0,1,0,0,1,1,0,0,0,0,0,0,0,0,0,0
train,vgr_train_storage_cycle_05,1,1,1,0,0,0,0,0,0,0,1,1,1,1,0,1,0,0,1,1,0,0,0,0,0,0,0,0,0,0
train,vgr_train_storage_cycle_05,1,1,1,0,0,0,0,0,0,0,1,1,1,1,0,1,0,0,1,1,0,0,0,0,0,0,0,0,0,0
train,vgr_train_storage_cycle_05,1,1,1,0,0,0,0,0,0,0,1,1,1,1,0,1,0,0,1,1,0,0,0,0,0,0,0,0,0,0
train,vgr_train_storage_cycle_05,1,1,1,0,0,0,0,0,0,0,1,1,1,1,0,1,0,0,1,1,0,0,0,0,0,0,0,0,0,0
train,vgr_train_storage_cycle_05,1,1,1,0,0,0,0,0,0,0,1,1,1,1,0,1,0,0,1,1,0,0,0,0,0,0,0,0,0,0
train,vgr_train_storage_cycle_05,1,1,1,0,0,0,0,0,0,0,1,1,1,1,0,1,0,0,1,1,0,0,0,0,0,0,0,0,0,0
train,vgr_train_storage_cycle_05,1,1,1,0,0,0,0,0,0,0,1,1,1,1,0,1,0,0,1,1,0,0,0,0,0,0,0,0,0,0
train,vgr_train_storage_cycle_05,1,1,1,0,0,0,0,0,0,0,1,1,1,1,0,1,0,0,1,1,0,0,0,0,0,0,0,0,0,0
train,vgr_train_storage_cycle_05,1,1,1,0,0,0,0,0,0,0,1,1,1,1,0,1,0,0,1,1,0,0,0,0,0,0,0,0,0,0
train,vgr_train_storage_cycle_05,1,1,1,0,0,0,0,0,0,0,1,1,1,1,0,1,0,0,1,1,0,0,0,0,0,0,0,0,0,0
train,vgr_train_storage_cycle_05,1,1,1,0,0,0,0,0,0,0,1,1,1,1,0,1,0,0,1,1,0,0,0,0,0,0,0,0,0,0
train,vgr_train_storage_cycle_05,1,1,1,0,0,0,0,0,0,0,1,1,1,1,0,1,0,0,1,1,0,0,0,0,0,0,0,0,0,0
train,vgr_train_storage_cycle_05,1,1,1,0,0,0,0,0,0,0,1,1,1,1,0,1,0,0,1,1,0,0,0,0,0,0,0,0,0,0
train,vgr_train_storage_cycle_05,1,1,1,0,0,0,0,0,0,0,1,1,1,1,0,1,0,0,1,1,0,0,0,0,0,0,0,0,0,0
train,vgr_train_storage_cycle_05,1,1,1,0,0,0,0,0,0,0,1,1,1,1,0,1,0,0,1,1,0,0,0,0,0,0,0,0,0,0
train,vgr_train_storage_cycle_05,1,1,1,0,0,0,0,0,0,0,1,1,1,1,0,1,0,0,1,1,0,0,0,0,0,0,0,0,0,0
train,vgr_train_storage_cycle_05,1,1,1,0,0,0,0,0,0,0,1,1,1,1,0,1,0,0,1,1,0,0,0,0,0,0,0,0,0,0
train,vgr_train_storage_cycle_05,1,1,1,0,0,0,0,0,0,0,1,1,1,1,0,1,0,0,1,1,0,0,0,0,0,0,0,0,0,0
train,vgr_train_storage_cycle_05,1,1,1,0,0,0,0,0,0,0,1,1,1,1,0,1,0,0,0,1,0,0,0,0,0,0,0,0,0,0
train,vgr_train_storage_cycle_05,1,1,1,0,0,0,0,0,0,0,1,1,1,1,0,1,0,0,1,1,0,0,0,0,0,0,0,0,0,0
train,vgr_train_storage_cycle_05,1,1,1,0,0,0,0,0,0,0,1,1,1,1,0,1,0,0,1,1,0,0,0,0,0,0,0,0,0,0
train,vgr_train_storage_cycle_05,1,1,1,0,0,0,0,0,0,0,1,1,1,1,0,1,0,0,1,1,0,0,0,0,0,0,0,0,0,0
train,vgr_train_storage_cycle_05,1,1,1,0,0,0,0,0,0,0,1,1,1,1,0,1,0,0,1,1,0,0,0,0,0,0,0,0,0,0
train,vgr_train_storage_cycle_05,1,1,1,0,0,0,0,0,0,0,1,1,1,1,0,1,0,0,1,1,0,0,0,0,0,0,0,0,0,0
train,vgr_train_storage_cycle_05,1,1,1,0,0,0,0,0,0,0,1,1,1,1,0,1,0,0,1,1,0,0,0,0,0,0,0,0,0,0
train,vgr_train_storage_cycle_05,1,1,1,0,0,0,0,0,0,0,1,1,1,1,0,1,0,0,1,1,0,0,0,0,0,0,0,0,0,0
train,vgr_train_storage_cycle_05,1,1,1,0,0,0,0,0,0,0,1,1,1,1,0,1,0,0,1,1,0,0,0,0,0,0,0,0,0,0
train,vgr_train_storage_cycle_05,1,1,1,0,0,0,0,0,0,0,1,1,1,1,0,1,0,0,1,1,0,0,0,0,0,0,0,0,0,0
train,vgr_train_storage_cycle_05,1,1,1,0,0,0,0,0,0,0,1,1,1,1,0,1,0,0,1,1,0,0,0,0,0,0,0,0,0,0
train,vgr_train_storage_cycle_05,1,1,1,0,0,0,0,0,0,0,1,1,1,1,0,1,0,0,1,1,0,0,0,0,0,0,0,0,0,0
train,vgr_train_storage_cycle_05,1,1,1,0,0,0,0,0,0,0,1,1,1,1,0,1,0,0,1,1,0,0,0,0,0,0,0,0,0,0
train,vgr_train_storage_cycle_05,1,1,1,0,0,0,0,0,0,0,1,1,1,1,0,1,0,0,1,1,0,0,0,0,0,0,0,0,0,0
train,vgr_train_storage_cycle_05,1,1,1,0,0,0,0,0,0,0,1,1,1,1,0,1,0,0,1,1,0,0,0,0,0,0,0,0,0,0
train,vgr_train_storage_cycle_05,1,1,1,0,0,0,0,0,0,0,1,1,1,1,0,1,0,0,1,1,0,0,0,0,0,0,0,0,0,0
train,vgr_train_storage_cycle_05,1,1,1,0,0,0,0,0,0,0,1,1,1,1,0,1,0,0,1,1,0,0,0,0,0,0,0,0,0,0
train,vgr_train_storage_cycle_05,1,1,1,0,0,0,0,0,0,0,1,1,1,1,0,1,0,0,1,1,0,0,0,0,0,0,0,0,0,0
train,vgr_train_storage_cycle_05,1,1,1,0,0,0,0,0,0,0,1,1,1,1,0,1,0,0,1,1,0,0,0,0,0,0,0,0,0,0
train,vgr_train_storage_cycle_05,1,1,1,0,0,0,0,0,0,0,1,1,1,1,0,1,0,0,1,1,0,0,0,0,0,0,0,0,0,0
train,vgr_train_storage_cycle_05,1,1,1,0,0,0,0,0,0,0,1,1,1,1,0,1,0,0,1,1,0,0,0,0,0,0,0,0,0,0
train,vgr_train_storage_cycle_05,1,1,1,0,0,0,0,0,0,0,1,1,1,1,0,1,0,0,0,1,0,0,0,0,0,0,0,0,0,0
train,vgr_train_storage_cycle_05,1,1,1,0,0,0,0,0,0,0,1,1,1,1,0,1,0,0,1,1,0,0,0,0,0,0,0,0,0,0
train,vgr_train_storage_cycle_05,1,1,1,0,0,0,0,0,0,0,1,1,1,1,0,1,0,0,1,1,0,0,0,0,0,0,0,0,0,0
train,vgr_train_storage_cycle_05,1,1,1,0,0,0,0,0,0,0,1,1,1,1,0,1,0,0,1,1,0,0,0,0,0,0,0,0,0,0
train,vgr_train_storage_cycle_05,1,1,1,0,0,0,0,0,0,0,1,1,1,1,0,1,0,0,1,1,0,0,0,0,0,0,0,0,0,0
train,vgr_train_storage_cycle_05,1,1,1,0,0,0,0,0,0,0,1,1,1,1,0,1,0,0,1,1,0,0,0,0,0,0,0,0,0,0
train,vgr_train_storage_cycle_05,1,1,1,0,0,0,0,0,0,0,1,1,1,1,0,1,0,0,1,1,0,0,0,0,0,0,0,0,0,0
train,vgr_train_storage_cycle_05,1,1,1,0,0,0,0,0,0,0,1,1,1,1,0,1,0,0,1,1,0,0,0,0,0,0,0,0,0,0
train,vgr_train_storage_cycle_05,1,1,1,0,0,0,0,0,0,0,1,1,1,1,0,1,0,0,1,1,0,0,0,0,0,0,0,0,0,0
train,vgr_train_storage_cycle_05,1,1,1,0,0,0,0,0,0,0,1,1,1,1,0,1,0,0,1,1,0,0,0,0,0,0,0,0,0,0
train,vgr_train_storage_cycle_05,1,1,1,0,0,0,0,0,0,0,1,1,1,1,0,1,0,0,1,1,0,0,0,0,0,0,0,0,0,0
train,vgr_train_storage_cycle_05,1,1,1,0,0,0,0,0,0,0,1,1,1,1,0,1,0,0,1,1,0,0,0,0,0,0,0,0,0,0
train,vgr_train_storage_cycle_05,1,1,1,0,0,0,0,0,0,0,1,1,1,1,0,1,0,0,1,1,0,0,0,0,0,0,0,0,0,0
train,vgr_train_storage_cycle_05,1,1,1,0,0,0,0,0,0,0,1,1,1,1,0,1,0,0,1,1,0,0,0,0,0,0,0,0,0,0
train,vgr_train_storage_cycle_05,1,1,1,0,0,0,0,0,0,0,1,1,1,1,0,1,0,0,0,1,0,0,0,0,0,0,0,0,0,0
train,vgr_train_storage_cycle_05,1,1,1,0,0,0,0,0,0,0,1,1,1,1,0,1,0,0,1,1,0,0,0,0,0,0,0,0,0,0
train,vgr_train_storage_cycle_05,1,1,1,0,0,0,0,0,0,0,1,1,1,1,0,1,0,0,1,1,0,0,0,0,0,0,0,0,0,0
train,vgr_train_storage_cycle_05,1,1,1,0,0,0,0,0,0,0,1,1,1,1,0,1,0,0,1,1,0,0,0,0,0,0,0,0,0,0
train,vgr_train_storage_cycle_05,1,1,1,0,0,0,0,0,0,0,1,1,1,1,0,1,0,0,1,1,0,0,0,0,0,0,0,0,0,0
train,vgr_train_storage_cycle_05,1,1,1,0,0,0,0,0,0,0,1,1,1,1,0,1,0,0,1,1,0,0,0,0,0,0,0,0,0,0
train,vgr_train_storage_cycle_05,1,1,1,0,0,0,0,0,0,0,1,1,1,1,0,1,0,0,1,1,0,0,0,0,0,0,0,0,0,0
train,vgr_train_storage_cycle_05,1,1,1,0,0,0,0,0,0,0,1,1,1,1,0,1,0,0,0,1,0,0,0,0,0,0,0,0,0,0
train,vgr_train_storage_cycle_05,1,1,1,0,0,0,0,0,0,0,1,1,1,1,0,1,0,0,1,1,0,0,0,0,0,0,0,0,0,0
train,vgr_train_storage_cycle_05,1,1,1,0,0,0,0,0,0,0,1,1,1,1,0,1,0,0,1,1,0,0,0,0,0,0,0,0,0,0
train,vgr_train_storage_cycle_05,1,1,1,0,0,0,0,0,0,0,1,1,1,1,0,1,0,0,1,1,0,0,0,0,0,0,0,0,0,0
train,vgr_train_storage_cycle_05,1,1,1,0,0,0,0,0,0,0,1,1,1,1,0,1,0,0,0,1,0,0,0,0,0,0,0,0,0,0
train,vgr_train_storage_cycle_05,1,1,1,0,0,0,0,0,0,0,1,1,1,1,0,1,0,0,1,1,0,0,0,0,0,0,0,0,0,0
train,vgr_train_storage_cycle_05,1,1,1,0,0,0,0,0,0,0,1,1,1,1,0,1,0,0,1,1,0,0,0,0,0,0,0,0,0,0
train,vgr_train_storage_cycle_05,1,1,1,0,0,0,0,0,0,0,1,1,1,1,0,1,0,0,1,1,0,0,0,0,0,0,0,0,0,0
train,vgr_train_storage_cycle_05,1,1,1,0,0,0,0,0,0,0,1,1,1,1,0,1,0,0,1,1,0,0,0,0,0,0,0,0,0,0
train,vgr_train_storage_cycle_05,1,1,1,0,0,0,0,0,0,0,1,1,1,1,0,1,0,0,1,1,0,0,0,0,0,0,0,0,0,0
train,vgr_train_storage_cycle_05,1,1,1,0,0,0,0,0,0,0,1,1,1,1,0,1,0,0,1,1,0,0,0,0,0,0,0,0,0,0
train,vgr_train_storage_cycle_05,1,1,1,0,0,0,0,0,0,0,1,1,1,1,0,1,0,0,1,1,0,0,0,0,0,0,0,0,0,0
train,vgr_train_storage_cycle_05,1,1,1,0,0,0,0,0,0,0,1,1,1,1,0,1,0,0,1,1,0,0,0,0,0,0,0,0,0,0
train,vgr_train_storage_cycle_05,1,1,1,0,0,0,0,0,0,0,1,1,1,1,0,1,0,0,1,1,0,0,0,0,0,0,0,0,0,0
train,vgr_train_storage_cycle_05,1,1,1,0,0,0,0,0,0,0,1,1,1,1,0,1,0,0,1,1,0,0,0,0,0,0,0,0,0,0
train,vgr_train_storage_cycle_05,1,1,1,0,0,0,0,0,0,0,1,1,1,1,0,1,0,0,1,1,0,0,0,0,0,0,0,0,0,0
train,vgr_train_storage_cycle_05,1,1,1,0,0,0,0,0,0,0,1,1,1,1,0,1,0,0,1,1,0,0,0,0,0,0,0,0,0,0
train,vgr_train_storage_cycle_05,1,1,1,0,0,0,0,0,0,0,1,1,1,1,0,1,0,0,1,1,0,0,0,0,0,0,0,0,0,0
train,vgr_train_storage_cycle_05,1,1,1,0,0,0,0,0,0,0,1,1,1,1,0,1,0,0,1,1,0,0,0,0,0,0,0,0,0,0
train,vgr_train_storage_cycle_05,1,1,1,0,0,0,0,0,0,0,1,1,1,1,0,1,0,0,1,1,0,0,0,0,0,0,0,0,0,0
train,vgr_train_storage_cycle_05,1,1,1,0,0,0,0,0,0,0,1,1,1,1,0,1,0,0,0,1,0,0,0,0,0,0,0,0,0,0
train,vgr_train_storage_cycle_05,1,1,1,0,0,0,0,0,0,0,1,1,1,1,0,1,0,0,1,1,0,0,0,0,0,0,0,0,0,0
train,vgr_train_storage_cycle_05,1,1,1,0,0,0,0,0,0,0,1,1,1,1,0,1,0,0,1,1,0,0,0,0,0,0,0,0,0,0
train,vgr_train_storage_cycle_05,1,1,1,0,0,0,0,0,0,0,1,1,1,1,0,1,0,0,1,1,0,0,0,0,0,0,0,0,0,0
train,vgr_train_storage_cycle_05,1,1,1,0,0,0,0,0,0,0,1,1,1,1,0,1,0,0,1,1,0,0,0,0,0,0,0,0,0,0
train,vgr_train_storage_cycle_05,1,1,1,0,0,0,0,0,0,0,1,1,1,1,0,1,0,0,1,1,0,0,0,0,0,0,0,0,0,0
train,vgr_train_storage_cycle_05,1,1,1,0,0,0,0,0,0,0,1,1,1,1,0,1,0,0,1,1,0,0,0,0,0,0,0,0,0,0
train,vgr_train_storage_cycle_05,1,1,1,0,0,0,0,0,0,0,1,1,1,1,0,1,0,0,1,1,0,0,0,0,0,0,0,0,0,0
train,vgr_train_storage_cycle_05,1,1,1,0,0,0,0,0,0,0,1,1,1,1,0,1,0,0,1,1,0,0,0,0,0,0,0,0,0,0
train,vgr_train_storage_cycle_05,1,1,1,0,0,0,0,0,0,0,1,1,1,1,0,1,0,0,1,1,0,0,0,0,0,0,0,0,0,0
train,vgr_train_storage_cycle_05,1,1,1,0,0,0,0,0,0,0,1,1,1,1,0,1,0,0,1,1,0,0,0,0,0,0,0,0,0,0
train,vgr_train_storage_cycle_05,1,1,1,0,0,0,0,0,0,0,1,1,1,1,0,1,0,0,1,1,0,0,0,0,0,0,0,0,0,0
train,vgr_train_storage_cycle_05,1,1,1,0,0,0,0,0,0,0,1,1,1,1,0,1,0,0,1,1,0,0,0,0,0,0,0,0,0,0
train,vgr_train_storage_cycle_05,1,1,1,0,0,0,0,0,0,0,1,1,1,1,0,1,0,0,1,1,0,0,0,0,0,0,0,0,0,0
train,vgr_train_storage_cycle_05,1,1,1,0,0,0,0,0,0,0,1,1,1,1,0,1,0,0,1,1,0,0,0,0,0,0,0,0,0,0
train,vgr_train_storage_cycle_05,1,1,1,0,0,0,0,0,0,0,1,1,1,1,0,1,0,0,1,1,0,0,0,0,0,0,0,0,0,0
train,vgr_train_storage_cycle_05,1,1,1,0,0,0,0,0,0,0,1,1,1,1,0,1,0,0,1,1,0,0,0,0,0,0,0,0,0,0
train,vgr_train_storage_cycle_05,1,1,1,0,0,0,0,0,0,0,1,1,1,1,0,1,0,0,1,1,0,0,0,0,0,0,0,0,0,0
train,vgr_train_storage_cycle_05,1,1,1,0,0,0,0,0,0,0,1,1,1,1,0,1,0,0,1,1,0,0,0,0,0,0,0,0,0,0
train,vgr_train_storage_cycle_05,1,1,1,0,0,0,0,0,0,0,1,1,1,1,0,1,0,0,0,1,0,0,0,0,0,0,0,0,0,0
train,vgr_train_storage_cycle_05,1,1,1,0,0,0,0,0,0,0,1,1,1,1,0,1,0,0,1,1,0,0,0,0,0,0,0,0,0,0
train,vgr_train_storage_cycle_05,1,1,1,0,0,0,0,0,0,0,1,1,1,1,0,1,0,0,1,1,0,0,0,0,0,0,0,0,0,0
train,vgr_train_storage_cycle_05,1,1,1,0,0,0,0,0,0,0,1,1,1,1,0,1,0,0,1,1,0,0,0,0,0,0,0,0,0,0
train,vgr_train_storage_cycle_05,1,1,1,0,0,0,0,0,0,0,1,1,1,1,0,1,0,0,1,1,0,0,0,0,0,0,0,0,0,0
train,vgr_train_storage_cycle_05,1,1,1,0,0,0,0,0,0,0,1,1,1,1,0,1,0,0,1,1,0,0,0,0,0,0,0,0,0,0
train,vgr_train_storage_cycle_05,1,1,1,0,0,0,0,0,0,0,1,1,1,1,0,1,0,0,1,1,0,0,0,0,0,0,0,0,0,0
train,vgr_train_storage_cycle_05,1,1,1,0,0,0,0,0,0,0,1,1,1,1,0,1,0,0,1,1,0,0,0,0,0,0,0,0,0,0
train,vgr_train_storage_cycle_05,1,1,1,0,0,0,0,0,0,0,1,1,1,1,0,1,0,0,1,1,0,0,0,0,0,0,0,0,0,0
train,vgr_train_storage_cycle_05,1,1,1,0,0,0,0,0,0,0,1,1,1,1,0,1,0,0,1,1,0,0,0,0,0,0,0,0,0,0
train,vgr_train_storage_cycle_05,1,1,1,0,0,0,0,0,0,0,1,1,1,1,0,1,0,0,1,1,0,0,0,0,0,0,0,0,0,0
train,vgr_train_storage_cycle_05,1,1,1,0,0,0,0,0,0,0,1,1,1,1,0,1,0,0,1,1,0,0,0,0,0,0,0,0,0,0
train,vgr_train_storage_cycle_05,1,1,1,0,0,0,0,0,0,0,1,1,1,1,0,1,0,0,0,1,0,0,0,0,0,0,0,0,0,0
train,vgr_train_storage_cycle_05,1,1,1,0,0,0,0,0,0,0,1,1,1,1,0,1,0,0,1,1,0,0,0,0,0,0,0,0,0,0
train,vgr_train_storage_cycle_05,1,1,1,0,0,0,0,0,0,0,1,1,1,1,0,1,0,0,1,1,0,0,0,0,0,0,0,0,0,0
train,vgr_train_storage_cycle_05,1,1,1,0,0,0,0,0,0,0,1,1,1,1,0,1,0,0,1,1,0,0,0,0,0,0,0,0,0,0
train,vgr_train_storage_cycle_05,1,1,1,0,0,0,0,0,0,0,1,1,1,1,0,1,0,0,1,1,0,0,0,0,0,0,0,0,0,0
train,vgr_train_storage_cycle_05,1,1,1,0,0,0,0,0,0,0,1,1,1,1,0,1,0,0,1,1,0,0,0,0,0,0,0,0,0,0
train,vgr_train_storage_cycle_05,1,1,1,0,0,0,0,0,0,0,1,1,1,1,0,1,0,0,1,1,0,0,0,0,0,0,0,0,0,0
train,vgr_train_storage_cycle_05,1,1,1,0,0,0,0,0,0,0,1,1,1,1,0,1,0,0,1,1,0,0,0,0,0,0,0,0,0,0
train,vgr_train_storage_cycle_05,1,1,1,0,0,0,0,0,0,0,1,1,1,1,0,1,0,0,1,1,0,0,0,0,0,0,0,0,0,0
train,vgr_train_storage_cycle_05,1,1,1,0,0,0,0,0,0,0,1,1,1,1,0,1,0,0,1,1,0,0,0,0,0,0,0,0,0,0
train,vgr_train_storage_cycle_05,1,1,1,0,0,0,0,0,0,0,1,1,1,1,0,1,0,0,1,1,0,0,0,0,0,0,0,0,0,0
train,vgr_train_storage_cycle_05,1,1,1,0,0,0,0,0,0,0,1,1,1,1,0,1,0,0,1,1,0,0,0,0,0,0,0,0,0,0
train,vgr_train_storage_cycle_05,1,1,1,0,0,0,0,0,0,0,1,1,1,1,0,1,0,0,0,1,0,0,0,0,0,0,0,0,0,0
train,vgr_train_storage_cycle_05,1,1,1,0,0,0,0,0,0,0,1,1,1,1,0,1,0,0,1,1,0,0,0,0,0,0,0,0,0,0
train,vgr_train_storage_cycle_05,1,1,1,0,0,0,0,0,0,0,1,1,1,1,0,1,0,0,1,1,0,0,0,0,0,0,0,0,0,0
train,vgr_train_storage_cycle_05,1,1,1,0,0,0,0,0,0,0,1,1,1,1,0,1,0,0,1,1,0,0,0,0,0,0,0,0,0,0
train,vgr_train_storage_cycle_05,1,1,1,0,0,0,0,0,0,0,1,1,1,1,0,1,0,0,1,1,0,0,0,0,0,0,0,0,0,0
train,vgr_train_storage_cycle_05,1,1,1,0,0,0,0,0,0,0,1,1,1,1,0,1,0,0,1,1,0,0,0,0,0,0,0,0,0,0
train,vgr_train_storage_cycle_05,1,1,1,0,0,0,0,0,0,0,1,1,1,1,0,1,0,0,1,1,0,0,0,0,0,0,0,0,0,0
train,vgr_train_storage_cycle_05,1,1,1,0,0,0,0,0,0,0,1,1,1,1,0,1,0,0,1,1,0,0,0,0,0,0,0,0,0,0
train,vgr_train_storage_cycle_05,1,1,1,0,0,0,0,0,0,0,1,1,1,1,0,1,0,0,1,1,0,0,0,0,0,0,0,0,0,0
train,vgr_train_storage_cycle_05,1,1,1,0,0,0,0,0,0,0,1,1,1,1,0,1,0,0,1,1,0,0,0,0,0,0,0,0,0,0
train,vgr_train_storage_cycle_05,1,1,1,0,0,0,0,0,0,0,1,1,1,1,0,1,0,0,1,1,0,0,0,0,0,0,0,0,0,0
train,vgr_train_storage_cycle_05,1,1,1,0,0,0,0,0,0,0,1,1,1,1,0,1,0,0,1,1,0,0,0,0,0,0,0,0,0,0
train,vgr_train_storage_cycle_05,1,1,1,0,0,0,0,0,0,0,1,1,1,1,0,1,0,0,1,1,0,0,0,0,0,0,0,0,0,0
train,vgr_train_storage_cycle_05,1,1,1,0,0,0,0,0,0,0,1,1,1,1,0,1,0,0,1,1,0,0,0,0,0,0,0,0,0,0
train,vgr_train_storage_cycle_05,1,1,1,0,0,0,0,0,0,0,1,1,1,1,0,1,0,0,1,1,0,0,0,0,0,0,0,0,0,0
train,vgr_train_storage_cycle_05,1,1,1,0,0,0,0,0,0,0,1,1,1,1,0,1,0,0,1,1,0,0,0,0,0,0,0,0,0,0
train,vgr_train_storage_cycle_05,1,1,1,0,0,0,0,0,0,0,1,1,1,1,0,1,0,0,1,1,0,0,0,0,0,0,0,0,0,0
train,vgr_train_storage_cycle_05,1,1,1,0,0,0,0,0,0,0,1,1,1,1,0,1,0,0,1,1,0,0,0,0,0,0,0,0,0,0
train,vgr_train_storage_cycle_05,1,1,1,0,0,0,0,0,0,0,1,1,1,1,0,1,0,0,1,1,0,0,0,0,0,0,0,0,0,0
train,vgr_train_storage_cycle_05,1,1,1,0,0,0,0,0,0,0,1,1,1,1,0,1,0,0,1,1,0,0,0,0,0,0,0,0,0,0
test,vgr_test_storage_cycle_01,1,1,1,0,0,0,0,0,0,0,1,1,1,1,0,1,0,0,1,0,1,0,0,0,0,0,0,0,0,0
test,vgr_test_storage_cycle_01,1,1,1,0,0,0,0,0,0,0,1,1,1,1,0,1,0,0,1,0,1,0,0,0,0,0,0,0,0,0
test,vgr_test_storage_cycle_01,1,1,1,0,0,0,0,0,0,0,1,1,1,1,0,1,0,0,1,0,1,0,0,0,0,0,0,0,0,0
test,vgr_test_storage_cycle_01,1,1,1,0,0,0,0,0,0,0,1,1,1,1,0,1,0,0,1,0,1,0,0,0,0,0,0,0,0,0
test,vgr_test_storage_cycle_01,1,1,1,0,0,0,0,0,0,0,1,1,1,1,0,1,0,0,1,0,1,0,0,0,0,0,0,0,0,0
test,vgr_test_storage_cycle_01,1,1,1,0,0,0,0,0,0,0,1,1,1,1,0,1,0,0,1,0,1,0,0,0,0,0,0,0,0,0
test,vgr_test_storage_cycle_01,1,1,1,0,0,0,0,0,0,0,1,1,1,1,0,1,0,0,1,0,1,0,0,0,0,0,0,0,0,0
test,vgr_test_storage_cycle_01,1,1,1,0,0,0,0,0,0,0,1,1,1,1,0,1,0,0,1,0,1,0,0,0,0,0,0,0,0,0
test,vgr_test_storage_cycle_01,1,1,1,0,0,0,0,0,0,0,1,1,1,1,0,1,0,0,1,0,1,0,0,0,0,0,0,0,0,0
test,vgr_test_storage_cycle_01,1,1,1,0,0,0,0,0,0,0,1,1,1,1,0,1,0,0,1,0,1,0,0,0,0,0,0,0,0,0
test,vgr_test_storage_cycle_01,1,1,1,0,0,0,0,0,0,0,1,1,1,1,0,1,0,0,0,0,1,0,0,0,0,0,0,0,0,101
test,vgr_test_storage_cycle_01,0,0,0,0,0,1,1,391,26,32,1,1,1,1,0,1,0,0,1,0,1,0,0,0,0,0,0,0,0,102
test,vgr_test_storage_cycle_01,0,0,0,0,0,1,1,1451,908,704,0,1,1,0,0,1,404,2869,1,0,1,0,0,0,0,0,0,0,0,103
test,vgr_test_storage_cycle_01,0,0,0,0,0,1,1,2453,160,428,0,1,1,0,0,1,37,2869,1,0,1,0,0,0,0,0,0,0,0,102
test,vgr_test_storage_cycle_01,0,0,0,0,0,1,1,1447,905,706,0,0,1,0,1,0,2799,16,1,0,1,0,0,0,0,0,0,0,0,104
test,vgr_test_storage_cycle_01,1,0,0,1,1,1,1,0,604,5348,0,1,0,0,1,0,2799,16,1,0,1,0,0,0,0,0,0,0,0,105
test,vgr_test_storage_cycle_01,0,0,0,0,0,0,0,398,604,5348,0,1,0,0,1,0,2799,16,1,0,1,0,0,0,0,0,0,0,0,0
test,vgr_test_storage_cycle_01,0,0,0,0,0,0,0,398,604,5348,0,0,1,0,1,0,2799,16,1,0,1,0,0,0,0,0,0,0,0,0
test,vgr_test_storage_cycle_01,0,0,0,0,0,0,0,398,604,5348,0,1,1,0,0,1,35,2870,1,0,1,0,0,0,0,0,0,0,0,0
test,vgr_test_storage_cycle_01,0,0,0,0,0,0,0,398,604,5348,0,1,1,0,0,1,402,2870,1,0,1,0,0,0,0,0,0,0,0,301
test,vgr_test_storage_cycle_01,1,1,1,0,0,0,0,0,0,0,1,1,1,1,0,1,0,0,1,0,0,1,0,0,0,0,0,0,0,0
test,vgr_test_storage_cycle_01,1,1,1,0,0,0,0,0,0,0,1,1,1,1,0,1,0,0,1,0,0,1,0,0,0,0,0,0,0,0
test,vgr_test_storage_cycle_01,1,1,1,0,0,0,0,0,0,0,1,1,1,1,0,1,0,0,1,0,0,1,0,0,0,0,0,0,0,0
test,vgr_test_storage_cycle_01,1,1,1,0,0,0,0,0,0,0,1,1,1,1,0,1,0,0,1,0,0,1,0,0,0,0,0,0,0,0
test,vgr_test_storage_cycle_01,1,1,1,0,0,0,0,0,0,0,1,1,1,1,0,1,0,0,1,0,0,1,0,0,0,0,0,0,0,0
test,vgr_test_storage_cycle_01,1,1,1,0,0,0,0,0,0,0,1,1,1,1,0,1,0,0,1,0,0,1,0,0,0,0,0,0,0,0
test,vgr_test_storage_cycle_01,1,1,1,0,0,0,0,0,0,0,1,1,1,1,0,1,0,0,1,0,0,1,0,0,0,0,0,0,0,0
test,vgr_test_storage_cycle_01,1,1,1,0,0,0,0,0,0,0,1,1,1,1,0,1,0,0,1,0,0,1,0,0,0,0,0,0,0,0
test,vgr_test_storage_cycle_01,1,1,1,0,0,0,0,0,0,0,1,1,1,1,0,1,0,0,1,0,0,1,0,0,0,0,0,0,0,0
test,vgr_test_storage_cycle_01,1,1,1,0,0,0,0,0,0,0,1,1,1,1,0,1,0,0,1,0,0,1,0,0,0,0,0,0,0,0
test,vgr_test_storage_cycle_01,1,1,1,0,0,0,0,0,0,0,1,1,1,1,0,1,0,0,1,0,0,1,0,0,0,0,0,0,0,0
test,vgr_test_storage_cycle_01,1,1,1,0,0,0,0,0,0,0,1,1,1,1,0,1,0,0,1,0,0,1,0,0,0,0,0,0,0,0
test,vgr_test_storage_cycle_01,1,1,1,0,0,0,0,0,0,0,1,1,1,1,0,1,0,0,1,0,0,1,0,0,0,0,0,0,0,0
test,vgr_test_storage_cycle_01,1,1,1,0,0,0,0,0,0,0,1,1,1,1,0,1,0,0,1,0,0,1,0,0,0,0,0,0,0,0
test,vgr_test_storage_cycle_01,1,1,1,0,0,0,0,0,0,0,1,1,1,1,0,1,0,0,1,0,0,1,0,0,0,0,0,0,0,0
test,vgr_test_storage_cycle_01,1,1,1,0,0,0,0,0,0,0,1,1,1,1,0,1,0,0,1,0,0,1,0,0,0,0,0,0,0,0
test,vgr_test_storage_cycle_01,1,1,1,0,0,0,0,0,0,0,1,1,1,1,0,1,0,0,1,0,0,1,0,0,0,0,0,0,0,0
test,vgr_test_storage_cycle_01,1,1,1,0,0,0,0,0,0,0,1,1,1,1,0,1,0,0,1,0,0,1,0,0,0,0,0,0,0,0
test,vgr_test_storage_cycle_01,1,1,1,0,0,0,0,0,0,0,1,1,1,1,0,1,0,0,1,0,0,1,0,0,0,0,0,0,0,0
test,vgr_test_storage_cycle_01,1,1,1,0,0,0,0,0,0,0,1,1,1,1,0,1,0,0,1,0,0,1,0,0,0,0,0,0,0,0
test,vgr_test_storage_cycle_01,1,1,1,0,0,0,0,0,0,0,1,1,1,1,0,1,0,0,0,0,0,1,0,0,0,0,0,0,0,101
test,vgr_test_storage_cycle_01,0,0,0,0,0,1,1,394,26,33,1,1,1,1,0,1,0,0,1,0,0,1,0,0,0,0,0,0,0,102
test,vgr_test_storage_cycle_01,0,0,0,0,0,1,1,1452,904,703,0,1,1,0,0,1,1753,2869,1,0,0,1,0,0,0,0,0,0,0,103
test,vgr_test_storage_cycle_01,0,0,0,0,0,1,1,2456,156,426,0,1,1,0,0,1,1382,2869,1,0,0,1,0,0,0,0,0,0,0,102
test,vgr_test_storage_cycle_01,0,0,0,0,0,1,1,1449,908,702,0,0,1,0,1,0,2804,16,1,0,0,1,0,0,0,0,0,0,0,104
test,vgr_test_storage_cycle_01,1,0,0,1,1,1,1,0,608,5348,0,1,0,0,1,0,2804,16,1,0,0,1,0,0,0,0,0,0,0,105
test,vgr_test_storage_cycle_01,0,0,0,0,0,0,0,403,608,5348,0,1,0,0,1,0,2804,16,1,0,0,1,0,0,0,0,0,0,0,0
test,vgr_test_storage_cycle_01,0,0,0,0,0,0,0,403,608,5348,0,0,1,0,1,0,2804,16,1,0,0,1,0,0,0,0,0,0,0,0
test,vgr_test_storage_cycle_01,0,0,0,0,0,0,0,403,608,5348,0,1,1,0,0,1,1385,2870,1,0,0,1,0,0,0,0,0,0,0,0
test,vgr_test_storage_cycle_01,0,0,0,0,0,0,0,403,608,5348,0,1,1,0,0,1,1748,2870,1,0,0,1,0,0,0,0,0,0,0,301
test,vgr_test_storage_cycle_01,1,1,1,0,0,0,0,0,0,0,1,1,1,1,0,1,0,0,1,0,0,0,1,0,0,0,0,0,0,0
test,vgr_test_storage_cycle_01,1,1,1,0,0,0,0,0,0,0,1,1,1,1,0,1,0,0,1,0,0,0,1,0,0,0,0,0,0,0
test,vgr_test_storage_cycle_01,1,1,1,0,0,0,0,0,0,0,1,1,1,1,0,1,0,0,1,0,0,0,1,0,0,0,0,0,0,0
test,vgr_test_storage_cycle_01,1,1,1,0,0,0,0,0,0,0,1,1,1,1,0,1,0,0,1,0,0,0,1,0,0,0,0,0,0,0
test,vgr_test_storage_cycle_01,1,1,1,0,0,0,0,0,0,0,1,1,1,1,0,1,0,0,1,0,0,0,1,0,0,0,0,0,0,0
test,vgr_test_storage_cycle_01,1,1,1,0,0,0,0,0,0,0,1,1,1,1,0,1,0,0,1,0,0,0,1,0,0,0,0,0,0,0
test,vgr_test_storage_cycle_01,1,1,1,0,0,0,0,0,0,0,1,1,1,1,0,1,0,0,1,0,0,0,1,0,0,0,0,0,0,0
test,vgr_test_storage_cycle_01,1,1,1,0,0,0,0,0,0,0,1,1,1,1,0,1,0,0,1,0,0,0,1,0,0,0,0,0,0,0
test,vgr_test_storage_cycle_01,1,1,1,0,0,0,0,0,0,0,1,1,1,1,0,1,0,0,1,0,0,0,1,0,0,0,0,0,0,0
test,vgr_test_storage_cycle_01,1,1,1,0,0,0,0,0,0,0,1,1,1,1,0,1,0,0,1,0,0,0,1,0,0,0,0,0,0,0
test,vgr_test_storage_cycle_01,1,1,1,0,0,0,0,0,0,0,1,1,1,1,0,1,0,0,1,0,0,0,1,0,0,0,0,0,0,0
test,vgr_test_storage_cycle_01,1,1,1,0,0,0,0,0,0,0,1,1,1,1,0,1,0,0,1,0,0,0,1,0,0,0,0,0,0,0
test,vgr_test_storage_cycle_01,1,1,1,0,0,0,0,0,0,0,1,1,1,1,0,1,0,0,1,0,0,0,1,0,0,0,0,0,0,0
test,vgr_test_storage_cycle_01,1,1,1,0,0,0,0,0,0,0,1,1,1,1,0,1,0,0,1,0,0,0,1,0,0,0,0,0,0,0
test,vgr_test_storage_cycle_01,1,1,1,0,0,0,0,0,0,0,1,1,1,1,0,1,0,0,1,0,0,0,1,0,0,0,0,0,0,0
test,vgr_test_storage_cycle_01,1,1,1,0,0,0,0,0,0,0,1,1,1,1,0,1,0,0,1,0,0,0,1,0,0,0,0,0,0,0
test,vgr_test_storage_cycle_01,1,1,1,0,0,0,0,0,0,0,1,1,1,1,0,1,0,0,1,0,0,0,1,0,0,0,0,0,0,0
test,vgr_test_storage_cycle_01,1,1,1,0,0,0,0,0,0,0,1,1,1,1,0,1,0,0,0,0,0,0,1,0,0,0,0,0,0,101
test,vgr_test_storage_cycle_01,0,0,0,0,0,1,1,397,25,33,1,1,1,1,0,1,0,0,1,0,0,0,1,0,0,0,0,0,0,102
test,vgr_test_storage_cycle_01,0,0,0,0,0,1,1,1449,905,702,0,1,1,0,0,1,3252,2869,1,0,0,0,1,0,0,0,0,0,0,103
test,vgr_test_storage_cycle_01,0,0,0,0,0,1,1,2455,152,426,0,1,1,0,0,1,2885,2869,1,0,0,0,1,0,0,0,0,0,0,102
test,vgr_test_storage_cycle_01,0,0,0,0,0,1,1,1448,910,704,0,0,1,0,1,0,2799,18,1,0,0,0,1,0,0,0,0,0,0,104
test,vgr_test_storage_cycle_01,1,0,0,1,1,1,1,0,604,5348,0,1,0,0,1,0,2799,18,1,0,0,0,1,0,0,0,0,0,0,105
test,vgr_test_storage_cycle_01,0,0,0,0,0,0,0,396,604,5348,0,1,0,0,1,0,2799,18,1,0,0,0,1,0,0,0,0,0,0,0
test,vgr_test_storage_cycle_01,0,0,0,0,0,0,0,396,604,5348,0,0,1,0,1,0,2799,18,1,0,0,0,1,0,0,0,0,0,0,0
test,vgr_test_storage_cycle_01,0,0,0,0,0,0,0,396,604,5348,0,1,1,0,0,1,2878,2870,1,0,0,0,1,0,0,0,0,0,0,0
test,vgr_test_storage_cycle_01,0,0,0,0,0,0,0,396,604,5348,0,1,1,0,0,1,3250,2870,1,0,0,0,1,0,0,0,0,0,0,301
test,vgr_test_storage_cycle_01,1,1,1,0,0,0,0,0,0,0,1,1,1,1,0,1,0,0,1,0,0,0,0,1,0,0,0,0,0,0
test,vgr_test_storage_cycle_01,1,1,1,0,0,0,0,0,0,0,1,1,1,1,0,1,0,0,1,0,0,0,0,1,0,0,0,0,0,0
test,vgr_test_storage_cycle_01,1,1,1,0,0,0,0,0,0,0,1,1,1,1,0,1,0,0,1,0,0,0,0,1,0,0,0,0,0,0
test,vgr_test_storage_cycle_01,1,1,1,0,0,0,0,0,0,0,1,1,1,1,0,1,0,0,1,0,0,0,0,1,0,0,0,0,0,0
test,vgr_test_storage_cycle_01,1,1,1,0,0,0,0,0,0,0,1,1,1,1,0,1,0,0,1,0,0,0,0,1,0,0,0,0,0,0
test,vgr_test_storage_cycle_01,1,1,1,0,0,0,0,0,0,0,1,1,1,1,0,1,0,0,1,0,0,0,0,1,0,0,0,0,0,0
test,vgr_test_storage_cycle_01,1,1,1,0,0,0,0,0,0,0,1,1,1,1,0,1,0,0,1,0,0,0,0,1,0,0,0,0,0,0
test,vgr_test_storage_cycle_01,1,1,1,0,0,0,0,0,0,0,1,1,1,1,0,1,0,0,1,0,0,0,0,1,0,0,0,0,0,0
test,vgr_test_storage_cycle_01,1,1,1,0,0,0,0,0,0,0,1,1,1,1,0,1,0,0,1,0,0,0,0,1,0,0,0,0,0,0
test,vgr_test_storage_cycle_01,1,1,1,0,0,0,0,0,0,0,1,1,1,1,0,1,0,0,1,0,0,0,0,1,0,0,0,0,0,0
test,vgr_test_storage_cycle_01,1,1,1,0,0,0,0,0,0,0,1,1,1,1,0,1,0,0,1,0,0,0,0,1,0,0,0,0,0,0
test,vgr_test_storage_cycle_01,1,1,1,0,0,0,0,0,0,0,1,1,1,1,0,1,0,0,1,0,0,0,0,1,0,0,0,0,0,0
test,vgr_test_storage_cycle_01,1,1,1,0,0,0,0,0,0,0,1,1,1,1,0,1,0,0,1,0,0,0,0,1,0,0,0,0,0,0
test,vgr_test_storage_cycle_01,1,1,1,0,0,0,0,0,0,0,1,1,1,1,0,1,0,0,0,0,0,0,0,1,0,0,0,0,0,101
test,vgr_test_storage_cycle_01,0,0,0,0,0,1,1,394,25,29,1,1,1,1,0,1,0,0,1,0,0,0,0,1,0,0,0,0,0,102
test,vgr_test_storage_cycle_01,0,0,0,0,0,1,1,1449,905,703,0,1,1,0,0,1,399,5199,1,0,0,0,0,1,0,0,0,0,0,103
test,vgr_test_storage_cycle_01,0,0,0,0,0,1,1,2454,157,424,0,1,1,0,0,1,32,5199,1,0,0,0,0,1,0,0,0,0,0,102
test,vgr_test_storage_cycle_01,0,0,0,0,0,1,1,1446,907,699,0,0,1,0,1,0,2803,17,1,0,0,0,0,1,0,0,0,0,0,104
test,vgr_test_storage_cycle_01,1,0,0,0,0,1,1,0,605,5349,0,1,0,0,1,0,2803,17,1,0,0,0,0,1,0,0,0,0,0,105
test,vgr_test_storage_cycle_01,0,0,0,0,0,0,0,400,605,5349,0,1,0,0,1,0,2803,17,1,0,0,0,0,1,0,0,0,0,0,0
test,vgr_test_storage_cycle_01,0,0,0,0,0,0,0,400,605,5349,0,0,1,0,1,0,2803,17,1,0,0,0,0,1,0,0,0,0,0,0
test,vgr_test_storage_cycle_01,0,0,0,0,0,0,0,400,605,5349,0,1,1,0,0,1,35,5199,1,0,0,0,0,1,0,0,0,0,0,0
test,vgr_test_storage_cycle_01,0,0,0,0,0,0,0,400,605,5349,0,1,1,0,0,1,401,5199,1,0,0,0,0,1,0,0,0,0,0,301
test,vgr_test_storage_cycle_01,1,1,1,0,0,0,0,0,0,0,1,1,1,1,0,1,0,0,1,0,0,0,0,0,1,0,0,0,0,0
test,vgr_test_storage_cycle_01,1,1,1,0,0,0,0,0,0,0,1,1,1,1,0,1,0,0,0,0,0,0,0,0,1,0,0,0,0,101
test,vgr_test_storage_cycle_01,0,0,0,0,0,1,1,395,25,32,1,1,1,1,0,1,0,0,1,0,0,0,0,0,1,0,0,0,0,102
test,vgr_test_storage_cycle_01,0,0,0,0,0,1,1,1448,905,704,0,1,1,0,0,1,1754,5201,1,0,0,0,0,0,1,0,0,0,0,103
test,vgr_test_storage_cycle_01,0,0,0,0,0,1,1,2462,157,426,0,1,1,0,0,1,1386,5201,1,0,0,0,0,0,1,0,0,0,0,102
test,vgr_test_storage_cycle_01,0,0,0,0,0,1,1,1448,903,706,0,0,1,0,1,0,2800,17,1,0,0,0,0,0,1,0,0,0,0,104
test,vgr_test_storage_cycle_01,1,0,0,0,0,1,1,0,607,5351,0,1,0,0,1,0,2800,17,1,0,0,0,0,0,1,0,0,0,0,105
test,vgr_test_storage_cycle_01,0,0,0,0,0,0,0,399,607,5351,0,1,0,0,1,0,2800,17,1,0,0,0,0,0,1,0,0,0,0,0
test,vgr_test_storage_cycle_01,0,0,0,0,0,0,0,399,607,5351,0,0,1,0,1,0,2800,17,1,0,0,0,0,0,1,0,0,0,0,0
test,vgr_test_storage_cycle_01,0,0,0,0,0,0,0,399,607,5351,0,1,1,0,0,1,1383,5198,1,0,0,0,0,0,1,0,0,0,0,0
test,vgr_test_storage_cycle_01,0,0,0,0,0,0,0,399,607,5351,0,1,1,0,0,1,1752,5198,1,0,0,0,0,0,1,0,0,0,0,301
test,vgr_test_storage_cycle_01,1,1,1,0,0,0,0,0,0,0,1,1,1,1,0,1,0,0,1,0,0,0,0,0,0,1,0,0,0,0
test,vgr_test_storage_cycle_01,1,1,1,0,0,0,0,0,0,0,1,1,1,1,0,1,0,0,1,0,0,0,0,0,0,1,0,0,0,0
test,vgr_test_storage_cycle_01,1,1,1,0,0,0,0,0,0,0,1,1,1,1,0,1,0,0,1,0,0,0,0,0,0,1,0,0,0,0
test,vgr_test_storage_cycle_01,1,1,1,0,0,0,0,0,0,0,1,1,1,1,0,1,0,0,1,0,0,0,0,0,0,1,0,0,0,0
test,vgr_test_storage_cycle_01,1,1,1,0,0,0,0,0,0,0,1,1,1,1,0,1,0,0,1,0,0,0,0,0,0,1,0,0,0,0
test,vgr_test_storage_cycle_01,1,1,1,0,0,0,0,0,0,0,1,1,1,1,0,1,0,0,1,0,0,0,0,0,0,1,0,0,0,0
test,vgr_test_storage_cycle_01,1,1,1,0,0,0,0,0,0,0,1,1,1,1,0,1,0,0,1,0,0,0,0,0,0,1,0,0,0,0
test,vgr_test_storage_cycle_01,1,1,1,0,0,0,0,0,0,0,1,1,1,1,0,1,0,0,1,0,0,0,0,0,0,1,0,0,0,0
test,vgr_test_storage_cycle_01,1,1,1,0,0,0,0,0,0,0,1,1,1,1,0,1,0,0,0,0,0,0,0,0,0,1,0,0,0,101
test,vgr_test_storage_cycle_01,0,0,0,0,0,1,1,396,26,33,1,1,1,1,0,1,0,0,1,0,0,0,0,0,0,1,0,0,0,102
test,vgr_test_storage_cycle_01,0,0,0,0,0,1,1,1451,908,704,0,1,1,0,0,1,3253,5199,1,0,0,0,0,0,0,1,0,0,0,103
test,vgr_test_storage_cycle_01,0,0,0,0,0,1,1,2458,156,423,0,1,1,0,0,1,2883,5199,1,0,0,0,0,0,0,1,0,0,0,102
test,vgr_test_storage_cycle_01,0,0,0,0,0,1,1,1448,908,703,0,0,1,0,1,0,2802,17,1,0,0,0,0,0,0,1,0,0,0,104
test,vgr_test_storage_cycle_01,1,0,0,0,0,1,1,0,604,5352,0,1,0,0,1,0,2802,17,1,0,0,0,0,0,0,1,0,0,0,105
test,vgr_test_storage_cycle_01,0,0,0,0,0,0,0,400,604,5352,0,1,0,0,1,0,2802,17,1,0,0,0,0,0,0,1,0,0,0,0
test,vgr_test_storage_cycle_01,0,0,0,0,0,0,0,400,604,5352,0,0,1,0,1,0,2802,17,1,0,0,0,0,0,0,1,0,0,0,0
test,vgr_test_storage_cycle_01,0,0,0,0,0,0,0,400,604,5352,0,1,1,0,0,1,2881,5198,1,0,0,0,0,0,0,1,0,0,0,0
test,vgr_test_storage_cycle_01,0,0,0,0,0,0,0,400,604,5352,0,1,1,0,0,1,3250,5198,1,0,0,0,0,0,0,1,0,0,0,301
test,vgr_test_storage_cycle_01,1,1,1,0,0,0,0,0,0,0,1,1,1,1,0,1,0,0,1,0,0,0,0,0,0,0,1,0,0,0
test,vgr_test_storage_cycle_01,1,1,1,0,0,0,0,0,0,0,1,1,1,1,0,1,0,0,1,0,0,0,0,0,0,0,1,0,0,0
test,vgr_test_storage_cycle_01,1,1,1,0,0,0,0,0,0,0,1,1,1,1,0,1,0,0,1,0,0,0,0,0,0,0,1,0,0,0
test,vgr_test_storage_cycle_01,1,1,1,0,0,0,0,0,0,0,1,1,1,1,0,1,0,0,1,0,0,0,0,0,0,0,1,0,0,0
test,vgr_test_storage_cycle_01,1,1,1,0,0,0,0,0,0,0,1,1,1,1,0,1,0,0,1,0,0,0,0,0,0,0,1,0,0,0
test,vgr_test_storage_cycle_01,1,1,1,0,0,0,0,0,0,0,1,1,1,1,0,1,0,0,0,0,0,0,0,0,0,0,1,0,0,101
test,vgr_test_storage_cycle_01,0,0,0,0,0,1,1,398,26,33,1,1,1,1,0,1,0,0,1,0,0,0,0,0,0,0,1,0,0,102
test,vgr_test_storage_cycle_01,0,0,0,0,0,1,1,1453,906,705,0,1,1,0,0,1,399,7560,1,0,0,0,0,0,0,0,1,0,0,103
test,vgr_test_storage_cycle_01,0,0,0,0,0,1,1,2460,157,426,0,1,1,0,0,1,36,7560,1,0,0,0,0,0,0,0,1,0,0,102
test,vgr_test_storage_cycle_01,0,0,0,0,0,1,1,1450,909,700,0,0,1,0,1,0,2802,17,1,0,0,0,0,0,0,0,1,0,0,104
test,vgr_test_storage_cycle_01,1,0,0,0,0,1,1,0,603,5350,0,1,0,0,1,0,2802,17,1,0,0,0,0,0,0,0,1,0,0,105
test,vgr_test_storage_cycle_01,0,0,0,0,0,0,0,400,603,5350,0,1,0,0,1,0,2802,17,1,0,0,0,0,0,0,0,1,0,0,0
test,vgr_test_storage_cycle_01,0,0,0,0,0,0,0,400,603,5350,0,0,1,0,1,0,2802,17,1,0,0,0,0,0,0,0,1,0,0,0
test,vgr_test_storage_cycle_01,0,0,0,0,0,0,0,400,603,5350,0,1,1,0,0,1,34,7559,1,0,0,0,0,0,0,0,1,0,0,0
test,vgr_test_storage_cycle_01,0,0,0,0,0,0,0,400,603,5350,0,1,1,0,0,1,403,7559,1,0,0,0,0,0,0,0,1,0,0,301
test,vgr_test_storage_cycle_01,1,1,1,0,0,0,0,0,0,0,1,1,1,1,0,1,0,0,1,0,0,0,0,0,0,0,0,1,0,0
test,vgr_test_storage_cycle_01,1,1,1,0,0,0,0,0,0,0,1,1,1,1,0,1,0,0,1,0,0,0,0,0,0,0,0,1,0,0
test,vgr_test_storage_cycle_01,1,1,1,0,0,0,0,0,0,0,1,1,1,1,0,1,0,0,0,0,0,0,0,0,0,0,0,1,0,101
test,vgr_test_storage_cycle_01,0,0,0,0,0,1,1,390,26,32,1,1,1,1,0,1,0,0,1,0,0,0,0,0,0,0,0,1,0,102
test,vgr_test_storage_cycle_01,0,0,0,0,0,1,1,1447,906,700,0,1,1,0,0,1,1754,7559,1,0,0,0,0,0,0,0,0,1,0,103
test,vgr_test_storage_cycle_01,0,0,0,0,0,1,1,2456,156,424,0,1,1,0,0,1,1386,7559,1,0,0,0,0,0,0,0,0,1,0,102
test,vgr_test_storage_cycle_01,0,0,0,0,0,1,1,1446,904,703,0,0,1,0,1,0,2804,17,1,0,0,0,0,0,0,0,0,1,0,104
test,vgr_test_storage_cycle_01,1,0,0,0,0,1,1,0,606,5351,0,1,0,0,1,0,2804,17,1,0,0,0,0,0,0,0,0,1,0,105
test,vgr_test_storage_cycle_01,0,0,0,0,0,0,0,401,606,5351,0,1,0,0,1,0,2804,17,1,0,0,0,0,0,0,0,0,1,0,0
test,vgr_test_storage_cycle_01,0,0,0,0,0,0,0,401,606,5351,0,0,1,0,1,0,2804,17,1,0,0,0,0,0,0,0,0,1,0,0
test,vgr_test_storage_cycle_01,0,0,0,0,0,0,0,401,606,5351,0,1,1,0,0,1,1383,7559,1,0,0,0,0,0,0,0,0,1,0,0
test,vgr_test_storage_cycle_01,0,0,0,0,0,0,0,401,606,5351,0,1,1,0,0,1,1751,7559,1,0,0,0,0,0,0,0,0,1,0,301
test,vgr_test_storage_cycle_01,1,1,1,0,0,0,0,0,0,0,1,1,1,1,0,1,0,0,1,0,0,0,0,0,0,0,0,0,1,0
test,vgr_test_storage_cycle_01,1,1,1,0,0,0,0,0,0,0,1,1,1,1,0,1,0,0,1,0,0,0,0,0,0,0,0,0,1,0
test,vgr_test_storage_cycle_01,1,1,1,0,0,0,0,0,0,0,1,1,1,1,0,1,0,0,1,0,0,0,0,0,0,0,0,0,1,0
test,vgr_test_storage_cycle_01,1,1,1,0,0,0,0,0,0,0,1,1,1,1,0,1,0,0,0,0,0,0,0,0,0,0,0,0,1,101
test,vgr_test_storage_cycle_01,0,0,0,0,0,1,1,396,26,34,1,1,1,1,0,1,0,0,1,0,0,0,0,0,0,0,0,0,1,102
test,vgr_test_storage_cycle_01,0,0,0,0,0,1,1,1452,910,704,0,1,1,0,0,1,3250,7556,1,0,0,0,0,0,0,0,0,0,1,103
test,vgr_test_storage_cycle_01,0,0,0,0,0,1,1,2460,156,424,0,1,1,0,0,1,2887,7556,1,0,0,0,0,0,0,0,0,0,1,102
test,vgr_test_storage_cycle_01,0,0,0,0,0,1,1,1449,908,702,0,0,1,0,1,0,2802,19,1,0,0,0,0,0,0,0,0,0,1,104
test,vgr_test_storage_cycle_01,1,0,0,0,1,1,1,0,483,5348,0,1,0,0,1,0,2802,19,1,0,0,0,0,0,0,0,0,0,1,105
test,vgr_test_storage_cycle_01,0,0,0,0,0,0,0,398,608,5348,0,1,0,0,1,0,2802,19,1,0,0,0,0,0,0,0,0,0,1,0
test,vgr_test_storage_cycle_01,0,0,0,0,0,0,0,398,608,5348,0,0,1,0,1,0,2802,19,1,0,0,0,0,0,0,0,0,0,1,0
test,vgr_test_storage_cycle_01,0,0,0,0,0,0,0,398,608,5348,0,1,1,0,0,1,2883,7560,1,0,0,0,0,0,0,0,0,0,1,0
test,vgr_test_storage_cycle_01,0,0,0,0,0,0,0,398,608,5348,0,1,1,0,0,1,3252,7560,1,0,0,0,0,0,0,0,0,0,1,301
test,vgr_test_storage_cycle_01,1,1,1,0,0,0,0,0,0,0,1,1,1,1,0,1,0,0,1,1,0,0,0,0,0,0,0,0,0,0
test,vgr_test_storage_cycle_01,1,1,1,0,0,0,0,0,0,0,1,1,1,1,0,1,0,0,1,1,0,0,0,0,0,0,0,0,0,0
test,vgr_test_storage_cycle_01,1,1,1,0,0,0,0,0,0,0,1,1,1,1,0,1,0,0,1,1,0,0,0,0,0,0,0,0,0,0
test,vgr_test_storage_cycle_01,1,1,1,0,0,0,0,0,0,0,1,1,1,1,0,1,0,0,1,1,0,0,0,0,0,0,0,0,0,0
test,vgr_test_storage_cycle_01,1,1,1,0,0,0,0,0,0,0,1,1,1,1,0,1,0,0,1,1,0,0,0,0,0,0,0,0,0,0
test,vgr_test_storage_cycle_01,1,1,1,0,0,0,0,0,0,0,1,1,1,1,0,1,0,0,1,1,0,0,0,0,0,0,0,0,0,0
test,vgr_test_storage_cycle_01,1,1,1,0,0,0,0,0,0,0,1,1,1,1,0,1,0,0,1,1,0,0,0,0,0,0,0,0,0,0
test,vgr_test_storage_cycle_01,1,1,1,0,0,0,0,0,0,0,1,1,1,1,0,1,0,0,1,1,0,0,0,0,0,0,0,0,0,0
test,vgr_test_storage_cycle_01,1,1,1,0,0,0,0,0,0,0,1,1,1,1,0,1,0,0,1,1,0,0,0,0,0,0,0,0,0,0
test,vgr_test_storage_cycle_01,1,1,1,0,0,0,0,0,0,0,1,1,1,1,0,1,0,0,1,1,0,0,0,0,0,0,0,0,0,0
test,vgr_test_storage_cycle_01,1,1,1,0,0,0,0,0,0,0,1,1,1,1,0,1,0,0,0,1,0,0,0,0,0,0,0,0,0,0
test,vgr_test_storage_cycle_01,1,1,1,0,0,0,0,0,0,0,1,1,1,1,0,1,0,0,1,1,0,0,0,0,0,0,0,0,0,0
test,vgr_test_storage_cycle_01,1,1,1,0,0,0,0,0,0,0,1,1,1,1,0,1,0,0,1,1,0,0,0,0,0,0,0,0,0,0
test,vgr_test_storage_cycle_01,1,1,1,0,0,0,0,0,0,0,1,1,1,1,0,1,0,0,1,1,0,0,0,0,0,0,0,0,0,0
test,vgr_test_storage_cycle_01,1,1,1,0,0,0,0,0,0,0,1,1,1,1,0,1,0,0,1,1,0,0,0,0,0,0,0,0,0,0
test,vgr_test_storage_cycle_01,1,1,1,0,0,0,0,0,0,0,1,1,1,1,0,1,0,0,1,1,0,0,0,0,0,0,0,0,0,0
test,vgr_test_storage_cycle_01,1,1,1,0,0,0,0,0,0,0,1,1,1,1,0,1,0,0,1,1,0,0,0,0,0,0,0,0,0,0
test,vgr_test_storage_cycle_01,1,1,1,0,0,0,0,0,0,0,1,1,1,1,0,1,0,0,1,1,0,0,0,0,0,0,0,0,0,0
test,vgr_test_storage_cycle_01,1,1,1,0,0,0,0,0,0,0,1,1,1,1,0,1,0,0,1,1,0,0,0,0,0,0,0,0,0,0
test,vgr_test_storage_cycle_01,1,1,1,0,0,0,0,0,0,0,1,1,1,1,0,1,0,0,1,1,0,0,0,0,0,0,0,0,0,0
test,vgr_test_storage_cycle_01,1,1,1,0,0,0,0,0,0,0,1,1,1,1,0,1,0,0,1,1,0,0,0,0,0,0,0,0,0,0
test,vgr_test_storage_cycle_01,1,1,1,0,0,0,0,0,0,0,1,1,1,1,0,1,0,0,1,1,0,0,0,0,0,0,0,0,0,0
test,vgr_test_storage_cycle_01,1,1,1,0,0,0,0,0,0,0,1,1,1,1,0,1,0,0,1,1,0,0,0,0,0,0,0,0,0,0
test,vgr_test_storage_cycle_01,1,1,1,0,0,0,0,0,0,0,1,1,1,1,0,1,0,0,1,1,0,0,0,0,0,0,0,0,0,0
test,vgr_test_storage_cycle_01,1,1,1,0,0,0,0,0,0,0,1,1,1,1,0,1,0,0,1,1,0,0,0,0,0,0,0,0,0,0
test,vgr_test_storage_cycle_01,1,1,1,0,0,0,0,0,0,0,1,1,1,1,0,1,0,0,1,1,0,0,0,0,0,0,0,0,0,0
test,vgr_test_storage_cycle_01,1,1,1,0,0,0,0,0,0,0,1,1,1,1,0,1,0,0,0,1,0,0,0,0,0,0,0,0,0,0
test,vgr_test_storage_cycle_01,1,1,1,0,0,0,0,0,0,0,1,1,1,1,0,1,0,0,1,1,0,0,0,0,0,0,0,0,0,0
test,vgr_test_storage_cycle_01,1,1,1,0,0,0,0,0,0,0,1,1,1,1,0,1,0,0,1,1,0,0,0,0,0,0,0,0,0,0
test,vgr_test_storage_cycle_01,1,1,1,0,0,0,0,0,0,0,1,1,1,1,0,1,0,0,1,1,0,0,0,0,0,0,0,0,0,0
test,vgr_test_storage_cycle_01,1,1,1,0,0,0,0,0,0,0,1,1,1,1,0,1,0,0,1,1,0,0,0,0,0,0,0,0,0,0
test,vgr_test_storage_cycle_01,1,1,1,0,0,0,0,0,0,0,1,1,1,1,0,1,0,0,1,1,0,0,0,0,0,0,0,0,0,0
test,vgr_test_storage_cycle_01,1,1,1,0,0,0,0,0,0,0,1,1,1,1,0,1,0,0,1,1,0,0,0,0,0,0,0,0,0,0
test,vgr_test_storage_cycle_01,1,1,1,0,0,0,0,0,0,0,1,1,1,1,0,1,0,0,1,1,0,0,0,0,0,0,0,0,0,0
test,vgr_test_storage_cycle_01,1,1,1,0,0,0,0,0,0,0,1,1,1,1,0,1,0,0,1,1,0,0,0,0,0,0,0,0,0,0
test,vgr_test_storage_cycle_01,1,1,1,0,0,0,0,0,0,0,1,1,1,1,0,1,0,0,1,1,0,0,0,0,0,0,0,0,0,0
test,vgr_test_storage_cycle_01,1,1,1,0,0,0,0,0,0,0,1,1,1,1,0,1,0,0,1,1,0,0,0,0,0,0,0,0,0,0
test,vgr_test_storage_cycle_01,1,1,1,0,0,0,0,0,0,0,1,1,1,1,0,1,0,0,1,1,0,0,0,0,0,0,0,0,0,0
test,vgr_test_storage_cycle_01,1,1,1,0,0,0,0,0,0,0,1,1,1,1,0,1,0,0,1,1,0,0,0,0,0,0,0,0,0,0
test,vgr_test_storage_cycle_01,1,1,1,0,0,0,0,0,0,0,1,1,1,1,0,1,0,0,1,1,0,0,0,0,0,0,0,0,0,0
test,vgr_test_storage_cycle_01,1,1,1,0,0,0,0,0,0,0,1,1,1,1,0,1,0,0,0,1,0,0,0,0,0,0,0,0,0,0
test,vgr_test_storage_cycle_01,1,1,1,0,0,0,0,0,0,0,1,1,1,1,0,1,0,0,1,1,0,0,0,0,0,0,0,0,0,0
test,vgr_test_storage_cycle_01,1,1,1,0,0,0,0,0,0,0,1,1,1,1,0,1,0,0,1,1,0,0,0,0,0,0,0,0,0,0
test,vgr_test_storage_cycle_01,1,1,1,0,0,0,0,0,0,0,1,1,1,1,0,1,0,0,1,1,0,0,0,0,0,0,0,0,0,0
test,vgr_test_storage_cycle_01,1,1,1,0,0,0,0,0,0,0,1,1,1,1,0,1,0,0,1,1,0,0,0,0,0,0,0,0,0,0
test,vgr_test_storage_cycle_01,1,1,1,0,0,0,0,0,0,0,1,1,1,1,0,1,0,0,1,1,0,0,0,0,0,0,0,0,0,0
test,vgr_test_storage_cycle_01,1,1,1,0,0,0,0,0,0,0,1,1,1,1,0,1,0,0,1,1,0,0,0,0,0,0,0,0,0,0
test,vgr_test_storage_cycle_01,1,1,1,0,0,0,0,0,0,0,1,1,1,1,0,1,0,0,1,1,0,0,0,0,0,0,0,0,0,0
test,vgr_test_storage_cycle_01,1,1,1,0,0,0,0,0,0,0,1,1,1,1,0,1,0,0,0,1,0,0,0,0,0,0,0,0,0,0
test,vgr_test_storage_cycle_01,1,1,1,0,0,0,0,0,0,0,1,1,1,1,0,1,0,0,1,1,0,0,0,0,0,0,0,0,0,0
test,vgr_test_storage_cycle_01,1,1,1,0,0,0,0,0,0,0,1,1,1,1,0,1,0,0,1,1,0,0,0,0,0,0,0,0,0,0
test,vgr_test_storage_cycle_01,1,1,1,0,0,0,0,0,0,0,1,1,1,1,0,1,0,0,1,1,0,0,0,0,0,0,0,0,0,0
test,vgr_test_storage_cycle_01,1,1,1,0,0,0,0,0,0,0,1,1,1,1,0,1,0,0,1,1,0,0,0,0,0,0,0,0,0,0
test,vgr_test_storage_cycle_01,1,1,1,0,0,0,0,0,0,0,1,1,1,1,0,1,0,0,1,1,0,0,0,0,0,0,0,0,0,0
test,vgr_test_storage_cycle_01,1,1,1,0,0,0,0,0,0,0,1,1,1,1,0,1,0,0,1,1,0,0,0,0,0,0,0,0,0,0
test,vgr_test_storage_cycle_01,1,1,1,0,0,0,0,0,0,0,1,1,1,1,0,1,0,0,1,1,0,0,0,0,0,0,0,0,0,0
test,vgr_test_storage_cycle_01,1,1,1,0,0,0,0,0,0,0,1,1,1,1,0,1,0,0,1,1,0,0,0,0,0,0,0,0,0,0
test,vgr_test_storage_cycle_01,1,1,1,0,0,0,0,0,0,0,1,1,1,1,0,1,0,0,1,1,0,0,0,0,0,0,0,0,0,0
test,vgr_test_storage_cycle_01,1,1,1,0,0,0,0,0,0,0,1,1,1,1,0,1,0,0,0,1,0,0,0,0,0,0,0,0,0,0
test,vgr_test_storage_cycle_01,1,1,1,0,0,0,0,0,0,0,1,1,1,1,0,1,0,0,1,1,0,0,0,0,0,0,0,0,0,0
test,vgr_test_storage_cycle_01,1,1,1,0,0,0,0,0,0,0,1,1,1,1,0,1,0,0,1,1,0,0,0,0,0,0,0,0,0,0
test,vgr_test_storage_cycle_01,1,1,1,0,0,0,0,0,0,0,1,1,1,1,0,1,0,0,1,1,0,0,0,0,0,0,0,0,0,0
test,vgr_test_storage_cycle_01,1,1,1,0,0,0,0,0,0,0,1,1,1,1,0,1,0,0,1,1,0,0,0,0,0,0,0,0,0,0
test,vgr_test_storage_cycle_01,1,1,1,0,0,0,0,0,0,0,1,1,1,1,0,1,0,0,1,1,0,0,0,0,0,0,0,0,0,0
test,vgr_test_storage_cycle_01,1,1,1,0,0,0,0,0,0,0,1,1,1,1,0,1,0,0,1,1,0,0,0,0,0,0,0,0,0,0
test,vgr_test_storage_cycle_01,1,1,1,0,0,0,0,0,0,0,1,1,1,1,0,1,0,0,1,1,0,0,0,0,0,0,0,0,0,0
test,vgr_test_storage_cycle_01,1,1,1,0,0,0,0,0,0,0,1,1,1,1,0,1,0,0,1,1,0,0,0,0,0,0,0,0,0,0
test,vgr_test_storage_cycle_01,1,1,1,0,0,0,0,0,0,0,1,1,1,1,0,1,0,0,1,1,0,0,0,0,0,0,0,0,0,0
test,vgr_test_storage_cycle_01,1,1,1,0,0,0,0,0,0,0,1,1,1,1,0,1,0,0,1,1,0,0,0,0,0,0,0,0,0,0
test,vgr_test_storage_cycle_01,1,1,1,0,0,0,0,0,0,0,1,1,1,1,0,1,0,0,1,1,0,0,0,0,0,0,0,0,0,0
test,vgr_test_storage_cycle_01,1,1,1,0,0,0,0,0,0,0,1,1,1,1,0,1,0,0,1,1,0,0,0,0,0,0,0,0,0,0
test,vgr_test_storage_cycle_01,1,1,1,0,0,0,0,0,0,0,1,1,1,1,0,1,0,0,0,1,0,0,0,0,0,0,0,0,0,0
test,vgr_test_storage_cycle_01,1,1,1,0,0,0,0,0,0,0,1,1,1,1,0,1,0,0,1,1,0,0,0,0,0,0,0,0,0,0
test,vgr_test_storage_cycle_01,1,1,1,0,0,0,0,0,0,0,1,1,1,1,0,1,0,0,1,1,0,0,0,0,0,0,0,0,0,0
test,vgr_test_storage_cycle_01,1,1,1,0,0,0,0,0,0,0,1,1,1,1,0,1,0,0,1,1,0,0,0,0,0,0,0,0,0,0
test,vgr_test_storage_cycle_01,1,1,1,0,0,0,0,0,0,0,1,1,1,1,0,1,0,0,1,1,0,0,0,0,0,0,0,0,0,0
test,vgr_test_storage_cycle_01,1,1,1,0,0,0,0,0,0,0,1,1,1,1,0,1,0,0,1,1,0,0,0,0,0,0,0,0,0,0
test,vgr_test_storage_cycle_01,1,1,1,0,0,0,0,0,0,0,1,1,1,1,0,1,0,0,1,1,0,0,0,0,0,0,0,0,0,0
test,vgr_test_storage_cycle_01,1,1,1,0,0,0,0,0,0,0,1,1,1,1,0,1,0,0,1,1,0,0,0,0,0,0,0,0,0,0
test,vgr_test_storage_cycle_01,1,1,1,0,0,0,0,0,0,0,1,1,1,1,0,1,0,0,1,1,0,0,0,0,0,0,0,0,0,0
test,vgr_test_storage_cycle_01,1,1,1,0,0,0,0,0,0,0,1,1,1,1,0,1,0,0,1,1,0,0,0,0,0,0,0,0,0,0
test,vgr_test_storage_cycle_01,1,1,1,0,0,0,0,0,0,0,1,1,1,1,0,1,0,0,1,1,0,0,0,0,0,0,0,0,0,0
test,vgr_test_storage_cycle_01,1,1,1,0,0,0,0,0,0,0,1,1,1,1,0,1,0,0,1,1,0,0,0,0,0,0,0,0,0,0
test,vgr_test_storage_cycle_01,1,1,1,0,0,0,0,0,0,0,1,1,1,1,0,1,0,0,1,1,0,0,0,0,0,0,0,0,0,0
test,vgr_test_storage_cycle_01,1,1,1,0,0,0,0,0,0,0,1,1,1,1,0,1,0,0,1,1,0,0,0,0,0,0,0,0,0,0
test,vgr_test_storage_cycle_01,1,1,1,0,0,0,0,0,0,0,1,1,1,1,0,1,0,0,1,1,0,0,0,0,0,0,0,0,0,0
test,vgr_test_storage_cycle_01,1,1,1,0,0,0,0,0,0,0,1,1,1,1,0,1,0,0,1,1,0,0,0,0,0,0,0,0,0,0
test,vgr_test_storage_cycle_01,1,1,1,0,0,0,0,0,0,0,1,1,1,1,0,1,0,0,1,1,0,0,0,0,0,0,0,0,0,0
test,vgr_test_storage_cycle_01,1,1,1,0,0,0,0,0,0,0,1,1,1,1,0,1,0,0,1,1,0,0,0,0,0,0,0,0,0,0
test,vgr_test_storage_cycle_01,1,1,1,0,0,0,0,0,0,0,1,1,1,1,0,1,0,0,0,1,0,0,0,0,0,0,0,0,0,0
test,vgr_test_storage_cycle_01,1,1,1,0,0,0,0,0,0,0,1,1,1,1,0,1,0,0,1,1,0,0,0,0,0,0,0,0,0,0
test,vgr_test_storage_cycle_01,1,1,1,0,0,0,0,0,0,0,1,1,1,1,0,1,0,0,1,1,0,0,0,0,0,0,0,0,0,0
test,vgr_test_storage_cycle_01,1,1,1,0,0,0,0,0,0,0,1,1,1,1,0,1,0,0,0,1,0,0,0,0,0,0,0,0,0,0
test,vgr_test_storage_cycle_01,1,1,1,0,0,0,0,0,0,0,1,1,1,1,0,1,0,0,1,1,0,0,0,0,0,0,0,0,0,0
test,vgr_test_storage_cycle_01,1,1,1,0,0,0,0,0,0,0,1,1,1,1,0,1,0,0,1,1,0,0,0,0,0,0,0,0,0,0
test,vgr_test_storage_cycle_01,1,1,1,0,0,0,0,0,0,0,1,1,1,1,0,1,0,0,1,1,0,0,0,0,0,0,0,0,0,0
test,vgr_test_storage_cycle_01,1,1,1,0,0,0,0,0,0,0,1,1,1,1,0,1,0,0,1,1,0,0,0,0,0,0,0,0,0,0
test,vgr_test_storage_cycle_01,1,1,1,0,0,0,0,0,0,0,1,1,1,1,0,1,0,0,1,1,0,0,0,0,0,0,0,0,0,0
test,vgr_test_storage_cycle_01,1,1,1,0,0,0,0,0,0,0,1,1,1,1,0,1,0,0,1,1,0,0,0,0,0,0,0,0,0,0
test,vgr_test_storage_cycle_01,1,1,1,0,0,0,0,0,0,0,1,1,1,1,0,1,0,0,1,1,0,0,0,0,0,0,0,0,0,0
test,vgr_test_storage_cycle_01,1,1,1,0,0,0,0,0,0,0,1,1,1,1,0,1,0,0,1,1,0,0,0,0,0,0,0,0,0,0
test,vgr_test_storage_cycle_01,1,1,1,0,0,0,0,0,0,0,1,1,1,1,0,1,0,0,1,1,0,0,0,0,0,0,0,0,0,0
test,vgr_test_storage_cycle_01,1,1,1,0,0,0,0,0,0,0,1,1,1,1,0,1,0,0,1,1,0,0,0,0,0,0,0,0,0,0
test,vgr_test_storage_cycle_01,1,1,1,0,0,0,0,0,0,0,1,1,1,1,0,1,0,0,1,1,0,0,0,0,0,0,0,0,0,0
test,vgr_test_storage_cycle_01,1,1,1,0,0,0,0,0,0,0,1,1,1,1,0,1,0,0,1,1,0,0,0,0,0,0,0,0,0,0
test,vgr_test_storage_cycle_01,1,1,1,0,0,0,0,0,0,0,1,1,1,1,0,1,0,0,0,1,0,0,0,0,0,0,0,0,0,0
test,vgr_test_storage_cycle_01,1,1,1,0,0,0,0,0,0,0,1,1,1,1,0,1,0,0,1,1,0,0,0,0,0,0,0,0,0,0
test,vgr_test_storage_cycle_01,1,1,1,0,0,0,0,0,0,0,1,1,1,1,0,1,0,0,1,1,0,0,0,0,0,0,0,0,0,0
test,vgr_test_storage_cycle_01,1,1,1,0,0,0,0,0,0,0,1,1,1,1,0,1,0,0,1,1,0,0,0,0,0,0,0,0,0,0
test,vgr_test_storage_cycle_01,1,1,1,0,0,0,0,0,0,0,1,1,1,1,0,1,0,0,1,1,0,0,0,0,0,0,0,0,0,0
test,vgr_test_storage_cycle_01,1,1,1,0,0,0,0,0,0,0,1,1,1,1,0,1,0,0,1,1,0,0,0,0,0,0,0,0,0,0
test,vgr_test_storage_cycle_01,1,1,1,0,0,0,0,0,0,0,1,1,1,1,0,1,0,0,1,1,0,0,0,0,0,0,0,0,0,0
