split,sequence_id,IX_VGR_RefSwitchVerticalAxis_I1,IX_VGR_RefSwitchHorizontalAxis_I2,IX_VGR_RefSwitchRotate_I3,QX_VGR_M2_HorizontalAxisBackward_Q3,QX_VGR_M2_HorizontalAxisForward_Q4,QX_VGR_Compressor_Q7,QX_VGR_ValveVacuum_Q8,VGR_vertical_position,VGR_horizontal_position,VGR_rotate_position,IX_HBW_RefSwitchHorizontalAxis_I1,IX_HBW_LightBarrierInside_I2,IX_HBW_LightBarrierOutside_I3,IX_HBW_RefSwitchVerticalAxis_I4,IX_HBW_SwitchCantileverFront_I5,IX_HBW_SwitchCantileverBack_I6,HBW_vertical_position,HBW_horizontal_position,IX_SSC_LightBarrierStorage_I3,empty_storage_0,empty_storage_1,empty_storage_2,empty_storage_3,empty_storage_4,empty_storage_5,empty_storage_6,empty_storage_7,empty_storage_8,empty_storage_9,label_VGR
train,vgr_train_storage_cycle_01,1.0,1.0,1.0,0.0,0.0,0.0,0.0,0.0,0.0,0.0,1.0,1.0,1.0,1.0,0.0,1.0,0.0,0.0,1.0,0,1,0,0,0,0,0,0,0,0,0
train,vgr_train_storage_cycle_01,1.0,1.0,1.0,0.0,0.0,0.0,0.0,0.0,0.0,0.0,1.0,1.0,1.0,1.0,0.0,1.0,0.0,0.0,1.0,0,1,0,0,0,0,0,0,0,0,0
train,vgr_train_storage_cycle_01,1.0,1.0,1.0,0.0,0.0,0.0,0.0,0.0,0.0,0.0,1.0,1.0,1.0,1.0,0.0,1.0,0.0,0.0,1.0,0,1,0,0,0,0,0,0,0,0,0
train,vgr_train_storage_cycle_01,1.0,1.0,1.0,0.0,0.0,0.0,0.0,0.0,0.0,0.0,1.0,1.0,1.0,1.0,0.0,1.0,0.0,0.0,1.0,0,1,0,0,0,0,0,0,0,0,0
train,vgr_train_storage_cycle_01,1.0,1.0,1.0,0.0,0.0,0.0,0.0,0.0,0.0,0.0,1.0,1.0,1.0,1.0,0.0,1.0,0.0,0.0,1.0,0,1,0,0,0,0,0,0,0,0,0
train,vgr_train_storage_cycle_01,1.0,1.0,1.0,0.0,0.0,0.0,0.0,0.0,0.0,0.0,1.0,1.0,1.0,1.0,0.0,1.0,0.0,0.0,1.0,0,1,0,0,0,0,0,0,0,0,0
train,vgr_train_storage_cycle_01,1.0,1.0,1.0,0.0,0.0,0.0,0.0,0.0,0.0,0.0,1.0,1.0,1.0,1.0,0.0,1.0,0.0,0.0,1.0,0,1,0,0,0,0,0,0,0,0,0
train,vgr_train_storage_cycle_01,1.0,1.0,1.0,0.0,0.0,0.0,0.0,0.0,0.0,0.0,1.0,1.0,1.0,1.0,0.0,1.0,0.0,0.0,1.0,0,1,0,0,0,0,0,0,0,0,0
train,vgr_train_storage_cycle_01,1.0,1.0,1.0,0.0,0.0,0.0,0.0,0.0,0.0,0.0,1.0,1.0,1.0,1.0,0.0,1.0,0.0,0.0,1.0,0,1,0,0,0,0,0,0,0,0,0
train,vgr_train_storage_cycle_01,1.0,1.0,1.0,0.0,0.0,0.0,0.0,0.0,0.0,0.0,1.0,1.0,1.0,1.0,0.0,1.0,0.0,0.0,1.0,0,1,0,0,0,0,0,0,0,0,0
train,vgr_train_storage_cycle_01,1.0,1.0,1.0,0.0,0.0,0.0,0.0,0.0,0.0,0.0,1.0,1.0,1.0,1.0,0.0,1.0,0.0,0.0,0.0,0,1,0,0,0,0,0,0,0,0,101
train,vgr_train_storage_cycle_01,0.0,0.0,0.0,0.0,0.0,1.0,1.0,391.0,26.0,32.0,1.0,1.0,1.0,1.0,0.0,1.0,0.0,0.0,1.0,0,1,0,0,0,0,0,0,0,0,102
train,vgr_train_storage_cycle_01,0.0,0.0,0.0,0.0,0.0,1.0,1.0,1451.0,908.0,704.0,0.0,1.0,1.0,0.0,0.0,1.0,404.0,2869.0,1.0,0,1,0,0,0,0,0,0,0,0,103
train,vgr_train_storage_cycle_01,0.0,0.0,0.0,0.0,0.0,1.0,1.0,2453.0,160.0,428.0,0.0,1.0,1.0,0.0,0.0,1.0,37.0,2869.0,1.0,0,1,0,0,0,0,0,0,0,0,102
train,vgr_train_storage_cycle_01,0.0,0.0,0.0,0.0,0.0,1.0,1.0,1447.0,905.0,706.0,0.0,0.0,1.0,0.0,1.0,0.0,2799.0,16.0,1.0,0,1,0,0,0,0,0,0,0,0,104
train,vgr_train_storage_cycle_01,1.0,0.0,0.0,1.0,1.0,1.0,1.0,0.0,604.0,5348.0,0.0,1.0,0.0,0.0,1.0,0.0,2799.0,16.0,1.0,0,1,0,0,0,0,0,0,0,0,105
train,vgr_train_storage_cycle_01,0.0,0.0,0.0,0.0,0.0,0.0,0.0,398.0,604.0,5348.0,0.0,1.0,0.0,0.0,1.0,0.0,2799.0,16.0,1.0,0,1,0,0,0,0,0,0,0,0,0
train,vgr_train_storage_cycle_01,0.0,0.0,0.0,0.0,0.0,0.0,0.0,398.0,604.0,5348.0,0.0,0.0,1.0,0.0,1.0,0.0,2799.0,16.0,1.0,0,1,0,0,0,0,0,0,0,0,0
train,vgr_train_storage_cycle_01,0.0,0.0,0.0,0.0,0.0,0.0,0.0,398.0,604.0,5348.0,0.0,1.0,1.0,0.0,0.0,1.0,35.0,2870.0,1.0,0,1,0,0,0,0,0,0,0,0,0
train,vgr_train_storage_cycle_01,0.0,0.0,0.0,0.0,0.0,0.0,0.0,398.0,604.0,5348.0,0.0,1.0,1.0,0.0,0.0,1.0,402.0,2870.0,1.0,0,1,0,0,0,0,0,0,0,0,301
train,vgr_train_storage_cycle_01,1.0,1.0,1.0,0.0,0.0,0.0,0.0,0.0,0.0,0.0,1.0,1.0,1.0,1.0,0.0,1.0,0.0,0.0,1.0,0,0,1,0,0,0,0,0,0,0,0
train,vgr_train_storage_cycle_01,1.0,1.0,1.0,0.0,0.0,0.0,0.0,0.0,0.0,0.0,1.0,1.0,1.0,1.0,0.0,1.0,0.0,0.0,1.0,0,0,1,0,0,0,0,0,0,0,0
train,vgr_train_storage_cycle_01,1.0,1.0,1.0,0.0,0.0,0.0,0.0,0.0,0.0,0.0,1.0,1.0,1.0,1.0,0.0,1.0,0.0,0.0,1.0,0,0,1,0,0,0,0,0,0,0,0
train,vgr_train_storage_cycle_01,1.0,1.0,1.0,0.0,0.0,0.0,0.0,0.0,0.0,0.0,1.0,1.0,1.0,1.0,0.0,1.0,0.0,0.0,1.0,0,0,1,0,0,0,0,0,0,0,0
train,vgr_train_storage_cycle_01,1.0,1.0,1.0,0.0,0.0,0.0,0.0,0.0,0.0,0.0,1.0,1.0,1.0,1.0,0.0,1.0,0.0,0.0,1.0,0,0,1,0,0,0,0,0,0,0,0
train,vgr_train_storage_cycle_01,1.0,1.0,1.0,0.0,0.0,0.0,0.0,0.0,0.0,0.0,1.0,1.0,1.0,1.0,0.0,1.0,0.0,0.0,1.0,0,0,1,0,0,0,0,0,0,0,0
train,vgr_train_storage_cycle_01,1.0,1.0,1.0,0.0,0.0,0.0,0.0,0.0,0.0,0.0,1.0,1.0,1.0,1.0,0.0,1.0,0.0,0.0,1.0,0,0,1,0,0,0,0,0,0,0,0
train,vgr_train_storage_cycle_01,1.0,1.0,1.0,0.0,0.0,0.0,0.0,0.0,0.0,0.0,1.0,1.0,1.0,1.0,0.0,1.0,0.0,0.0,1.0,0,0,1,0,0,0,0,0,0,0,0
train,vgr_train_storage_cycle_01,1.0,1.0,1.0,0.0,0.0,0.0,0.0,0.0,0.0,0.0,1.0,1.0,1.0,1.0,0.0,1.0,0.0,0.0,1.0,0,0,1,0,0,0,0,0,0,0,0
train,vgr_train_storage_cycle_01,1.0,1.0,1.0,0.0,0.0,0.0,0.0,0.0,0.0,0.0,1.0,1.0,1.0,1.0,0.0,1.0,0.0,0.0,0.0,0,0,1,0,0,0,0,0,0,0,101
train,vgr_train_storage_cycle_01,0.0,0.0,0.0,0.0,0.0,1.0,1.0,394.0,26.0,33.0,1.0,1.0,1.0,1.0,0.0,1.0,0.0,0.0,1.0,0,0,1,0,0,0,0,0,0,0,102
train,vgr_train_storage_cycle_01,0.0,0.0,0.0,0.0,0.0,1.0,1.0,1452.0,904.0,703.0,0.0,1.0,1.0,0.0,0.0,1.0,1753.0,2869.0,1.0,0,0,1,0,0,0,0,0,0,0,103
train,vgr_train_storage_cycle_01,0.0,0.0,0.0,0.0,0.0,1.0,1.0,2456.0,156.0,426.0,0.0,1.0,1.0,0.0,0.0,1.0,1382.0,2869.0,1.0,0,0,1,0,0,0,0,0,0,0,102
train,vgr_train_storage_cycle_01,0.0,0.0,0.0,0.0,0.0,1.0,1.0,1449.0,908.0,702.0,0.0,0.0,1.0,0.0,1.0,0.0,2804.0,16.0,1.0,0,0,1,0,0,0,0,0,0,0,104
train,vgr_train_storage_cycle_01,1.0,0.0,0.0,1.0,1.0,1.0,1.0,0.0,608.0,5348.0,0.0,1.0,0.0,0.0,1.0,0.0,2804.0,16.0,1.0,0,0,1,0,0,0,0,0,0,0,105
train,vgr_train_storage_cycle_01,0.0,0.0,0.0,0.0,0.0,0.0,0.0,403.0,608.0,5348.0,0.0,1.0,0.0,0.0,1.0,0.0,2804.0,16.0,1.0,0,0,1,0,0,0,0,0,0,0,0
train,vgr_train_storage_cycle_01,0.0,0.0,0.0,0.0,0.0,0.0,0.0,403.0,608.0,5348.0,0.0,0.0,1.0,0.0,1.0,0.0,2804.0,16.0,1.0,0,0,1,0,0,0,0,0,0,0,0
train,vgr_train_storage_cycle_01,0.0,0.0,0.0,0.0,0.0,0.0,0.0,403.0,608.0,5348.0,0.0,1.0,1.0,0.0,0.0,1.0,1385.0,2870.0,1.0,0,0,1,0,0,0,0,0,0,0,0
train,vgr_train_storage_cycle_01,0.0,0.0,0.0,0.0,0.0,0.0,0.0,403.0,608.0,5348.0,0.0,1.0,1.0,0.0,0.0,1.0,1748.0,2870.0,1.0,0,0,1,0,0,0,0,0,0,0,301
train,vgr_train_storage_cycle_01,1.0,1.0,1.0,0.0,0.0,0.0,0.0,0.0,0.0,0.0,1.0,1.0,1.0,1.0,0.0,1.0,0.0,0.0,1.0,0,0,0,1,0,0,0,0,0,0,0
train,vgr_train_storage_cycle_01,1.0,1.0,1.0,0.0,0.0,0.0,0.0,0.0,0.0,0.0,1.0,1.0,1.0,1.0,0.0,1.0,0.0,0.0,1.0,0,0,0,1,0,0,0,0,0,0,0
train,vgr_train_storage_cycle_01,1.0,1.0,1.0,0.0,0.0,0.0,0.0,0.0,0.0,0.0,1.0,1.0,1.0,1.0,0.0,1.0,0.0,0.0,1.0,0,0,0,1,0,0,0,0,0,0,0
train,vgr_train_storage_cycle_01,1.0,1.0,1.0,0.0,0.0,0.0,0.0,0.0,0.0,0.0,1.0,1.0,1.0,1.0,0.0,1.0,0.0,0.0,1.0,0,0,0,1,0,0,0,0,0,0,0
train,vgr_train_storage_cycle_01,1.0,1.0,1.0,0.0,0.0,0.0,0.0,0.0,0.0,0.0,1.0,1.0,1.0,1.0,0.0,1.0,0.0,0.0,1.0,0,0,0,1,0,0,0,0,0,0,0
train,vgr_train_storage_cycle_01,1.0,1.0,1.0,0.0,0.0,0.0,0.0,0.0,0.0,0.0,1.0,1.0,1.0,1.0,0.0,1.0,0.0,0.0,1.0,0,0,0,1,0,0,0,0,0,0,0
train,vgr_train_storage_cycle_01,1.0,1.0,1.0,0.0,0.0,0.0,0.0,0.0,0.0,0.0,1.0,1.0,1.0,1.0,0.0,1.0,0.0,0.0,1.0,0,0,0,1,0,0,0,0,0,0,0
train,vgr_train_storage_cycle_01,1.0,1.0,1.0,0.0,0.0,0.0,0.0,0.0,0.0,0.0,1.0,1.0,1.0,1.0,0.0,1.0,0.0,0.0,1.0,0,0,0,1,0,0,0,0,0,0,0
train,vgr_train_storage_cycle_01,1.0,1.0,1.0,0.0,0.0,0.0,0.0,0.0,0.0,0.0,1.0,1.0,1.0,1.0,0.0,1.0,0.0,0.0,1.0,0,0,0,1,0,0,0,0,0,0,0
train,vgr_train_storage_cycle_01,1.0,1.0,1.0,0.0,0.0,0.0,0.0,0.0,0.0,0.0,1.0,1.0,1.0,1.0,0.0,1.0,0.0,0.0,1.0,0,0,0,1,0,0,0,0,0,0,0
train,vgr_train_storage_cycle_01,1.0,1.0,1.0,0.0,0.0,0.0,0.0,0.0,0.0,0.0,1.0,1.0,1.0,1.0,0.0,1.0,0.0,0.0,1.0,0,0,0,1,0,0,0,0,0,0,0
train,vgr_train_storage_cycle_01,1.0,1.0,1.0,0.0,0.0,0.0,0.0,0.0,0.0,0.0,1.0,1.0,1.0,1.0,0.0,1.0,0.0,0.0,1.0,0,0,0,1,0,0,0,0,0,0,0
train,vgr_train_storage_cycle_01,1.0,1.0,1.0,0.0,0.0,0.0,0.0,0.0,0.0,0.0,1.0,1.0,1.0,1.0,0.0,1.0,0.0,0.0,1.0,0,0,0,1,0,0,0,0,0,0,0
train,vgr_train_storage_cycle_01,1.0,1.0,1.0,0.0,0.0,0.0,0.0,0.0,0.0,0.0,1.0,1.0,1.0,1.0,0.0,1.0,0.0,0.0,0.0,0,0,0,1,0,0,0,0,0,0,101
train,vgr_train_storage_cycle_01,0.0,0.0,0.0,0.0,0.0,1.0,1.0,397.0,25.0,33.0,1.0,1.0,1.0,1.0,0.0,1.0,0.0,0.0,1.0,0,0,0,1,0,0,0,0,0,0,102
train,vgr_train_storage_cycle_01,0.0,0.0,0.0,0.0,0.0,1.0,1.0,1449.0,905.0,702.0,0.0,1.0,1.0,0.0,0.0,1.0,3252.0,2869.0,1.0,0,0,0,1,0,0,0,0,0,0,103
train,vgr_train_storage_cycle_01,0.0,0.0,0.0,0.0,0.0,1.0,1.0,2455.0,152.0,426.0,0.0,1.0,1.0,0.0,0.0,1.0,2885.0,2869.0,1.0,0,0,0,1,0,0,0,0,0,0,102
train,vgr_train_storage_cycle_01,0.0,0.0,0.0,0.0,0.0,1.0,1.0,1448.0,910.0,704.0,0.0,0.0,1.0,0.0,1.0,0.0,2799.0,18.0,1.0,0,0,0,1,0,0,0,0,0,0,104
train,vgr_train_storage_cycle_01,1.0,0.0,0.0,1.0,1.0,1.0,1.0,0.0,604.0,5348.0,0.0,1.0,0.0,0.0,1.0,0.0,2799.0,18.0,1.0,0,0,0,1,0,0,0,0,0,0,105
train,vgr_train_storage_cycle_01,0.0,0.0,0.0,0.0,0.0,0.0,0.0,396.0,604.0,5348.0,0.0,1.0,0.0,0.0,1.0,0.0,2799.0,18.0,1.0,0,0,0,1,0,0,0,0,0,0,0
train,vgr_train_storage_cycle_01,0.0,0.0,0.0,0.0,0.0,0.0,0.0,396.0,604.0,5348.0,0.0,0.0,1.0,0.0,1.0,0.0,2799.0,18.0,1.0,0,0,0,1,0,0,0,0,0,0,0
train,vgr_train_storage_cycle_01,0.0,0.0,0.0,0.0,0.0,0.0,0.0,396.0,604.0,5348.0,0.0,1.0,1.0,0.0,0.0,1.0,2878.0,2870.0,1.0,0,0,0,1,0,0,0,0,0,0,0
train,vgr_train_storage_cycle_01,0.0,0.0,0.0,0.0,0.0,0.0,0.0,396.0,604.0,5348.0,0.0,1.0,1.0,0.0,0.0,1.0,3250.0,2870.0,1.0,0,0,0,1,0,0,0,0,0,0,301
train,vgr_train_storage_cycle_01,1.0,1.0,1.0,0.0,0.0,0.0,0.0,0.0,0.0,0.0,1.0,1.0,1.0,1.0,0.0,1.0,0.0,0.0,1.0,0,0,0,0,1,0,0,0,0,0,0
train,vgr_train_storage_cycle_01,1.0,1.0,1.0,0.0,0.0,0.0,0.0,0.0,0.0,0.0,1.0,1.0,1.0,1.0,0.0,1.0,0.0,0.0,1.0,0,0,0,0,1,0,0,0,0,0,0
train,vgr_train_storage_cycle_01,1.0,1.0,1.0,0.0,0.0,0.0,0.0,0.0,0.0,0.0,1.0,1.0,1.0,1.0,0.0,1.0,0.0,0.0,1.0,0,0,0,0,1,0,0,0,0,0,0
train,vgr_train_storage_cycle_01,1.0,1.0,1.0,0.0,0.0,0.0,0.0,0.0,0.0,0.0,1.0,1.0,1.0,1.0,0.0,1.0,0.0,0.0,1.0,0,0,0,0,1,0,0,0,0,0,0
train,vgr_train_storage_cycle_01,1.0,1.0,1.0,0.0,0.0,0.0,0.0,0.0,0.0,0.0,1.0,1.0,1.0,1.0,0.0,1.0,0.0,0.0,1.0,0,0,0,0,1,0,0,0,0,0,0
train,vgr_train_storage_cycle_01,1.0,1.0,1.0,0.0,0.0,0.0,0.0,0.0,0.0,0.0,1.0,1.0,1.0,1.0,0.0,1.0,0.0,0.0,1.0,0,0,0,0,1,0,0,0,0,0,0
train,vgr_train_storage_cycle_01,1.0,1.0,1.0,0.0,0.0,0.0,0.0,0.0,0.0,0.0,1.0,1.0,1.0,1.0,0.0,1.0,0.0,0.0,1.0,0,0,0,0,1,0,0,0,0,0,0
train,vgr_train_storage_cycle_01,1.0,1.0,1.0,0.0,0.0,0.0,0.0,0.0,0.0,0.0,1.0,1.0,1.0,1.0,0.0,1.0,0.0,0.0,1.0,0,0,0,0,1,0,0,0,0,0,0
train,vgr_train_storage_cycle_01,1.0,1.0,1.0,0.0,0.0,0.0,0.0,0.0,0.0,0.0,1.0,1.0,1.0,1.0,0.0,1.0,0.0,0.0,1.0,0,0,0,0,1,0,0,0,0,0,0
train,vgr_train_storage_cycle_01,1.0,1.0,1.0,0.0,0.0,0.0,0.0,0.0,0.0,0.0,1.0,1.0,1.0,1.0,0.0,1.0,0.0,0.0,1.0,0,0,0,0,1,0,0,0,0,0,0
train,vgr_train_storage_cycle_01,1.0,1.0,1.0,0.0,0.0,0.0,0.0,0.0,0.0,0.0,1.0,1.0,1.0,1.0,0.0,1.0,0.0,0.0,1.0,0,0,0,0,1,0,0,0,0,0,0
train,vgr_train_storage_cycle_01,1.0,1.0,1.0,0.0,0.0,0.0,0.0,0.0,0.0,0.0,1.0,1.0,1.0,1.0,0.0,1.0,0.0,0.0,1.0,0,0,0,0,1,0,0,0,0,0,0
train,vgr_train_storage_cycle_01,1.0,1.0,1.0,0.0,0.0,0.0,0.0,0.0,0.0,0.0,1.0,1.0,1.0,1.0,0.0,1.0,0.0,0.0,0.0,0,0,0,0,1,0,0,0,0,0,101
train,vgr_train_storage_cycle_01,0.0,0.0,0.0,0.0,0.0,1.0,1.0,394.0,25.0,29.0,1.0,1.0,1.0,1.0,0.0,1.0,0.0,0.0,1.0,0,0,0,0,1,0,0,0,0,0,102
train,vgr_train_storage_cycle_01,0.0,0.0,0.0,0.0,0.0,1.0,1.0,1449.0,905.0,703.0,0.0,1.0,1.0,0.0,0.0,1.0,399.0,5199.0,1.0,0,0,0,0,1,0,0,0,0,0,103
train,vgr_train_storage_cycle_01,0.0,0.0,0.0,0.0,0.0,1.0,1.0,2454.0,157.0,424.0,0.0,1.0,1.0,0.0,0.0,1.0,32.0,5199.0,1.0,0,0,0,0,1,0,0,0,0,0,102
train,vgr_train_storage_cycle_01,0.0,0.0,0.0,0.0,0.0,1.0,1.0,1446.0,907.0,699.0,0.0,0.0,1.0,0.0,1.0,0.0,2803.0,17.0,1.0,0,0,0,0,1,0,0,0,0,0,104
train,vgr_train_storage_cycle_01,1.0,0.0,0.0,0.0,0.0,1.0,1.0,0.0,605.0,5349.0,0.0,1.0,0.0,0.0,1.0,0.0,2803.0,17.0,1.0,0,0,0,0,1,0,0,0,0,0,105
train,vgr_train_storage_cycle_01,0.0,0.0,0.0,0.0,0.0,0.0,0.0,400.0,605.0,5349.0,0.0,1.0,0.0,0.0,1.0,0.0,2803.0,17.0,1.0,0,0,0,0,1,0,0,0,0,0,0
train,vgr_train_storage_cycle_01,0.0,0.0,0.0,0.0,0.0,0.0,0.0,400.0,605.0,5349.0,0.0,0.0,1.0,0.0,1.0,0.0,2803.0,17.0,1.0,0,0,0,0,1,0,0,0,0,0,0
train,vgr_train_storage_cycle_01,0.0,0.0,0.0,0.0,0.0,0.0,0.0,400.0,605.0,5349.0,0.0,1.0,1.0,0.0,0.0,1.0,35.0,5199.0,1.0,0,0,0,0,1,0,0,0,0,0,0
train,vgr_train_storage_cycle_01,0.0,0.0,0.0,0.0,0.0,0.0,0.0,400.0,605.0,5349.0,0.0,1.0,1.0,0.0,0.0,1.0,401.0,5199.0,1.0,0,0,0,0,1,0,0,0,0,0,301
train,vgr_train_storage_cycle_01,1.0,1.0,1.0,0.0,0.0,0.0,0.0,0.0,0.0,0.0,1.0,1.0,1.0,1.0,0.0,1.0,0.0,0.0,1.0,0,0,0,0,0,1,0,0,0,0,0
train,vgr_train_storage_cycle_01,1.0,1.0,1.0,0.0,0.0,0.0,0.0,0.0,0.0,0.0,1.0,1.0,1.0,1.0,0.0,1.0,0.0,0.0,1.0,0,0,0,0,0,1,0,0,0,0,0
train,vgr_train_storage_cycle_01,1.0,1.0,1.0,0.0,0.0,0.0,0.0,0.0,0.0,0.0,1.0,1.0,1.0,1.0,0.0,1.0,0.0,0.0,1.0,0,0,0,0,0,1,0,0,0,0,0
train,vgr_train_storage_cycle_01,1.0,1.0,1.0,0.0,0.0,0.0,0.0,0.0,0.0,0.0,1.0,1.0,1.0,1.0,0.0,1.0,0.0,0.0,1.0,0,0,0,0,0,1,0,0,0,0,0
train,vgr_train_storage_cycle_01,1.0,1.0,1.0,0.0,0.0,0.0,0.0,0.0,0.0,0.0,1.0,1.0,1.0,1.0,0.0,1.0,0.0,0.0,1.0,0,0,0,0,0,1,0,0,0,0,0
train,vgr_train_storage_cycle_01,1.0,1.0,1.0,0.0,0.0,0.0,0.0,0.0,0.0,0.0,1.0,1.0,1.0,1.0,0.0,1.0,0.0,0.0,1.0,0,0,0,0,0,1,0,0,0,0,0
train,vgr_train_storage_cycle_01,1.0,1.0,1.0,0.0,0.0,0.0,0.0,0.0,0.0,0.0,1.0,1.0,1.0,1.0,0.0,1.0,0.0,0.0,1.0,0,0,0,0,0,1,0,0,0,0,0
train,vgr_train_storage_cycle_01,1.0,1.0,1.0,0.0,0.0,0.0,0.0,0.0,0.0,0.0,1.0,1.0,1.0,1.0,0.0,1.0,0.0,0.0,1.0,0,0,0,0,0,1,0,0,0,0,0
train,vgr_train_storage_cycle_01,1.0,1.0,1.0,0.0,0.0,0.0,0.0,0.0,0.0,0.0,1.0,1.0,1.0,1.0,0.0,1.0,0.0,0.0,1.0,0,0,0,0,0,1,0,0,0,0,0
train,vgr_train_storage_cycle_01,1.0,1.0,1.0,0.0,0.0,0.0,0.0,0.0,0.0,0.0,1.0,1.0,1.0,1.0,0.0,1.0,0.0,0.0,1.0,0,0,0,0,0,1,0,0,0,0,0
train,vgr_train_storage_cycle_01,1.0,1.0,1.0,0.0,0.0,0.0,0.0,0.0,0.0,0.0,1.0,1.0,1.0,1.0,0.0,1.0,0.0,0.0,1.0,0,0,0,0,0,1,0,0,0,0,0
train,vgr_train_storage_cycle_01,1.0,1.0,1.0,0.0,0.0,0.0,0.0,0.0,0.0,0.0,1.0,1.0,1.0,1.0,0.0,1.0,0.0,0.0,1.0,0,0,0,0,0,1,0,0,0,0,0
train,vgr_train_storage_cycle_01,1.0,1.0,1.0,0.0,0.0,0.0,0.0,0.0,0.0,0.0,1.0,1.0,1.0,1.0,0.0,1.0,0.0,0.0,1.0,0,0,0,0,0,1,0,0,0,0,0
train,vgr_train_storage_cycle_01,1.0,1.0,1.0,0.0,0.0,0.0,0.0,0.0,0.0,0.0,1.0,1.0,1.0,1.0,0.0,1.0,0.0,0.0,1.0,0,0,0,0,0,1,0,0,0,0,0
train,vgr_train_storage_cycle_01,1.0,1.0,1.0,0.0,0.0,0.0,0.0,0.0,0.0,0.0,1.0,1.0,1.0,1.0,0.0,1.0,0.0,0.0,1.0,0,0,0,0,0,1,0,0,0,0,0
train,vgr_train_storage_cycle_01,1.0,1.0,1.0,0.0,0.0,0.0,0.0,0.0,0.0,0.0,1.0,1.0,1.0,1.0,0.0,1.0,0.0,0.0,0.0,0,0,0,0,0,1,0,0,0,0,101
train,vgr_train_storage_cycle_01,0.0,0.0,0.0,0.0,0.0,1.0,1.0,395.0,25.0,32.0,1.0,1.0,1.0,1.0,0.0,1.0,0.0,0.0,1.0,0,0,0,0,0,1,0,0,0,0,102
train,vgr_train_storage_cycle_01,0.0,0.0,0.0,0.0,0.0,1.0,1.0,1448.0,905.0,704.0,0.0,1.0,1.0,0.0,0.0,1.0,1754.0,5201.0,1.0,0,0,0,0,0,1,0,0,0,0,103
train,vgr_train_storage_cycle_01,0.0,0.0,0.0,0.0,0.0,1.0,1.0,2462.0,157.0,426.0,0.0,1.0,1.0,0.0,0.0,1.0,1386.0,5201.0,1.0,0,0,0,0,0,1,0,0,0,0,102
train,vgr_train_storage_cycle_01,0.0,0.0,0.0,0.0,0.0,1.0,1.0,1448.0,903.0,706.0,0.0,0.0,1.0,0.0,1.0,0.0,2800.0,17.0,1.0,0,0,0,0,0,1,0,0,0,0,104
train,vgr_train_storage_cycle_01,1.0,0.0,0.0,0.0,0.0,1.0,1.0,0.0,607.0,5351.0,0.0,1.0,0.0,0.0,1.0,0.0,2800.0,17.0,1.0,0,0,0,0,0,1,0,0,0,0,105
train,vgr_train_storage_cycle_01,0.0,0.0,0.0,0.0,0.0,0.0,0.0,399.0,607.0,5351.0,0.0,1.0,0.0,0.0,1.0,0.0,2800.0,17.0,1.0,0,0,0,0,0,1,0,0,0,0,0
train,vgr_train_storage_cycle_01,0.0,0.0,0.0,0.0,0.0,0.0,0.0,399.0,607.0,5351.0,0.0,0.0,1.0,0.0,1.0,0.0,2800.0,17.0,1.0,0,0,0,0,0,1,0,0,0,0,0
train,vgr_train_storage_cycle_01,0.0,0.0,0.0,0.0,0.0,0.0,0.0,399.0,607.0,5351.0,0.0,1.0,1.0,0.0,0.0,1.0,1383.0,5198.0,1.0,0,0,0,0,0,1,0,0,0,0,0
train,vgr_train_storage_cycle_01,0.0,0.0,0.0,0.0,0.0,0.0,0.0,399.0,607.0,5351.0,0.0,1.0,1.0,0.0,0.0,1.0,1752.0,5198.0,1.0,0,0,0,0,0,1,0,0,0,0,301
train,vgr_train_storage_cycle_01,1.0,1.0,1.0,0.0,0.0,0.0,0.0,0.0,0.0,0.0,1.0,1.0,1.0,1.0,0.0,1.0,0.0,0.0,1.0,0,0,0,0,0,0,1,0,0,0,0
train,vgr_train_storage_cycle_01,1.0,1.0,1.0,0.0,0.0,0.0,0.0,0.0,0.0,0.0,1.0,1.0,1.0,1.0,0.0,1.0,0.0,0.0,1.0,0,0,0,0,0,0,1,0,0,0,0
train,vgr_train_storage_cycle_01,1.0,1.0,1.0,0.0,0.0,0.0,0.0,0.0,0.0,0.0,1.0,1.0,1.0,1.0,0.0,1.0,0.0,0.0,1.0,0,0,0,0,0,0,1,0,0,0,0
train,vgr_train_storage_cycle_01,1.0,1.0,1.0,0.0,0.0,0.0,0.0,0.0,0.0,0.0,1.0,1.0,1.0,1.0,0.0,1.0,0.0,0.0,1.0,0,0,0,0,0,0,1,0,0,0,0
train,vgr_train_storage_cycle_01,1.0,1.0,1.0,0.0,0.0,0.0,0.0,0.0,0.0,0.0,1.0,1.0,1.0,1.0,0.0,1.0,0.0,0.0,1.0,0,0,0,0,0,0,1,0,0,0,0
train,vgr_train_storage_cycle_01,1.0,1.0,1.0,0.0,0.0,0.0,0.0,0.0,0.0,0.0,1.0,1.0,1.0,1.0,0.0,1.0,0.0,0.0,1.0,0,0,0,0,0,0,1,0,0,0,0
train,vgr_train_storage_cycle_01,1.0,1.0,1.0,0.0,0.0,0.0,0.0,0.0,0.0,0.0,1.0,1.0,1.0,1.0,0.0,1.0,0.0,0.0,1.0,0,0,0,0,0,0,1,0,0,0,0
train,vgr_train_storage_cycle_01,1.0,1.0,1.0,0.0,0.0,0.0,0.0,0.0,0.0,0.0,1.0,1.0,1.0,1.0,0.0,1.0,0.0,0.0,1.0,0,0,0,0,0,0,1,0,0,0,0
train,vgr_train_storage_cycle_01,1.0,1.0,1.0,0.0,0.0,0.0,0.0,0.0,0.0,0.0,1.0,1.0,1.0,1.0,0.0,1.0,0.0,0.0,1.0,0,0,0,0,0,0,1,0,0,0,0
train,vgr_train_storage_cycle_01,1.0,1.0,1.0,0.0,0.0,0.0,0.0,0.0,0.0,0.0,1.0,1.0,1.0,1.0,0.0,1.0,0.0,0.0,1.0,0,0,0,0,0,0,1,0,0,0,0
train,vgr_train_storage_cycle_01,1.0,1.0,1.0,0.0,0.0,0.0,0.0,0.0,0.0,0.0,1.0,1.0,1.0,1.0,0.0,1.0,0.0,0.0,1.0,0,0,0,0,0,0,1,0,0,0,0
train,vgr_train_storage_cycle_01,1.0,1.0,1.0,0.0,0.0,0.0,0.0,0.0,0.0,0.0,1.0,1.0,1.0,1.0,0.0,1.0,0.0,0.0,1.0,0,0,0,0,0,0,1,0,0,0,0
train,vgr_train_storage_cycle_01,1.0,1.0,1.0,0.0,0.0,0.0,0.0,0.0,0.0,0.0,1.0,1.0,1.0,1.0,0.0,1.0,0.0,0.0,1.0,0,0,0,0,0,0,1,0,0,0,0
train,vgr_train_storage_cycle_01,1.0,1.0,1.0,0.0,0.0,0.0,0.0,0.0,0.0,0.0,1.0,1.0,1.0,1.0,0.0,1.0,0.0,0.0,1.0,0,0,0,0,0,0,1,0,0,0,0
train,vgr_train_storage_cycle_01,1.0,1.0,1.0,0.0,0.0,0.0,0.0,0.0,0.0,0.0,1.0,1.0,1.0,1.0,0.0,1.0,0.0,0.0,1.0,0,0,0,0,0,0,1,0,0,0,0
train,vgr_train_storage_cycle_01,1.0,1.0,1.0,0.0,0.0,0.0,0.0,0.0,0.0,0.0,1.0,1.0,1.0,1.0,0.0,1.0,0.0,0.0,1.0,0,0,0,0,0,0,1,0,0,0,0
train,vgr_train_storage_cycle_01,1.0,1.0,1.0,0.0,0.0,0.0,0.0,0.0,0.0,0.0,1.0,1.0,1.0,1.0,0.0,1.0,0.0,0.0,1.0,0,0,0,0,0,0,1,0,0,0,0
train,vgr_train_storage_cycle_01,1.0,1.0,1.0,0.0,0.0,0.0,0.0,0.0,0.0,0.0,1.0,1.0,1.0,1.0,0.0,1.0,0.0,0.0,0.0,0,0,0,0,0,0,1,0,0,0,101
train,vgr_train_storage_cycle_01,0.0,0.0,0.0,0.0,0.0,1.0,1.0,396.0,26.0,33.0,1.0,1.0,1.0,1.0,0.0,1.0,0.0,0.0,1.0,0,0,0,0,0,0,1,0,0,0,102
train,vgr_train_storage_cycle_01,0.0,0.0,0.0,0.0,0.0,1.0,1.0,1451.0,908.0,704.0,0.0,1.0,1.0,0.0,0.0,1.0,3253.0,5199.0,1.0,0,0,0,0,0,0,1,0,0,0,103
train,vgr_train_storage_cycle_01,0.0,0.0,0.0,0.0,0.0,1.0,1.0,2458.0,156.0,423.0,0.0,1.0,1.0,0.0,0.0,1.0,2883.0,5199.0,1.0,0,0,0,0,0,0,1,0,0,0,102
train,vgr_train_storage_cycle_01,0.0,0.0,0.0,0.0,0.0,1.0,1.0,1448.0,908.0,703.0,0.0,0.0,1.0,0.0,1.0,0.0,2802.0,17.0,1.0,0,0,0,0,0,0,1,0,0,0,104
train,vgr_train_storage_cycle_01,1.0,0.0,0.0,0.0,0.0,1.0,1.0,0.0,604.0,5352.0,0.0,1.0,0.0,0.0,1.0,0.0,2802.0,17.0,1.0,0,0,0,0,0,0,1,0,0,0,105
train,vgr_train_storage_cycle_01,0.0,0.0,0.0,0.0,0.0,0.0,0.0,400.0,604.0,5352.0,0.0,1.0,0.0,0.0,1.0,0.0,2802.0,17.0,1.0,0,0,0,0,0,0,1,0,0,0,0
train,vgr_train_storage_cycle_01,0.0,0.0,0.0,0.0,0.0,0.0,0.0,400.0,604.0,5352.0,0.0,0.0,1.0,0.0,1.0,0.0,2802.0,17.0,1.0,0,0,0,0,0,0,1,0,0,0,0
train,vgr_train_storage_cycle_01,0.0,0.0,0.0,0.0,0.0,0.0,0.0,400.0,604.0,5352.0,0.0,1.0,1.0,0.0,0.0,1.0,2881.0,5198.0,1.0,0,0,0,0,0,0,1,0,0,0,0
train,vgr_train_storage_cycle_01,0.0,0.0,0.0,0.0,0.0,0.0,0.0,400.0,604.0,5352.0,0.0,1.0,1.0,0.0,0.0,1.0,3250.0,5198.0,1.0,0,0,0,0,0,0,1,0,0,0,301
train,vgr_train_storage_cycle_01,1.0,1.0,1.0,0.0,0.0,0.0,0.0,0.0,0.0,0.0,1.0,1.0,1.0,1.0,0.0,1.0,0.0,0.0,1.0,0,0,0,0,0,0,0,1,0,0,0
train,vgr_train_storage_cycle_01,1.0,1.0,1.0,0.0,0.0,0.0,0.0,0.0,0.0,0.0,1.0,1.0,1.0,1.0,0.0,1.0,0.0,0.0,1.0,0,0,0,0,0,0,0,1,0,0,0
train,vgr_train_storage_cycle_01,1.0,1.0,1.0,0.0,0.0,0.0,0.0,0.0,0.0,0.0,1.0,1.0,1.0,1.0,0.0,1.0,0.0,0.0,1.0,0,0,0,0,0,0,0,1,0,0,0
train,vgr_train_storage_cycle_01,1.0,1.0,1.0,0.0,0.0,0.0,0.0,0.0,0.0,0.0,1.0,1.0,1.0,1.0,0.0,1.0,0.0,0.0,1.0,0,0,0,0,0,0,0,1,0,0,0
train,vgr_train_storage_cycle_01,1.0,1.0,1.0,0.0,0.0,0.0,0.0,0.0,0.0,0.0,1.0,1.0,1.0,1.0,0.0,1.0,0.0,0.0,1.0,0,0,0,0,0,0,0,1,0,0,0
train,vgr_train_storage_cycle_01,1.0,1.0,1.0,0.0,0.0,0.0,0.0,0.0,0.0,0.0,1.0,1.0,1.0,1.0,0.0,1.0,0.0,0.0,1.0,0,0,0,0,0,0,0,1,0,0,0
train,vgr_train_storage_cycle_01,1.0,1.0,1.0,0.0,0.0,0.0,0.0,0.0,0.0,0.0,1.0,1.0,1.0,1.0,0.0,1.0,0.0,0.0,1.0,0,0,0,0,0,0,0,1,0,0,0
train,vgr_train_storage_cycle_01,1.0,1.0,1.0,0.0,0.0,0.0,0.0,0.0,0.0,0.0,1.0,1.0,1.0,1.0,0.0,1.0,0.0,0.0,1.0,0,0,0,0,0,0,0,1,0,0,0
train,vgr_train_storage_cycle_01,1.0,1.0,1.0,0.0,0.0,0.0,0.0,0.0,0.0,0.0,1.0,1.0,1.0,1.0,0.0,1.0,0.0,0.0,1.0,0,0,0,0,0,0,0,1,0,0,0
train,vgr_train_storage_cycle_01,1.0,1.0,1.0,0.0,0.0,0.0,0.0,0.0,0.0,0.0,1.0,1.0,1.0,1.0,0.0,1.0,0.0,0.0,1.0,0,0,0,0,0,0,0,1,0,0,0
train,vgr_train_storage_cycle_01,1.0,1.0,1.0,0.0,0.0,0.0,0.0,0.0,0.0,0.0,1.0,1.0,1.0,1.0,0.0,1.0,0.0,0.0,1.0,0,0,0,0,0,0,0,1,0,0,0
train,vgr_train_storage_cycle_01,1.0,1.0,1.0,0.0,0.0,0.0,0.0,0.0,0.0,0.0,1.0,1.0,1.0,1.0,0.0,1.0,0.0,0.0,1.0,0,0,0,0,0,0,0,1,0,0,0
train,vgr_train_storage_cycle_01,1.0,1.0,1.0,0.0,0.0,0.0,0.0,0.0,0.0,0.0,1.0,1.0,1.0,1.0,0.0,1.0,0.0,0.0,1.0,0,0,0,0,0,0,0,1,0,0,0
train,vgr_train_storage_cycle_01,1.0,1.0,1.0,0.0,0.0,0.0,0.0,0.0,0.0,0.0,1.0,1.0,1.0,1.0,0.0,1.0,0.0,0.0,1.0,0,0,0,0,0,0,0,1,0,0,0
train,vgr_train_storage_cycle_01,1.0,1.0,1.0,0.0,0.0,0.0,0.0,0.0,0.0,0.0,1.0,1.0,1.0,1.0,0.0,1.0,0.0,0.0,1.0,0,0,0,0,0,0,0,1,0,0,0
train,vgr_train_storage_cycle_01,1.0,1.0,1.0,0.0,0.0,0.0,0.0,0.0,0.0,0.0,1.0,1.0,1.0,1.0,0.0,1.0,0.0,0.0,1.0,0,0,0,0,0,0,0,1,0,0,0
train,vgr_train_storage_cycle_01,1.0,1.0,1.0,0.0,0.0,0.0,0.0,0.0,0.0,0.0,1.0,1.0,1.0,1.0,0.0,1.0,0.0,0.0,0.0,0,0,0,0,0,0,0,1,0,0,101
train,vgr_train_storage_cycle_01,0.0,0.0,0.0,0.0,0.0,1.0,1.0,398.0,26.0,33.0,1.0,1.0,1.0,1.0,0.0,1.0,0.0,0.0,1.0,0,0,0,0,0,0,0,1,0,0,102
train,vgr_train_storage_cycle_01,0.0,0.0,0.0,0.0,0.0,1.0,1.0,1453.0,906.0,705.0,0.0,1.0,1.0,0.0,0.0,1.0,399.0,7560.0,1.0,0,0,0,0,0,0,0,1,0,0,103
train,vgr_train_storage_cycle_01,0.0,0.0,0.0,0.0,0.0,1.0,1.0,2460.0,157.0,426.0,0.0,1.0,1.0,0.0,0.0,1.0,36.0,7560.0,1.0,0,0,0,0,0,0,0,1,0,0,102
train,vgr_train_storage_cycle_01,0.0,0.0,0.0,0.0,0.0,1.0,1.0,1450.0,909.0,700.0,0.0,0.0,1.0,0.0,1.0,0.0,2802.0,17.0,1.0,0,0,0,0,0,0,0,1,0,0,104
train,vgr_train_storage_cycle_01,1.0,0.0,0.0,0.0,0.0,1.0,1.0,0.0,603.0,5350.0,0.0,1.0,0.0,0.0,1.0,0.0,2802.0,17.0,1.0,0,0,0,0,0,0,0,1,0,0,105
train,vgr_train_storage_cycle_01,0.0,0.0,0.0,0.0,0.0,0.0,0.0,400.0,603.0,5350.0,0.0,1.0,0.0,0.0,1.0,0.0,2802.0,17.0,1.0,0,0,0,0,0,0,0,1,0,0,0
train,vgr_train_storage_cycle_01,0.0,0.0,0.0,0.0,0.0,0.0,0.0,400.0,603.0,5350.0,0.0,0.0,1.0,0.0,1.0,0.0,2802.0,17.0,1.0,0,0,0,0,0,0,0,1,0,0,0
train,vgr_train_storage_cycle_01,0.0,0.0,0.0,0.0,0.0,0.0,0.0,400.0,603.0,5350.0,0.0,1.0,1.0,0.0,0.0,1.0,34.0,7559.0,1.0,0,0,0,0,0,0,0,1,0,0,0
train,vgr_train_storage_cycle_01,0.0,0.0,0.0,0.0,0.0,0.0,0.0,400.0,603.0,5350.0,0.0,1.0,1.0,0.0,0.0,1.0,403.0,7559.0,1.0,0,0,0,0,0,0,0,1,0,0,301
train,vgr_train_storage_cycle_01,1.0,1.0,1.0,0.0,0.0,0.0,0.0,0.0,0.0,0.0,1.0,1.0,1.0,1.0,0.0,1.0,0.0,0.0,1.0,0,0,0,0,0,0,0,0,1,0,0
train,vgr_train_storage_cycle_01,1.0,1.0,1.0,0.0,0.0,0.0,0.0,0.0,0.0,0.0,1.0,1.0,1.0,1.0,0.0,1.0,0.0,0.0,1.0,0,0,0,0,0,0,0,0,1,0,0
train,vgr_train_storage_cycle_01,1.0,1.0,1.0,0.0,0.0,0.0,0.0,0.0,0.0,0.0,1.0,1.0,1.0,1.0,0.0,1.0,0.0,0.0,1.0,0,0,0,0,0,0,0,0,1,0,0
train,vgr_train_storage_cycle_01,1.0,1.0,1.0,0.0,0.0,0.0,0.0,0.0,0.0,0.0,1.0,1.0,1.0,1.0,0.0,1.0,0.0,0.0,1.0,0,0,0,0,0,0,0,0,1,0,0
train,vgr_train_storage_cycle_01,1.0,1.0,1.0,0.0,0.0,0.0,0.0,0.0,0.0,0.0,1.0,1.0,1.0,1.0,0.0,1.0,0.0,0.0,1.0,0,0,0,0,0,0,0,0,1,0,0
train,vgr_train_storage_cycle_01,1.0,1.0,1.0,0.0,0.0,0.0,0.0,0.0,0.0,0.0,1.0,1.0,1.0,1.0,0.0,1.0,0.0,0.0,0.0,0,0,0,0,0,0,0,0,1,0,101
train,vgr_train_storage_cycle_01,0.0,0.0,0.0,0.0,0.0,1.0,1.0,390.0,26.0,32.0,1.0,1.0,1.0,1.0,0.0,1.0,0.0,0.0,1.0,0,0,0,0,0,0,0,0,1,0,102
train,vgr_train_storage_cycle_01,0.0,0.0,0.0,0.0,0.0,1.0,1.0,1447.0,906.0,700.0,0.0,1.0,1.0,0.0,0.0,1.0,1754.0,7559.0,1.0,0,0,0,0,0,0,0,0,1,0,103
train,vgr_train_storage_cycle_01,0.0,0.0,0.0,0.0,0.0,1.0,1.0,2456.0,156.0,424.0,0.0,1.0,1.0,0.0,0.0,1.0,1386.0,7559.0,1.0,0,0,0,0,0,0,0,0,1,0,102
train,vgr_train_storage_cycle_01,0.0,0.0,0.0,0.0,0.0,1.0,1.0,1446.0,904.0,703.0,0.0,0.0,1.0,0.0,1.0,0.0,2804.0,17.0,1.0,0,0,0,0,0,0,0,0,1,0,104
train,vgr_train_storage_cycle_01,1.0,0.0,0.0,0.0,0.0,1.0,1.0,0.0,606.0,5351.0,0.0,1.0,0.0,0.0,1.0,0.0,2804.0,17.0,1.0,0,0,0,0,0,0,0,0,1,0,105
train,vgr_train_storage_cycle_01,0.0,0.0,0.0,0.0,0.0,0.0,0.0,401.0,606.0,5351.0,0.0,1.0,0.0,0.0,1.0,0.0,2804.0,17.0,1.0,0,0,0,0,0,0,0,0,1,0,0
train,vgr_train_storage_cycle_01,0.0,0.0,0.0,0.0,0.0,0.0,0.0,401.0,606.0,5351.0,0.0,0.0,1.0,0.0,1.0,0.0,2804.0,17.0,1.0,0,0,0,0,0,0,0,0,1,0,0
train,vgr_train_storage_cycle_01,0.0,0.0,0.0,0.0,0.0,0.0,0.0,401.0,606.0,5351.0,0.0,1.0,1.0,0.0,0.0,1.0,1383.0,7559.0,1.0,0,0,0,0,0,0,0,0,1,0,0
train,vgr_train_storage_cycle_01,0.0,0.0,0.0,0.0,0.0,0.0,0.0,401.0,606.0,5351.0,0.0,1.0,1.0,0.0,0.0,1.0,1751.0,7559.0,1.0,0,0,0,0,0,0,0,0,1,0,301
train,vgr_train_storage_cycle_01,1.0,1.0,1.0,0.0,0.0,0.0,0.0,0.0,0.0,0.0,1.0,1.0,1.0,1.0,0.0,1.0,0.0,0.0,1.0,0,0,0,0,0,0,0,0,0,1,0
train,vgr_train_storage_cycle_01,1.0,1.0,1.0,0.0,0.0,0.0,0.0,0.0,0.0,0.0,1.0,1.0,1.0,1.0,0.0,1.0,0.0,0.0,1.0,0,0,0,0,0,0,0,0,0,1,0
train,vgr_train_storage_cycle_01,1.0,1.0,1.0,0.0,0.0,0.0,0.0,0.0,0.0,0.0,1.0,1.0,1.0,1.0,0.0,1.0,0.0,0.0,1.0,0,0,0,0,0,0,0,0,0,1,0
train,vgr_train_storage_cycle_01,1.0,1.0,1.0,0.0,0.0,0.0,0.0,0.0,0.0,0.0,1.0,1.0,1.0,1.0,0.0,1.0,0.0,0.0,1.0,0,0,0,0,0,0,0,0,0,1,0
train,vgr_train_storage_cycle_01,1.0,1.0,1.0,0.0,0.0,0.0,0.0,0.0,0.0,0.0,1.0,1.0,1.0,1.0,0.0,1.0,0.0,0.0,1.0,0,0,0,0,0,0,0,0,0,1,0
train,vgr_train_storage_cycle_01,1.0,1.0,1.0,0.0,0.0,0.0,0.0,0.0,0.0,0.0,1.0,1.0,1.0,1.0,0.0,1.0,0.0,0.0,1.0,0,0,0,0,0,0,0,0,0,1,0
train,vgr_train_storage_cycle_01,1.0,1.0,1.0,0.0,0.0,0.0,0.0,0.0,0.0,0.0,1.0,1.0,1.0,1.0,0.0,1.0,0.0,0.0,0.0,0,0,0,0,0,0,0,0,0,1,101
train,vgr_train_storage_cycle_01,0.0,0.0,0.0,0.0,0.0,1.0,1.0,396.0,26.0,34.0,1.0,1.0,1.0,1.0,0.0,1.0,0.0,0.0,1.0,0,0,0,0,0,0,0,0,0,1,102
train,vgr_train_storage_cycle_01,0.0,0.0,0.0,0.0,0.0,1.0,1.0,1452.0,910.0,704.0,0.0,1.0,1.0,0.0,0.0,1.0,3250.0,7556.0,1.0,0,0,0,0,0,0,0,0,0,1,103
train,vgr_train_storage_cycle_01,0.0,0.0,0.0,0.0,0.0,1.0,1.0,2460.0,156.0,424.0,0.0,1.0,1.0,0.0,0.0,1.0,2887.0,7556.0,1.0,0,0,0,0,0,0,0,0,0,1,102
train,vgr_train_storage_cycle_01,0.0,0.0,0.0,0.0,0.0,1.0,1.0,1449.0,908.0,702.0,0.0,0.0,1.0,0.0,1.0,0.0,2802.0,19.0,1.0,0,0,0,0,0,0,0,0,0,1,104
train,vgr_train_storage_cycle_01,1.0,0.0,0.0,0.0,1.0,1.0,1.0,0.0,483.0,5348.0,0.0,1.0,0.0,0.0,1.0,0.0,2802.0,19.0,1.0,0,0,0,0,0,0,0,0,0,1,105
train,vgr_train_storage_cycle_01,0.0,0.0,0.0,0.0,0.0,0.0,0.0,398.0,608.0,5348.0,0.0,1.0,0.0,0.0,1.0,0.0,2802.0,19.0,1.0,0,0,0,0,0,0,0,0,0,1,0
train,vgr_train_storage_cycle_01,0.0,0.0,0.0,0.0,0.0,0.0,0.0,398.0,608.0,5348.0,0.0,0.0,1.0,0.0,1.0,0.0,2802.0,19.0,1.0,0,0,0,0,0,0,0,0,0,1,0
train,vgr_train_storage_cycle_01,0.0,0.0,0.0,0.0,0.0,0.0,0.0,398.0,608.0,5348.0,0.0,1.0,1.0,0.0,0.0,1.0,2883.0,7560.0,1.0,0,0,0,0,0,0,0,0,0,1,0
train,vgr_train_storage_cycle_01,0.0,0.0,0.0,0.0,0.0,0.0,0.0,398.0,608.0,5348.0,0.0,1.0,1.0,0.0,0.0,1.0,3252.0,7560.0,1.0,0,0,0,0,0,0,0,0,0,1,301
train,vgr_train_storage_cycle_01,1.0,1.0,1.0,0.0,0.0,0.0,0.0,0.0,0.0,0.0,1.0,1.0,1.0,1.0,0.0,1.0,0.0,0.0,1.0,1,0,0,0,0,0,0,0,0,0,0
train,vgr_train_storage_cycle_01,1.0,1.0,1.0,0.0,0.0,0.0,0.0,0.0,0.0,0.0,1.0,1.0,1.0,1.0,0.0,1.0,0.0,0.0,1.0,1,0,0,0,0,0,0,0,0,0,0
train,vgr_train_storage_cycle_01,1.0,1.0,1.0,0.0,0.0,0.0,0.0,0.0,0.0,0.0,1.0,1.0,1.0,1.0,0.0,1.0,0.0,0.0,1.0,1,0,0,0,0,0,0,0,0,0,0
train,vgr_train_storage_cycle_01,1.0,1.0,1.0,0.0,0.0,0.0,0.0,0.0,0.0,0.0,1.0,1.0,1.0,1.0,0.0,1.0,0.0,0.0,0.0,1,0,0,0,0,0,0,0,0,0,0
train,vgr_train_storage_cycle_01,1.0,1.0,1.0,0.0,0.0,0.0,0.0,0.0,0.0,0.0,1.0,1.0,1.0,1.0,0.0,1.0,0.0,0.0,1.0,1,0,0,0,0,0,0,0,0,0,0
train,vgr_train_storage_cycle_01,1.0,1.0,1.0,0.0,0.0,0.0,0.0,0.0,0.0,0.0,1.0,1.0,1.0,1.0,0.0,1.0,0.0,0.0,1.0,1,0,0,0,0,0,0,0,0,0,0
train,vgr_train_storage_cycle_01,1.0,1.0,1.0,0.0,0.0,0.0,0.0,0.0,0.0,0.0,1.0,1.0,1.0,1.0,0.0,1.0,0.0,0.0,1.0,1,0,0,0,0,0,0,0,0,0,0
train,vgr_train_storage_cycle_01,1.0,1.0,1.0,0.0,0.0,0.0,0.0,0.0,0.0,0.0,1.0,1.0,1.0,1.0,0.0,1.0,0.0,0.0,1.0,1,0,0,0,0,0,0,0,0,0,0
train,vgr_train_storage_cycle_01,1.0,1.0,1.0,0.0,0.0,0.0,0.0,0.0,0.0,0.0,1.0,1.0,1.0,1.0,0.0,1.0,0.0,0.0,1.0,1,0,0,0,0,0,0,0,0,0,0
train,vgr_train_storage_cycle_01,1.0,1.0,1.0,0.0,0.0,0.0,0.0,0.0,0.0,0.0,1.0,1.0,1.0,1.0,0.0,1.0,0.0,0.0,1.0,1,0,0,0,0,0,0,0,0,0,0
train,vgr_train_storage_cycle_01,1.0,1.0,1.0,0.0,0.0,0.0,0.0,0.0,0.0,0.0,1.0,1.0,1.0,1.0,0.0,1.0,0.0,0.0,1.0,1,0,0,0,0,0,0,0,0,0,0
train,vgr_train_storage_cycle_01,1.0,1.0,1.0,0.0,0.0,0.0,0.0,0.0,0.0,0.0,1.0,1.0,1.0,1.0,0.0,1.0,0.0,0.0,1.0,1,0,0,0,0,0,0,0,0,0,0
train,vgr_train_storage_cycle_01,1.0,1.0,1.0,0.0,0.0,0.0,0.0,0.0,0.0,0.0,1.0,1.0,1.0,1.0,0.0,1.0,0.0,0.0,1.0,1,0,0,0,0,0,0,0,0,0,0
train,vgr_train_storage_cycle_01,1.0,1.0,1.0,0.0,0.0,0.0,0.0,0.0,0.0,0.0,1.0,1.0,1.0,1.0,0.0,1.0,0.0,0.0,1.0,1,0,0,0,0,0,0,0,0,0,0
train,vgr_train_storage_cycle_01,1.0,1.0,1.0,0.0,0.0,0.0,0.0,0.0,0.0,0.0,1.0,1.0,1.0,1.0,0.0,1.0,0.0,0.0,1.0,1,0,0,0,0,0,0,0,0,0,0
train,vgr_train_storage_cycle_01,1.0,1.0,1.0,0.0,0.0,0.0,0.0,0.0,0.0,0.0,1.0,1.0,1.0,1.0,0.0,1.0,0.0,0.0,1.0,1,0,0,0,0,0,0,0,0,0,0
train,vgr_train_storage_cycle_01,1.0,1.0,1.0,0.0,0.0,0.0,0.0,0.0,0.0,0.0,1.0,1.0,1.0,1.0,0.0,1.0,0.0,0.0,1.0,1,0,0,0,0,0,0,0,0,0,0
train,vgr_train_storage_cycle_01,1.0,1.0,1.0,0.0,0.0,0.0,0.0,0.0,0.0,0.0,1.0,1.0,1.0,1.0,0.0,1.0,0.0,0.0,1.0,1,0,0,0,0,0,0,0,0,0,0
train,vgr_train_storage_cycle_01,1.0,1.0,1.0,0.0,0.0,0.0,0.0,0.0,0.0,0.0,1.0,1.0,1.0,1.0,0.0,1.0,0.0,0.0,0.0,1,0,0,0,0,0,0,0,0,0,0
train,vgr_train_storage_cycle_01,1.0,1.0,1.0,0.0,0.0,0.0,0.0,0.0,0.0,0.0,1.0,1.0,1.0,1.0,0.0,1.0,0.0,0.0,1.0,1,0,0,0,0,0,0,0,0,0,0
train,vgr_train_storage_cycle_01,1.0,1.0,1.0,0.0,0.0,0.0,0.0,0.0,0.0,0.0,1.0,1.0,1.0,1.0,0.0,1.0,0.0,0.0,1.0,1,0,0,0,0,0,0,0,0,0,0
train,vgr_train_storage_cycle_01,1.0,1.0,1.0,0.0,0.0,0.0,0.0,0.0,0.0,0.0,1.0,1.0,1.0,1.0,0.0,1.0,0.0,0.0,1.0,1,0,0,0,0,0,0,0,0,0,0
train,vgr_train_storage_cycle_01,1.0,1.0,1.0,0.0,0.0,0.0,0.0,0.0,0.0,0.0,1.0,1.0,1.0,1.0,0.0,1.0,0.0,0.0,1.0,1,0,0,0,0,0,0,0,0,0,0
train,vgr_train_storage_cycle_01,1.0,1.0,1.0,0.0,0.0,0.0,0.0,0.0,0.0,0.0,1.0,1.0,1.0,1.0,0.0,1.0,0.0,0.0,1.0,1,0,0,0,0,0,0,0,0,0,0
train,vgr_train_storage_cycle_01,1.0,1.0,1.0,0.0,0.0,0.0,0.0,0.0,0.0,0.0,1.0,1.0,1.0,1.0,0.0,1.0,0.0,0.0,1.0,1,0,0,0,0,0,0,0,0,0,0
train,vgr_train_storage_cycle_01,1.0,1.0,1.0,0.0,0.0,0.0,0.0,0.0,0.0,0.0,1.0,1.0,1.0,1.0,0.0,1.0,0.0,0.0,1.0,1,0,0,0,0,0,0,0,0,0,0
train,vgr_train_storage_cycle_01,1.0,1.0,1.0,0.0,0.0,0.0,0.0,0.0,0.0,0.0,1.0,1.0,1.0,1.0,0.0,1.0,0.0,0.0,1.0,1,0,0,0,0,0,0,0,0,0,0
train,vgr_train_storage_cycle_01,1.0,1.0,1.0,0.0,0.0,0.0,0.0,0.0,0.0,0.0,1.0,1.0,1.0,1.0,0.0,1.0,0.0,0.0,1.0,1,0,0,0,0,0,0,0,0,0,0
train,vgr_train_storage_cycle_01,1.0,1.0,1.0,0.0,0.0,0.0,0.0,0.0,0.0,0.0,1.0,1.0,1.0,1.0,0.0,1.0,0.0,0.0,1.0,1,0,0,0,0,0,0,0,0,0,0
train,vgr_train_storage_cycle_01,1.0,1.0,1.0,0.0,0.0,0.0,0.0,0.0,0.0,0.0,1.0,1.0,1.0,1.0,0.0,1.0,0.0,0.0,1.0,1,0,0,0,0,0,0,0,0,0,0
train,vgr_train_storage_cycle_01,1.0,1.0,1.0,0.0,0.0,0.0,0.0,0.0,0.0,0.0,1.0,1.0,1.0,1.0,0.0,1.0,0.0,0.0,1.0,1,0,0,0,0,0,0,0,0,0,0
train,vgr_train_storage_cycle_01,1.0,1.0,1.0,0.0,0.0,0.0,0.0,0.0,0.0,0.0,1.0,1.0,1.0,1.0,0.0,1.0,0.0,0.0,0.0,1,0,0,0,0,0,0,0,0,0,0
train,vgr_train_storage_cycle_01,1.0,1.0,1.0,0.0,0.0,0.0,0.0,0.0,0.0,0.0,1.0,1.0,1.0,1.0,0.0,1.0,0.0,0.0,1.0,1,0,0,0,0,0,0,0,0,0,0
train,vgr_train_storage_cycle_01,1.0,1.0,1.0,0.0,0.0,0.0,0.0,0.0,0.0,0.0,1.0,1.0,1.0,1.0,0.0,1.0,0.0,0.0,1.0,1,0,0,0,0,0,0,0,0,0,0
train,vgr_train_storage_cycle_01,1.0,1.0,1.0,0.0,0.0,0.0,0.0,0.0,0.0,0.0,1.0,1.0,1.0,1.0,0.0,1.0,0.0,0.0,1.0,1,0,0,0,0,0,0,0,0,0,0
train,vgr_train_storage_cycle_01,1.0,1.0,1.0,0.0,0.0,0.0,0.0,0.0,0.0,0.0,1.0,1.0,1.0,1.0,0.0,1.0,0.0,0.0,1.0,1,0,0,0,0,0,0,0,0,0,0
train,vgr_train_storage_cycle_01,1.0,1.0,1.0,0.0,0.0,0.0,0.0,0.0,0.0,0.0,1.0,1.0,1.0,1.0,0.0,1.0,0.0,0.0,1.0,1,0,0,0,0,0,0,0,0,0,0
train,vgr_train_storage_cycle_01,1.0,1.0,1.0,0.0,0.0,0.0,0.0,0.0,0.0,0.0,1.0,1.0,1.0,1.0,0.0,1.0,0.0,0.0,1.0,1,0,0,0,0,0,0,0,0,0,0
train,vgr_train_storage_cycle_01,1.0,1.0,1.0,0.0,0.0,0.0,0.0,0.0,0.0,0.0,1.0,1.0,1.0,1.0,0.0,1.0,0.0,0.0,1.0,1,0,0,0,0,0,0,0,0,0,0
train,vgr_train_storage_cycle_01,1.0,1.0,1.0,0.0,0.0,0.0,0.0,0.0,0.0,0.0,1.0,1.0,1.0,1.0,0.0,1.0,0.0,0.0,1.0,1,0,0,0,0,0,0,0,0,0,0
train,vgr_train_storage_cycle_01,1.0,1.0,1.0,0.0,0.0,0.0,0.0,0.0,0.0,0.0,1.0,1.0,1.0,1.0,0.0,1.0,0.0,0.0,1.0,1,0,0,0,0,0,0,0,0,0,0
train,vgr_train_storage_cycle_01,1.0,1.0,1.0,0.0,0.0,0.0,0.0,0.0,0.0,0.0,1.0,1.0,1.0,1.0,0.0,1.0,0.0,0.0,1.0,1,0,0,0,0,0,0,0,0,0,0
train,vgr_train_storage_cycle_01,1.0,1.0,1.0,0.0,0.0,0.0,0.0,0.0,0.0,0.0,1.0,1.0,1.0,1.0,0.0,1.0,0.0,0.0,1.0,1,0,0,0,0,0,0,0,0,0,0
train,vgr_train_storage_cycle_01,1.0,1.0,1.0,0.0,0.0,0.0,0.0,0.0,0.0,0.0,1.0,1.0,1.0,1.0,0.0,1.0,0.0,0.0,1.0,1,0,0,0,0,0,0,0,0,0,0
train,vgr_train_storage_cycle_01,1.0,1.0,1.0,0.0,0.0,0.0,0.0,0.0,0.0,0.0,1.0,1.0,1.0,1.0,0.0,1.0,0.0,0.0,1.0,1,0,0,0,0,0,0,0,0,0,0
train,vgr_train_storage_cycle_01,1.0,1.0,1.0,0.0,0.0,0.0,0.0,0.0,0.0,0.0,1.0,1.0,1.0,1.0,0.0,1.0,0.0,0.0,1.0,1,0,0,0,0,0,0,0,0,0,0
train,vgr_train_storage_cycle_01,1.0,1.0,1.0,0.0,0.0,0.0,0.0,0.0,0.0,0.0,1.0,1.0,1.0,1.0,0.0,1.0,0.0,0.0,1.0,1,0,0,0,0,0,0,0,0,0,0
train,vgr_train_storage_cycle_01,1.0,1.0,1.0,0.0,0.0,0.0,0.0,0.0,0.0,0.0,1.0,1.0,1.0,1.0,0.0,1.0,0.0,0.0,1.0,1,0,0,0,0,0,0,0,0,0,0
train,vgr_train_storage_cycle_01,1.0,1.0,1.0,0.0,0.0,0.0,0.0,0.0,0.0,0.0,1.0,1.0,1.0,1.0,0.0,1.0,0.0,0.0,1.0,1,0,0,0,0,0,0,0,0,0,0
train,vgr_train_storage_cycle_01,1.0,1.0,1.0,0.0,0.0,0.0,0.0,0.0,0.0,0.0,1.0,1.0,1.0,1.0,0.0,1.0,0.0,0.0,1.0,1,0,0,0,0,0,0,0,0,0,0
train,vgr_train_storage_cycle_01,1.0,1.0,1.0,0.0,0.0,0.0,0.0,0.0,0.0,0.0,1.0,1.0,1.0,1.0,0.0,1.0,0.0,0.0,1.0,1,0,0,0,0,0,0,0,0,0,0
train,vgr_train_storage_cycle_01,1.0,1.0,1.0,0.0,0.0,0.0,0.0,0.0,0.0,0.0,1.0,1.0,1.0,1.0,0.0,1.0,0.0,0.0,0.0,1,0,0,0,0,0,0,0,0,0,0
train,vgr_train_storage_cycle_01,1.0,1.0,1.0,0.0,0.0,0.0,0.0,0.0,0.0,0.0,1.0,1.0,1.0,1.0,0.0,1.0,0.0,0.0,1.0,1,0,0,0,0,0,0,0,0,0,0
train,vgr_train_storage_cycle_01,1.0,1.0,1.0,0.0,0.0,0.0,0.0,0.0,0.0,0.0,1.0,1.0,1.0,1.0,0.0,1.0,0.0,0.0,1.0,1,0,0,0,0,0,0,0,0,0,0
train,vgr_train_storage_cycle_01,1.0,1.0,1.0,0.0,0.0,0.0,0.0,0.0,0.0,0.0,1.0,1.0,1.0,1.0,0.0,1.0,0.0,0.0,1.0,1,0,0,0,0,0,0,0,0,0,0
train,vgr_train_storage_cycle_01,1.0,1.0,1.0,0.0,0.0,0.0,0.0,0.0,0.0,0.0,1.0,1.0,1.0,1.0,0.0,1.0,0.0,0.0,1.0,1,0,0,0,0,0,0,0,0,0,0
train,vgr_train_storage_cycle_01,1.0,1.0,1.0,0.0,0.0,0.0,0.0,0.0,0.0,0.0,1.0,1.0,1.0,1.0,0.0,1.0,0.0,0.0,1.0,1,0,0,0,0,0,0,0,0,0,0
train,vgr_train_storage_cycle_01,1.0,1.0,1.0,0.0,0.0,0.0,0.0,0.0,0.0,0.0,1.0,1.0,1.0,1.0,0.0,1.0,0.0,0.0,0.0,1,0,0,0,0,0,0,0,0,0,0
train,vgr_train_storage_cycle_01,1.0,1.0,1.0,0.0,0.0,0.0,0.0,0.0,0.0,0.0,1.0,1.0,1.0,1.0,0.0,1.0,0.0,0.0,1.0,1,0,0,0,0,0,0,0,0,0,0
train,vgr_train_storage_cycle_01,1.0,1.0,1.0,0.0,0.0,0.0,0.0,0.0,0.0,0.0,1.0,1.0,1.0,1.0,0.0,1.0,0.0,0.0,1.0,1,0,0,0,0,0,0,0,0,0,0
train,vgr_train_storage_cycle_01,1.0,1.0,1.0,0.0,0.0,0.0,0.0,0.0,0.0,0.0,1.0,1.0,1.0,1.0,0.0,1.0,0.0,0.0,1.0,1,0,0,0,0,0,0,0,0,0,0
train,vgr_train_storage_cycle_01,1.0,1.0,1.0,0.0,0.0,0.0,0.0,0.0,0.0,0.0,1.0,1.0,1.0,1.0,0.0,1.0,0.0,0.0,1.0,1,0,0,0,0,0,0,0,0,0,0
train,vgr_train_storage_cycle_01,1.0,1.0,1.0,0.0,0.0,0.0,0.0,0.0,0.0,0.0,1.0,1.0,1.0,1.0,0.0,1.0,0.0,0.0,1.0,1,0,0,0,0,0,0,0,0,0,0
train,vgr_train_storage_cycle_01,1.0,1.0,1.0,0.0,0.0,0.0,0.0,0.0,0.0,0.0,1.0,1.0,1.0,1.0,0.0,1.0,0.0,0.0,1.0,1,0,0,0,0,0,0,0,0,0,0
train,vgr_train_storage_cycle_01,1.0,1.0,1.0,0.0,0.0,0.0,0.0,0.0,0.0,0.0,1.0,1.0,1.0,1.0,0.0,1.0,0.0,0.0,1.0,1,0,0,0,0,0,0,0,0,0,0
train,vgr_train_storage_cycle_01,1.0,1.0,1.0,0.0,0.0,0.0,0.0,0.0,0.0,0.0,1.0,1.0,1.0,1.0,0.0,1.0,0.0,0.0,1.0,1,0,0,0,0,0,0,0,0,0,0
train,vgr_train_storage_cycle_01,1.0,1.0,1.0,0.0,0.0,0.0,0.0,0.0,0.0,0.0,1.0,1.0,1.0,1.0,0.0,1.0,0.0,0.0,1.0,1,0,0,0,0,0,0,0,0,0,0
train,vgr_train_storage_cycle_01,1.0,1.0,1.0,0.0,0.0,0.0,0.0,0.0,0.0,0.0,1.0,1.0,1.0,1.0,0.0,1.0,0.0,0.0,1.0,1,0,0,0,0,0,0,0,0,0,0
train,vgr_train_storage_cycle_01,1.0,1.0,1.0,0.0,0.0,0.0,0.0,0.0,0.0,0.0,1.0,1.0,1.0,1.0,0.0,1.0,0.0,0.0,1.0,1,0,0,0,0,0,0,0,0,0,0
train,vgr_train_storage_cycle_01,1.0,1.0,1.0,0.0,0.0,0.0,0.0,0.0,0.0,0.0,1.0,1.0,1.0,1.0,0.0,1.0,0.0,0.0,0.0,1,0,0,0,0,0,0,0,0,0,0
train,vgr_train_storage_cycle_01,1.0,1.0,1.0,0.0,0.0,0.0,0.0,0.0,0.0,0.0,1.0,1.0,1.0,1.0,0.0,1.0,0.0,0.0,1.0,1,0,0,0,0,0,0,0,0,0,0
train,vgr_train_storage_cycle_01,1.0,1.0,1.0,0.0,0.0,0.0,0.0,0.0,0.0,0.0,1.0,1.0,1.0,1.0,0.0,1.0,0.0,0.0,1.0,1,0,0,0,0,0,0,0,0,0,0
train,vgr_train_storage_cycle_01,1.0,1.0,1.0,0.0,0.0,0.0,0.0,0.0,0.0,0.0,1.0,1.0,1.0,1.0,0.0,1.0,0.0,0.0,1.0,1,0,0,0,0,0,0,0,0,0,0
train,vgr_train_storage_cycle_01,1.0,1.0,1.0,0.0,0.0,0.0,0.0,0.0,0.0,0.0,1.0,1.0,1.0,1.0,0.0,1.0,0.0,0.0,1.0,1,0,0,0,0,0,0,0,0,0,0
train,vgr_train_storage_cycle_01,1.0,1.0,1.0,0.0,0.0,0.0,0.0,0.0,0.0,0.0,1.0,1.0,1.0,1.0,0.0,1.0,0.0,0.0,1.0,1,0,0,0,0,0,0,0,0,0,0
train,vgr_train_storage_cycle_01,1.0,1.0,1.0,0.0,0.0,0.0,0.0,0.0,0.0,0.0,1.0,1.0,1.0,1.0,0.0,1.0,0.0,0.0,1.0,1,0,0,0,0,0,0,0,0,0,0
train,vgr_train_storage_cycle_01,1.0,1.0,1.0,0.0,0.0,0.0,0.0,0.0,0.0,0.0,1.0,1.0,1.0,1.0,0.0,1.0,0.0,0.0,1.0,1,0,0,0,0,0,0,0,0,0,0
train,vgr_train_storage_cycle_01,1.0,1.0,1.0,0.0,0.0,0.0,0.0,0.0,0.0,0.0,1.0,1.0,1.0,1.0,0.0,1.0,0.0,0.0,1.0,1,0,0,0,0,0,0,0,0,0,0
train,vgr_train_storage_cycle_01,1.0,1.0,1.0,0.0,0.0,0.0,0.0,0.0,0.0,0.0,1.0,1.0,1.0,1.0,0.0,1.0,0.0,0.0,1.0,1,0,0,0,0,0,0,0,0,0,0
train,vgr_train_storage_cycle_01,1.0,1.0,1.0,0.0,0.0,0.0,0.0,0.0,0.0,0.0,1.0,1.0,1.0,1.0,0.0,1.0,0.0,0.0,1.0,1,0,0,0,0,0,0,0,0,0,0
train,vgr_train_storage_cycle_01,1.0,1.0,1.0,0.0,0.0,0.0,0.0,0.0,0.0,0.0,1.0,1.0,1.0,1.0,0.0,1.0,0.0,0.0,1.0,1,0,0,0,0,0,0,0,0,0,0
train,vgr_train_storage_cycle_01,1.0,1.0,1.0,0.0,0.0,0.0,0.0,0.0,0.0,0.0,1.0,1.0,1.0,1.0,0.0,1.0,0.0,0.0,1.0,1,0,0,0,0,0,0,0,0,0,0
train,vgr_train_storage_cycle_01,1.0,1.0,1.0,0.0,0.0,0.0,0.0,0.0,0.0,0.0,1.0,1.0,1.0,1.0,0.0,1.0,0.0,0.0,1.0,1,0,0,0,0,0,0,0,0,0,0
train,vgr_train_storage_cycle_01,1.0,1.0,1.0,0.0,0.0,0.0,0.0,0.0,0.0,0.0,1.0,1.0,1.0,1.0,0.0,1.0,0.0,0.0,1.0,1,0,0,0,0,0,0,0,0,0,0
train,vgr_train_storage_cycle_01,1.0,1.0,1.0,0.0,0.0,0.0,0.0,0.0,0.0,0.0,1.0,1.0,1.0,1.0,0.0,1.0,0.0,0.0,1.0,1,0,0,0,0,0,0,0,0,0,0
train,vgr_train_storage_cycle_01,1.0,1.0,1.0,0.0,0.0,0.0,0.0,0.0,0.0,0.0,1.0,1.0,1.0,1.0,0.0,1.0,0.0,0.0,1.0,1,0,0,0,0,0,0,0,0,0,0
train,vgr_train_storage_cycle_01,1.0,1.0,1.0,0.0,0.0,0.0,0.0,0.0,0.0,0.0,1.0,1.0,1.0,1.0,0.0,1.0,0.0,0.0,1.0,1,0,0,0,0,0,0,0,0,0,0
train,vgr_train_storage_cycle_01,1.0,1.0,1.0,0.0,0.0,0.0,0.0,0.0,0.0,0.0,1.0,1.0,1.0,1.0,0.0,1.0,0.0,0.0,1.0,1,0,0,0,0,0,0,0,0,0,0
train,vgr_train_storage_cycle_01,1.0,1.0,1.0,0.0,0.0,0.0,0.0,0.0,0.0,0.0,1.0,1.0,1.0,1.0,0.0,1.0,0.0,0.0,1.0,1,0,0,0,0,0,0,0,0,0,0
train,vgr_train_storage_cycle_01,1.0,1.0,1.0,0.0,0.0,0.0,0.0,0.0,0.0,0.0,1.0,1.0,1.0,1.0,0.0,1.0,0.0,0.0,0.0,1,0,0,0,0,0,0,0,0,0,0
train,vgr_train_storage_cycle_01,1.0,1.0,1.0,0.0,0.0,0.0,0.0,0.0,0.0,0.0,1.0,1.0,1.0,1.0,0.0,1.0,0.0,0.0,1.0,1,0,0,0,0,0,0,0,0,0,0
train,vgr_train_storage_cycle_01,1.0,1.0,1.0,0.0,0.0,0.0,0.0,0.0,0.0,0.0,1.0,1.0,1.0,1.0,0.0,1.0,0.0,0.0,1.0,1,0,0,0,0,0,0,0,0,0,0
train,vgr_train_storage_cycle_01,1.0,1.0,1.0,0.0,0.0,0.0,0.0,0.0,0.0,0.0,1.0,1.0,1.0,1.0,0.0,1.0,0.0,0.0,1.0,1,0,0,0,0,0,0,0,0,0,0
train,vgr_train_storage_cycle_01,1.0,1.0,1.0,0.0,0.0,0.0,0.0,0.0,0.0,0.0,1.0,1.0,1.0,1.0,0.0,1.0,0.0,0.0,1.0,1,0,0,0,0,0,0,0,0,0,0
train,vgr_train_storage_cycle_01,1.0,1.0,1.0,0.0,0.0,0.0,0.0,0.0,0.0,0.0,1.0,1.0,1.0,1.0,0.0,1.0,0.0,0.0,1.0,1,0,0,0,0,0,0,0,0,0,0
train,vgr_train_storage_cycle_01,1.0,1.0,1.0,0.0,0.0,0.0,0.0,0.0,0.0,0.0,1.0,1.0,1.0,1.0,0.0,1.0,0.0,0.0,1.0,1,0,0,0,0,0,0,0,0,0,0
train,vgr_train_storage_cycle_01,1.0,1.0,1.0,0.0,0.0,0.0,0.0,0.0,0.0,0.0,1.0,1.0,1.0,1.0,0.0,1.0,0.0,0.0,1.0,1,0,0,0,0,0,0,0,0,0,0
train,vgr_train_storage_cycle_01,1.0,1.0,1.0,0.0,0.0,0.0,0.0,0.0,0.0,0.0,1.0,1.0,1.0,1.0,0.0,1.0,0.0,0.0,1.0,1,0,0,0,0,0,0,0,0,0,0
train,vgr_train_storage_cycle_01,1.0,1.0,1.0,0.0,0.0,0.0,0.0,0.0,0.0,0.0,1.0,1.0,1.0,1.0,0.0,1.0,0.0,0.0,1.0,1,0,0,0,0,0,0,0,0,0,0
train,vgr_train_storage_cycle_01,1.0,1.0,1.0,0.0,0.0,0.0,0.0,0.0,0.0,0.0,1.0,1.0,1.0,1.0,0.0,1.0,0.0,0.0,1.0,1,0,0,0,0,0,0,0,0,0,0
train,vgr_train_storage_cycle_01,1.0,1.0,1.0,0.0,0.0,0.0,0.0,0.0,0.0,0.0,1.0,1.0,1.0,1.0,0.0,1.0,0.0,0.0,1.0,1,0,0,0,0,0,0,0,0,0,0
train,vgr_train_storage_cycle_01,1.0,1.0,1.0,0.0,0.0,0.0,0.0,0.0,0.0,0.0,1.0,1.0,1.0,1.0,0.0,1.0,0.0,0.0,1.0,1,0,0,0,0,0,0,0,0,0,0
train,vgr_train_storage_cycle_01,1.0,1.0,1.0,0.0,0.0,0.0,0.0,0.0,0.0,0.0,1.0,1.0,1.0,1.0,0.0,1.0,0.0,0.0,1.0,1,0,0,0,0,0,0,0,0,0,0
train,vgr_train_storage_cycle_01,1.0,1.0,1.0,0.0,0.0,0.0,0.0,0.0,0.0,0.0,1.0,1.0,1.0,1.0,0.0,1.0,0.0,0.0,1.0,1,0,0,0,0,0,0,0,0,0,0
train,vgr_train_storage_cycle_01,1.0,1.0,1.0,0.0,0.0,0.0,0.0,0.0,0.0,0.0,1.0,1.0,1.0,1.0,0.0,1.0,0.0,0.0,1.0,1,0,0,0,0,0,0,0,0,0,0
train,vgr_train_storage_cycle_01,1.0,1.0,1.0,0.0,0.0,0.0,0.0,0.0,0.0,0.0,1.0,1.0,1.0,1.0,0.0,1.0,0.0,0.0,1.0,1,0,0,0,0,0,0,0,0,0,0
train,vgr_train_storage_cycle_01,1.0,1.0,1.0,0.0,0.0,0.0,0.0,0.0,0.0,0.0,1.0,1.0,1.0,1.0,0.0,1.0,0.0,0.0,1.0,1,0,0,0,0,0,0,0,0,0,0
train,vgr_train_storage_cycle_01,1.0,1.0,1.0,0.0,0.0,0.0,0.0,0.0,0.0,0.0,1.0,1.0,1.0,1.0,0.0,1.0,0.0,0.0,1.0,1,0,0,0,0,0,0,0,0,0,0
train,vgr_train_storage_cycle_01,1.0,1.0,1.0,0.0,0.0,0.0,0.0,0.0,0.0,0.0,1.0,1.0,1.0,1.0,0.0,1.0,0.0,0.0,0.0,1,0,0,0,0,0,0,0,0,0,0
train,vgr_train_storage_cycle_01,1.0,1.0,1.0,0.0,0.0,0.0,0.0,0.0,0.0,0.0,1.0,1.0,1.0,1.0,0.0,1.0,0.0,0.0,1.0,1,0,0,0,0,0,0,0,0,0,0
train,vgr_train_storage_cycle_01,1.0,1.0,1.0,0.0,0.0,0.0,0.0,0.0,0.0,0.0,1.0,1.0,1.0,1.0,0.0,1.0,0.0,0.0,1.0,1,0,0,0,0,0,0,0,0,0,0
train,vgr_train_storage_cycle_01,1.0,1.0,1.0,0.0,0.0,0.0,0.0,0.0,0.0,0.0,1.0,1.0,1.0,1.0,0.0,1.0,0.0,0.0,1.0,1,0,0,0,0,0,0,0,0,0,0
train,vgr_train_storage_cycle_01,1.0,1.0,1.0,0.0,0.0,0.0,0.0,0.0,0.0,0.0,1.0,1.0,1.0,1.0,0.0,1.0,0.0,0.0,1.0,1,0,0,0,0,0,0,0,0,0,0
train,vgr_train_storage_cycle_01,1.0,1.0,1.0,0.0,0.0,0.0,0.0,0.0,0.0,0.0,1.0,1.0,1.0,1.0,0.0,1.0,0.0,0.0,1.0,1,0,0,0,0,0,0,0,0,0,0
train,vgr_train_storage_cycle_01,1.0,1.0,1.0,0.0,0.0,0.0,0.0,0.0,0.0,0.0,1.0,1.0,1.0,1.0,0.0,1.0,0.0,0.0,1.0,1,0,0,0,0,0,0,0,0,0,0
train,vgr_train_storage_cycle_01,1.0,1.0,1.0,0.0,0.0,0.0,0.0,0.0,0.0,0.0,1.0,1.0,1.0,1.0,0.0,1.0,0.0,0.0,1.0,1,0,0,0,0,0,0,0,0,0,0
train,vgr_train_storage_cycle_01,1.0,1.0,1.0,0.0,0.0,0.0,0.0,0.0,0.0,0.0,1.0,1.0,1.0,1.0,0.0,1.0,0.0,0.0,0.0,1,0,0,0,0,0,0,0,0,0,0
train,vgr_train_storage_cycle_01,1.0,1.0,1.0,0.0,0.0,0.0,0.0,0.0,0.0,0.0,1.0,1.0,1.0,1.0,0.0,1.0,0.0,0.0,1.0,1,0,0,0,0,0,0,0,0,0,0
train,vgr_train_storage_cycle_01,1.0,1.0,1.0,0.0,0.0,0.0,0.0,0.0,0.0,0.0,1.0,1.0,1.0,1.0,0.0,1.0,0.0,0.0,1.0,1,0,0,0,0,0,0,0,0,0,0
train,vgr_train_storage_cycle_01,1.0,1.0,1.0,0.0,0.0,0.0,0.0,0.0,0.0,0.0,1.0,1.0,1.0,1.0,0.0,1.0,0.0,0.0,1.0,1,0,0,0,0,0,0,0,0,0,0
train,vgr_train_storage_cycle_01,1.0,1.0,1.0,0.0,0.0,0.0,0.0,0.0,0.0,0.0,1.0,1.0,1.0,1.0,0.0,1.0,0.0,0.0,1.0,1,0,0,0,0,0,0,0,0,0,0
train,vgr_train_storage_cycle_01,1.0,1.0,1.0,0.0,0.0,0.0,0.0,0.0,0.0,0.0,1.0,1.0,1.0,1.0,0.0,1.0,0.0,0.0,1.0,1,0,0,0,0,0,0,0,0,0,0
train,vgr_train_storage_cycle_01,1.0,1.0,1.0,0.0,0.0,0.0,0.0,0.0,0.0,0.0,1.0,1.0,1.0,1.0,0.0,1.0,0.0,0.0,1.0,1,0,0,0,0,0,0,0,0,0,0
train,vgr_train_storage_cycle_01,1.0,1.0,1.0,0.0,0.0,0.0,0.0,0.0,0.0,0.0,1.0,1.0,1.0,1.0,0.0,1.0,0.0,0.0,1.0,1,0,0,0,0,0,0,0,0,0,0
train,vgr_train_storage_cycle_01,1.0,1.0,1.0,0.0,0.0,0.0,0.0,0.0,0.0,0.0,1.0,1.0,1.0,1.0,0.0,1.0,0.0,0.0,1.0,1,0,0,0,0,0,0,0,0,0,0
train,vgr_train_storage_cycle_01,1.0,1.0,1.0,0.0,0.0,0.0,0.0,0.0,0.0,0.0,1.0,1.0,1.0,1.0,0.0,1.0,0.0,0.0,1.0,1,0,0,0,0,0,0,0,0,0,0
train,vgr_train_storage_cycle_01,1.0,1.0,1.0,0.0,0.0,0.0,0.0,0.0,0.0,0.0,1.0,1.0,1.0,1.0,0.0,1.0,0.0,0.0,1.0,1,0,0,0,0,0,0,0,0,0,0
train,vgr_train_storage_cycle_01,1.0,1.0,1.0,0.0,0.0,0.0,0.0,0.0,0.0,0.0,1.0,1.0,1.0,1.0,0.0,1.0,0.0,0.0,1.0,1,0,0,0,0,0,0,0,0,0,0
train,vgr_train_storage_cycle_01,1.0,1.0,1.0,0.0,0.0,0.0,0.0,0.0,0.0,0.0,1.0,1.0,1.0,1.0,0.0,1.0,0.0,0.0,1.0,1,0,0,0,0,0,0,0,0,0,0
train,vgr_train_storage_cycle_01,1.0,1.0,1.0,0.0,0.0,0.0,0.0,0.0,0.0,0.0,1.0,1.0,1.0,1.0,0.0,1.0,0.0,0.0,1.0,1,0,0,0,0,0,0,0,0,0,0
train,vgr_train_storage_cycle_01,1.0,1.0,1.0,0.0,0.0,0.0,0.0,0.0,0.0,0.0,1.0,1.0,1.0,1.0,0.0,1.0,0.0,0.0,1.0,1,0,0,0,0,0,0,0,0,0,0
train,vgr_train_storage_cycle_01,1.0,1.0,1.0,0.0,0.0,0.0,0.0,0.0,0.0,0.0,1.0,1.0,1.0,1.0,0.0,1.0,0.0,0.0,1.0,1,0,0,0,0,0,0,0,0,0,0
train,vgr_train_storage_cycle_01,1.0,1.0,1.0,0.0,0.0,0.0,0.0,0.0,0.0,0.0,1.0,1.0,1.0,1.0,0.0,1.0,0.0,0.0,1.0,1,0,0,0,0,0,0,0,0,0,0
train,vgr_train_storage_cycle_01,1.0,1.0,1.0,0.0,0.0,0.0,0.0,0.0,0.0,0.0,1.0,1.0,1.0,1.0,0.0,1.0,0.0,0.0,1.0,1,0,0,0,0,0,0,0,0,0,0
train,vgr_train_storage_cycle_01,1.0,1.0,1.0,0.0,0.0,0.0,0.0,0.0,0.0,0.0,1.0,1.0,1.0,1.0,0.0,1.0,0.0,0.0,1.0,0,1,0,0,0,0,0,0,0,0,0
train,vgr_train_storage_cycle_01,1.0,1.0,1.0,0.0,0.0,0.0,0.0,0.0,0.0,0.0,1.0,1.0,1.0,1.0,0.0,1.0,0.0,0.0,1.0,0,1,0,0,0,0,0,0,0,0,0
train,vgr_train_storage_cycle_01,1.0,1.0,1.0,0.0,0.0,0.0,0.0,0.0,0.0,0.0,1.0,1.0,1.0,1.0,0.0,1.0,0.0,0.0,1.0,0,1,0,0,0,0,0,0,0,0,0
train,vgr_train_storage_cycle_01,1.0,1.0,1.0,0.0,0.0,0.0,0.0,0.0,0.0,0.0,1.0,1.0,1.0,1.0,0.0,1.0,0.0,0.0,1.0,0,1,0,0,0,0,0,0,0,0,0
train,vgr_train_storage_cycle_01,1.0,1.0,1.0,0.0,0.0,0.0,0.0,0.0,0.0,0.0,1.0,1.0,1.0,1.0,0.0,1.0,0.0,0.0,1.0,0,1,0,0,0,0,0,0,0,0,0
train,vgr_train_storage_cycle_01,1.0,1.0,1.0,0.0,0.0,0.0,0.0,0.0,0.0,0.0,1.0,1.0,1.0,1.0,0.0,1.0,0.0,0.0,1.0,0,1,0,0,0,0,0,0,0,0,0
train,vgr_train_storage_cycle_01,1.0,1.0,1.0,0.0,0.0,0.0,0.0,0.0,0.0,0.0,1.0,1.0,1.0,1.0,0.0,1.0,0.0,0.0,1.0,0,1,0,0,0,0,0,0,0,0,0
train,vgr_train_storage_cycle_01,1.0,1.0,1.0,0.0,0.0,0.0,0.0,0.0,0.0,0.0,1.0,1.0,1.0,1.0,0.0,1.0,0.0,0.0,1.0,0,1,0,0,0,0,0,0,0,0,0
train,vgr_train_storage_cycle_01,1.0,1.0,1.0,0.0,0.0,0.0,0.0,0.0,0.0,0.0,1.0,1.0,1.0,1.0,0.0,1.0,0.0,0.0,1.0,0,1,0,0,0,0,0,0,0,0,0
train,vgr_train_storage_cycle_01,1.0,1.0,1.0,0.0,0.0,0.0,0.0,0.0,0.0,0.0,1.0,1.0,1.0,1.0,0.0,1.0,0.0,0.0,1.0,0,1,0,0,0,0,0,0,0,0,0
train,vgr_train_storage_cycle_01,1.0,1.0,1.0,0.0,0.0,0.0,0.0,0.0,0.0,0.0,1.0,1.0,1.0,1.0,0.0,1.0,0.0,0.0,0.0,0,1,0,0,0,0,0,0,0,0,101
train,vgr_train_storage_cycle_01,0.0,0.0,0.0,0.0,0.0,1.0,1.0,391.0,26.0,32.0,1.0,1.0,1.0,1.0,0.0,1.0,0.0,0.0,1.0,0,1,0,0,0,0,0,0,0,0,102
train,vgr_train_storage_cycle_01,0.0,0.0,0.0,0.0,0.0,1.0,1.0,1451.0,908.0,704.0,0.0,1.0,1.0,0.0,0.0,1.0,404.0,2869.0,1.0,0,1,0,0,0,0,0,0,0,0,103
train,vgr_train_storage_cycle_01,0.0,0.0,0.0,0.0,0.0,1.0,1.0,2453.0,160.0,428.0,0.0,1.0,1.0,0.0,0.0,1.0,37.0,2869.0,1.0,0,1,0,0,0,0,0,0,0,0,102
train,vgr_train_storage_cycle_01,0.0,0.0,0.0,0.0,0.0,1.0,1.0,1447.0,905.0,706.0,0.0,0.0,1.0,0.0,1.0,0.0,2799.0,16.0,1.0,0,1,0,0,0,0,0,0,0,0,104
train,vgr_train_storage_cycle_01,1.0,0.0,0.0,1.0,1.0,1.0,1.0,0.0,604.0,5348.0,0.0,1.0,0.0,0.0,1.0,0.0,2799.0,16.0,1.0,0,1,0,0,0,0,0,0,0,0,105
train,vgr_train_storage_cycle_01,0.0,0.0,0.0,0.0,0.0,0.0,0.0,398.0,604.0,5348.0,0.0,1.0,0.0,0.0,1.0,0.0,2799.0,16.0,1.0,0,1,0,0,0,0,0,0,0,0,0
train,vgr_train_storage_cycle_01,0.0,0.0,0.0,0.0,0.0,0.0,0.0,398.0,604.0,5348.0,0.0,0.0,1.0,0.0,1.0,0.0,2799.0,16.0,1.0,0,1,0,0,0,0,0,0,0,0,0
train,vgr_train_storage_cycle_01,0.0,0.0,0.0,0.0,0.0,0.0,0.0,398.0,604.0,5348.0,0.0,1.0,1.0,0.0,0.0,1.0,35.0,2870.0,1.0,0,1,0,0,0,0,0,0,0,0,0
train,vgr_train_storage_cycle_01,0.0,0.0,0.0,0.0,0.0,0.0,0.0,398.0,604.0,5348.0,0.0,1.0,1.0,0.0,0.0,1.0,402.0,2870.0,1.0,0,1,0,0,0,0,0,0,0,0,301
train,vgr_train_storage_cycle_01,1.0,1.0,1.0,0.0,0.0,0.0,0.0,0.0,0.0,0.0,1.0,1.0,1.0,1.0,0.0,1.0,0.0,0.0,1.0,0,0,1,0,0,0,0,0,0,0,0
train,vgr_train_storage_cycle_01,1.0,1.0,1.0,0.0,0.0,0.0,0.0,0.0,0.0,0.0,1.0,1.0,1.0,1.0,0.0,1.0,0.0,0.0,1.0,0,0,1,0,0,0,0,0,0,0,0
train,vgr_train_storage_cycle_01,1.0,1.0,1.0,0.0,0.0,0.0,0.0,0.0,0.0,0.0,1.0,1.0,1.0,1.0,0.0,1.0,0.0,0.0,1.0,0,0,1,0,0,0,0,0,0,0,0
train,vgr_train_storage_cycle_01,1.0,1.0,1.0,0.0,0.0,0.0,0.0,0.0,0.0,0.0,1.0,1.0,1.0,1.0,0.0,1.0,0.0,0.0,1.0,0,0,1,0,0,0,0,0,0,0,0
train,vgr_train_storage_cycle_01,1.0,1.0,1.0,0.0,0.0,0.0,0.0,0.0,0.0,0.0,1.0,1.0,1.0,1.0,0.0,1.0,0.0,0.0,1.0,0,0,1,0,0,0,0,0,0,0,0
train,vgr_train_storage_cycle_01,1.0,1.0,1.0,0.0,0.0,0.0,0.0,0.0,0.0,0.0,1.0,1.0,1.0,1.0,0.0,1.0,0.0,0.0,1.0,0,0,1,0,0,0,0,0,0,0,0
train,vgr_train_storage_cycle_01,1.0,1.0,1.0,0.0,0.0,0.0,0.0,0.0,0.0,0.0,1.0,1.0,1.0,1.0,0.0,1.0,0.0,0.0,1.0,0,0,1,0,0,0,0,0,0,0,0
train,vgr_train_storage_cycle_01,1.0,1.0,1.0,0.0,0.0,0.0,0.0,0.0,0.0,0.0,1.0,1.0,1.0,1.0,0.0,1.0,0.0,0.0,1.0,0,0,1,0,0,0,0,0,0,0,0
train,vgr_train_storage_cycle_01,1.0,1.0,1.0,0.0,0.0,0.0,0.0,0.0,0.0,0.0,1.0,1.0,1.0,1.0,0.0,1.0,0.0,0.0,1.0,0,0,1,0,0,0,0,0,0,0,0
train,vgr_train_storage_cycle_01,1.0,1.0,1.0,0.0,0.0,0.0,0.0,0.0,0.0,0.0,1.0,1.0,1.0,1.0,0.0,1.0,0.0,0.0,0.0,0,0,1,0,0,0,0,0,0,0,101
train,vgr_train_storage_cycle_01,0.0,0.0,0.0,0.0,0.0,1.0,1.0,394.0,26.0,33.0,1.0,1.0,1.0,1.0,0.0,1.0,0.0,0.0,1.0,0,0,1,0,0,0,0,0,0,0,102
train,vgr_train_storage_cycle_01,0.0,0.0,0.0,0.0,0.0,1.0,1.0,1452.0,904.0,703.0,0.0,1.0,1.0,0.0,0.0,1.0,1753.0,2869.0,1.0,0,0,1,0,0,0,0,0,0,0,103
train,vgr_train_storage_cycle_01,0.0,0.0,0.0,0.0,0.0,1.0,1.0,2456.0,156.0,426.0,0.0,1.0,1.0,0.0,0.0,1.0,1382.0,2869.0,1.0,0,0,1,0,0,0,0,0,0,0,102
train,vgr_train_storage_cycle_01,0.0,0.0,0.0,0.0,0.0,1.0,1.0,1449.0,908.0,702.0,0.0,0.0,1.0,0.0,1.0,0.0,2804.0,16.0,1.0,0,0,1,0,0,0,0,0,0,0,104
train,vgr_train_storage_cycle_01,1.0,0.0,0.0,1.0,1.0,1.0,1.0,0.0,608.0,5348.0,0.0,1.0,0.0,0.0,1.0,0.0,2804.0,16.0,1.0,0,0,1,0,0,0,0,0,0,0,105
train,vgr_train_storage_cycle_01,0.0,0.0,0.0,0.0,0.0,0.0,0.0,403.0,608.0,5348.0,0.0,1.0,0.0,0.0,1.0,0.0,2804.0,16.0,1.0,0,0,1,0,0,0,0,0,0,0,0
train,vgr_train_storage_cycle_01,0.0,0.0,0.0,0.0,0.0,0.0,0.0,403.0,608.0,5348.0,0.0,0.0,1.0,0.0,1.0,0.0,2804.0,16.0,1.0,0,0,1,0,0,0,0,0,0,0,0
train,vgr_train_storage_cycle_01,0.0,0.0,0.0,0.0,0.0,0.0,0.0,403.0,608.0,5348.0,0.0,1.0,1.0,0.0,0.0,1.0,1385.0,2870.0,1.0,0,0,1,0,0,0,0,0,0,0,0
train,vgr_train_storage_cycle_01,0.0,0.0,0.0,0.0,0.0,0.0,0.0,403.0,608.0,5348.0,0.0,1.0,1.0,0.0,0.0,1.0,1748.0,2870.0,1.0,0,0,1,0,0,0,0,0,0,0,301
train,vgr_train_storage_cycle_01,1.0,1.0,1.0,0.0,0.0,0.0,0.0,0.0,0.0,0.0,1.0,1.0,1.0,1.0,0.0,1.0,0.0,0.0,1.0,0,0,0,1,0,0,0,0,0,0,0
train,vgr_train_storage_cycle_01,1.0,1.0,1.0,0.0,0.0,0.0,0.0,0.0,0.0,0.0,1.0,1.0,1.0,1.0,0.0,1.0,0.0,0.0,1.0,0,0,0,1,0,0,0,0,0,0,0
train,vgr_train_storage_cycle_01,1.0,1.0,1.0,0.0,0.0,0.0,0.0,0.0,0.0,0.0,1.0,1.0,1.0,1.0,0.0,1.0,0.0,0.0,1.0,0,0,0,1,0,0,0,0,0,0,0
train,vgr_train_storage_cycle_01,1.0,1.0,1.0,0.0,0.0,0.0,0.0,0.0,0.0,0.0,1.0,1.0,1.0,1.0,0.0,1.0,0.0,0.0,1.0,0,0,0,1,0,0,0,0,0,0,0
train,vgr_train_storage_cycle_01,1.0,1.0,1.0,0.0,0.0,0.0,0.0,0.0,0.0,0.0,1.0,1.0,1.0,1.0,0.0,1.0,0.0,0.0,1.0,0,0,0,1,0,0,0,0,0,0,0
train,vgr_train_storage_cycle_01,1.0,1.0,1.0,0.0,0.0,0.0,0.0,0.0,0.0,0.0,1.0,1.0,1.0,1.0,0.0,1.0,0.0,0.0,1.0,0,0,0,1,0,0,0,0,0,0,0
train,vgr_train_storage_cycle_01,1.0,1.0,1.0,0.0,0.0,0.0,0.0,0.0,0.0,0.0,1.0,1.0,1.0,1.0,0.0,1.0,0.0,0.0,1.0,0,0,0,1,0,0,0,0,0,0,0
train,vgr_train_storage_cycle_01,1.0,1.0,1.0,0.0,0.0,0.0,0.0,0.0,0.0,0.0,1.0,1.0,1.0,1.0,0.0,1.0,0.0,0.0,1.0,0,0,0,1,0,0,0,0,0,0,0
train,vgr_train_storage_cycle_01,1.0,1.0,1.0,0.0,0.0,0.0,0.0,0.0,0.0,0.0,1.0,1.0,1.0,1.0,0.0,1.0,0.0,0.0,1.0,0,0,0,1,0,0,0,0,0,0,0
train,vgr_train_storage_cycle_01,1.0,1.0,1.0,0.0,0.0,0.0,0.0,0.0,0.0,0.0,1.0,1.0,1.0,1.0,0.0,1.0,0.0,0.0,1.0,0,0,0,1,0,0,0,0,0,0,0
train,vgr_train_storage_cycle_01,1.0,1.0,1.0,0.0,0.0,0.0,0.0,0.0,0.0,0.0,1.0,1.0,1.0,1.0,0.0,1.0,0.0,0.0,1.0,0,0,0,1,0,0,0,0,0,0,0
train,vgr_train_storage_cycle_01,1.0,1.0,1.0,0.0,0.0,0.0,0.0,0.0,0.0,0.0,1.0,1.0,1.0,1.0,0.0,1.0,0.0,0.0,1.0,0,0,0,1,0,0,0,0,0,0,0
train,vgr_train_storage_cycle_01,1.0,1.0,1.0,0.0,0.0,0.0,0.0,0.0,0.0,0.0,1.0,1.0,1.0,1.0,0.0,1.0,0.0,0.0,1.0,0,0,0,1,0,0,0,0,0,0,0
train,vgr_train_storage_cycle_01,1.0,1.0,1.0,0.0,0.0,0.0,0.0,0.0,0.0,0.0,1.0,1.0,1.0,1.0,0.0,1.0,0.0,0.0,0.0,0,0,0,1,0,0,0,0,0,0,101
train,vgr_train_storage_cycle_01,0.0,0.0,0.0,0.0,0.0,1.0,1.0,397.0,25.0,33.0,1.0,1.0,1.0,1.0,0.0,1.0,0.0,0.0,1.0,0,0,0,1,0,0,0,0,0,0,102
train,vgr_train_storage_cycle_01,0.0,0.0,0.0,0.0,0.0,1.0,1.0,1449.0,905.0,702.0,0.0,1.0,1.0,0.0,0.0,1.0,3252.0,2869.0,1.0,0,0,0,1,0,0,0,0,0,0,103
train,vgr_train_storage_cycle_01,0.0,0.0,0.0,0.0,0.0,1.0,1.0,2455.0,152.0,426.0,0.0,1.0,1.0,0.0,0.0,1.0,2885.0,2869.0,1.0,0,0,0,1,0,0,0,0,0,0,102
train,vgr_train_storage_cycle_01,0.0,0.0,0.0,0.0,0.0,1.0,1.0,1448.0,910.0,704.0,0.0,0.0,1.0,0.0,1.0,0.0,2799.0,18.0,1.0,0,0,0,1,0,0,0,0,0,0,104
train,vgr_train_storage_cycle_01,1.0,0.0,0.0,1.0,1.0,1.0,1.0,0.0,604.0,5348.0,0.0,1.0,0.0,0.0,1.0,0.0,2799.0,18.0,1.0,0,0,0,1,0,0,0,0,0,0,105
train,vgr_train_storage_cycle_01,0.0,0.0,0.0,0.0,0.0,0.0,0.0,396.0,604.0,5348.0,0.0,1.0,0.0,0.0,1.0,0.0,2799.0,18.0,1.0,0,0,0,1,0,0,0,0,0,0,0
train,vgr_train_storage_cycle_01,0.0,0.0,0.0,0.0,0.0,0.0,0.0,396.0,604.0,5348.0,0.0,0.0,1.0,0.0,1.0,0.0,2799.0,18.0,1.0,0,0,0,1,0,0,0,0,0,0,0
train,vgr_train_storage_cycle_01,0.0,0.0,0.0,0.0,0.0,0.0,0.0,396.0,604.0,5348.0,0.0,1.0,1.0,0.0,0.0,1.0,2878.0,2870.0,1.0,0,0,0,1,0,0,0,0,0,0,0
train,vgr_train_storage_cycle_01,0.0,0.0,0.0,0.0,0.0,0.0,0.0,396.0,604.0,5348.0,0.0,1.0,1.0,0.0,0.0,1.0,3250.0,2870.0,1.0,0,0,0,1,0,0,0,0,0,0,301
train,vgr_train_storage_cycle_01,1.0,1.0,1.0,0.0,0.0,0.0,0.0,0.0,0.0,0.0,1.0,1.0,1.0,1.0,0.0,1.0,0.0,0.0,1.0,0,0,0,0,1,0,0,0,0,0,0
train,vgr_train_storage_cycle_01,1.0,1.0,1.0,0.0,0.0,0.0,0.0,0.0,0.0,0.0,1.0,1.0,1.0,1.0,0.0,1.0,0.0,0.0,1.0,0,0,0,0,1,0,0,0,0,0,0
train,vgr_train_storage_cycle_01,1.0,1.0,1.0,0.0,0.0,0.0,0.0,0.0,0.0,0.0,1.0,1.0,1.0,1.0,0.0,1.0,0.0,0.0,1.0,0,0,0,0,1,0,0,0,0,0,0
train,vgr_train_storage_cycle_01,1.0,1.0,1.0,0.0,0.0,0.0,0.0,0.0,0.0,0.0,1.0,1.0,1.0,1.0,0.0,1.0,0.0,0.0,1.0,0,0,0,0,1,0,0,0,0,0,0
train,vgr_train_storage_cycle_01,1.0,1.0,1.0,0.0,0.0,0.0,0.0,0.0,0.0,0.0,1.0,1.0,1.0,1.0,0.0,1.0,0.0,0.0,1.0,0,0,0,0,1,0,0,0,0,0,0
train,vgr_train_storage_cycle_01,1.0,1.0,1.0,0.0,0.0,0.0,0.0,0.0,0.0,0.0,1.0,1.0,1.0,1.0,0.0,1.0,0.0,0.0,1.0,0,0,0,0,1,0,0,0,0,0,0
train,vgr_train_storage_cycle_01,1.0,1.0,1.0,0.0,0.0,0.0,0.0,0.0,0.0,0.0,1.0,1.0,1.0,1.0,0.0,1.0,0.0,0.0,1.0,0,0,0,0,1,0,0,0,0,0,0
train,vgr_train_storage_cycle_01,1.0,1.0,1.0,0.0,0.0,0.0,0.0,0.0,0.0,0.0,1.0,1.0,1.0,1.0,0.0,1.0,0.0,0.0,1.0,0,0,0,0,1,0,0,0,0,0,0
train,vgr_train_storage_cycle_01,1.0,1.0,1.0,0.0,0.0,0.0,0.0,0.0,0.0,0.0,1.0,1.0,1.0,1.0,0.0,1.0,0.0,0.0,1.0,0,0,0,0,1,0,0,0,0,0,0
train,vgr_train_storage_cycle_01,1.0,1.0,1.0,0.0,0.0,0.0,0.0,0.0,0.0,0.0,1.0,1.0,1.0,1.0,0.0,1.0,0.0,0.0,1.0,0,0,0,0,1,0,0,0,0,0,0
train,vgr_train_storage_cycle_01,1.0,1.0,1.0,0.0,0.0,0.0,0.0,0.0,0.0,0.0,1.0,1.0,1.0,1.0,0.0,1.0,0.0,0.0,1.0,0,0,0,0,1,0,0,0,0,0,0
train,vgr_train_storage_cycle_01,1.0,1.0,1.0,0.0,0.0,0.0,0.0,0.0,0.0,0.0,1.0,1.0,1.0,1.0,0.0,1.0,0.0,0.0,1.0,0,0,0,0,1,0,0,0,0,0,0
train,vgr_train_storage_cycle_01,1.0,1.0,1.0,0.0,0.0,0.0,0.0,0.0,0.0,0.0,1.0,1.0,1.0,1.0,0.0,1.0,0.0,0.0,0.0,0,0,0,0,1,0,0,0,0,0,101
train,vgr_train_storage_cycle_01,0.0,0.0,0.0,0.0,0.0,1.0,1.0,394.0,25.0,29.0,1.0,1.0,1.0,1.0,0.0,1.0,0.0,0.0,1.0,0,0,0,0,1,0,0,0,0,0,102
train,vgr_train_storage_cycle_01,0.0,0.0,0.0,0.0,0.0,1.0,1.0,1449.0,905.0,703.0,0.0,1.0,1.0,0.0,0.0,1.0,399.0,5199.0,1.0,0,0,0,0,1,0,0,0,0,0,103
train,vgr_train_storage_cycle_01,0.0,0.0,0.0,0.0,0.0,1.0,1.0,2454.0,157.0,424.0,0.0,1.0,1.0,0.0,0.0,1.0,32.0,5199.0,1.0,0,0,0,0,1,0,0,0,0,0,102
train,vgr_train_storage_cycle_01,0.0,0.0,0.0,0.0,0.0,1.0,1.0,1446.0,907.0,699.0,0.0,0.0,1.0,0.0,1.0,0.0,2803.0,17.0,1.0,0,0,0,0,1,0,0,0,0,0,104
train,vgr_train_storage_cycle_01,1.0,0.0,0.0,0.0,0.0,1.0,1.0,0.0,605.0,5349.0,0.0,1.0,0.0,0.0,1.0,0.0,2803.0,17.0,1.0,0,0,0,0,1,0,0,0,0,0,105
train,vgr_train_storage_cycle_01,0.0,0.0,0.0,0.0,0.0,0.0,0.0,400.0,605.0,5349.0,0.0,1.0,0.0,0.0,1.0,0.0,2803.0,17.0,1.0,0,0,0,0,1,0,0,0,0,0,0
train,vgr_train_storage_cycle_01,0.0,0.0,0.0,0.0,0.0,0.0,0.0,400.0,605.0,5349.0,0.0,0.0,1.0,0.0,1.0,0.0,2803.0,17.0,1.0,0,0,0,0,1,0,0,0,0,0,0
train,vgr_train_storage_cycle_01,0.0,0.0,0.0,0.0,0.0,0.0,0.0,400.0,605.0,5349.0,0.0,1.0,1.0,0.0,0.0,1.0,35.0,5199.0,1.0,0,0,0,0,1,0,0,0,0,0,0
train,vgr_train_storage_cycle_01,0.0,0.0,0.0,0.0,0.0,0.0,0.0,400.0,605.0,5349.0,0.0,1.0,1.0,0.0,0.0,1.0,401.0,5199.0,1.0,0,0,0,0,1,0,0,0,0,0,301
train,vgr_train_storage_cycle_01,1.0,1.0,1.0,0.0,0.0,0.0,0.0,0.0,0.0,0.0,1.0,1.0,1.0,1.0,0.0,1.0,0.0,0.0,1.0,0,0,0,0,0,1,0,0,0,0,0
train,vgr_train_storage_cycle_01,1.0,1.0,1.0,0.0,0.0,0.0,0.0,0.0,0.0,0.0,1.0,1.0,1.0,1.0,0.0,1.0,0.0,0.0,1.0,0,0,0,0,0,1,0,0,0,0,0
train,vgr_train_storage_cycle_01,1.0,1.0,1.0,0.0,0.0,0.0,0.0,0.0,0.0,0.0,1.0,1.0,1.0,1.0,0.0,1.0,0.0,0.0,1.0,0,0,0,0,0,1,0,0,0,0,0
train,vgr_train_storage_cycle_01,1.0,1.0,1.0,0.0,0.0,0.0,0.0,0.0,0.0,0.0,1.0,1.0,1.0,1.0,0.0,1.0,0.0,0.0,1.0,0,0,0,0,0,1,0,0,0,0,0
train,vgr_train_storage_cycle_01,1.0,1.0,1.0,0.0,0.0,0.0,0.0,0.0,0.0,0.0,1.0,1.0,1.0,1.0,0.0,1.0,0.0,0.0,1.0,0,0,0,0,0,1,0,0,0,0,0
train,vgr_train_storage_cycle_01,1.0,1.0,1.0,0.0,0.0,0.0,0.0,0.0,0.0,0.0,1.0,1.0,1.0,1.0,0.0,1.0,0.0,0.0,1.0,0,0,0,0,0,1,0,0,0,0,0
train,vgr_train_storage_cycle_01,1.0,1.0,1.0,0.0,0.0,0.0,0.0,0.0,0.0,0.0,1.0,1.0,1.0,1.0,0.0,1.0,0.0,0.0,1.0,0,0,0,0,0,1,0,0,0,0,0
train,vgr_train_storage_cycle_01,1.0,1.0,1.0,0.0,0.0,0.0,0.0,0.0,0.0,0.0,1.0,1.0,1.0,1.0,0.0,1.0,0.0,0.0,1.0,0,0,0,0,0,1,0,0,0,0,0
train,vgr_train_storage_cycle_01,1.0,1.0,1.0,0.0,0.0,0.0,0.0,0.0,0.0,0.0,1.0,1.0,1.0,1.0,0.0,1.0,0.0,0.0,1.0,0,0,0,0,0,1,0,0,0,0,0
train,vgr_train_storage_cycle_01,1.0,1.0,1.0,0.0,0.0,0.0,0.0,0.0,0.0,0.0,1.0,1.0,1.0,1.0,0.0,1.0,0.0,0.0,1.0,0,0,0,0,0,1,0,0,0,0,0
train,vgr_train_storage_cycle_01,1.0,1.0,1.0,0.0,0.0,0.0,0.0,0.0,0.0,0.0,1.0,1.0,1.0,1.0,0.0,1.0,0.0,0.0,1.0,0,0,0,0,0,1,0,0,0,0,0
train,vgr_train_storage_cycle_01,1.0,1.0,1.0,0.0,0.0,0.0,0.0,0.0,0.0,0.0,1.0,1.0,1.0,1.0,0.0,1.0,0.0,0.0,1.0,0,0,0,0,0,1,0,0,0,0,0
train,vgr_train_storage_cycle_01,1.0,1.0,1.0,0.0,0.0,0.0,0.0,0.0,0.0,0.0,1.0,1.0,1.0,1.0,0.0,1.0,0.0,0.0,1.0,0,0,0,0,0,1,0,0,0,0,0
train,vgr_train_storage_cycle_01,1.0,1.0,1.0,0.0,0.0,0.0,0.0,0.0,0.0,0.0,1.0,1.0,1.0,1.0,0.0,1.0,0.0,0.0,1.0,0,0,0,0,0,1,0,0,0,0,0
train,vgr_train_storage_cycle_01,1.0,1.0,1.0,0.0,0.0,0.0,0.0,0.0,0.0,0.0,1.0,1.0,1.0,1.0,0.0,1.0,0.0,0.0,1.0,0,0,0,0,0,1,0,0,0,0,0
train,vgr_train_storage_cycle_01,1.0,1.0,1.0,0.0,0.0,0.0,0.0,0.0,0.0,0.0,1.0,1.0,1.0,1.0,0.0,1.0,0.0,0.0,0.0,0,0,0,0,0,1,0,0,0,0,101
train,vgr_train_storage_cycle_01,0.0,0.0,0.0,0.0,0.0,1.0,1.0,395.0,25.0,32.0,1.0,1.0,1.0,1.0,0.0,1.0,0.0,0.0,1.0,0,0,0,0,0,1,0,0,0,0,102
train,vgr_train_storage_cycle_01,0.0,0.0,0.0,0.0,0.0,1.0,1.0,1448.0,905.0,704.0,0.0,1.0,1.0,0.0,0.0,1.0,1754.0,5201.0,1.0,0,0,0,0,0,1,0,0,0,0,103
train,vgr_train_storage_cycle_01,0.0,0.0,0.0,0.0,0.0,1.0,1.0,2462.0,157.0,426.0,0.0,1.0,1.0,0.0,0.0,1.0,1386.0,5201.0,1.0,0,0,0,0,0,1,0,0,0,0,102
train,vgr_train_storage_cycle_01,0.0,0.0,0.0,0.0,0.0,1.0,1.0,1448.0,903.0,706.0,0.0,0.0,1.0,0.0,1.0,0.0,2800.0,17.0,1.0,0,0,0,0,0,1,0,0,0,0,104
train,vgr_train_storage_cycle_01,1.0,0.0,0.0,0.0,0.0,1.0,1.0,0.0,607.0,5351.0,0.0,1.0,0.0,0.0,1.0,0.0,2800.0,17.0,1.0,0,0,0,0,0,1,0,0,0,0,105
train,vgr_train_storage_cycle_01,0.0,0.0,0.0,0.0,0.0,0.0,0.0,399.0,607.0,5351.0,0.0,1.0,0.0,0.0,1.0,0.0,2800.0,17.0,1.0,0,0,0,0,0,1,0,0,0,0,0
train,vgr_train_storage_cycle_01,0.0,0.0,0.0,0.0,0.0,0.0,0.0,399.0,607.0,5351.0,0.0,0.0,1.0,0.0,1.0,0.0,2800.0,17.0,1.0,0,0,0,0,0,1,0,0,0,0,0
train,vgr_train_storage_cycle_01,0.0,0.0,0.0,0.0,0.0,0.0,0.0,399.0,607.0,5351.0,0.0,1.0,1.0,0.0,0.0,1.0,1383.0,5198.0,1.0,0,0,0,0,0,1,0,0,0,0,0
train,vgr_train_storage_cycle_01,0.0,0.0,0.0,0.0,0.0,0.0,0.0,399.0,607.0,5351.0,0.0,1.0,1.0,0.0,0.0,1.0,1752.0,5198.0,1.0,0,0,0,0,0,1,0,0,0,0,301
train,vgr_train_storage_cycle_01,1.0,1.0,1.0,0.0,0.0,0.0,0.0,0.0,0.0,0.0,1.0,1.0,1.0,1.0,0.0,1.0,0.0,0.0,1.0,0,0,0,0,0,0,1,0,0,0,0
train,vgr_train_storage_cycle_01,1.0,1.0,1.0,0.0,0.0,0.0,0.0,0.0,0.0,0.0,1.0,1.0,1.0,1.0,0.0,1.0,0.0,0.0,1.0,0,0,0,0,0,0,1,0,0,0,0
train,vgr_train_storage_cycle_01,1.0,1.0,1.0,0.0,0.0,0.0,0.0,0.0,0.0,0.0,1.0,1.0,1.0,1.0,0.0,1.0,0.0,0.0,1.0,0,0,0,0,0,0,1,0,0,0,0
train,vgr_train_storage_cycle_01,1.0,1.0,1.0,0.0,0.0,0.0,0.0,0.0,0.0,0.0,1.0,1.0,1.0,1.0,0.0,1.0,0.0,0.0,1.0,0,0,0,0,0,0,1,0,0,0,0
train,vgr_train_storage_cycle_01,1.0,1.0,1.0,0.0,0.0,0.0,0.0,0.0,0.0,0.0,1.0,1.0,1.0,1.0,0.0,1.0,0.0,0.0,1.0,0,0,0,0,0,0,1,0,0,0,0
train,vgr_train_storage_cycle_01,1.0,1.0,1.0,0.0,0.0,0.0,0.0,0.0,0.0,0.0,1.0,1.0,1.0,1.0,0.0,1.0,0.0,0.0,1.0,0,0,0,0,0,0,1,0,0,0,0
train,vgr_train_storage_cycle_01,1.0,1.0,1.0,0.0,0.0,0.0,0.0,0.0,0.0,0.0,1.0,1.0,1.0,1.0,0.0,1.0,0.0,0.0,1.0,0,0,0,0,0,0,1,0,0,0,0
train,vgr_train_storage_cycle_01,1.0,1.0,1.0,0.0,0.0,0.0,0.0,0.0,0.0,0.0,1.0,1.0,1.0,1.0,0.0,1.0,0.0,0.0,1.0,0,0,0,0,0,0,1,0,0,0,0
train,vgr_train_storage_cycle_01,1.0,1.0,1.0,0.0,0.0,0.0,0.0,0.0,0.0,0.0,1.0,1.0,1.0,1.0,0.0,1.0,0.0,0.0,1.0,0,0,0,0,0,0,1,0,0,0,0
train,vgr_train_storage_cycle_01,1.0,1.0,1.0,0.0,0.0,0.0,0.0,0.0,0.0,0.0,1.0,1.0,1.0,1.0,0.0,1.0,0.0,0.0,1.0,0,0,0,0,0,0,1,0,0,0,0
train,vgr_train_storage_cycle_01,1.0,1.0,1.0,0.0,0.0,0.0,0.0,0.0,0.0,0.0,1.0,1.0,1.0,1.0,0.0,1.0,0.0,0.0,1.0,0,0,0,0,0,0,1,0,0,0,0
train,vgr_train_storage_cycle_01,1.0,1.0,1.0,0.0,0.0,0.0,0.0,0.0,0.0,0.0,1.0,1.0,1.0,1.0,0.0,1.0,0.0,0.0,1.0,0,0,0,0,0,0,1,0,0,0,0
train,vgr_train_storage_cycle_01,1.0,1.0,1.0,0.0,0.0,0.0,0.0,0.0,0.0,0.0,1.0,1.0,1.0,1.0,0.0,1.0,0.0,0.0,1.0,0,0,0,0,0,0,1,0,0,0,0
train,vgr_train_storage_cycle_01,1.0,1.0,1.0,0.0,0.0,0.0,0.0,0.0,0.0,0.0,1.0,1.0,1.0,1.0,0.0,1.0,0.0,0.0,1.0,0,0,0,0,0,0,1,0,0,0,0
train,vgr_train_storage_cycle_01,1.0,1.0,1.0,0.0,0.0,0.0,0.0,0.0,0.0,0.0,1.0,1.0,1.0,1.0,0.0,1.0,0.0,0.0,1.0,0,0,0,0,0,0,1,0,0,0,0
train,vgr_train_storage_cycle_01,1.0,1.0,1.0,0.0,0.0,0.0,0.0,0.0,0.0,0.0,1.0,1.0,1.0,1.0,0.0,1.0,0.0,0.0,1.0,0,0,0,0,0,0,1,0,0,0,0
train,vgr_train_storage_cycle_01,1.0,1.0,1.0,0.0,0.0,0.0,0.0,0.0,0.0,0.0,1.0,1.0,1.0,1.0,0.0,1.0,0.0,0.0,1.0,0,0,0,0,0,0,1,0,0,0,0
train,vgr_train_storage_cycle_01,1.0,1.0,1.0,0.0,0.0,0.0,0.0,0.0,0.0,0.0,1.0,1.0,1.0,1.0,0.0,1.0,0.0,0.0,0.0,0,0,0,0,0,0,1,0,0,0,101
train,vgr_train_storage_cycle_01,0.0,0.0,0.0,0.0,0.0,1.0,1.0,396.0,26.0,33.0,1.0,1.0,1.0,1.0,0.0,1.0,0.0,0.0,1.0,0,0,0,0,0,0,1,0,0,0,102
train,vgr_train_storage_cycle_01,0.0,0.0,0.0,0.0,0.0,1.0,1.0,1451.0,908.0,704.0,0.0,1.0,1.0,0.0,0.0,1.0,3253.0,5199.0,1.0,0,0,0,0,0,0,1,0,0,0,103
train,vgr_train_storage_cycle_01,0.0,0.0,0.0,0.0,0.0,1.0,1.0,2458.0,156.0,423.0,0.0,1.0,1.0,0.0,0.0,1.0,2883.0,5199.0,1.0,0,0,0,0,0,0,1,0,0,0,102
train,vgr_train_storage_cycle_01,0.0,0.0,0.0,0.0,0.0,1.0,1.0,1448.0,908.0,703.0,0.0,0.0,1.0,0.0,1.0,0.0,2802.0,17.0,1.0,0,0,0,0,0,0,1,0,0,0,104
train,vgr_train_storage_cycle_01,1.0,0.0,0.0,0.0,0.0,1.0,1.0,0.0,604.0,5352.0,0.0,1.0,0.0,0.0,1.0,0.0,2802.0,17.0,1.0,0,0,0,0,0,0,1,0,0,0,105
train,vgr_train_storage_cycle_01,0.0,0.0,0.0,0.0,0.0,0.0,0.0,400.0,604.0,5352.0,0.0,1.0,0.0,0.0,1.0,0.0,2802.0,17.0,1.0,0,0,0,0,0,0,1,0,0,0,0
train,vgr_train_storage_cycle_01,0.0,0.0,0.0,0.0,0.0,0.0,0.0,400.0,604.0,5352.0,0.0,0.0,1.0,0.0,1.0,0.0,2802.0,17.0,1.0,0,0,0,0,0,0,1,0,0,0,0
train,vgr_train_storage_cycle_01,0.0,0.0,0.0,0.0,0.0,0.0,0.0,400.0,604.0,5352.0,0.0,1.0,1.0,0.0,0.0,1.0,2881.0,5198.0,1.0,0,0,0,0,0,0,1,0,0,0,0
train,vgr_train_storage_cycle_01,0.0,0.0,0.0,0.0,0.0,0.0,0.0,400.0,604.0,5352.0,0.0,1.0,1.0,0.0,0.0,1.0,3250.0,5198.0,1.0,0,0,0,0,0,0,1,0,0,0,301
train,vgr_train_storage_cycle_01,1.0,1.0,1.0,0.0,0.0,0.0,0.0,0.0,0.0,0.0,1.0,1.0,1.0,1.0,0.0,1.0,0.0,0.0,1.0,0,0,0,0,0,0,0,1,0,0,0
train,vgr_train_storage_cycle_01,1.0,1.0,1.0,0.0,0.0,0.0,0.0,0.0,0.0,0.0,1.0,1.0,1.0,1.0,0.0,1.0,0.0,0.0,1.0,0,0,0,0,0,0,0,1,0,0,0
train,vgr_train_storage_cycle_01,1.0,1.0,1.0,0.0,0.0,0.0,0.0,0.0,0.0,0.0,1.0,1.0,1.0,1.0,0.0,1.0,0.0,0.0,1.0,0,0,0,0,0,0,0,1,0,0,0
train,vgr_train_storage_cycle_01,1.0,1.0,1.0,0.0,0.0,0.0,0.0,0.0,0.0,0.0,1.0,1.0,1.0,1.0,0.0,1.0,0.0,0.0,1.0,0,0,0,0,0,0,0,1,0,0,0
train,vgr_train_storage_cycle_01,1.0,1.0,1.0,0.0,0.0,0.0,0.0,0.0,0.0,0.0,1.0,1.0,1.0,1.0,0.0,1.0,0.0,0.0,1.0,0,0,0,0,0,0,0,1,0,0,0
train,vgr_train_storage_cycle_01,1.0,1.0,1.0,0.0,0.0,0.0,0.0,0.0,0.0,0.0,1.0,1.0,1.0,1.0,0.0,1.0,0.0,0.0,1.0,0,0,0,0,0,0,0,1,0,0,0
train,vgr_train_storage_cycle_01,1.0,1.0,1.0,0.0,0.0,0.0,0.0,0.0,0.0,0.0,1.0,1.0,1.0,1.0,0.0,1.0,0.0,0.0,1.0,0,0,0,0,0,0,0,1,0,0,0
train,vgr_train_storage_cycle_01,1.0,1.0,1.0,0.0,0.0,0.0,0.0,0.0,0.0,0.0,1.0,1.0,1.0,1.0,0.0,1.0,0.0,0.0,1.0,0,0,0,0,0,0,0,1,0,0,0
train,vgr_train_storage_cycle_01,1.0,1.0,1.0,0.0,0.0,0.0,0.0,0.0,0.0,0.0,1.0,1.0,1.0,1.0,0.0,1.0,0.0,0.0,1.0,0,0,0,0,0,0,0,1,0,0,0
train,vgr_train_storage_cycle_01,1.0,1.0,1.0,0.0,0.0,0.0,0.0,0.0,0.0,0.0,1.0,1.0,1.0,1.0,0.0,1.0,0.0,0.0,1.0,0,0,0,0,0,0,0,1,0,0,0
train,vgr_train_storage_cycle_01,1.0,1.0,1.0,0.0,0.0,0.0,0.0,0.0,0.0,0.0,1.0,1.0,1.0,1.0,0.0,1.0,0.0,0.0,1.0,0,0,0,0,0,0,0,1,0,0,0
train,vgr_train_storage_cycle_01,1.0,1.0,1.0,0.0,0.0,0.0,0.0,0.0,0.0,0.0,1.0,1.0,1.0,1.0,0.0,1.0,0.0,0.0,1.0,0,0,0,0,0,0,0,1,0,0,0
train,vgr_train_storage_cycle_01,1.0,1.0,1.0,0.0,0.0,0.0,0.0,0.0,0.0,0.0,1.0,1.0,1.0,1.0,0.0,1.0,0.0,0.0,1.0,0,0,0,0,0,0,0,1,0,0,0
train,vgr_train_storage_cycle_01,1.0,1.0,1.0,0.0,0.0,0.0,0.0,0.0,0.0,0.0,1.0,1.0,1.0,1.0,0.0,1.0,0.0,0.0,1.0,0,0,0,0,0,0,0,1,0,0,0
train,vgr_train_storage_cycle_01,1.0,1.0,1.0,0.0,0.0,0.0,0.0,0.0,0.0,0.0,1.0,1.0,1.0,1.0,0.0,1.0,0.0,0.0,1.0,0,0,0,0,0,0,0,1,0,0,0
train,vgr_train_storage_cycle_01,1.0,1.0,1.0,0.0,0.0,0.0,0.0,0.0,0.0,0.0,1.0,1.0,1.0,1.0,0.0,1.0,0.0,0.0,1.0,0,0,0,0,0,0,0,1,0,0,0
train,vgr_train_storage_cycle_01,1.0,1.0,1.0,0.0,0.0,0.0,0.0,0.0,0.0,0.0,1.0,1.0,1.0,1.0,0.0,1.0,0.0,0.0,0.0,0,0,0,0,0,0,0,1,0,0,101
train,vgr_train_storage_cycle_01,0.0,0.0,0.0,0.0,0.0,1.0,1.0,398.0,26.0,33.0,1.0,1.0,1.0,1.0,0.0,1.0,0.0,0.0,1.0,0,0,0,0,0,0,0,1,0,0,102
train,vgr_train_storage_cycle_01,0.0,0.0,0.0,0.0,0.0,1.0,1.0,1453.0,906.0,705.0,0.0,1.0,1.0,0.0,0.0,1.0,399.0,7560.0,1.0,0,0,0,0,0,0,0,1,0,0,103
train,vgr_train_storage_cycle_01,0.0,0.0,0.0,0.0,0.0,1.0,1.0,2460.0,157.0,426.0,0.0,1.0,1.0,0.0,0.0,1.0,36.0,7560.0,1.0,0,0,0,0,0,0,0,1,0,0,102
train,vgr_train_storage_cycle_01,0.0,0.0,0.0,0.0,0.0,1.0,1.0,1450.0,909.0,700.0,0.0,0.0,1.0,0.0,1.0,0.0,2802.0,17.0,1.0,0,0,0,0,0,0,0,1,0,0,104
train,vgr_train_storage_cycle_01,1.0,0.0,0.0,0.0,0.0,1.0,1.0,0.0,603.0,5350.0,0.0,1.0,0.0,0.0,1.0,0.0,2802.0,17.0,1.0,0,0,0,0,0,0,0,1,0,0,105
train,vgr_train_storage_cycle_01,0.0,0.0,0.0,0.0,0.0,0.0,0.0,400.0,603.0,5350.0,0.0,1.0,0.0,0.0,1.0,0.0,2802.0,17.0,1.0,0,0,0,0,0,0,0,1,0,0,0
train,vgr_train_storage_cycle_01,0.0,0.0,0.0,0.0,0.0,0.0,0.0,400.0,603.0,5350.0,0.0,0.0,1.0,0.0,1.0,0.0,2802.0,17.0,1.0,0,0,0,0,0,0,0,1,0,0,0
train,vgr_train_storage_cycle_01,0.0,0.0,0.0,0.0,0.0,0.0,0.0,400.0,603.0,5350.0,0.0,1.0,1.0,0.0,0.0,1.0,34.0,7559.0,1.0,0,0,0,0,0,0,0,1,0,0,0
train,vgr_train_storage_cycle_01,0.0,0.0,0.0,0.0,0.0,0.0,0.0,400.0,603.0,5350.0,0.0,1.0,1.0,0.0,0.0,1.0,403.0,7559.0,1.0,0,0,0,0,0,0,0,1,0,0,301
train,vgr_train_storage_cycle_01,1.0,1.0,1.0,0.0,0.0,0.0,0.0,0.0,0.0,0.0,1.0,1.0,1.0,1.0,0.0,1.0,0.0,0.0,1.0,0,0,0,0,0,0,0,0,1,0,0
train,vgr_train_storage_cycle_01,1.0,1.0,1.0,0.0,0.0,0.0,0.0,0.0,0.0,0.0,1.0,1.0,1.0,1.0,0.0,1.0,0.0,0.0,1.0,0,0,0,0,0,0,0,0,1,0,0
train,vgr_train_storage_cycle_01,1.0,1.0,1.0,0.0,0.0,0.0,0.0,0.0,0.0,0.0,1.0,1.0,1.0,1.0,0.0,1.0,0.0,0.0,1.0,0,0,0,0,0,0,0,0,1,0,0
train,vgr_train_storage_cycle_01,1.0,1.0,1.0,0.0,0.0,0.0,0.0,0.0,0.0,0.0,1.0,1.0,1.0,1.0,0.0,1.0,0.0,0.0,1.0,0,0,0,0,0,0,0,0,1,0,0
train,vgr_train_storage_cycle_01,1.0,1.0,1.0,0.0,0.0,0.0,0.0,0.0,0.0,0.0,1.0,1.0,1.0,1.0,0.0,1.0,0.0,0.0,1.0,0,0,0,0,0,0,0,0,1,0,0
train,vgr_train_storage_cycle_01,1.0,1.0,1.0,0.0,0.0,0.0,0.0,0.0,0.0,0.0,1.0,1.0,1.0,1.0,0.0,1.0,0.0,0.0,0.0,0,0,0,0,0,0,0,0,1,0,101
train,vgr_train_storage_cycle_01,0.0,0.0,0.0,0.0,0.0,1.0,1.0,390.0,26.0,32.0,1.0,1.0,1.0,1.0,0.0,1.0,0.0,0.0,1.0,0,0,0,0,0,0,0,0,1,0,102
train,vgr_train_storage_cycle_01,0.0,0.0,0.0,0.0,0.0,1.0,1.0,1447.0,906.0,700.0,0.0,1.0,1.0,0.0,0.0,1.0,1754.0,7559.0,1.0,0,0,0,0,0,0,0,0,1,0,103
train,vgr_train_storage_cycle_01,0.0,0.0,0.0,0.0,0.0,1.0,1.0,2456.0,156.0,424.0,0.0,1.0,1.0,0.0,0.0,1.0,1386.0,7559.0,1.0,0,0,0,0,0,0,0,0,1,0,102
train,vgr_train_storage_cycle_01,0.0,0.0,0.0,0.0,0.0,1.0,1.0,1446.0,904.0,703.0,0.0,0.0,1.0,0.0,1.0,0.0,2804.0,17.0,1.0,0,0,0,0,0,0,0,0,1,0,104
train,vgr_train_storage_cycle_01,1.0,0.0,0.0,0.0,0.0,1.0,1.0,0.0,606.0,5351.0,0.0,1.0,0.0,0.0,1.0,0.0,2804.0,17.0,1.0,0,0,0,0,0,0,0,0,1,0,105
train,vgr_train_storage_cycle_01,0.0,0.0,0.0,0.0,0.0,0.0,0.0,401.0,606.0,5351.0,0.0,1.0,0.0,0.0,1.0,0.0,2804.0,17.0,1.0,0,0,0,0,0,0,0,0,1,0,0
train,vgr_train_storage_cycle_01,0.0,0.0,0.0,0.0,0.0,0.0,0.0,401.0,606.0,5351.0,0.0,0.0,1.0,0.0,1.0,0.0,2804.0,17.0,1.0,0,0,0,0,0,0,0,0,1,0,0
train,vgr_train_storage_cycle_01,0.0,0.0,0.0,0.0,0.0,0.0,0.0,401.0,606.0,5351.0,0.0,1.0,1.0,0.0,0.0,1.0,1383.0,7559.0,1.0,0,0,0,0,0,0,0,0,1,0,0
train,vgr_train_storage_cycle_01,0.0,0.0,0.0,0.0,0.0,0.0,0.0,401.0,606.0,5351.0,0.0,1.0,1.0,0.0,0.0,1.0,1751.0,7559.0,1.0,0,0,0,0,0,0,0,0,1,0,301
train,vgr_train_storage_cycle_01,1.0,1.0,1.0,0.0,0.0,0.0,0.0,0.0,0.0,0.0,1.0,1.0,1.0,1.0,0.0,1.0,0.0,0.0,1.0,0,0,0,0,0,0,0,0,0,1,0
train,vgr_train_storage_cycle_01,1.0,1.0,1.0,0.0,0.0,0.0,0.0,0.0,0.0,0.0,1.0,1.0,1.0,1.0,0.0,1.0,0.0,0.0,1.0,0,0,0,0,0,0,0,0,0,1,0
train,vgr_train_storage_cycle_01,1.0,1.0,1.0,0.0,0.0,0.0,0.0,0.0,0.0,0.0,1.0,1.0,1.0,1.0,0.0,1.0,0.0,0.0,1.0,0,0,0,0,0,0,0,0,0,1,0
train,vgr_train_storage_cycle_01,1.0,1.0,1.0,0.0,0.0,0.0,0.0,0.0,0.0,0.0,1.0,1.0,1.0,1.0,0.0,1.0,0.0,0.0,1.0,0,0,0,0,0,0,0,0,0,1,0
train,vgr_train_storage_cycle_01,1.0,1.0,1.0,0.0,0.0,0.0,0.0,0.0,0.0,0.0,1.0,1.0,1.0,1.0,0.0,1.0,0.0,0.0,1.0,0,0,0,0,0,0,0,0,0,1,0
train,vgr_train_storage_cycle_01,1.0,1.0,1.0,0.0,0.0,0.0,0.0,0.0,0.0,0.0,1.0,1.0,1.0,1.0,0.0,1.0,0.0,0.0,1.0,0,0,0,0,0,0,0,0,0,1,0
train,vgr_train_storage_cycle_01,1.0,1.0,1.0,0.0,0.0,0.0,0.0,0.0,0.0,0.0,1.0,1.0,1.0,1.0,0.0,1.0,0.0,0.0,0.0,0,0,0,0,0,0,0,0,0,1,101
train,vgr_train_storage_cycle_01,0.0,0.0,0.0,0.0,0.0,1.0,1.0,396.0,26.0,34.0,1.0,1.0,1.0,1.0,0.0,1.0,0.0,0.0,1.0,0,0,0,0,0,0,0,0,0,1,102
train,vgr_train_storage_cycle_01,0.0,0.0,0.0,0.0,0.0,1.0,1.0,1452.0,910.0,704.0,0.0,1.0,1.0,0.0,0.0,1.0,3250.0,7556.0,1.0,0,0,0,0,0,0,0,0,0,1,103
train,vgr_train_storage_cycle_01,0.0,0.0,0.0,0.0,0.0,1.0,1.0,2460.0,156.0,424.0,0.0,1.0,1.0,0.0,0.0,1.0,2887.0,7556.0,1.0,0,0,0,0,0,0,0,0,0,1,102
train,vgr_train_storage_cycle_01,0.0,0.0,0.0,0.0,0.0,1.0,1.0,1449.0,908.0,702.0,0.0,0.0,1.0,0.0,1.0,0.0,2802.0,19.0,1.0,0,0,0,0,0,0,0,0,0,1,104
train,vgr_train_storage_cycle_01,1.0,0.0,0.0,0.0,1.0,1.0,1.0,0.0,483.0,5348.0,0.0,1.0,0.0,0.0,1.0,0.0,2802.0,19.0,1.0,0,0,0,0,0,0,0,0,0,1,105
train,vgr_train_storage_cycle_01,0.0,0.0,0.0,0.0,0.0,0.0,0.0,398.0,608.0,5348.0,0.0,1.0,0.0,0.0,1.0,0.0,2802.0,19.0,1.0,0,0,0,0,0,0,0,0,0,1,0
train,vgr_train_storage_cycle_01,0.0,0.0,0.0,0.0,0.0,0.0,0.0,398.0,608.0,5348.0,0.0,0.0,1.0,0.0,1.0,0.0,2802.0,19.0,1.0,0,0,0,0,0,0,0,0,0,1,0
train,vgr_train_storage_cycle_01,0.0,0.0,0.0,0.0,0.0,0.0,0.0,398.0,608.0,5348.0,0.0,1.0,1.0,0.0,0.0,1.0,2883.0,7560.0,1.0,0,0,0,0,0,0,0,0,0,1,0
train,vgr_train_storage_cycle_01,0.0,0.0,0.0,0.0,0.0,0.0,0.0,398.0,608.0,5348.0,0.0,1.0,1.0,0.0,0.0,1.0,3252.0,7560.0,1.0,0,0,0,0,0,0,0,0,0,1,301
train,vgr_train_storage_cycle_01,1.0,1.0,1.0,0.0,0.0,0.0,0.0,0.0,0.0,0.0,1.0,1.0,1.0,1.0,0.0,1.0,0.0,0.0,1.0,1,0,0,0,0,0,0,0,0,0,0
train,vgr_train_storage_cycle_01,1.0,1.0,1.0,0.0,0.0,0.0,0.0,0.0,0.0,0.0,1.0,1.0,1.0,1.0,0.0,1.0,0.0,0.0,1.0,1,0,0,0,0,0,0,0,0,0,0
train,vgr_train_storage_cycle_01,1.0,1.0,1.0,0.0,0.0,0.0,0.0,0.0,0.0,0.0,1.0,1.0,1.0,1.0,0.0,1.0,0.0,0.0,1.0,1,0,0,0,0,0,0,0,0,0,0
train,vgr_train_storage_cycle_01,1.0,1.0,1.0,0.0,0.0,0.0,0.0,0.0,0.0,0.0,1.0,1.0,1.0,1.0,0.0,1.0,0.0,0.0,0.0,1,0,0,0,0,0,0,0,0,0,0
train,vgr_train_storage_cycle_01,1.0,1.0,1.0,0.0,0.0,0.0,0.0,0.0,0.0,0.0,1.0,1.0,1.0,1.0,0.0,1.0,0.0,0.0,1.0,1,0,0,0,0,0,0,0,0,0,0
train,vgr_train_storage_cycle_01,1.0,1.0,1.0,0.0,0.0,0.0,0.0,0.0,0.0,0.0,1.0,1.0,1.0,1.0,0.0,1.0,0.0,0.0,1.0,1,0,0,0,0,0,0,0,0,0,0
train,vgr_train_storage_cycle_01,1.0,1.0,1.0,0.0,0.0,0.0,0.0,0.0,0.0,0.0,1.0,1.0,1.0,1.0,0.0,1.0,0.0,0.0,1.0,1,0,0,0,0,0,0,0,0,0,0
train,vgr_train_storage_cycle_01,1.0,1.0,1.0,0.0,0.0,0.0,0.0,0.0,0.0,0.0,1.0,1.0,1.0,1.0,0.0,1.0,0.0,0.0,1.0,1,0,0,0,0,0,0,0,0,0,0
train,vgr_train_storage_cycle_01,1.0,1.0,1.0,0.0,0.0,0.0,0.0,0.0,0.0,0.0,1.0,1.0,1.0,1.0,0.0,1.0,0.0,0.0,1.0,1,0,0,0,0,0,0,0,0,0,0
train,vgr_train_storage_cycle_01,1.0,1.0,1.0,0.0,0.0,0.0,0.0,0.0,0.0,0.0,1.0,1.0,1.0,1.0,0.0,1.0,0.0,0.0,1.0,1,0,0,0,0,0,0,0,0,0,0
train,vgr_train_storage_cycle_01,1.0,1.0,1.0,0.0,0.0,0.0,0.0,0.0,0.0,0.0,1.0,1.0,1.0,1.0,0.0,1.0,0.0,0.0,1.0,1,0,0,0,0,0,0,0,0,0,0
train,vgr_train_storage_cycle_01,1.0,1.0,1.0,0.0,0.0,0.0,0.0,0.0,0.0,0.0,1.0,1.0,1.0,1.0,0.0,1.0,0.0,0.0,1.0,1,0,0,0,0,0,0,0,0,0,0
train,vgr_train_storage_cycle_01,1.0,1.0,1.0,0.0,0.0,0.0,0.0,0.0,0.0,0.0,1.0,1.0,1.0,1.0,0.0,1.0,0.0,0.0,1.0,1,0,0,0,0,0,0,0,0,0,0
train,vgr_train_storage_cycle_01,1.0,1.0,1.0,0.0,0.0,0.0,0.0,0.0,0.0,0.0,1.0,1.0,1.0,1.0,0.0,1.0,0.0,0.0,1.0,1,0,0,0,0,0,0,0,0,0,0
train,vgr_train_storage_cycle_01,1.0,1.0,1.0,0.0,0.0,0.0,0.0,0.0,0.0,0.0,1.0,1.0,1.0,1.0,0.0,1.0,0.0,0.0,1.0,1,0,0,0,0,0,0,0,0,0,0
train,vgr_train_storage_cycle_01,1.0,1.0,1.0,0.0,0.0,0.0,0.0,0.0,0.0,0.0,1.0,1.0,1.0,1.0,0.0,1.0,0.0,0.0,1.0,1,0,0,0,0,0,0,0,0,0,0
train,vgr_train_storage_cycle_01,1.0,1.0,1.0,0.0,0.0,0.0,0.0,0.0,0.0,0.0,1.0,1.0,1.0,1.0,0.0,1.0,0.0,0.0,1.0,1,0,0,0,0,0,0,0,0,0,0
train,vgr_train_storage_cycle_01,1.0,1.0,1.0,0.0,0.0,0.0,0.0,0.0,0.0,0.0,1.0,1.0,1.0,1.0,0.0,1.0,0.0,0.0,1.0,1,0,0,0,0,0,0,0,0,0,0
train,vgr_train_storage_cycle_01,1.0,1.0,1.0,0.0,0.0,0.0,0.0,0.0,0.0,0.0,1.0,1.0,1.0,1.0,0.0,1.0,0.0,0.0,0.0,1,0,0,0,0,0,0,0,0,0,0
train,vgr_train_storage_cycle_01,1.0,1.0,1.0,0.0,0.0,0.0,0.0,0.0,0.0,0.0,1.0,1.0,1.0,1.0,0.0,1.0,0.0,0.0,1.0,1,0,0,0,0,0,0,0,0,0,0
train,vgr_train_storage_cycle_01,1.0,1.0,1.0,0.0,0.0,0.0,0.0,0.0,0.0,0.0,1.0,1.0,1.0,1.0,0.0,1.0,0.0,0.0,1.0,1,0,0,0,0,0,0,0,0,0,0
train,vgr_train_storage_cycle_01,1.0,1.0,1.0,0.0,0.0,0.0,0.0,0.0,0.0,0.0,1.0,1.0,1.0,1.0,0.0,1.0,0.0,0.0,1.0,1,0,0,0,0,0,0,0,0,0,0
train,vgr_train_storage_cycle_01,1.0,1.0,1.0,0.0,0.0,0.0,0.0,0.0,0.0,0.0,1.0,1.0,1.0,1.0,0.0,1.0,0.0,0.0,1.0,1,0,0,0,0,0,0,0,0,0,0
train,vgr_train_storage_cycle_01,1.0,1.0,1.0,0.0,0.0,0.0,0.0,0.0,0.0,0.0,1.0,1.0,1.0,1.0,0.0,1.0,0.0,0.0,1.0,1,0,0,0,0,0,0,0,0,0,0
train,vgr_train_storage_cycle_01,1.0,1.0,1.0,0.0,0.0,0.0,0.0,0.0,0.0,0.0,1.0,1.0,1.0,1.0,0.0,1.0,0.0,0.0,1.0,1,0,0,0,0,0,0,0,0,0,0
train,vgr_train_storage_cycle_01,1.0,1.0,1.0,0.0,0.0,0.0,0.0,0.0,0.0,0.0,1.0,1.0,1.0,1.0,0.0,1.0,0.0,0.0,1.0,1,0,0,0,0,0,0,0,0,0,0
train,vgr_train_storage_cycle_01,1.0,1.0,1.0,0.0,0.0,0.0,0.0,0.0,0.0,0.0,1.0,1.0,1.0,1.0,0.0,1.0,0.0,0.0,1.0,1,0,0,0,0,0,0,0,0,0,0
train,vgr_train_storage_cycle_01,1.0,1.0,1.0,0.0,0.0,0.0,0.0,0.0,0.0,0.0,1.0,1.0,1.0,1.0,0.0,1.0,0.0,0.0,1.0,1,0,0,0,0,0,0,0,0,0,0
train,vgr_train_storage_cycle_01,1.0,1.0,1.0,0.0,0.0,0.0,0.0,0.0,0.0,0.0,1.0,1.0,1.0,1.0,0.0,1.0,0.0,0.0,1.0,1,0,0,0,0,0,0,0,0,0,0
train,vgr_train_storage_cycle_01,1.0,1.0,1.0,0.0,0.0,0.0,0.0,0.0,0.0,0.0,1.0,1.0,1.0,1.0,0.0,1.0,0.0,0.0,1.0,1,0,0,0,0,0,0,0,0,0,0
train,vgr_train_storage_cycle_01,1.0,1.0,1.0,0.0,0.0,0.0,0.0,0.0,0.0,0.0,1.0,1.0,1.0,1.0,0.0,1.0,0.0,0.0,1.0,1,0,0,0,0,0,0,0,0,0,0
train,vgr_train_storage_cycle_01,1.0,1.0,1.0,0.0,0.0,0.0,0.0,0.0,0.0,0.0,1.0,1.0,1.0,1.0,0.0,1.0,0.0,0.0,0.0,1,0,0,0,0,0,0,0,0,0,0
train,vgr_train_storage_cycle_01,1.0,1.0,1.0,0.0,0.0,0.0,0.0,0.0,0.0,0.0,1.0,1.0,1.0,1.0,0.0,1.0,0.0,0.0,1.0,1,0,0,0,0,0,0,0,0,0,0
train,vgr_train_storage_cycle_01,1.0,1.0,1.0,0.0,0.0,0.0,0.0,0.0,0.0,0.0,1.0,1.0,1.0,1.0,0.0,1.0,0.0,0.0,1.0,1,0,0,0,0,0,0,0,0,0,0
train,vgr_train_storage_cycle_01,1.0,1.0,1.0,0.0,0.0,0.0,0.0,0.0,0.0,0.0,1.0,1.0,1.0,1.0,0.0,1.0,0.0,0.0,1.0,1,0,0,0,0,0,0,0,0,0,0
train,vgr_train_storage_cycle_01,1.0,1.0,1.0,0.0,0.0,0.0,0.0,0.0,0.0,0.0,1.0,1.0,1.0,1.0,0.0,1.0,0.0,0.0,1.0,1,0,0,0,0,0,0,0,0,0,0
train,vgr_train_storage_cycle_01,1.0,1.0,1.0,0.0,0.0,0.0,0.0,0.0,0.0,0.0,1.0,1.0,1.0,1.0,0.0,1.0,0.0,0.0,1.0,1,0,0,0,0,0,0,0,0,0,0
train,vgr_train_storage_cycle_01,1.0,1.0,1.0,0.0,0.0,0.0,0.0,0.0,0.0,0.0,1.0,1.0,1.0,1.0,0.0,1.0,0.0,0.0,1.0,1,0,0,0,0,0,0,0,0,0,0
train,vgr_train_storage_cycle_01,1.0,1.0,1.0,0.0,0.0,0.0,0.0,0.0,0.0,0.0,1.0,1.0,1.0,1.0,0.0,1.0,0.0,0.0,1.0,1,0,0,0,0,0,0,0,0,0,0
train,vgr_train_storage_cycle_01,1.0,1.0,1.0,0.0,0.0,0.0,0.0,0.0,0.0,0.0,1.0,1.0,1.0,1.0,0.0,1.0,0.0,0.0,1.0,1,0,0,0,0,0,0,0,0,0,0
train,vgr_train_storage_cycle_01,1.0,1.0,1.0,0.0,0.0,0.0,0.0,0.0,0.0,0.0,1.0,1.0,1.0,1.0,0.0,1.0,0.0,0.0,1.0,1,0,0,0,0,0,0,0,0,0,0
train,vgr_train_storage_cycle_01,1.0,1.0,1.0,0.0,0.0,0.0,0.0,0.0,0.0,0.0,1.0,1.0,1.0,1.0,0.0,1.0,0.0,0.0,1.0,1,0,0,0,0,0,0,0,0,0,0
train,vgr_train_storage_cycle_01,1.0,1.0,1.0,0.0,0.0,0.0,0.0,0.0,0.0,0.0,1.0,1.0,1.0,1.0,0.0,1.0,0.0,0.0,1.0,1,0,0,0,0,0,0,0,0,0,0
train,vgr_train_storage_cycle_01,1.0,1.0,1.0,0.0,0.0,0.0,0.0,0.0,0.0,0.0,1.0,1.0,1.0,1.0,0.0,1.0,0.0,0.0,1.0,1,0,0,0,0,0,0,0,0,0,0
train,vgr_train_storage_cycle_01,1.0,1.0,1.0,0.0,0.0,0.0,0.0,0.0,0.0,0.0,1.0,1.0,1.0,1.0,0.0,1.0,0.0,0.0,1.0,1,0,0,0,0,0,0,0,0,0,0
train,vgr_train_storage_cycle_01,1.0,1.0,1.0,0.0,0.0,0.0,0.0,0.0,0.0,0.0,1.0,1.0,1.0,1.0,0.0,1.0,0.0,0.0,1.0,1,0,0,0,0,0,0,0,0,0,0
train,vgr_train_storage_cycle_01,1.0,1.0,1.0,0.0,0.0,0.0,0.0,0.0,0.0,0.0,1.0,1.0,1.0,1.0,0.0,1.0,0.0,0.0,1.0,1,0,0,0,0,0,0,0,0,0,0
train,vgr_train_storage_cycle_01,1.0,1.0,1.0,0.0,0.0,0.0,0.0,0.0,0.0,0.0,1.0,1.0,1.0,1.0,0.0,1.0,0.0,0.0,1.0,1,0,0,0,0,0,0,0,0,0,0
train,vgr_train_storage_cycle_01,1.0,1.0,1.0,0.0,0.0,0.0,0.0,0.0,0.0,0.0,1.0,1.0,1.0,1.0,0.0,1.0,0.0,0.0,1.0,1,0,0,0,0,0,0,0,0,0,0
train,vgr_train_storage_cycle_01,1.0,1.0,1.0,0.0,0.0,0.0,0.0,0.0,0.0,0.0,1.0,1.0,1.0,1.0,0.0,1.0,0.0,0.0,1.0,1,0,0,0,0,0,0,0,0,0,0
train,vgr_train_storage_cycle_01,1.0,1.0,1.0,0.0,0.0,0.0,0.0,0.0,0.0,0.0,1.0,1.0,1.0,1.0,0.0,1.0,0.0,0.0,1.0,1,0,0,0,0,0,0,0,0,0,0
train,vgr_train_storage_cycle_01,1.0,1.0,1.0,0.0,0.0,0.0,0.0,0.0,0.0,0.0,1.0,1.0,1.0,1.0,0.0,1.0,0.0,0.0,0.0,1,0,0,0,0,0,0,0,0,0,0
train,vgr_train_storage_cycle_01,1.0,1.0,1.0,0.0,0.0,0.0,0.0,0.0,0.0,0.0,1.0,1.0,1.0,1.0,0.0,1.0,0.0,0.0,1.0,1,0,0,0,0,0,0,0,0,0,0
train,vgr_train_storage_cycle_01,1.0,1.0,1.0,0.0,0.0,0.0,0.0,0.0,0.0,0.0,1.0,1.0,1.0,1.0,0.0,1.0,0.0,0.0,1.0,1,0,0,0,0,0,0,0,0,0,0
train,vgr_train_storage_cycle_01,1.0,1.0,1.0,0.0,0.0,0.0,0.0,0.0,0.0,0.0,1.0,1.0,1.0,1.0,0.0,1.0,0.0,0.0,1.0,1,0,0,0,0,0,0,0,0,0,0
train,vgr_train_storage_cycle_01,1.0,1.0,1.0,0.0,0.0,0.0,0.0,0.0,0.0,0.0,1.0,1.0,1.0,1.0,0.0,1.0,0.0,0.0,1.0,1,0,0,0,0,0,0,0,0,0,0
train,vgr_train_storage_cycle_01,1.0,1.0,1.0,0.0,0.0,0.0,0.0,0.0,0.0,0.0,1.0,1.0,1.0,1.0,0.0,1.0,0.0,0.0,1.0,1,0,0,0,0,0,0,0,0,0,0
train,vgr_train_storage_cycle_01,1.0,1.0,1.0,0.0,0.0,0.0,0.0,0.0,0.0,0.0,1.0,1.0,1.0,1.0,0.0,1.0,0.0,0.0,0.0,1,0,0,0,0,0,0,0,0,0,0
train,vgr_train_storage_cycle_01,1.0,1.0,1.0,0.0,0.0,0.0,0.0,0.0,0.0,0.0,1.0,1.0,1.0,1.0,0.0,1.0,0.0,0.0,1.0,1,0,0,0,0,0,0,0,0,0,0
train,vgr_train_storage_cycle_01,1.0,1.0,1.0,0.0,0.0,0.0,0.0,0.0,0.0,0.0,1.0,1.0,1.0,1.0,0.0,1.0,0.0,0.0,1.0,1,0,0,0,0,0,0,0,0,0,0
train,vgr_train_storage_cycle_01,1.0,1.0,1.0,0.0,0.0,0.0,0.0,0.0,0.0,0.0,1.0,1.0,1.0,1.0,0.0,1.0,0.0,0.0,1.0,1,0,0,0,0,0,0,0,0,0,0
train,vgr_train_storage_cycle_01,1.0,1.0,1.0,0.0,0.0,0.0,0.0,0.0,0.0,0.0,1.0,1.0,1.0,1.0,0.0,1.0,0.0,0.0,1.0,1,0,0,0,0,0,0,0,0,0,0
train,vgr_train_storage_cycle_01,1.0,1.0,1.0,0.0,0.0,0.0,0.0,0.0,0.0,0.0,1.0,1.0,1.0,1.0,0.0,1.0,0.0,0.0,1.0,1,0,0,0,0,0,0,0,0,0,0
train,vgr_train_storage_cycle_01,1.0,1.0,1.0,0.0,0.0,0.0,0.0,0.0,0.0,0.0,1.0,1.0,1.0,1.0,0.0,1.0,0.0,0.0,1.0,1,0,0,0,0,0,0,0,0,0,0
train,vgr_train_storage_cycle_01,1.0,1.0,1.0,0.0,0.0,0.0,0.0,0.0,0.0,0.0,1.0,1.0,1.0,1.0,0.0,1.0,0.0,0.0,1.0,1,0,0,0,0,0,0,0,0,0,0
train,vgr_train_storage_cycle_01,1.0,1.0,1.0,0.0,0.0,0.0,0.0,0.0,0.0,0.0,1.0,1.0,1.0,1.0,0.0,1.0,0.0,0.0,1.0,1,0,0,0,0,0,0,0,0,0,0
train,vgr_train_storage_cycle_01,1.0,1.0,1.0,0.0,0.0,0.0,0.0,0.0,0.0,0.0,1.0,1.0,1.0,1.0,0.0,1.0,0.0,0.0,1.0,1,0,0,0,0,0,0,0,0,0,0
train,vgr_train_storage_cycle_01,1.0,1.0,1.0,0.0,0.0,0.0,0.0,0.0,0.0,0.0,1.0,1.0,1.0,1.0,0.0,1.0,0.0,0.0,1.0,1,0,0,0,0,0,0,0,0,0,0
train,vgr_train_storage_cycle_01,1.0,1.0,1.0,0.0,0.0,0.0,0.0,0.0,0.0,0.0,1.0,1.0,1.0,1.0,0.0,1.0,0.0,0.0,1.0,1,0,0,0,0,0,0,0,0,0,0
train,vgr_train_storage_cycle_01,1.0,1.0,1.0,0.0,0.0,0.0,0.0,0.0,0.0,0.0,1.0,1.0,1.0,1.0,0.0,1.0,0.0,0.0,0.0,1,0,0,0,0,0,0,0,0,0,0
train,vgr_train_storage_cycle_01,1.0,1.0,1.0,0.0,0.0,0.0,0.0,0.0,0.0,0.0,1.0,1.0,1.0,1.0,0.0,1.0,0.0,0.0,1.0,1,0,0,0,0,0,0,0,0,0,0
train,vgr_train_storage_cycle_01,1.0,1.0,1.0,0.0,0.0,0.0,0.0,0.0,0.0,0.0,1.0,1.0,1.0,1.0,0.0,1.0,0.0,0.0,1.0,1,0,0,0,0,0,0,0,0,0,0
train,vgr_train_storage_cycle_01,1.0,1.0,1.0,0.0,0.0,0.0,0.0,0.0,0.0,0.0,1.0,1.0,1.0,1.0,0.0,1.0,0.0,0.0,1.0,1,0,0,0,0,0,0,0,0,0,0
train,vgr_train_storage_cycle_01,1.0,1.0,1.0,0.0,0.0,0.0,0.0,0.0,0.0,0.0,1.0,1.0,1.0,1.0,0.0,1.0,0.0,0.0,1.0,1,0,0,0,0,0,0,0,0,0,0
train,vgr_train_storage_cycle_01,1.0,1.0,1.0,0.0,0.0,0.0,0.0,0.0,0.0,0.0,1.0,1.0,1.0,1.0,0.0,1.0,0.0,0.0,1.0,1,0,0,0,0,0,0,0,0,0,0
train,vgr_train_storage_cycle_01,1.0,1.0,1.0,0.0,0.0,0.0,0.0,0.0,0.0,0.0,1.0,1.0,1.0,1.0,0.0,1.0,0.0,0.0,1.0,1,0,0,0,0,0,0,0,0,0,0
train,vgr_train_storage_cycle_01,1.0,1.0,1.0,0.0,0.0,0.0,0.0,0.0,0.0,0.0,1.0,1.0,1.0,1.0,0.0,1.0,0.0,0.0,1.0,1,0,0,0,0,0,0,0,0,0,0
train,vgr_train_storage_cycle_01,1.0,1.0,1.0,0.0,0.0,0.0,0.0,0.0,0.0,0.0,1.0,1.0,1.0,1.0,0.0,1.0,0.0,0.0,1.0,1,0,0,0,0,0,0,0,0,0,0
train,vgr_train_storage_cycle_01,1.0,1.0,1.0,0.0,0.0,0.0,0.0,0.0,0.0,0.0,1.0,1.0,1.0,1.0,0.0,1.0,0.0,0.0,1.0,1,0,0,0,0,0,0,0,0,0,0
train,vgr_train_storage_cycle_01,1.0,1.0,1.0,0.0,0.0,0.0,0.0,0.0,0.0,0.0,1.0,1.0,1.0,1.0,0.0,1.0,0.0,0.0,1.0,1,0,0,0,0,0,0,0,0,0,0
train,vgr_train_storage_cycle_01,1.0,1.0,1.0,0.0,0.0,0.0,0.0,0.0,0.0,0.0,1.0,1.0,1.0,1.0,0.0,1.0,0.0,0.0,1.0,1,0,0,0,0,0,0,0,0,0,0
train,vgr_train_storage_cycle_01,1.0,1.0,1.0,0.0,0.0,0.0,0.0,0.0,0.0,0.0,1.0,1.0,1.0,1.0,0.0,1.0,0.0,0.0,1.0,1,0,0,0,0,0,0,0,0,0,0
train,vgr_train_storage_cycle_01,1.0,1.0,1.0,0.0,0.0,0.0,0.0,0.0,0.0,0.0,1.0,1.0,1.0,1.0,0.0,1.0,0.0,0.0,1.0,1,0,0,0,0,0,0,0,0,0,0
train,vgr_train_storage_cycle_01,1.0,1.0,1.0,0.0,0.0,0.0,0.0,0.0,0.0,0.0,1.0,1.0,1.0,1.0,0.0,1.0,0.0,0.0,1.0,1,0,0,0,0,0,0,0,0,0,0
train,vgr_train_storage_cycle_01,1.0,1.0,1.0,0.0,0.0,0.0,0.0,0.0,0.0,0.0,1.0,1.0,1.0,1.0,0.0,1.0,0.0,0.0,1.0,1,0,0,0,0,0,0,0,0,0,0
train,vgr_train_storage_cycle_01,1.0,1.0,1.0,0.0,0.0,0.0,0.0,0.0,0.0,0.0,1.0,1.0,1.0,1.0,0.0,1.0,0.0,0.0,1.0,1,0,0,0,0,0,0,0,0,0,0
train,vgr_train_storage_cycle_01,1.0,1.0,1.0,0.0,0.0,0.0,0.0,0.0,0.0,0.0,1.0,1.0,1.0,1.0,0.0,1.0,0.0,0.0,1.0,1,0,0,0,0,0,0,0,0,0,0
train,vgr_train_storage_cycle_01,1.0,1.0,1.0,0.0,0.0,0.0,0.0,0.0,0.0,0.0,1.0,1.0,1.0,1.0,0.0,1.0,0.0,0.0,1.0,1,0,0,0,0,0,0,0,0,0,0
train,vgr_train_storage_cycle_01,1.0,1.0,1.0,0.0,0.0,0.0,0.0,0.0,0.0,0.0,1.0,1.0,1.0,1.0,0.0,1.0,0.0,0.0,1.0,1,0,0,0,0,0,0,0,0,0,0
train,vgr_train_storage_cycle_01,1.0,1.0,1.0,0.0,0.0,0.0,0.0,0.0,0.0,0.0,1.0,1.0,1.0,1.0,0.0,1.0,0.0,0.0,0.0,1,0,0,0,0,0,0,0,0,0,0
train,vgr_train_storage_cycle_01,1.0,1.0,1.0,0.0,0.0,0.0,0.0,0.0,0.0,0.0,1.0,1.0,1.0,1.0,0.0,1.0,0.0,0.0,1.0,1,0,0,0,0,0,0,0,0,0,0
train,vgr_train_storage_cycle_01,1.0,1.0,1.0,0.0,0.0,0.0,0.0,0.0,0.0,0.0,1.0,1.0,1.0,1.0,0.0,1.0,0.0,0.0,1.0,1,0,0,0,0,0,0,0,0,0,0
train,vgr_train_storage_cycle_01,1.0,1.0,1.0,0.0,0.0,0.0,0.0,0.0,0.0,0.0,1.0,1.0,1.0,1.0,0.0,1.0,0.0,0.0,1.0,1,0,0,0,0,0,0,0,0,0,0
train,vgr_train_storage_cycle_01,1.0,1.0,1.0,0.0,0.0,0.0,0.0,0.0,0.0,0.0,1.0,1.0,1.0,1.0,0.0,1.0,0.0,0.0,1.0,1,0,0,0,0,0,0,0,0,0,0
train,vgr_train_storage_cycle_01,1.0,1.0,1.0,0.0,0.0,0.0,0.0,0.0,0.0,0.0,1.0,1.0,1.0,1.0,0.0,1.0,0.0,0.0,1.0,1,0,0,0,0,0,0,0,0,0,0
train,vgr_train_storage_cycle_01,1.0,1.0,1.0,0.0,0.0,0.0,0.0,0.0,0.0,0.0,1.0,1.0,1.0,1.0,0.0,1.0,0.0,0.0,1.0,1,0,0,0,0,0,0,0,0,0,0
train,vgr_train_storage_cycle_01,1.0,1.0,1.0,0.0,0.0,0.0,0.0,0.0,0.0,0.0,1.0,1.0,1.0,1.0,0.0,1.0,0.0,0.0,1.0,1,0,0,0,0,0,0,0,0,0,0
train,vgr_train_storage_cycle_01,1.0,1.0,1.0,0.0,0.0,0.0,0.0,0.0,0.0,0.0,1.0,1.0,1.0,1.0,0.0,1.0,0.0,0.0,1.0,1,0,0,0,0,0,0,0,0,0,0
train,vgr_train_storage_cycle_01,1.0,1.0,1.0,0.0,0.0,0.0,0.0,0.0,0.0,0.0,1.0,1.0,1.0,1.0,0.0,1.0,0.0,0.0,1.0,1,0,0,0,0,0,0,0,0,0,0
train,vgr_train_storage_cycle_01,1.0,1.0,1.0,0.0,0.0,0.0,0.0,0.0,0.0,0.0,1.0,1.0,1.0,1.0,0.0,1.0,0.0,0.0,1.0,1,0,0,0,0,0,0,0,0,0,0
train,vgr_train_storage_cycle_01,1.0,1.0,1.0,0.0,0.0,0.0,0.0,0.0,0.0,0.0,1.0,1.0,1.0,1.0,0.0,1.0,0.0,0.0,1.0,1,0,0,0,0,0,0,0,0,0,0
train,vgr_train_storage_cycle_01,1.0,1.0,1.0,0.0,0.0,0.0,0.0,0.0,0.0,0.0,1.0,1.0,1.0,1.0,0.0,1.0,0.0,0.0,1.0,1,0,0,0,0,0,0,0,0,0,0
train,vgr_train_storage_cycle_01,1.0,1.0,1.0,0.0,0.0,0.0,0.0,0.0,0.0,0.0,1.0,1.0,1.0,1.0,0.0,1.0,0.0,0.0,1.0,1,0,0,0,0,0,0,0,0,0,0
train,vgr_train_storage_cycle_01,1.0,1.0,1.0,0.0,0.0,0.0,0.0,0.0,0.0,0.0,1.0,1.0,1.0,1.0,0.0,1.0,0.0,0.0,1.0,1,0,0,0,0,0,0,0,0,0,0
train,vgr_train_storage_cycle_01,1.0,1.0,1.0,0.0,0.0,0.0,0.0,0.0,0.0,0.0,1.0,1.0,1.0,1.0,0.0,1.0,0.0,0.0,1.0,1,0,0,0,0,0,0,0,0,0,0
train,vgr_train_storage_cycle_01,1.0,1.0,1.0,0.0,0.0,0.0,0.0,0.0,0.0,0.0,1.0,1.0,1.0,1.0,0.0,1.0,0.0,0.0,1.0,1,0,0,0,0,0,0,0,0,0,0
train,vgr_train_storage_cycle_01,1.0,1.0,1.0,0.0,0.0,0.0,0.0,0.0,0.0,0.0,1.0,1.0,1.0,1.0,0.0,1.0,0.0,0.0,1.0,1,0,0,0,0,0,0,0,0,0,0
train,vgr_train_storage_cycle_01,1.0,1.0,1.0,0.0,0.0,0.0,0.0,0.0,0.0,0.0,1.0,1.0,1.0,1.0,0.0,1.0,0.0,0.0,1.0,1,0,0,0,0,0,0,0,0,0,0
train,vgr_train_storage_cycle_01,1.0,1.0,1.0,0.0,0.0,0.0,0.0,0.0,0.0,0.0,1.0,1.0,1.0,1.0,0.0,1.0,0.0,0.0,0.0,1,0,0,0,0,0,0,0,0,0,0
train,vgr_train_storage_cycle_01,1.0,1.0,1.0,0.0,0.0,0.0,0.0,0.0,0.0,0.0,1.0,1.0,1.0,1.0,0.0,1.0,0.0,0.0,1.0,1,0,0,0,0,0,0,0,0,0,0
train,vgr_train_storage_cycle_01,1.0,1.0,1.0,0.0,0.0,0.0,0.0,0.0,0.0,0.0,1.0,1.0,1.0,1.0,0.0,1.0,0.0,0.0,1.0,1,0,0,0,0,0,0,0,0,0,0
train,vgr_train_storage_cycle_01,1.0,1.0,1.0,0.0,0.0,0.0,0.0,0.0,0.0,0.0,1.0,1.0,1.0,1.0,0.0,1.0,0.0,0.0,1.0,1,0,0,0,0,0,0,0,0,0,0
train,vgr_train_storage_cycle_01,1.0,1.0,1.0,0.0,0.0,0.0,0.0,0.0,0.0,0.0,1.0,1.0,1.0,1.0,0.0,1.0,0.0,0.0,1.0,1,0,0,0,0,0,0,0,0,0,0
train,vgr_train_storage_cycle_01,1.0,1.0,1.0,0.0,0.0,0.0,0.0,0.0,0.0,0.0,1.0,1.0,1.0,1.0,0.0,1.0,0.0,0.0,1.0,1,0,0,0,0,0,0,0,0,0,0
train,vgr_train_storage_cycle_01,1.0,1.0,1.0,0.0,0.0,0.0,0.0,0.0,0.0,0.0,1.0,1.0,1.0,1.0,0.0,1.0,0.0,0.0,1.0,1,0,0,0,0,0,0,0,0,0,0
train,vgr_train_storage_cycle_01,1.0,1.0,1.0,0.0,0.0,0.0,0.0,0.0,0.0,0.0,1.0,1.0,1.0,1.0,0.0,1.0,0.0,0.0,1.0,1,0,0,0,0,0,0,0,0,0,0
train,vgr_train_storage_cycle_01,1.0,1.0,1.0,0.0,0.0,0.0,0.0,0.0,0.0,0.0,1.0,1.0,1.0,1.0,0.0,1.0,0.0,0.0,0.0,1,0,0,0,0,0,0,0,0,0,0
train,vgr_train_storage_cycle_01,1.0,1.0,1.0,0.0,0.0,0.0,0.0,0.0,0.0,0.0,1.0,1.0,1.0,1.0,0.0,1.0,0.0,0.0,1.0,1,0,0,0,0,0,0,0,0,0,0
train,vgr_train_storage_cycle_01,1.0,1.0,1.0,0.0,0.0,0.0,0.0,0.0,0.0,0.0,1.0,1.0,1.0,1.0,0.0,1.0,0.0,0.0,1.0,1,0,0,0,0,0,0,0,0,0,0
train,vgr_train_storage_cycle_01,1.0,1.0,1.0,0.0,0.0,0.0,0.0,0.0,0.0,0.0,1.0,1.0,1.0,1.0,0.0,1.0,0.0,0.0,1.0,1,0,0,0,0,0,0,0,0,0,0
train,vgr_train_storage_cycle_01,1.0,1.0,1.0,0.0,0.0,0.0,0.0,0.0,0.0,0.0,1.0,1.0,1.0,1.0,0.0,1.0,0.0,0.0,1.0,1,0,0,0,0,0,0,0,0,0,0
train,vgr_train_storage_cycle_01,1.0,1.0,1.0,0.0,0.0,0.0,0.0,0.0,0.0,0.0,1.0,1.0,1.0,1.0,0.0,1.0,0.0,0.0,1.0,1,0,0,0,0,0,0,0,0,0,0
train,vgr_train_storage_cycle_01,1.0,1.0,1.0,0.0,0.0,0.0,0.0,0.0,0.0,0.0,1.0,1.0,1.0,1.0,0.0,1.0,0.0,0.0,1.0,1,0,0,0,0,0,0,0,0,0,0
train,vgr_train_storage_cycle_01,1.0,1.0,1.0,0.0,0.0,0.0,0.0,0.0,0.0,0.0,1.0,1.0,1.0,1.0,0.0,1.0,0.0,0.0,1.0,1,0,0,0,0,0,0,0,0,0,0
train,vgr_train_storage_cycle_01,1.0,1.0,1.0,0.0,0.0,0.0,0.0,0.0,0.0,0.0,1.0,1.0,1.0,1.0,0.0,1.0,0.0,0.0,1.0,1,0,0,0,0,0,0,0,0,0,0
train,vgr_train_storage_cycle_01,1.0,1.0,1.0,0.0,0.0,0.0,0.0,0.0,0.0,0.0,1.0,1.0,1.0,1.0,0.0,1.0,0.0,0.0,1.0,1,0,0,0,0,0,0,0,0,0,0
train,vgr_train_storage_cycle_01,1.0,1.0,1.0,0.0,0.0,0.0,0.0,0.0,0.0,0.0,1.0,1.0,1.0,1.0,0.0,1.0,0.0,0.0,1.0,1,0,0,0,0,0,0,0,0,0,0
train,vgr_train_storage_cycle_01,1.0,1.0,1.0,0.0,0.0,0.0,0.0,0.0,0.0,0.0,1.0,1.0,1.0,1.0,0.0,1.0,0.0,0.0,1.0,1,0,0,0,0,0,0,0,0,0,0
train,vgr_train_storage_cycle_01,1.0,1.0,1.0,0.0,0.0,0.0,0.0,0.0,0.0,0.0,1.0,1.0,1.0,1.0,0.0,1.0,0.0,0.0,1.0,1,0,0,0,0,0,0,0,0,0,0
train,vgr_train_storage_cycle_01,1.0,1.0,1.0,0.0,0.0,0.0,0.0,0.0,0.0,0.0,1.0,1.0,1.0,1.0,0.0,1.0,0.0,0.0,1.0,1,0,0,0,0,0,0,0,0,0,0
train,vgr_train_storage_cycle_01,1.0,1.0,1.0,0.0,0.0,0.0,0.0,0.0,0.0,0.0,1.0,1.0,1.0,1.0,0.0,1.0,0.0,0.0,1.0,1,0,0,0,0,0,0,0,0,0,0
train,vgr_train_storage_cycle_01,1.0,1.0,1.0,0.0,0.0,0.0,0.0,0.0,0.0,0.0,1.0,1.0,1.0,1.0,0.0,1.0,0.0,0.0,1.0,1,0,0,0,0,0,0,0,0,0,0
train,vgr_train_storage_cycle_01,1.0,1.0,1.0,0.0,0.0,0.0,0.0,0.0,0.0,0.0,1.0,1.0,1.0,1.0,0.0,1.0,0.0,0.0,1.0,1,0,0,0,0,0,0,0,0,0,0
train,vgr_train_storage_cycle_01,1.0,1.0,1.0,0.0,0.0,0.0,0.0,0.0,0.0,0.0,1.0,1.0,1.0,1.0,0.0,1.0,0.0,0.0,1.0,1,0,0,0,0,0,0,0,0,0,0
train,vgr_train_storage_cycle_01,1.0,1.0,1.0,0.0,0.0,0.0,0.0,0.0,0.0,0.0,1.0,1.0,1.0,1.0,0.0,1.0,0.0,0.0,1.0,0,1,0,0,0,0,0,0,0,0,0
train,vgr_train_storage_cycle_01,1.0,1.0,1.0,0.0,0.0,0.0,0.0,0.0,0.0,0.0,1.0,1.0,1.0,1.0,0.0,1.0,0.0,0.0,1.0,0,1,0,0,0,0,0,0,0,0,0
train,vgr_train_storage_cycle_01,1.0,1.0,1.0,0.0,0.0,0.0,0.0,0.0,0.0,0.0,1.0,1.0,1.0,1.0,0.0,1.0,0.0,0.0,1.0,0,1,0,0,0,0,0,0,0,0,0
train,vgr_train_storage_cycle_01,1.0,1.0,1.0,0.0,0.0,0.0,0.0,0.0,0.0,0.0,1.0,1.0,1.0,1.0,0.0,1.0,0.0,0.0,1.0,0,1,0,0,0,0,0,0,0,0,0
train,vgr_train_storage_cycle_01,1.0,1.0,1.0,0.0,0.0,0.0,0.0,0.0,0.0,0.0,1.0,1.0,1.0,1.0,0.0,1.0,0.0,0.0,1.0,0,1,0,0,0,0,0,0,0,0,0
train,vgr_train_storage_cycle_01,1.0,1.0,1.0,0.0,0.0,0.0,0.0,0.0,0.0,0.0,1.0,1.0,1.0,1.0,0.0,1.0,0.0,0.0,1.0,0,1,0,0,0,0,0,0,0,0,0
train,vgr_train_storage_cycle_01,1.0,1.0,1.0,0.0,0.0,0.0,0.0,0.0,0.0,0.0,1.0,1.0,1.0,1.0,0.0,1.0,0.0,0.0,1.0,0,1,0,0,0,0,0,0,0,0,0
train,vgr_train_storage_cycle_01,1.0,1.0,1.0,0.0,0.0,0.0,0.0,0.0,0.0,0.0,1.0,1.0,1.0,1.0,0.0,1.0,0.0,0.0,1.0,0,1,0,0,0,0,0,0,0,0,0
train,vgr_train_storage_cycle_01,1.0,1.0,1.0,0.0,0.0,0.0,0.0,0.0,0.0,0.0,1.0,1.0,1.0,1.0,0.0,1.0,0.0,0.0,1.0,0,1,0,0,0,0,0,0,0,0,0
train,vgr_train_storage_cycle_01,1.0,1.0,1.0,0.0,0.0,0.0,0.0,0.0,0.0,0.0,1.0,1.0,1.0,1.0,0.0,1.0,0.0,0.0,1.0,0,1,0,0,0,0,0,0,0,0,0
train,vgr_train_storage_cycle_01,1.0,1.0,1.0,0.0,0.0,0.0,0.0,0.0,0.0,0.0,1.0,1.0,1.0,1.0,0.0,1.0,0.0,0.0,0.0,0,1,0,0,0,0,0,0,0,0,101
train,vgr_train_storage_cycle_01,0.0,0.0,0.0,0.0,0.0,1.0,1.0,391.0,26.0,32.0,1.0,1.0,1.0,1.0,0.0,1.0,0.0,0.0,1.0,0,1,0,0,0,0,0,0,0,0,102
train,vgr_train_storage_cycle_01,0.0,0.0,0.0,0.0,0.0,1.0,1.0,1451.0,908.0,704.0,0.0,1.0,1.0,0.0,0.0,1.0,404.0,2869.0,1.0,0,1,0,0,0,0,0,0,0,0,103
train,vgr_train_storage_cycle_01,0.0,0.0,0.0,0.0,0.0,1.0,1.0,2453.0,160.0,428.0,0.0,1.0,1.0,0.0,0.0,1.0,37.0,2869.0,1.0,0,1,0,0,0,0,0,0,0,0,102
train,vgr_train_storage_cycle_01,0.0,0.0,0.0,0.0,0.0,1.0,1.0,1447.0,905.0,706.0,0.0,0.0,1.0,0.0,1.0,0.0,2799.0,16.0,1.0,0,1,0,0,0,0,0,0,0,0,104
train,vgr_train_storage_cycle_01,1.0,0.0,0.0,1.0,1.0,1.0,1.0,0.0,604.0,5348.0,0.0,1.0,0.0,0.0,1.0,0.0,2799.0,16.0,1.0,0,1,0,0,0,0,0,0,0,0,105
train,vgr_train_storage_cycle_01,0.0,0.0,0.0,0.0,0.0,0.0,0.0,398.0,604.0,5348.0,0.0,1.0,0.0,0.0,1.0,0.0,2799.0,16.0,1.0,0,1,0,0,0,0,0,0,0,0,0
train,vgr_train_storage_cycle_01,0.0,0.0,0.0,0.0,0.0,0.0,0.0,398.0,604.0,5348.0,0.0,0.0,1.0,0.0,1.0,0.0,2799.0,16.0,1.0,0,1,0,0,0,0,0,0,0,0,0
train,vgr_train_storage_cycle_01,0.0,0.0,0.0,0.0,0.0,0.0,0.0,398.0,604.0,5348.0,0.0,1.0,1.0,0.0,0.0,1.0,35.0,2870.0,1.0,0,1,0,0,0,0,0,0,0,0,0
train,vgr_train_storage_cycle_01,0.0,0.0,0.0,0.0,0.0,0.0,0.0,398.0,604.0,5348.0,0.0,1.0,1.0,0.0,0.0,1.0,402.0,2870.0,1.0,0,1,0,0,0,0,0,0,0,0,301
train,vgr_train_storage_cycle_01,1.0,1.0,1.0,0.0,0.0,0.0,0.0,0.0,0.0,0.0,1.0,1.0,1.0,1.0,0.0,1.0,0.0,0.0,1.0,0,0,1,0,0,0,0,0,0,0,0
train,vgr_train_storage_cycle_01,1.0,1.0,1.0,0.0,0.0,0.0,0.0,0.0,0.0,0.0,1.0,1.0,1.0,1.0,0.0,1.0,0.0,0.0,1.0,0,0,1,0,0,0,0,0,0,0,0
train,vgr_train_storage_cycle_01,1.0,1.0,1.0,0.0,0.0,0.0,0.0,0.0,0.0,0.0,1.0,1.0,1.0,1.0,0.0,1.0,0.0,0.0,1.0,0,0,1,0,0,0,0,0,0,0,0
train,vgr_train_storage_cycle_01,1.0,1.0,1.0,0.0,0.0,0.0,0.0,0.0,0.0,0.0,1.0,1.0,1.0,1.0,0.0,1.0,0.0,0.0,1.0,0,0,1,0,0,0,0,0,0,0,0
train,vgr_train_storage_cycle_01,1.0,1.0,1.0,0.0,0.0,0.0,0.0,0.0,0.0,0.0,1.0,1.0,1.0,1.0,0.0,1.0,0.0,0.0,1.0,0,0,1,0,0,0,0,0,0,0,0
train,vgr_train_storage_cycle_01,1.0,1.0,1.0,0.0,0.0,0.0,0.0,0.0,0.0,0.0,1.0,1.0,1.0,1.0,0.0,1.0,0.0,0.0,1.0,0,0,1,0,0,0,0,0,0,0,0
train,vgr_train_storage_cycle_01,1.0,1.0,1.0,0.0,0.0,0.0,0.0,0.0,0.0,0.0,1.0,1.0,1.0,1.0,0.0,1.0,0.0,0.0,1.0,0,0,1,0,0,0,0,0,0,0,0
train,vgr_train_storage_cycle_01,1.0,1.0,1.0,0.0,0.0,0.0,0.0,0.0,0.0,0.0,1.0,1.0,1.0,1.0,0.0,1.0,0.0,0.0,1.0,0,0,1,0,0,0,0,0,0,0,0
train,vgr_train_storage_cycle_01,1.0,1.0,1.0,0.0,0.0,0.0,0.0,0.0,0.0,0.0,1.0,1.0,1.0,1.0,0.0,1.0,0.0,0.0,1.0,0,0,1,0,0,0,0,0,0,0,0
train,vgr_train_storage_cycle_01,1.0,1.0,1.0,0.0,0.0,0.0,0.0,0.0,0.0,0.0,1.0,1.0,1.0,1.0,0.0,1.0,0.0,0.0,0.0,0,0,1,0,0,0,0,0,0,0,101
train,vgr_train_storage_cycle_01,0.0,0.0,0.0,0.0,0.0,1.0,1.0,394.0,26.0,33.0,1.0,1.0,1.0,1.0,0.0,1.0,0.0,0.0,1.0,0,0,1,0,0,0,0,0,0,0,102
train,vgr_train_storage_cycle_01,0.0,0.0,0.0,0.0,0.0,1.0,1.0,1452.0,904.0,703.0,0.0,1.0,1.0,0.0,0.0,1.0,1753.0,2869.0,1.0,0,0,1,0,0,0,0,0,0,0,103
train,vgr_train_storage_cycle_01,0.0,0.0,0.0,0.0,0.0,1.0,1.0,2456.0,156.0,426.0,0.0,1.0,1.0,0.0,0.0,1.0,1382.0,2869.0,1.0,0,0,1,0,0,0,0,0,0,0,102
train,vgr_train_storage_cycle_01,0.0,0.0,0.0,0.0,0.0,1.0,1.0,1449.0,908.0,702.0,0.0,0.0,1.0,0.0,1.0,0.0,2804.0,16.0,1.0,0,0,1,0,0,0,0,0,0,0,104
train,vgr_train_storage_cycle_01,1.0,0.0,0.0,1.0,1.0,1.0,1.0,0.0,608.0,5348.0,0.0,1.0,0.0,0.0,1.0,0.0,2804.0,16.0,1.0,0,0,1,0,0,0,0,0,0,0,105
train,vgr_train_storage_cycle_01,0.0,0.0,0.0,0.0,0.0,0.0,0.0,403.0,608.0,5348.0,0.0,1.0,0.0,0.0,1.0,0.0,2804.0,16.0,1.0,0,0,1,0,0,0,0,0,0,0,0
train,vgr_train_storage_cycle_01,0.0,0.0,0.0,0.0,0.0,0.0,0.0,403.0,608.0,5348.0,0.0,0.0,1.0,0.0,1.0,0.0,2804.0,16.0,1.0,0,0,1,0,0,0,0,0,0,0,0
train,vgr_train_storage_cycle_01,0.0,0.0,0.0,0.0,0.0,0.0,0.0,403.0,608.0,5348.0,0.0,1.0,1.0,0.0,0.0,1.0,1385.0,2870.0,1.0,0,0,1,0,0,0,0,0,0,0,0
train,vgr_train_storage_cycle_01,0.0,0.0,0.0,0.0,0.0,0.0,0.0,403.0,608.0,5348.0,0.0,1.0,1.0,0.0,0.0,1.0,1748.0,2870.0,1.0,0,0,1,0,0,0,0,0,0,0,301
train,vgr_train_storage_cycle_01,1.0,1.0,1.0,0.0,0.0,0.0,0.0,0.0,0.0,0.0,1.0,1.0,1.0,1.0,0.0,1.0,0.0,0.0,1.0,0,0,0,1,0,0,0,0,0,0,0
train,vgr_train_storage_cycle_01,1.0,1.0,1.0,0.0,0.0,0.0,0.0,0.0,0.0,0.0,1.0,1.0,1.0,1.0,0.0,1.0,0.0,0.0,1.0,0,0,0,1,0,0,0,0,0,0,0
train,vgr_train_storage_cycle_01,1.0,1.0,1.0,0.0,0.0,0.0,0.0,0.0,0.0,0.0,1.0,1.0,1.0,1.0,0.0,1.0,0.0,0.0,1.0,0,0,0,1,0,0,0,0,0,0,0
train,vgr_train_storage_cycle_01,1.0,1.0,1.0,0.0,0.0,0.0,0.0,0.0,0.0,0.0,1.0,1.0,1.0,1.0,0.0,1.0,0.0,0.0,1.0,0,0,0,1,0,0,0,0,0,0,0
train,vgr_train_storage_cycle_01,1.0,1.0,1.0,0.0,0.0,0.0,0.0,0.0,0.0,0.0,1.0,1.0,1.0,1.0,0.0,1.0,0.0,0.0,1.0,0,0,0,1,0,0,0,0,0,0,0
train,vgr_train_storage_cycle_01,1.0,1.0,1.0,0.0,0.0,0.0,0.0,0.0,0.0,0.0,1.0,1.0,1.0,1.0,0.0,1.0,0.0,0.0,1.0,0,0,0,1,0,0,0,0,0,0,0
train,vgr_train_storage_cycle_01,1.0,1.0,1.0,0.0,0.0,0.0,0.0,0.0,0.0,0.0,1.0,1.0,1.0,1.0,0.0,1.0,0.0,0.0,1.0,0,0,0,1,0,0,0,0,0,0,0
train,vgr_train_storage_cycle_01,1.0,1.0,1.0,0.0,0.0,0.0,0.0,0.0,0.0,0.0,1.0,1.0,1.0,1.0,0.0,1.0,0.0,0.0,1.0,0,0,0,1,0,0,0,0,0,0,0
train,vgr_train_storage_cycle_01,1.0,1.0,1.0,0.0,0.0,0.0,0.0,0.0,0.0,0.0,1.0,1.0,1.0,1.0,0.0,1.0,0.0,0.0,1.0,0,0,0,1,0,0,0,0,0,0,0
train,vgr_train_storage_cycle_01,1.0,1.0,1.0,0.0,0.0,0.0,0.0,0.0,0.0,0.0,1.0,1.0,1.0,1.0,0.0,1.0,0.0,0.0,1.0,0,0,0,1,0,0,0,0,0,0,0
train,vgr_train_storage_cycle_01,1.0,1.0,1.0,0.0,0.0,0.0,0.0,0.0,0.0,0.0,1.0,1.0,1.0,1.0,0.0,1.0,0.0,0.0,1.0,0,0,0,1,0,0,0,0,0,0,0
train,vgr_train_storage_cycle_01,1.0,1.0,1.0,0.0,0.0,0.0,0.0,0.0,0.0,0.0,1.0,1.0,1.0,1.0,0.0,1.0,0.0,0.0,1.0,0,0,0,1,0,0,0,0,0,0,0
train,vgr_train_storage_cycle_01,1.0,1.0,1.0,0.0,0.0,0.0,0.0,0.0,0.0,0.0,1.0,1.0,1.0,1.0,0.0,1.0,0.0,0.0,1.0,0,0,0,1,0,0,0,0,0,0,0
train,vgr_train_storage_cycle_01,1.0,1.0,1.0,0.0,0.0,0.0,0.0,0.0,0.0,0.0,1.0,1.0,1.0,1.0,0.0,1.0,0.0,0.0,0.0,0,0,0,1,0,0,0,0,0,0,101
train,vgr_train_storage_cycle_01,0.0,0.0,0.0,0.0,0.0,1.0,1.0,397.0,25.0,33.0,1.0,1.0,1.0,1.0,0.0,1.0,0.0,0.0,1.0,0,0,0,1,0,0,0,0,0,0,102
train,vgr_train_storage_cycle_01,0.0,0.0,0.0,0.0,0.0,1.0,1.0,1449.0,905.0,702.0,0.0,1.0,1.0,0.0,0.0,1.0,3252.0,2869.0,1.0,0,0,0,1,0,0,0,0,0,0,103
train,vgr_train_storage_cycle_01,0.0,0.0,0.0,0.0,0.0,1.0,1.0,2455.0,152.0,426.0,0.0,1.0,1.0,0.0,0.0,1.0,2885.0,2869.0,1.0,0,0,0,1,0,0,0,0,0,0,102
train,vgr_train_storage_cycle_01,0.0,0.0,0.0,0.0,0.0,1.0,1.0,1448.0,910.0,704.0,0.0,0.0,1.0,0.0,1.0,0.0,2799.0,18.0,1.0,0,0,0,1,0,0,0,0,0,0,104
train,vgr_train_storage_cycle_01,1.0,0.0,0.0,1.0,1.0,1.0,1.0,0.0,604.0,5348.0,0.0,1.0,0.0,0.0,1.0,0.0,2799.0,18.0,1.0,0,0,0,1,0,0,0,0,0,0,105
train,vgr_train_storage_cycle_01,0.0,0.0,0.0,0.0,0.0,0.0,0.0,396.0,604.0,5348.0,0.0,1.0,0.0,0.0,1.0,0.0,2799.0,18.0,1.0,0,0,0,1,0,0,0,0,0,0,0
train,vgr_train_storage_cycle_01,0.0,0.0,0.0,0.0,0.0,0.0,0.0,396.0,604.0,5348.0,0.0,0.0,1.0,0.0,1.0,0.0,2799.0,18.0,1.0,0,0,0,1,0,0,0,0,0,0,0
train,vgr_train_storage_cycle_01,0.0,0.0,0.0,0.0,0.0,0.0,0.0,396.0,604.0,5348.0,0.0,1.0,1.0,0.0,0.0,1.0,2878.0,2870.0,1.0,0,0,0,1,0,0,0,0,0,0,0
train,vgr_train_storage_cycle_01,0.0,0.0,0.0,0.0,0.0,0.0,0.0,396.0,604.0,5348.0,0.0,1.0,1.0,0.0,0.0,1.0,3250.0,2870.0,1.0,0,0,0,1,0,0,0,0,0,0,301
train,vgr_train_storage_cycle_01,1.0,1.0,1.0,0.0,0.0,0.0,0.0,0.0,0.0,0.0,1.0,1.0,1.0,1.0,0.0,1.0,0.0,0.0,1.0,0,0,0,0,1,0,0,0,0,0,0
train,vgr_train_storage_cycle_01,1.0,1.0,1.0,0.0,0.0,0.0,0.0,0.0,0.0,0.0,1.0,1.0,1.0,1.0,0.0,1.0,0.0,0.0,1.0,0,0,0,0,1,0,0,0,0,0,0
train,vgr_train_storage_cycle_01,1.0,1.0,1.0,0.0,0.0,0.0,0.0,0.0,0.0,0.0,1.0,1.0,1.0,1.0,0.0,1.0,0.0,0.0,1.0,0,0,0,0,1,0,0,0,0,0,0
train,vgr_train_storage_cycle_01,1.0,1.0,1.0,0.0,0.0,0.0,0.0,0.0,0.0,0.0,1.0,1.0,1.0,1.0,0.0,1.0,0.0,0.0,1.0,0,0,0,0,1,0,0,0,0,0,0
train,vgr_train_storage_cycle_01,1.0,1.0,1.0,0.0,0.0,0.0,0.0,0.0,0.0,0.0,1.0,1.0,1.0,1.0,0.0,1.0,0.0,0.0,1.0,0,0,0,0,1,0,0,0,0,0,0
train,vgr_train_storage_cycle_01,1.0,1.0,1.0,0.0,0.0,0.0,0.0,0.0,0.0,0.0,1.0,1.0,1.0,1.0,0.0,1.0,0.0,0.0,1.0,0,0,0,0,1,0,0,0,0,0,0
train,vgr_train_storage_cycle_01,1.0,1.0,1.0,0.0,0.0,0.0,0.0,0.0,0.0,0.0,1.0,1.0,1.0,1.0,0.0,1.0,0.0,0.0,1.0,0,0,0,0,1,0,0,0,0,0,0
train,vgr_train_storage_cycle_01,1.0,1.0,1.0,0.0,0.0,0.0,0.0,0.0,0.0,0.0,1.0,1.0,1.0,1.0,0.0,1.0,0.0,0.0,1.0,0,0,0,0,1,0,0,0,0,0,0
train,vgr_train_storage_cycle_01,1.0,1.0,1.0,0.0,0.0,0.0,0.0,0.0,0.0,0.0,1.0,1.0,1.0,1.0,0.0,1.0,0.0,0.0,1.0,0,0,0,0,1,0,0,0,0,0,0
train,vgr_train_storage_cycle_01,1.0,1.0,1.0,0.0,0.0,0.0,0.0,0.0,0.0,0.0,1.0,1.0,1.0,1.0,0.0,1.0,0.0,0.0,1.0,0,0,0,0,1,0,0,0,0,0,0
train,vgr_train_storage_cycle_01,1.0,1.0,1.0,0.0,0.0,0.0,0.0,0.0,0.0,0.0,1.0,1.0,1.0,1.0,0.0,1.0,0.0,0.0,1.0,0,0,0,0,1,0,0,0,0,0,0
train,vgr_train_storage_cycle_01,1.0,1.0,1.0,0.0,0.0,0.0,0.0,0.0,0.0,0.0,1.0,1.0,1.0,1.0,0.0,1.0,0.0,0.0,1.0,0,0,0,0,1,0,0,0,0,0,0
train,vgr_train_storage_cycle_01,1.0,1.0,1.0,0.0,0.0,0.0,0.0,0.0,0.0,0.0,1.0,1.0,1.0,1.0,0.0,1.0,0.0,0.0,0.0,0,0,0,0,1,0,0,0,0,0,101
train,vgr_train_storage_cycle_01,0.0,0.0,0.0,0.0,0.0,1.0,1.0,394.0,25.0,29.0,1.0,1.0,1.0,1.0,0.0,1.0,0.0,0.0,1.0,0,0,0,0,1,0,0,0,0,0,102
train,vgr_train_storage_cycle_01,0.0,0.0,0.0,0.0,0.0,1.0,1.0,1449.0,905.0,703.0,0.0,1.0,1.0,0.0,0.0,1.0,399.0,5199.0,1.0,0,0,0,0,1,0,0,0,0,0,103
train,vgr_train_storage_cycle_01,0.0,0.0,0.0,0.0,0.0,1.0,1.0,2454.0,157.0,424.0,0.0,1.0,1.0,0.0,0.0,1.0,32.0,5199.0,1.0,0,0,0,0,1,0,0,0,0,0,102
train,vgr_train_storage_cycle_01,0.0,0.0,0.0,0.0,0.0,1.0,1.0,1446.0,907.0,699.0,0.0,0.0,1.0,0.0,1.0,0.0,2803.0,17.0,1.0,0,0,0,0,1,0,0,0,0,0,104
train,vgr_train_storage_cycle_01,1.0,0.0,0.0,0.0,0.0,1.0,1.0,0.0,605.0,5349.0,0.0,1.0,0.0,0.0,1.0,0.0,2803.0,17.0,1.0,0,0,0,0,1,0,0,0,0,0,105
train,vgr_train_storage_cycle_01,0.0,0.0,0.0,0.0,0.0,0.0,0.0,400.0,605.0,5349.0,0.0,1.0,0.0,0.0,1.0,0.0,2803.0,17.0,1.0,0,0,0,0,1,0,0,0,0,0,0
train,vgr_train_storage_cycle_01,0.0,0.0,0.0,0.0,0.0,0.0,0.0,400.0,605.0,5349.0,0.0,0.0,1.0,0.0,1.0,0.0,2803.0,17.0,1.0,0,0,0,0,1,0,0,0,0,0,0
train,vgr_train_storage_cycle_01,0.0,0.0,0.0,0.0,0.0,0.0,0.0,400.0,605.0,5349.0,0.0,1.0,1.0,0.0,0.0,1.0,35.0,5199.0,1.0,0,0,0,0,1,0,0,0,0,0,0
train,vgr_train_storage_cycle_01,0.0,0.0,0.0,0.0,0.0,0.0,0.0,400.0,605.0,5349.0,0.0,1.0,1.0,0.0,0.0,1.0,401.0,5199.0,1.0,0,0,0,0,1,0,0,0,0,0,301
train,vgr_train_storage_cycle_01,1.0,1.0,1.0,0.0,0.0,0.0,0.0,0.0,0.0,0.0,1.0,1.0,1.0,1.0,0.0,1.0,0.0,0.0,1.0,0,0,0,0,0,1,0,0,0,0,0
train,vgr_train_storage_cycle_01,1.0,1.0,1.0,0.0,0.0,0.0,0.0,0.0,0.0,0.0,1.0,1.0,1.0,1.0,0.0,1.0,0.0,0.0,1.0,0,0,0,0,0,1,0,0,0,0,0
train,vgr_train_storage_cycle_01,1.0,1.0,1.0,0.0,0.0,0.0,0.0,0.0,0.0,0.0,1.0,1.0,1.0,1.0,0.0,1.0,0.0,0.0,1.0,0,0,0,0,0,1,0,0,0,0,0
train,vgr_train_storage_cycle_01,1.0,1.0,1.0,0.0,0.0,0.0,0.0,0.0,0.0,0.0,1.0,1.0,1.0,1.0,0.0,1.0,0.0,0.0,1.0,0,0,0,0,0,1,0,0,0,0,0
train,vgr_train_storage_cycle_01,1.0,1.0,1.0,0.0,0.0,0.0,0.0,0.0,0.0,0.0,1.0,1.0,1.0,1.0,0.0,1.0,0.0,0.0,1.0,0,0,0,0,0,1,0,0,0,0,0
train,vgr_train_storage_cycle_01,1.0,1.0,1.0,0.0,0.0,0.0,0.0,0.0,0.0,0.0,1.0,1.0,1.0,1.0,0.0,1.0,0.0,0.0,1.0,0,0,0,0,0,1,0,0,0,0,0
train,vgr_train_storage_cycle_01,1.0,1.0,1.0,0.0,0.0,0.0,0.0,0.0,0.0,0.0,1.0,1.0,1.0,1.0,0.0,1.0,0.0,0.0,1.0,0,0,0,0,0,1,0,0,0,0,0
train,vgr_train_storage_cycle_01,1.0,1.0,1.0,0.0,0.0,0.0,0.0,0.0,0.0,0.0,1.0,1.0,1.0,1.0,0.0,1.0,0.0,0.0,1.0,0,0,0,0,0,1,0,0,0,0,0
train,vgr_train_storage_cycle_01,1.0,1.0,1.0,0.0,0.0,0.0,0.0,0.0,0.0,0.0,1.0,1.0,1.0,1.0,0.0,1.0,0.0,0.0,1.0,0,0,0,0,0,1,0,0,0,0,0
train,vgr_train_storage_cycle_01,1.0,1.0,1.0,0.0,0.0,0.0,0.0,0.0,0.0,0.0,1.0,1.0,1.0,1.0,0.0,1.0,0.0,0.0,1.0,0,0,0,0,0,1,0,0,0,0,0
train,vgr_train_storage_cycle_01,1.0,1.0,1.0,0.0,0.0,0.0,0.0,0.0,0.0,0.0,1.0,1.0,1.0,1.0,0.0,1.0,0.0,0.0,1.0,0,0,0,0,0,1,0,0,0,0,0
train,vgr_train_storage_cycle_01,1.0,1.0,1.0,0.0,0.0,0.0,0.0,0.0,0.0,0.0,1.0,1.0,1.0,1.0,0.0,1.0,0.0,0.0,1.0,0,0,0,0,0,1,0,0,0,0,0
train,vgr_train_storage_cycle_01,1.0,1.0,1.0,0.0,0.0,0.0,0.0,0.0,0.0,0.0,1.0,1.0,1.0,1.0,0.0,1.0,0.0,0.0,1.0,0,0,0,0,0,1,0,0,0,0,0
train,vgr_train_storage_cycle_01,1.0,1.0,1.0,0.0,0.0,0.0,0.0,0.0,0.0,0.0,1.0,1.0,1.0,1.0,0.0,1.0,0.0,0.0,1.0,0,0,0,0,0,1,0,0,0,0,0
train,vgr_train_storage_cycle_01,1.0,1.0,1.0,0.0,0.0,0.0,0.0,0.0,0.0,0.0,1.0,1.0,1.0,1.0,0.0,1.0,0.0,0.0,1.0,0,0,0,0,0,1,0,0,0,0,0
train,vgr_train_storage_cycle_01,1.0,1.0,1.0,0.0,0.0,0.0,0.0,0.0,0.0,0.0,1.0,1.0,1.0,1.0,0.0,1.0,0.0,0.0,0.0,0,0,0,0,0,1,0,0,0,0,101
train,vgr_train_storage_cycle_01,0.0,0.0,0.0,0.0,0.0,1.0,1.0,395.0,25.0,32.0,1.0,1.0,1.0,1.0,0.0,1.0,0.0,0.0,1.0,0,0,0,0,0,1,0,0,0,0,102
train,vgr_train_storage_cycle_01,0.0,0.0,0.0,0.0,0.0,1.0,1.0,1448.0,905.0,704.0,0.0,1.0,1.0,0.0,0.0,1.0,1754.0,5201.0,1.0,0,0,0,0,0,1,0,0,0,0,103
train,vgr_train_storage_cycle_01,0.0,0.0,0.0,0.0,0.0,1.0,1.0,2462.0,157.0,426.0,0.0,1.0,1.0,0.0,0.0,1.0,1386.0,5201.0,1.0,0,0,0,0,0,1,0,0,0,0,102
train,vgr_train_storage_cycle_01,0.0,0.0,0.0,0.0,0.0,1.0,1.0,1448.0,903.0,706.0,0.0,0.0,1.0,0.0,1.0,0.0,2800.0,17.0,1.0,0,0,0,0,0,1,0,0,0,0,104
train,vgr_train_storage_cycle_01,1.0,0.0,0.0,0.0,0.0,1.0,1.0,0.0,607.0,5351.0,0.0,1.0,0.0,0.0,1.0,0.0,2800.0,17.0,1.0,0,0,0,0,0,1,0,0,0,0,105
train,vgr_train_storage_cycle_01,0.0,0.0,0.0,0.0,0.0,0.0,0.0,399.0,607.0,5351.0,0.0,1.0,0.0,0.0,1.0,0.0,2800.0,17.0,1.0,0,0,0,0,0,1,0,0,0,0,0
train,vgr_train_storage_cycle_01,0.0,0.0,0.0,0.0,0.0,0.0,0.0,399.0,607.0,5351.0,0.0,0.0,1.0,0.0,1.0,0.0,2800.0,17.0,1.0,0,0,0,0,0,1,0,0,0,0,0
train,vgr_train_storage_cycle_01,0.0,0.0,0.0,0.0,0.0,0.0,0.0,399.0,607.0,5351.0,0.0,1.0,1.0,0.0,0.0,1.0,1383.0,5198.0,1.0,0,0,0,0,0,1,0,0,0,0,0
train,vgr_train_storage_cycle_01,0.0,0.0,0.0,0.0,0.0,0.0,0.0,399.0,607.0,5351.0,0.0,1.0,1.0,0.0,0.0,1.0,1752.0,5198.0,1.0,0,0,0,0,0,1,0,0,0,0,301
train,vgr_train_storage_cycle_01,1.0,1.0,1.0,0.0,0.0,0.0,0.0,0.0,0.0,0.0,1.0,1.0,1.0,1.0,0.0,1.0,0.0,0.0,1.0,0,0,0,0,0,0,1,0,0,0,0
train,vgr_train_storage_cycle_01,1.0,1.0,1.0,0.0,0.0,0.0,0.0,0.0,0.0,0.0,1.0,1.0,1.0,1.0,0.0,1.0,0.0,0.0,1.0,0,0,0,0,0,0,1,0,0,0,0
train,vgr_train_storage_cycle_01,1.0,1.0,1.0,0.0,0.0,0.0,0.0,0.0,0.0,0.0,1.0,1.0,1.0,1.0,0.0,1.0,0.0,0.0,1.0,0,0,0,0,0,0,1,0,0,0,0
train,vgr_train_storage_cycle_01,1.0,1.0,1.0,0.0,0.0,0.0,0.0,0.0,0.0,0.0,1.0,1.0,1.0,1.0,0.0,1.0,0.0,0.0,1.0,0,0,0,0,0,0,1,0,0,0,0
train,vgr_train_storage_cycle_01,1.0,1.0,1.0,0.0,0.0,0.0,0.0,0.0,0.0,0.0,1.0,1.0,1.0,1.0,0.0,1.0,0.0,0.0,1.0,0,0,0,0,0,0,1,0,0,0,0
train,vgr_train_storage_cycle_01,1.0,1.0,1.0,0.0,0.0,0.0,0.0,0.0,0.0,0.0,1.0,1.0,1.0,1.0,0.0,1.0,0.0,0.0,1.0,0,0,0,0,0,0,1,0,0,0,0
train,vgr_train_storage_cycle_01,1.0,1.0,1.0,0.0,0.0,0.0,0.0,0.0,0.0,0.0,1.0,1.0,1.0,1.0,0.0,1.0,0.0,0.0,1.0,0,0,0,0,0,0,1,0,0,0,0
train,vgr_train_storage_cycle_01,1.0,1.0,1.0,0.0,0.0,0.0,0.0,0.0,0.0,0.0,1.0,1.0,1.0,1.0,0.0,1.0,0.0,0.0,1.0,0,0,0,0,0,0,1,0,0,0,0
train,vgr_train_storage_cycle_01,1.0,1.0,1.0,0.0,0.0,0.0,0.0,0.0,0.0,0.0,1.0,1.0,1.0,1.0,0.0,1.0,0.0,0.0,1.0,0,0,0,0,0,0,1,0,0,0,0
train,vgr_train_storage_cycle_01,1.0,1.0,1.0,0.0,0.0,0.0,0.0,0.0,0.0,0.0,1.0,1.0,1.0,1.0,0.0,1.0,0.0,0.0,1.0,0,0,0,0,0,0,1,0,0,0,0
train,vgr_train_storage_cycle_01,1.0,1.0,1.0,0.0,0.0,0.0,0.0,0.0,0.0,0.0,1.0,1.0,1.0,1.0,0.0,1.0,0.0,0.0,1.0,0,0,0,0,0,0,1,0,0,0,0
train,vgr_train_storage_cycle_01,1.0,1.0,1.0,0.0,0.0,0.0,0.0,0.0,0.0,0.0,1.0,1.0,1.0,1.0,0.0,1.0,0.0,0.0,1.0,0,0,0,0,0,0,1,0,0,0,0
train,vgr_train_storage_cycle_01,1.0,1.0,1.0,0.0,0.0,0.0,0.0,0.0,0.0,0.0,1.0,1.0,1.0,1.0,0.0,1.0,0.0,0.0,1.0,0,0,0,0,0,0,1,0,0,0,0
train,vgr_train_storage_cycle_01,1.0,1.0,1.0,0.0,0.0,0.0,0.0,0.0,0.0,0.0,1.0,1.0,1.0,1.0,0.0,1.0,0.0,0.0,1.0,0,0,0,0,0,0,1,0,0,0,0
train,vgr_train_storage_cycle_01,1.0,1.0,1.0,0.0,0.0,0.0,0.0,0.0,0.0,0.0,1.0,1.0,1.0,1.0,0.0,1.0,0.0,0.0,1.0,0,0,0,0,0,0,1,0,0,0,0
train,vgr_train_storage_cycle_01,1.0,1.0,1.0,0.0,0.0,0.0,0.0,0.0,0.0,0.0,1.0,1.0,1.0,1.0,0.0,1.0,0.0,0.0,1.0,0,0,0,0,0,0,1,0,0,0,0
train,vgr_train_storage_cycle_01,1.0,1.0,1.0,0.0,0.0,0.0,0.0,0.0,0.0,0.0,1.0,1.0,1.0,1.0,0.0,1.0,0.0,0.0,1.0,0,0,0,0,0,0,1,0,0,0,0
train,vgr_train_storage_cycle_01,1.0,1.0,1.0,0.0,0.0,0.0,0.0,0.0,0.0,0.0,1.0,1.0,1.0,1.0,0.0,1.0,0.0,0.0,0.0,0,0,0,0,0,0,1,0,0,0,101
train,vgr_train_storage_cycle_01,0.0,0.0,0.0,0.0,0.0,1.0,1.0,396.0,26.0,33.0,1.0,1.0,1.0,1.0,0.0,1.0,0.0,0.0,1.0,0,0,0,0,0,0,1,0,0,0,102
train,vgr_train_storage_cycle_01,0.0,0.0,0.0,0.0,0.0,1.0,1.0,1451.0,908.0,704.0,0.0,1.0,1.0,0.0,0.0,1.0,3253.0,5199.0,1.0,0,0,0,0,0,0,1,0,0,0,103
train,vgr_train_storage_cycle_01,0.0,0.0,0.0,0.0,0.0,1.0,1.0,2458.0,156.0,423.0,0.0,1.0,1.0,0.0,0.0,1.0,2883.0,5199.0,1.0,0,0,0,0,0,0,1,0,0,0,102
train,vgr_train_storage_cycle_01,0.0,0.0,0.0,0.0,0.0,1.0,1.0,1448.0,908.0,703.0,0.0,0.0,1.0,0.0,1.0,0.0,2802.0,17.0,1.0,0,0,0,0,0,0,1,0,0,0,104
train,vgr_train_storage_cycle_01,1.0,0.0,0.0,0.0,0.0,1.0,1.0,0.0,604.0,5352.0,0.0,1.0,0.0,0.0,1.0,0.0,2802.0,17.0,1.0,0,0,0,0,0,0,1,0,0,0,105
train,vgr_train_storage_cycle_01,0.0,0.0,0.0,0.0,0.0,0.0,0.0,400.0,604.0,5352.0,0.0,1.0,0.0,0.0,1.0,0.0,2802.0,17.0,1.0,0,0,0,0,0,0,1,0,0,0,0
train,vgr_train_storage_cycle_01,0.0,0.0,0.0,0.0,0.0,0.0,0.0,400.0,604.0,5352.0,0.0,0.0,1.0,0.0,1.0,0.0,2802.0,17.0,1.0,0,0,0,0,0,0,1,0,0,0,0
train,vgr_train_storage_cycle_01,0.0,0.0,0.0,0.0,0.0,0.0,0.0,400.0,604.0,5352.0,0.0,1.0,1.0,0.0,0.0,1.0,2881.0,5198.0,1.0,0,0,0,0,0,0,1,0,0,0,0
train,vgr_train_storage_cycle_01,0.0,0.0,0.0,0.0,0.0,0.0,0.0,400.0,604.0,5352.0,0.0,1.0,1.0,0.0,0.0,1.0,3250.0,5198.0,1.0,0,0,0,0,0,0,1,0,0,0,301
train,vgr_train_storage_cycle_01,1.0,1.0,1.0,0.0,0.0,0.0,0.0,0.0,0.0,0.0,1.0,1.0,1.0,1.0,0.0,1.0,0.0,0.0,1.0,0,0,0,0,0,0,0,1,0,0,0
train,vgr_train_storage_cycle_01,1.0,1.0,1.0,0.0,0.0,0.0,0.0,0.0,0.0,0.0,1.0,1.0,1.0,1.0,0.0,1.0,0.0,0.0,1.0,0,0,0,0,0,0,0,1,0,0,0
train,vgr_train_storage_cycle_01,1.0,1.0,1.0,0.0,0.0,0.0,0.0,0.0,0.0,0.0,1.0,1.0,1.0,1.0,0.0,1.0,0.0,0.0,1.0,0,0,0,0,0,0,0,1,0,0,0
train,vgr_train_storage_cycle_01,1.0,1.0,1.0,0.0,0.0,0.0,0.0,0.0,0.0,0.0,1.0,1.0,1.0,1.0,0.0,1.0,0.0,0.0,1.0,0,0,0,0,0,0,0,1,0,0,0
train,vgr_train_storage_cycle_01,1.0,1.0,1.0,0.0,0.0,0.0,0.0,0.0,0.0,0.0,1.0,1.0,1.0,1.0,0.0,1.0,0.0,0.0,1.0,0,0,0,0,0,0,0,1,0,0,0
train,vgr_train_storage_cycle_01,1.0,1.0,1.0,0.0,0.0,0.0,0.0,0.0,0.0,0.0,1.0,1.0,1.0,1.0,0.0,1.0,0.0,0.0,1.0,0,0,0,0,0,0,0,1,0,0,0
train,vgr_train_storage_cycle_01,1.0,1.0,1.0,0.0,0.0,0.0,0.0,0.0,0.0,0.0,1.0,1.0,1.0,1.0,0.0,1.0,0.0,0.0,1.0,0,0,0,0,0,0,0,1,0,0,0
train,vgr_train_storage_cycle_01,1.0,1.0,1.0,0.0,0.0,0.0,0.0,0.0,0.0,0.0,1.0,1.0,1.0,1.0,0.0,1.0,0.0,0.0,1.0,0,0,0,0,0,0,0,1,0,0,0
train,vgr_train_storage_cycle_01,1.0,1.0,1.0,0.0,0.0,0.0,0.0,0.0,0.0,0.0,1.0,1.0,1.0,1.0,0.0,1.0,0.0,0.0,1.0,0,0,0,0,0,0,0,1,0,0,0
train,vgr_train_storage_cycle_01,1.0,1.0,1.0,0.0,0.0,0.0,0.0,0.0,0.0,0.0,1.0,1.0,1.0,1.0,0.0,1.0,0.0,0.0,1.0,0,0,0,0,0,0,0,1,0,0,0
train,vgr_train_storage_cycle_01,1.0,1.0,1.0,0.0,0.0,0.0,0.0,0.0,0.0,0.0,1.0,1.0,1.0,1.0,0.0,1.0,0.0,0.0,1.0,0,0,0,0,0,0,0,1,0,0,0
train,vgr_train_storage_cycle_01,1.0,1.0,1.0,0.0,0.0,0.0,0.0,0.0,0.0,0.0,1.0,1.0,1.0,1.0,0.0,1.0,0.0,0.0,1.0,0,0,0,0,0,0,0,1,0,0,0
train,vgr_train_storage_cycle_01,1.0,1.0,1.0,0.0,0.0,0.0,0.0,0.0,0.0,0.0,1.0,1.0,1.0,1.0,0.0,1.0,0.0,0.0,1.0,0,0,0,0,0,0,0,1,0,0,0
train,vgr_train_storage_cycle_01,1.0,1.0,1.0,0.0,0.0,0.0,0.0,0.0,0.0,0.0,1.0,1.0,1.0,1.0,0.0,1.0,0.0,0.0,1.0,0,0,0,0,0,0,0,1,0,0,0
train,vgr_train_storage_cycle_01,1.0,1.0,1.0,0.0,0.0,0.0,0.0,0.0,0.0,0.0,1.0,1.0,1.0,1.0,0.0,1.0,0.0,0.0,1.0,0,0,0,0,0,0,0,1,0,0,0
train,vgr_train_storage_cycle_01,1.0,1.0,1.0,0.0,0.0,0.0,0.0,0.0,0.0,0.0,1.0,1.0,1.0,1.0,0.0,1.0,0.0,0.0,1.0,0,0,0,0,0,0,0,1,0,0,0
train,vgr_train_storage_cycle_01,1.0,1.0,1.0,0.0,0.0,0.0,0.0,0.0,0.0,0.0,1.0,1.0,1.0,1.0,0.0,1.0,0.0,0.0,0.0,0,0,0,0,0,0,0,1,0,0,101
train,vgr_train_storage_cycle_01,0.0,0.0,0.0,0.0,0.0,1.0,1.0,398.0,26.0,33.0,1.0,1.0,1.0,1.0,0.0,1.0,0.0,0.0,1.0,0,0,0,0,0,0,0,1,0,0,102
train,vgr_train_storage_cycle_01,0.0,0.0,0.0,0.0,0.0,1.0,1.0,1453.0,906.0,705.0,0.0,1.0,1.0,0.0,0.0,1.0,399.0,7560.0,1.0,0,0,0,0,0,0,0,1,0,0,103
train,vgr_train_storage_cycle_01,0.0,0.0,0.0,0.0,0.0,1.0,1.0,2460.0,157.0,426.0,0.0,1.0,1.0,0.0,0.0,1.0,36.0,7560.0,1.0,0,0,0,0,0,0,0,1,0,0,102
train,vgr_train_storage_cycle_01,0.0,0.0,0.0,0.0,0.0,1.0,1.0,1450.0,909.0,700.0,0.0,0.0,1.0,0.0,1.0,0.0,2802.0,17.0,1.0,0,0,0,0,0,0,0,1,0,0,104
train,vgr_train_storage_cycle_01,1.0,0.0,0.0,0.0,0.0,1.0,1.0,0.0,603.0,5350.0,0.0,1.0,0.0,0.0,1.0,0.0,2802.0,17.0,1.0,0,0,0,0,0,0,0,1,0,0,105
train,vgr_train_storage_cycle_01,0.0,0.0,0.0,0.0,0.0,0.0,0.0,400.0,603.0,5350.0,0.0,1.0,0.0,0.0,1.0,0.0,2802.0,17.0,1.0,0,0,0,0,0,0,0,1,0,0,0
train,vgr_train_storage_cycle_01,0.0,0.0,0.0,0.0,0.0,0.0,0.0,400.0,603.0,5350.0,0.0,0.0,1.0,0.0,1.0,0.0,2802.0,17.0,1.0,0,0,0,0,0,0,0,1,0,0,0
train,vgr_train_storage_cycle_01,0.0,0.0,0.0,0.0,0.0,0.0,0.0,400.0,603.0,5350.0,0.0,1.0,1.0,0.0,0.0,1.0,34.0,7559.0,1.0,0,0,0,0,0,0,0,1,0,0,0
train,vgr_train_storage_cycle_01,0.0,0.0,0.0,0.0,0.0,0.0,0.0,400.0,603.0,5350.0,0.0,1.0,1.0,0.0,0.0,1.0,403.0,7559.0,1.0,0,0,0,0,0,0,0,1,0,0,301
train,vgr_train_storage_cycle_01,1.0,1.0,1.0,0.0,0.0,0.0,0.0,0.0,0.0,0.0,1.0,1.0,1.0,1.0,0.0,1.0,0.0,0.0,1.0,0,0,0,0,0,0,0,0,1,0,0
train,vgr_train_storage_cycle_01,1.0,1.0,1.0,0.0,0.0,0.0,0.0,0.0,0.0,0.0,1.0,1.0,1.0,1.0,0.0,1.0,0.0,0.0,1.0,0,0,0,0,0,0,0,0,1,0,0
train,vgr_train_storage_cycle_01,1.0,1.0,1.0,0.0,0.0,0.0,0.0,0.0,0.0,0.0,1.0,1.0,1.0,1.0,0.0,1.0,0.0,0.0,1.0,0,0,0,0,0,0,0,0,1,0,0
train,vgr_train_storage_cycle_01,1.0,1.0,1.0,0.0,0.0,0.0,0.0,0.0,0.0,0.0,1.0,1.0,1.0,1.0,0.0,1.0,0.0,0.0,1.0,0,0,0,0,0,0,0,0,1,0,0
train,vgr_train_storage_cycle_01,1.0,1.0,1.0,0.0,0.0,0.0,0.0,0.0,0.0,0.0,1.0,1.0,1.0,1.0,0.0,1.0,0.0,0.0,1.0,0,0,0,0,0,0,0,0,1,0,0
train,vgr_train_storage_cycle_01,1.0,1.0,1.0,0.0,0.0,0.0,0.0,0.0,0.0,0.0,1.0,1.0,1.0,1.0,0.0,1.0,0.0,0.0,0.0,0,0,0,0,0,0,0,0,1,0,101
train,vgr_train_storage_cycle_01,0.0,0.0,0.0,0.0,0.0,1.0,1.0,390.0,26.0,32.0,1.0,1.0,1.0,1.0,0.0,1.0,0.0,0.0,1.0,0,0,0,0,0,0,0,0,1,0,102
train,vgr_train_storage_cycle_01,0.0,0.0,0.0,0.0,0.0,1.0,1.0,1447.0,906.0,700.0,0.0,1.0,1.0,0.0,0.0,1.0,1754.0,7559.0,1.0,0,0,0,0,0,0,0,0,1,0,103
train,vgr_train_storage_cycle_01,0.0,0.0,0.0,0.0,0.0,1.0,1.0,2456.0,156.0,424.0,0.0,1.0,1.0,0.0,0.0,1.0,1386.0,7559.0,1.0,0,0,0,0,0,0,0,0,1,0,102
train,vgr_train_storage_cycle_01,0.0,0.0,0.0,0.0,0.0,1.0,1.0,1446.0,904.0,703.0,0.0,0.0,1.0,0.0,1.0,0.0,2804.0,17.0,1.0,0,0,0,0,0,0,0,0,1,0,104
train,vgr_train_storage_cycle_01,1.0,0.0,0.0,0.0,0.0,1.0,1.0,0.0,606.0,5351.0,0.0,1.0,0.0,0.0,1.0,0.0,2804.0,17.0,1.0,0,0,0,0,0,0,0,0,1,0,105
train,vgr_train_storage_cycle_01,0.0,0.0,0.0,0.0,0.0,0.0,0.0,401.0,606.0,5351.0,0.0,1.0,0.0,0.0,1.0,0.0,2804.0,17.0,1.0,0,0,0,0,0,0,0,0,1,0,0
train,vgr_train_storage_cycle_01,0.0,0.0,0.0,0.0,0.0,0.0,0.0,401.0,606.0,5351.0,0.0,0.0,1.0,0.0,1.0,0.0,2804.0,17.0,1.0,0,0,0,0,0,0,0,0,1,0,0
train,vgr_train_storage_cycle_01,0.0,0.0,0.0,0.0,0.0,0.0,0.0,401.0,606.0,5351.0,0.0,1.0,1.0,0.0,0.0,1.0,1383.0,7559.0,1.0,0,0,0,0,0,0,0,0,1,0,0
train,vgr_train_storage_cycle_01,0.0,0.0,0.0,0.0,0.0,0.0,0.0,401.0,606.0,5351.0,0.0,1.0,1.0,0.0,0.0,1.0,1751.0,7559.0,1.0,0,0,0,0,0,0,0,0,1,0,301
train,vgr_train_storage_cycle_01,1.0,1.0,1.0,0.0,0.0,0.0,0.0,0.0,0.0,0.0,1.0,1.0,1.0,1.0,0.0,1.0,0.0,0.0,1.0,0,0,0,0,0,0,0,0,0,1,0
train,vgr_train_storage_cycle_01,1.0,1.0,1.0,0.0,0.0,0.0,0.0,0.0,0.0,0.0,1.0,1.0,1.0,1.0,0.0,1.0,0.0,0.0,1.0,0,0,0,0,0,0,0,0,0,1,0
train,vgr_train_storage_cycle_01,1.0,1.0,1.0,0.0,0.0,0.0,0.0,0.0,0.0,0.0,1.0,1.0,1.0,1.0,0.0,1.0,0.0,0.0,1.0,0,0,0,0,0,0,0,0,0,1,0
train,vgr_train_storage_cycle_01,1.0,1.0,1.0,0.0,0.0,0.0,0.0,0.0,0.0,0.0,1.0,1.0,1.0,1.0,0.0,1.0,0.0,0.0,1.0,0,0,0,0,0,0,0,0,0,1,0
train,vgr_train_storage_cycle_01,1.0,1.0,1.0,0.0,0.0,0.0,0.0,0.0,0.0,0.0,1.0,1.0,1.0,1.0,0.0,1.0,0.0,0.0,1.0,0,0,0,0,0,0,0,0,0,1,0
train,vgr_train_storage_cycle_01,1.0,1.0,1.0,0.0,0.0,0.0,0.0,0.0,0.0,0.0,1.0,1.0,1.0,1.0,0.0,1.0,0.0,0.0,1.0,0,0,0,0,0,0,0,0,0,1,0
train,vgr_train_storage_cycle_01,1.0,1.0,1.0,0.0,0.0,0.0,0.0,0.0,0.0,0.0,1.0,1.0,1.0,1.0,0.0,1.0,0.0,0.0,0.0,0,0,0,0,0,0,0,0,0,1,101
train,vgr_train_storage_cycle_01,0.0,0.0,0.0,0.0,0.0,1.0,1.0,396.0,26.0,34.0,1.0,1.0,1.0,1.0,0.0,1.0,0.0,0.0,1.0,0,0,0,0,0,0,0,0,0,1,102
train,vgr_train_storage_cycle_01,0.0,0.0,0.0,0.0,0.0,1.0,1.0,1452.0,910.0,704.0,0.0,1.0,1.0,0.0,0.0,1.0,3250.0,7556.0,1.0,0,0,0,0,0,0,0,0,0,1,103
train,vgr_train_storage_cycle_01,0.0,0.0,0.0,0.0,0.0,1.0,1.0,2460.0,156.0,424.0,0.0,1.0,1.0,0.0,0.0,1.0,2887.0,7556.0,1.0,0,0,0,0,0,0,0,0,0,1,102
train,vgr_train_storage_cycle_01,0.0,0.0,0.0,0.0,0.0,1.0,1.0,1449.0,908.0,702.0,0.0,0.0,1.0,0.0,1.0,0.0,2802.0,19.0,1.0,0,0,0,0,0,0,0,0,0,1,104
train,vgr_train_storage_cycle_01,1.0,0.0,0.0,0.0,1.0,1.0,1.0,0.0,483.0,5348.0,0.0,1.0,0.0,0.0,1.0,0.0,2802.0,19.0,1.0,0,0,0,0,0,0,0,0,0,1,105
train,vgr_train_storage_cycle_01,0.0,0.0,0.0,0.0,0.0,0.0,0.0,398.0,608.0,5348.0,0.0,1.0,0.0,0.0,1.0,0.0,2802.0,19.0,1.0,0,0,0,0,0,0,0,0,0,1,0
train,vgr_train_storage_cycle_01,0.0,0.0,0.0,0.0,0.0,0.0,0.0,398.0,608.0,5348.0,0.0,0.0,1.0,0.0,1.0,0.0,2802.0,19.0,1.0,0,0,0,0,0,0,0,0,0,1,0
train,vgr_train_storage_cycle_01,0.0,0.0,0.0,0.0,0.0,0.0,0.0,398.0,608.0,5348.0,0.0,1.0,1.0,0.0,0.0,1.0,2883.0,7560.0,1.0,0,0,0,0,0,0,0,0,0,1,0
train,vgr_train_storage_cycle_01,0.0,0.0,0.0,0.0,0.0,0.0,0.0,398.0,608.0,5348.0,0.0,1.0,1.0,0.0,0.0,1.0,3252.0,7560.0,1.0,0,0,0,0,0,0,0,0,0,1,301
train,vgr_train_storage_cycle_01,1.0,1.0,1.0,0.0,0.0,0.0,0.0,0.0,0.0,0.0,1.0,1.0,1.0,1.0,0.0,1.0,0.0,0.0,1.0,1,0,0,0,0,0,0,0,0,0,0
train,vgr_train_storage_cycle_01,1.0,1.0,1.0,0.0,0.0,0.0,0.0,0.0,0.0,0.0,1.0,1.0,1.0,1.0,0.0,1.0,0.0,0.0,1.0,1,0,0,0,0,0,0,0,0,0,0
train,vgr_train_storage_cycle_01,1.0,1.0,1.0,0.0,0.0,0.0,0.0,0.0,0.0,0.0,1.0,1.0,1.0,1.0,0.0,1.0,0.0,0.0,1.0,1,0,0,0,0,0,0,0,0,0,0
train,vgr_train_storage_cycle_01,1.0,1.0,1.0,0.0,0.0,0.0,0.0,0.0,0.0,0.0,1.0,1.0,1.0,1.0,0.0,1.0,0.0,0.0,0.0,1,0,0,0,0,0,0,0,0,0,0
train,vgr_train_storage_cycle_01,1.0,1.0,1.0,0.0,0.0,0.0,0.0,0.0,0.0,0.0,1.0,1.0,1.0,1.0,0.0,1.0,0.0,0.0,1.0,1,0,0,0,0,0,0,0,0,0,0
train,vgr_train_storage_cycle_01,1.0,1.0,1.0,0.0,0.0,0.0,0.0,0.0,0.0,0.0,1.0,1.0,1.0,1.0,0.0,1.0,0.0,0.0,1.0,1,0,0,0,0,0,0,0,0,0,0
train,vgr_train_storage_cycle_01,1.0,1.0,1.0,0.0,0.0,0.0,0.0,0.0,0.0,0.0,1.0,1.0,1.0,1.0,0.0,1.0,0.0,0.0,1.0,1,0,0,0,0,0,0,0,0,0,0
train,vgr_train_storage_cycle_01,1.0,1.0,1.0,0.0,0.0,0.0,0.0,0.0,0.0,0.0,1.0,1.0,1.0,1.0,0.0,1.0,0.0,0.0,1.0,1,0,0,0,0,0,0,0,0,0,0
train,vgr_train_storage_cycle_01,1.0,1.0,1.0,0.0,0.0,0.0,0.0,0.0,0.0,0.0,1.0,1.0,1.0,1.0,0.0,1.0,0.0,0.0,1.0,1,0,0,0,0,0,0,0,0,0,0
train,vgr_train_storage_cycle_01,1.0,1.0,1.0,0.0,0.0,0.0,0.0,0.0,0.0,0.0,1.0,1.0,1.0,1.0,0.0,1.0,0.0,0.0,1.0,1,0,0,0,0,0,0,0,0,0,0
train,vgr_train_storage_cycle_01,1.0,1.0,1.0,0.0,0.0,0.0,0.0,0.0,0.0,0.0,1.0,1.0,1.0,1.0,0.0,1.0,0.0,0.0,1.0,1,0,0,0,0,0,0,0,0,0,0
train,vgr_train_storage_cycle_01,1.0,1.0,1.0,0.0,0.0,0.0,0.0,0.0,0.0,0.0,1.0,1.0,1.0,1.0,0.0,1.0,0.0,0.0,1.0,1,0,0,0,0,0,0,0,0,0,0
train,vgr_train_storage_cycle_01,1.0,1.0,1.0,0.0,0.0,0.0,0.0,0.0,0.0,0.0,1.0,1.0,1.0,1.0,0.0,1.0,0.0,0.0,1.0,1,0,0,0,0,0,0,0,0,0,0
train,vgr_train_storage_cycle_01,1.0,1.0,1.0,0.0,0.0,0.0,0.0,0.0,0.0,0.0,1.0,1.0,1.0,1.0,0.0,1.0,0.0,0.0,1.0,1,0,0,0,0,0,0,0,0,0,0
train,vgr_train_storage_cycle_01,1.0,1.0,1.0,0.0,0.0,0.0,0.0,0.0,0.0,0.0,1.0,1.0,1.0,1.0,0.0,1.0,0.0,0.0,1.0,1,0,0,0,0,0,0,0,0,0,0
train,vgr_train_storage_cycle_01,1.0,1.0,1.0,0.0,0.0,0.0,0.0,0.0,0.0,0.0,1.0,1.0,1.0,1.0,0.0,1.0,0.0,0.0,1.0,1,0,0,0,0,0,0,0,0,0,0
train,vgr_train_storage_cycle_01,1.0,1.0,1.0,0.0,0.0,0.0,0.0,0.0,0.0,0.0,1.0,1.0,1.0,1.0,0.0,1.0,0.0,0.0,1.0,1,0,0,0,0,0,0,0,0,0,0
train,vgr_train_storage_cycle_01,1.0,1.0,1.0,0.0,0.0,0.0,0.0,0.0,0.0,0.0,1.0,1.0,1.0,1.0,0.0,1.0,0.0,0.0,1.0,1,0,0,0,0,0,0,0,0,0,0
train,vgr_train_storage_cycle_01,1.0,1.0,1.0,0.0,0.0,0.0,0.0,0.0,0.0,0.0,1.0,1.0,1.0,1.0,0.0,1.0,0.0,0.0,0.0,1,0,0,0,0,0,0,0,0,0,0
train,vgr_train_storage_cycle_01,1.0,1.0,1.0,0.0,0.0,0.0,0.0,0.0,0.0,0.0,1.0,1.0,1.0,1.0,0.0,1.0,0.0,0.0,1.0,1,0,0,0,0,0,0,0,0,0,0
train,vgr_train_storage_cycle_01,1.0,1.0,1.0,0.0,0.0,0.0,0.0,0.0,0.0,0.0,1.0,1.0,1.0,1.0,0.0,1.0,0.0,0.0,1.0,1,0,0,0,0,0,0,0,0,0,0
train,vgr_train_storage_cycle_01,1.0,1.0,1.0,0.0,0.0,0.0,0.0,0.0,0.0,0.0,1.0,1.0,1.0,1.0,0.0,1.0,0.0,0.0,1.0,1,0,0,0,0,0,0,0,0,0,0
train,vgr_train_storage_cycle_01,1.0,1.0,1.0,0.0,0.0,0.0,0.0,0.0,0.0,0.0,1.0,1.0,1.0,1.0,0.0,1.0,0.0,0.0,1.0,1,0,0,0,0,0,0,0,0,0,0
train,vgr_train_storage_cycle_01,1.0,1.0,1.0,0.0,0.0,0.0,0.0,0.0,0.0,0.0,1.0,1.0,1.0,1.0,0.0,1.0,0.0,0.0,1.0,1,0,0,0,0,0,0,0,0,0,0
train,vgr_train_storage_cycle_01,1.0,1.0,1.0,0.0,0.0,0.0,0.0,0.0,0.0,0.0,1.0,1.0,1.0,1.0,0.0,1.0,0.0,0.0,1.0,1,0,0,0,0,0,0,0,0,0,0
train,vgr_train_storage_cycle_01,1.0,1.0,1.0,0.0,0.0,0.0,0.0,0.0,0.0,0.0,1.0,1.0,1.0,1.0,0.0,1.0,0.0,0.0,1.0,1,0,0,0,0,0,0,0,0,0,0
train,vgr_train_storage_cycle_01,1.0,1.0,1.0,0.0,0.0,0.0,0.0,0.0,0.0,0.0,1.0,1.0,1.0,1.0,0.0,1.0,0.0,0.0,1.0,1,0,0,0,0,0,0,0,0,0,0
train,vgr_train_storage_cycle_01,1.0,1.0,1.0,0.0,0.0,0.0,0.0,0.0,0.0,0.0,1.0,1.0,1.0,1.0,0.0,1.0,0.0,0.0,1.0,1,0,0,0,0,0,0,0,0,0,0
train,vgr_train_storage_cycle_01,1.0,1.0,1.0,0.0,0.0,0.0,0.0,0.0,0.0,0.0,1.0,1.0,1.0,1.0,0.0,1.0,0.0,0.0,1.0,1,0,0,0,0,0,0,0,0,0,0
train,vgr_train_storage_cycle_01,1.0,1.0,1.0,0.0,0.0,0.0,0.0,0.0,0.0,0.0,1.0,1.0,1.0,1.0,0.0,1.0,0.0,0.0,1.0,1,0,0,0,0,0,0,0,0,0,0
train,vgr_train_storage_cycle_01,1.0,1.0,1.0,0.0,0.0,0.0,0.0,0.0,0.0,0.0,1.0,1.0,1.0,1.0,0.0,1.0,0.0,0.0,1.0,1,0,0,0,0,0,0,0,0,0,0
train,vgr_train_storage_cycle_01,1.0,1.0,1.0,0.0,0.0,0.0,0.0,0.0,0.0,0.0,1.0,1.0,1.0,1.0,0.0,1.0,0.0,0.0,0.0,1,0,0,0,0,0,0,0,0,0,0
train,vgr_train_storage_cycle_01,1.0,1.0,1.0,0.0,0.0,0.0,0.0,0.0,0.0,0.0,1.0,1.0,1.0,1.0,0.0,1.0,0.0,0.0,1.0,1,0,0,0,0,0,0,0,0,0,0
train,vgr_train_storage_cycle_01,1.0,1.0,1.0,0.0,0.0,0.0,0.0,0.0,0.0,0.0,1.0,1.0,1.0,1.0,0.0,1.0,0.0,0.0,1.0,1,0,0,0,0,0,0,0,0,0,0
train,vgr_train_storage_cycle_01,1.0,1.0,1.0,0.0,0.0,0.0,0.0,0.0,0.0,0.0,1.0,1.0,1.0,1.0,0.0,1.0,0.0,0.0,1.0,1,0,0,0,0,0,0,0,0,0,0
train,vgr_train_storage_cycle_01,1.0,1.0,1.0,0.0,0.0,0.0,0.0,0.0,0.0,0.0,1.0,1.0,1.0,1.0,0.0,1.0,0.0,0.0,1.0,1,0,0,0,0,0,0,0,0,0,0
train,vgr_train_storage_cycle_01,1.0,1.0,1.0,0.0,0.0,0.0,0.0,0.0,0.0,0.0,1.0,1.0,1.0,1.0,0.0,1.0,0.0,0.0,1.0,1,0,0,0,0,0,0,0,0,0,0
train,vgr_train_storage_cycle_01,1.0,1.0,1.0,0.0,0.0,0.0,0.0,0.0,0.0,0.0,1.0,1.0,1.0,1.0,0.0,1.0,0.0,0.0,1.0,1,0,0,0,0,0,0,0,0,0,0
train,vgr_train_storage_cycle_01,1.0,1.0,1.0,0.0,0.0,0.0,0.0,0.0,0.0,0.0,1.0,1.0,1.0,1.0,0.0,1.0,0.0,0.0,1.0,1,0,0,0,0,0,0,0,0,0,0
train,vgr_train_storage_cycle_01,1.0,1.0,1.0,0.0,0.0,0.0,0.0,0.0,0.0,0.0,1.0,1.0,1.0,1.0,0.0,1.0,0.0,0.0,1.0,1,0,0,0,0,0,0,0,0,0,0
train,vgr_train_storage_cycle_01,1.0,1.0,1.0,0.0,0.0,0.0,0.0,0.0,0.0,0.0,1.0,1.0,1.0,1.0,0.0,1.0,0.0,0.0,1.0,1,0,0,0,0,0,0,0,0,0,0
train,vgr_train_storage_cycle_01,1.0,1.0,1.0,0.0,0.0,0.0,0.0,0.0,0.0,0.0,1.0,1.0,1.0,1.0,0.0,1.0,0.0,0.0,1.0,1,0,0,0,0,0,0,0,0,0,0
train,vgr_train_storage_cycle_01,1.0,1.0,1.0,0.0,0.0,0.0,0.0,0.0,0.0,0.0,1.0,1.0,1.0,1.0,0.0,1.0,0.0,0.0,1.0,1,0,0,0,0,0,0,0,0,0,0
train,vgr_train_storage_cycle_01,1.0,1.0,1.0,0.0,0.0,0.0,0.0,0.0,0.0,0.0,1.0,1.0,1.0,1.0,0.0,1.0,0.0,0.0,1.0,1,0,0,0,0,0,0,0,0,0,0
train,vgr_train_storage_cycle_01,1.0,1.0,1.0,0.0,0.0,0.0,0.0,0.0,0.0,0.0,1.0,1.0,1.0,1.0,0.0,1.0,0.0,0.0,1.0,1,0,0,0,0,0,0,0,0,0,0
train,vgr_train_storage_cycle_01,1.0,1.0,1.0,0.0,0.0,0.0,0.0,0.0,0.0,0.0,1.0,1.0,1.0,1.0,0.0,1.0,0.0,0.0,1.0,1,0,0,0,0,0,0,0,0,0,0
train,vgr_train_storage_cycle_01,1.0,1.0,1.0,0.0,0.0,0.0,0.0,0.0,0.0,0.0,1.0,1.0,1.0,1.0,0.0,1.0,0.0,0.0,1.0,1,0,0,0,0,0,0,0,0,0,0
train,vgr_train_storage_cycle_01,1.0,1.0,1.0,0.0,0.0,0.0,0.0,0.0,0.0,0.0,1.0,1.0,1.0,1.0,0.0,1.0,0.0,0.0,1.0,1,0,0,0,0,0,0,0,0,0,0
train,vgr_train_storage_cycle_01,1.0,1.0,1.0,0.0,0.0,0.0,0.0,0.0,0.0,0.0,1.0,1.0,1.0,1.0,0.0,1.0,0.0,0.0,1.0,1,0,0,0,0,0,0,0,0,0,0
train,vgr_train_storage_cycle_01,1.0,1.0,1.0,0.0,0.0,0.0,0.0,0.0,0.0,0.0,1.0,1.0,1.0,1.0,0.0,1.0,0.0,0.0,1.0,1,0,0,0,0,0,0,0,0,0,0
train,vgr_train_storage_cycle_01,1.0,1.0,1.0,0.0,0.0,0.0,0.0,0.0,0.0,0.0,1.0,1.0,1.0,1.0,0.0,1.0,0.0,0.0,1.0,1,0,0,0,0,0,0,0,0,0,0
train,vgr_train_storage_cycle_01,1.0,1.0,1.0,0.0,0.0,0.0,0.0,0.0,0.0,0.0,1.0,1.0,1.0,1.0,0.0,1.0,0.0,0.0,0.0,1,0,0,0,0,0,0,0,0,0,0
train,vgr_train_storage_cycle_01,1.0,1.0,1.0,0.0,0.0,0.0,0.0,0.0,0.0,0.0,1.0,1.0,1.0,1.0,0.0,1.0,0.0,0.0,1.0,1,0,0,0,0,0,0,0,0,0,0
train,vgr_train_storage_cycle_01,1.0,1.0,1.0,0.0,0.0,0.0,0.0,0.0,0.0,0.0,1.0,1.0,1.0,1.0,0.0,1.0,0.0,0.0,1.0,1,0,0,0,0,0,0,0,0,0,0
train,vgr_train_storage_cycle_01,1.0,1.0,1.0,0.0,0.0,0.0,0.0,0.0,0.0,0.0,1.0,1.0,1.0,1.0,0.0,1.0,0.0,0.0,1.0,1,0,0,0,0,0,0,0,0,0,0
train,vgr_train_storage_cycle_01,1.0,1.0,1.0,0.0,0.0,0.0,0.0,0.0,0.0,0.0,1.0,1.0,1.0,1.0,0.0,1.0,0.0,0.0,1.0,1,0,0,0,0,0,0,0,0,0,0
train,vgr_train_storage_cycle_01,1.0,1.0,1.0,0.0,0.0,0.0,0.0,0.0,0.0,0.0,1.0,1.0,1.0,1.0,0.0,1.0,0.0,0.0,1.0,1,0,0,0,0,0,0,0,0,0,0
train,vgr_train_storage_cycle_01,1.0,1.0,1.0,0.0,0.0,0.0,0.0,0.0,0.0,0.0,1.0,1.0,1.0,1.0,0.0,1.0,0.0,0.0,0.0,1,0,0,0,0,0,0,0,0,0,0
train,vgr_train_storage_cycle_01,1.0,1.0,1.0,0.0,0.0,0.0,0.0,0.0,0.0,0.0,1.0,1.0,1.0,1.0,0.0,1.0,0.0,0.0,1.0,1,0,0,0,0,0,0,0,0,0,0
train,vgr_train_storage_cycle_01,1.0,1.0,1.0,0.0,0.0,0.0,0.0,0.0,0.0,0.0,1.0,1.0,1.0,1.0,0.0,1.0,0.0,0.0,1.0,1,0,0,0,0,0,0,0,0,0,0
train,vgr_train_storage_cycle_01,1.0,1.0,1.0,0.0,0.0,0.0,0.0,0.0,0.0,0.0,1.0,1.0,1.0,1.0,0.0,1.0,0.0,0.0,1.0,1,0,0,0,0,0,0,0,0,0,0
train,vgr_train_storage_cycle_01,1.0,1.0,1.0,0.0,0.0,0.0,0.0,0.0,0.0,0.0,1.0,1.0,1.0,1.0,0.0,1.0,0.0,0.0,1.0,1,0,0,0,0,0,0,0,0,0,0
train,vgr_train_storage_cycle_01,1.0,1.0,1.0,0.0,0.0,0.0,0.0,0.0,0.0,0.0,1.0,1.0,1.0,1.0,0.0,1.0,0.0,0.0,1.0,1,0,0,0,0,0,0,0,0,0,0
train,vgr_train_storage_cycle_01,1.0,1.0,1.0,0.0,0.0,0.0,0.0,0.0,0.0,0.0,1.0,1.0,1.0,1.0,0.0,1.0,0.0,0.0,1.0,1,0,0,0,0,0,0,0,0,0,0
train,vgr_train_storage_cycle_01,1.0,1.0,1.0,0.0,0.0,0.0,0.0,0.0,0.0,0.0,1.0,1.0,1.0,1.0,0.0,1.0,0.0,0.0,1.0,1,0,0,0,0,0,0,0,0,0,0
train,vgr_train_storage_cycle_01,1.0,1.0,1.0,0.0,0.0,0.0,0.0,0.0,0.0,0.0,1.0,1.0,1.0,1.0,0.0,1.0,0.0,0.0,1.0,1,0,0,0,0,0,0,0,0,0,0
train,vgr_train_storage_cycle_01,1.0,1.0,1.0,0.0,0.0,0.0,0.0,0.0,0.0,0.0,1.0,1.0,1.0,1.0,0.0,1.0,0.0,0.0,1.0,1,0,0,0,0,0,0,0,0,0,0
train,vgr_train_storage_cycle_01,1.0,1.0,1.0,0.0,0.0,0.0,0.0,0.0,0.0,0.0,1.0,1.0,1.0,1.0,0.0,1.0,0.0,0.0,1.0,1,0,0,0,0,0,0,0,0,0,0
train,vgr_train_storage_cycle_01,1.0,1.0,1.0,0.0,0.0,0.0,0.0,0.0,0.0,0.0,1.0,1.0,1.0,1.0,0.0,1.0,0.0,0.0,1.0,1,0,0,0,0,0,0,0,0,0,0
train,vgr_train_storage_cycle_01,1.0,1.0,1.0,0.0,0.0,0.0,0.0,0.0,0.0,0.0,1.0,1.0,1.0,1.0,0.0,1.0,0.0,0.0,0.0,1,0,0,0,0,0,0,0,0,0,0
train,vgr_train_storage_cycle_01,1.0,1.0,1.0,0.0,0.0,0.0,0.0,0.0,0.0,0.0,1.0,1.0,1.0,1.0,0.0,1.0,0.0,0.0,1.0,1,0,0,0,0,0,0,0,0,0,0
train,vgr_train_storage_cycle_01,1.0,1.0,1.0,0.0,0.0,0.0,0.0,0.0,0.0,0.0,1.0,1.0,1.0,1.0,0.0,1.0,0.0,0.0,1.0,1,0,0,0,0,0,0,0,0,0,0
train,vgr_train_storage_cycle_01,1.0,1.0,1.0,0.0,0.0,0.0,0.0,0.0,0.0,0.0,1.0,1.0,1.0,1.0,0.0,1.0,0.0,0.0,1.0,1,0,0,0,0,0,0,0,0,0,0
train,vgr_train_storage_cycle_01,1.0,1.0,1.0,0.0,0.0,0.0,0.0,0.0,0.0,0.0,1.0,1.0,1.0,1.0,0.0,1.0,0.0,0.0,1.0,1,0,0,0,0,0,0,0,0,0,0
train,vgr_train_storage_cycle_01,1.0,1.0,1.0,0.0,0.0,0.0,0.0,0.0,0.0,0.0,1.0,1.0,1.0,1.0,0.0,1.0,0.0,0.0,1.0,1,0,0,0,0,0,0,0,0,0,0
train,vgr_train_storage_cycle_01,1.0,1.0,1.0,0.0,0.0,0.0,0.0,0.0,0.0,0.0,1.0,1.0,1.0,1.0,0.0,1.0,0.0,0.0,1.0,1,0,0,0,0,0,0,0,0,0,0
train,vgr_train_storage_cycle_01,1.0,1.0,1.0,0.0,0.0,0.0,0.0,0.0,0.0,0.0,1.0,1.0,1.0,1.0,0.0,1.0,0.0,0.0,1.0,1,0,0,0,0,0,0,0,0,0,0
train,vgr_train_storage_cycle_01,1.0,1.0,1.0,0.0,0.0,0.0,0.0,0.0,0.0,0.0,1.0,1.0,1.0,1.0,0.0,1.0,0.0,0.0,1.0,1,0,0,0,0,0,0,0,0,0,0
train,vgr_train_storage_cycle_01,1.0,1.0,1.0,0.0,0.0,0.0,0.0,0.0,0.0,0.0,1.0,1.0,1.0,1.0,0.0,1.0,0.0,0.0,1.0,1,0,0,0,0,0,0,0,0,0,0
train,vgr_train_storage_cycle_01,1.0,1.0,1.0,0.0,0.0,0.0,0.0,0.0,0.0,0.0,1.0,1.0,1.0,1.0,0.0,1.0,0.0,0.0,1.0,1,0,0,0,0,0,0,0,0,0,0
train,vgr_train_storage_cycle_01,1.0,1.0,1.0,0.0,0.0,0.0,0.0,0.0,0.0,0.0,1.0,1.0,1.0,1.0,0.0,1.0,0.0,0.0,1.0,1,0,0,0,0,0,0,0,0,0,0
train,vgr_train_storage_cycle_01,1.0,1.0,1.0,0.0,0.0,0.0,0.0,0.0,0.0,0.0,1.0,1.0,1.0,1.0,0.0,1.0,0.0,0.0,1.0,1,0,0,0,0,0,0,0,0,0,0
train,vgr_train_storage_cycle_01,1.0,1.0,1.0,0.0,0.0,0.0,0.0,0.0,0.0,0.0,1.0,1.0,1.0,1.0,0.0,1.0,0.0,0.0,1.0,1,0,0,0,0,0,0,0,0,0,0
train,vgr_train_storage_cycle_01,1.0,1.0,1.0,0.0,0.0,0.0,0.0,0.0,0.0,0.0,1.0,1.0,1.0,1.0,0.0,1.0,0.0,0.0,1.0,1,0,0,0,0,0,0,0,0,0,0
train,vgr_train_storage_cycle_01,1.0,1.0,1.0,0.0,0.0,0.0,0.0,0.0,0.0,0.0,1.0,1.0,1.0,1.0,0.0,1.0,0.0,0.0,1.0,1,0,0,0,0,0,0,0,0,0,0
train,vgr_train_storage_cycle_01,1.0,1.0,1.0,0.0,0.0,0.0,0.0,0.0,0.0,0.0,1.0,1.0,1.0,1.0,0.0,1.0,0.0,0.0,1.0,1,0,0,0,0,0,0,0,0,0,0
train,vgr_train_storage_cycle_01,1.0,1.0,1.0,0.0,0.0,0.0,0.0,0.0,0.0,0.0,1.0,1.0,1.0,1.0,0.0,1.0,0.0,0.0,1.0,1,0,0,0,0,0,0,0,0,0,0
train,vgr_train_storage_cycle_01,1.0,1.0,1.0,0.0,0.0,0.0,0.0,0.0,0.0,0.0,1.0,1.0,1.0,1.0,0.0,1.0,0.0,0.0,1.0,1,0,0,0,0,0,0,0,0,0,0
train,vgr_train_storage_cycle_01,1.0,1.0,1.0,0.0,0.0,0.0,0.0,0.0,0.0,0.0,1.0,1.0,1.0,1.0,0.0,1.0,0.0,0.0,1.0,1,0,0,0,0,0,0,0,0,0,0
train,vgr_train_storage_cycle_01,1.0,1.0,1.0,0.0,0.0,0.0,0.0,0.0,0.0,0.0,1.0,1.0,1.0,1.0,0.0,1.0,0.0,0.0,0.0,1,0,0,0,0,0,0,0,0,0,0
train,vgr_train_storage_cycle_01,1.0,1.0,1.0,0.0,0.0,0.0,0.0,0.0,0.0,0.0,1.0,1.0,1.0,1.0,0.0,1.0,0.0,0.0,1.0,1,0,0,0,0,0,0,0,0,0,0
train,vgr_train_storage_cycle_01,1.0,1.0,1.0,0.0,0.0,0.0,0.0,0.0,0.0,0.0,1.0,1.0,1.0,1.0,0.0,1.0,0.0,0.0,1.0,1,0,0,0,0,0,0,0,0,0,0
train,vgr_train_storage_cycle_01,1.0,1.0,1.0,0.0,0.0,0.0,0.0,0.0,0.0,0.0,1.0,1.0,1.0,1.0,0.0,1.0,0.0,0.0,1.0,1,0,0,0,0,0,0,0,0,0,0
train,vgr_train_storage_cycle_01,1.0,1.0,1.0,0.0,0.0,0.0,0.0,0.0,0.0,0.0,1.0,1.0,1.0,1.0,0.0,1.0,0.0,0.0,1.0,1,0,0,0,0,0,0,0,0,0,0
train,vgr_train_storage_cycle_01,1.0,1.0,1.0,0.0,0.0,0.0,0.0,0.0,0.0,0.0,1.0,1.0,1.0,1.0,0.0,1.0,0.0,0.0,1.0,1,0,0,0,0,0,0,0,0,0,0
train,vgr_train_storage_cycle_01,1.0,1.0,1.0,0.0,0.0,0.0,0.0,0.0,0.0,0.0,1.0,1.0,1.0,1.0,0.0,1.0,0.0,0.0,1.0,1,0,0,0,0,0,0,0,0,0,0
train,vgr_train_storage_cycle_01,1.0,1.0,1.0,0.0,0.0,0.0,0.0,0.0,0.0,0.0,1.0,1.0,1.0,1.0,0.0,1.0,0.0,0.0,1.0,1,0,0,0,0,0,0,0,0,0,0
train,vgr_train_storage_cycle_01,1.0,1.0,1.0,0.0,0.0,0.0,0.0,0.0,0.0,0.0,1.0,1.0,1.0,1.0,0.0,1.0,0.0,0.0,1.0,1,0,0,0,0,0,0,0,0,0,0
train,vgr_train_storage_cycle_01,1.0,1.0,1.0,0.0,0.0,0.0,0.0,0.0,0.0,0.0,1.0,1.0,1.0,1.0,0.0,1.0,0.0,0.0,1.0,1,0,0,0,0,0,0,0,0,0,0
train,vgr_train_storage_cycle_01,1.0,1.0,1.0,0.0,0.0,0.0,0.0,0.0,0.0,0.0,1.0,1.0,1.0,1.0,0.0,1.0,0.0,0.0,1.0,1,0,0,0,0,0,0,0,0,0,0
train,vgr_train_storage_cycle_01,1.0,1.0,1.0,0.0,0.0,0.0,0.0,0.0,0.0,0.0,1.0,1.0,1.0,1.0,0.0,1.0,0.0,0.0,1.0,1,0,0,0,0,0,0,0,0,0,0
train,vgr_train_storage_cycle_01,1.0,1.0,1.0,0.0,0.0,0.0,0.0,0.0,0.0,0.0,1.0,1.0,1.0,1.0,0.0,1.0,0.0,0.0,1.0,1,0,0,0,0,0,0,0,0,0,0
train,vgr_train_storage_cycle_01,1.0,1.0,1.0,0.0,0.0,0.0,0.0,0.0,0.0,0.0,1.0,1.0,1.0,1.0,0.0,1.0,0.0,0.0,1.0,1,0,0,0,0,0,0,0,0,0,0
train,vgr_train_storage_cycle_01,1.0,1.0,1.0,0.0,0.0,0.0,0.0,0.0,0.0,0.0,1.0,1.0,1.0,1.0,0.0,1.0,0.0,0.0,1.0,1,0,0,0,0,0,0,0,0,0,0
train,vgr_train_storage_cycle_01,1.0,1.0,1.0,0.0,0.0,0.0,0.0,0.0,0.0,0.0,1.0,1.0,1.0,1.0,0.0,1.0,0.0,0.0,1.0,1,0,0,0,0,0,0,0,0,0,0
train,vgr_train_storage_cycle_01,1.0,1.0,1.0,0.0,0.0,0.0,0.0,0.0,0.0,0.0,1.0,1.0,1.0,1.0,0.0,1.0,0.0,0.0,1.0,1,0,0,0,0,0,0,0,0,0,0
train,vgr_train_storage_cycle_01,1.0,1.0,1.0,0.0,0.0,0.0,0.0,0.0,0.0,0.0,1.0,1.0,1.0,1.0,0.0,1.0,0.0,0.0,1.0,1,0,0,0,0,0,0,0,0,0,0
train,vgr_train_storage_cycle_01,1.0,1.0,1.0,0.0,0.0,0.0,0.0,0.0,0.0,0.0,1.0,1.0,1.0,1.0,0.0,1.0,0.0,0.0,1.0,1,0,0,0,0,0,0,0,0,0,0
train,vgr_train_storage_cycle_01,1.0,1.0,1.0,0.0,0.0,0.0,0.0,0.0,0.0,0.0,1.0,1.0,1.0,1.0,0.0,1.0,0.0,0.0,0.0,1,0,0,0,0,0,0,0,0,0,0
train,vgr_train_storage_cycle_01,1.0,1.0,1.0,0.0,0.0,0.0,0.0,0.0,0.0,0.0,1.0,1.0,1.0,1.0,0.0,1.0,0.0,0.0,1.0,1,0,0,0,0,0,0,0,0,0,0
train,vgr_train_storage_cycle_01,1.0,1.0,1.0,0.0,0.0,0.0,0.0,0.0,0.0,0.0,1.0,1.0,1.0,1.0,0.0,1.0,0.0,0.0,1.0,1,0,0,0,0,0,0,0,0,0,0
train,vgr_train_storage_cycle_01,1.0,1.0,1.0,0.0,0.0,0.0,0.0,0.0,0.0,0.0,1.0,1.0,1.0,1.0,0.0,1.0,0.0,0.0,1.0,1,0,0,0,0,0,0,0,0,0,0
train,vgr_train_storage_cycle_01,1.0,1.0,1.0,0.0,0.0,0.0,0.0,0.0,0.0,0.0,1.0,1.0,1.0,1.0,0.0,1.0,0.0,0.0,1.0,1,0,0,0,0,0,0,0,0,0,0
train,vgr_train_storage_cycle_01,1.0,1.0,1.0,0.0,0.0,0.0,0.0,0.0,0.0,0.0,1.0,1.0,1.0,1.0,0.0,1.0,0.0,0.0,1.0,1,0,0,0,0,0,0,0,0,0,0
train,vgr_train_storage_cycle_01,1.0,1.0,1.0,0.0,0.0,0.0,0.0,0.0,0.0,0.0,1.0,1.0,1.0,1.0,0.0,1.0,0.0,0.0,1.0,1,0,0,0,0,0,0,0,0,0,0
train,vgr_train_storage_cycle_01,1.0,1.0,1.0,0.0,0.0,0.0,0.0,0.0,0.0,0.0,1.0,1.0,1.0,1.0,0.0,1.0,0.0,0.0,1.0,1,0,0,0,0,0,0,0,0,0,0
train,vgr_train_storage_cycle_01,1.0,1.0,1.0,0.0,0.0,0.0,0.0,0.0,0.0,0.0,1.0,1.0,1.0,1.0,0.0,1.0,0.0,0.0,0.0,1,0,0,0,0,0,0,0,0,0,0
train,vgr_train_storage_cycle_01,1.0,1.0,1.0,0.0,0.0,0.0,0.0,0.0,0.0,0.0,1.0,1.0,1.0,1.0,0.0,1.0,0.0,0.0,1.0,1,0,0,0,0,0,0,0,0,0,0
train,vgr_train_storage_cycle_01,1.0,1.0,1.0,0.0,0.0,0.0,0.0,0.0,0.0,0.0,1.0,1.0,1.0,1.0,0.0,1.0,0.0,0.0,1.0,1,0,0,0,0,0,0,0,0,0,0
train,vgr_train_storage_cycle_01,1.0,1.0,1.0,0.0,0.0,0.0,0.0,0.0,0.0,0.0,1.0,1.0,1.0,1.0,0.0,1.0,0.0,0.0,1.0,1,0,0,0,0,0,0,0,0,0,0
train,vgr_train_storage_cycle_01,1.0,1.0,1.0,0.0,0.0,0.0,0.0,0.0,0.0,0.0,1.0,1.0,1.0,1.0,0.0,1.0,0.0,0.0,1.0,1,0,0,0,0,0,0,0,0,0,0
train,vgr_train_storage_cycle_01,1.0,1.0,1.0,0.0,0.0,0.0,0.0,0.0,0.0,0.0,1.0,1.0,1.0,1.0,0.0,1.0,0.0,0.0,1.0,1,0,0,0,0,0,0,0,0,0,0
train,vgr_train_storage_cycle_01,1.0,1.0,1.0,0.0,0.0,0.0,0.0,0.0,0.0,0.0,1.0,1.0,1.0,1.0,0.0,1.0,0.0,0.0,1.0,1,0,0,0,0,0,0,0,0,0,0
train,vgr_train_storage_cycle_01,1.0,1.0,1.0,0.0,0.0,0.0,0.0,0.0,0.0,0.0,1.0,1.0,1.0,1.0,0.0,1.0,0.0,0.0,1.0,1,0,0,0,0,0,0,0,0,0,0
train,vgr_train_storage_cycle_01,1.0,1.0,1.0,0.0,0.0,0.0,0.0,0.0,0.0,0.0,1.0,1.0,1.0,1.0,0.0,1.0,0.0,0.0,1.0,1,0,0,0,0,0,0,0,0,0,0
train,vgr_train_storage_cycle_01,1.0,1.0,1.0,0.0,0.0,0.0,0.0,0.0,0.0,0.0,1.0,1.0,1.0,1.0,0.0,1.0,0.0,0.0,1.0,1,0,0,0,0,0,0,0,0,0,0
train,vgr_train_storage_cycle_01,1.0,1.0,1.0,0.0,0.0,0.0,0.0,0.0,0.0,0.0,1.0,1.0,1.0,1.0,0.0,1.0,0.0,0.0,1.0,1,0,0,0,0,0,0,0,0,0,0
train,vgr_train_storage_cycle_01,1.0,1.0,1.0,0.0,0.0,0.0,0.0,0.0,0.0,0.0,1.0,1.0,1.0,1.0,0.0,1.0,0.0,0.0,1.0,1,0,0,0,0,0,0,0,0,0,0
train,vgr_train_storage_cycle_01,1.0,1.0,1.0,0.0,0.0,0.0,0.0,0.0,0.0,0.0,1.0,1.0,1.0,1.0,0.0,1.0,0.0,0.0,1.0,1,0,0,0,0,0,0,0,0,0,0
train,vgr_train_storage_cycle_01,1.0,1.0,1.0,0.0,0.0,0.0,0.0,0.0,0.0,0.0,1.0,1.0,1.0,1.0,0.0,1.0,0.0,0.0,1.0,1,0,0,0,0,0,0,0,0,0,0
train,vgr_train_storage_cycle_01,1.0,1.0,1.0,0.0,0.0,0.0,0.0,0.0,0.0,0.0,1.0,1.0,1.0,1.0,0.0,1.0,0.0,0.0,1.0,1,0,0,0,0,0,0,0,0,0,0
train,vgr_train_storage_cycle_01,1.0,1.0,1.0,0.0,0.0,0.0,0.0,0.0,0.0,0.0,1.0,1.0,1.0,1.0,0.0,1.0,0.0,0.0,1.0,1,0,0,0,0,0,0,0,0,0,0
train,vgr_train_storage_cycle_01,1.0,1.0,1.0,0.0,0.0,0.0,0.0,0.0,0.0,0.0,1.0,1.0,1.0,1.0,0.0,1.0,0.0,0.0,1.0,1,0,0,0,0,0,0,0,0,0,0
train,vgr_train_storage_cycle_01,1.0,1.0,1.0,0.0,0.0,0.0,0.0,0.0,0.0,0.0,1.0,1.0,1.0,1.0,0.0,1.0,0.0,0.0,1.0,1,0,0,0,0,0,0,0,0,0,0
train,vgr_train_storage_cycle_01,1.0,1.0,1.0,0.0,0.0,0.0,0.0,0.0,0.0,0.0,1.0,1.0,1.0,1.0,0.0,1.0,0.0,0.0,0.0,1,0,0,0,0,0,0,0,0,0,0
train,vgr_train_storage_cycle_01,1.0,1.0,1.0,0.0,0.0,0.0,0.0,0.0,0.0,0.0,1.0,1.0,1.0,1.0,0.0,1.0,0.0,0.0,0.0,1,0,0,0,0,0,0,0,0,0,0
train,vgr_train_storage_cycle_01,1.0,1.0,1.0,0.0,0.0,0.0,0.0,0.0,0.0,0.0,1.0,1.0,1.0,1.0,0.0,1.0,0.0,0.0,0.0,1,0,0,0,0,0,0,0,0,0,0
train,vgr_train_storage_cycle_01,1.0,1.0,1.0,0.0,0.0,0.0,0.0,0.0,0.0,0.0,1.0,1.0,1.0,1.0,0.0,1.0,0.0,0.0,0.0,1,0,0,0,0,0,0,0,0,0,0
train,vgr_train_storage_cycle_01,1.0,1.0,1.0,0.0,0.0,0.0,0.0,0.0,0.0,0.0,1.0,1.0,1.0,1.0,0.0,1.0,0.0,0.0,0.0,1,0,0,0,0,0,0,0,0,0,0
train,vgr_train_storage_cycle_01,1.0,1.0,1.0,0.0,0.0,0.0,0.0,0.0,0.0,0.0,1.0,1.0,1.0,1.0,0.0,1.0,0.0,0.0,0.0,1,0,0,0,0,0,0,0,0,0,0
train,vgr_train_storage_cycle_01,1.0,1.0,1.0,0.0,0.0,0.0,0.0,0.0,0.0,0.0,1.0,1.0,1.0,1.0,0.0,1.0,0.0,0.0,0.0,1,0,0,0,0,0,0,0,0,0,0
train,vgr_train_storage_cycle_01,1.0,1.0,1.0,0.0,0.0,0.0,0.0,0.0,0.0,0.0,1.0,1.0,1.0,1.0,0.0,1.0,0.0,0.0,0.0,1,0,0,0,0,0,0,0,0,0,0
train,vgr_train_storage_cycle_01,1.0,1.0,1.0,0.0,0.0,0.0,0.0,0.0,0.0,0.0,1.0,1.0,1.0,1.0,0.0,1.0,0.0,0.0,0.0,1,0,0,0,0,0,0,0,0,0,0
train,vgr_train_storage_cycle_01,1.0,1.0,1.0,0.0,0.0,0.0,0.0,0.0,0.0,0.0,1.0,1.0,1.0,1.0,0.0,1.0,0.0,0.0,0.0,1,0,0,0,0,0,0,0,0,0,0
train,vgr_train_storage_cycle_01,1.0,1.0,1.0,0.0,0.0,0.0,0.0,0.0,0.0,0.0,1.0,1.0,1.0,1.0,0.0,1.0,0.0,0.0,0.0,1,0,0,0,0,0,0,0,0,0,0
train,vgr_train_storage_cycle_01,1.0,1.0,1.0,0.0,0.0,0.0,0.0,0.0,0.0,0.0,1.0,1.0,1.0,1.0,0.0,1.0,0.0,0.0,0.0,1,0,0,0,0,0,0,0,0,0,0
train,vgr_train_storage_cycle_01,1.0,1.0,1.0,0.0,0.0,0.0,0.0,0.0,0.0,0.0,1.0,1.0,1.0,1.0,0.0,1.0,0.0,0.0,0.0,1,0,0,0,0,0,0,0,0,0,0
train,vgr_train_storage_cycle_01,1.0,1.0,1.0,0.0,0.0,0.0,0.0,0.0,0.0,0.0,1.0,1.0,1.0,1.0,0.0,1.0,0.0,0.0,0.0,1,0,0,0,0,0,0,0,0,0,0
train,vgr_train_storage_cycle_01,1.0,1.0,1.0,0.0,0.0,0.0,0.0,0.0,0.0,0.0,1.0,1.0,1.0,1.0,0.0,1.0,0.0,0.0,0.0,1,0,0,0,0,0,0,0,0,0,0
train,vgr_train_storage_cycle_01,1.0,1.0,1.0,0.0,0.0,0.0,0.0,0.0,0.0,0.0,1.0,1.0,1.0,1.0,0.0,1.0,0.0,0.0,0.0,1,0,0,0,0,0,0,0,0,0,0
train,vgr_train_storage_cycle_01,1.0,1.0,1.0,0.0,0.0,0.0,0.0,0.0,0.0,0.0,1.0,1.0,1.0,1.0,0.0,1.0,0.0,0.0,0.0,1,0,0,0,0,0,0,0,0,0,0
train,vgr_train_storage_cycle_01,1.0,1.0,1.0,0.0,0.0,0.0,0.0,0.0,0.0,0.0,1.0,1.0,1.0,1.0,0.0,1.0,0.0,0.0,0.0,1,0,0,0,0,0,0,0,0,0,0
train,vgr_train_storage_cycle_01,1.0,1.0,1.0,0.0,0.0,0.0,0.0,0.0,0.0,0.0,1.0,1.0,1.0,1.0,0.0,1.0,0.0,0.0,0.0,1,0,0,0,0,0,0,0,0,0,0
train,vgr_train_storage_cycle_01,1.0,1.0,1.0,0.0,0.0,0.0,0.0,0.0,0.0,0.0,1.0,1.0,1.0,1.0,0.0,1.0,0.0,0.0,0.0,1,0,0,0,0,0,0,0,0,0,0
train,vgr_train_storage_cycle_01,1.0,1.0,1.0,0.0,0.0,0.0,0.0,0.0,0.0,0.0,1.0,1.0,1.0,1.0,0.0,1.0,0.0,0.0,0.0,1,0,0,0,0,0,0,0,0,0,0
train,vgr_train_storage_cycle_01,1.0,1.0,1.0,0.0,0.0,0.0,0.0,0.0,0.0,0.0,1.0,1.0,1.0,1.0,0.0,1.0,0.0,0.0,0.0,1,0,0,0,0,0,0,0,0,0,0
train,vgr_train_storage_cycle_01,1.0,1.0,1.0,0.0,0.0,0.0,0.0,0.0,0.0,0.0,1.0,1.0,1.0,1.0,0.0,1.0,0.0,0.0,0.0,1,0,0,0,0,0,0,0,0,0,0
train,vgr_train_storage_cycle_01,1.0,1.0,1.0,0.0,0.0,0.0,0.0,0.0,0.0,0.0,1.0,1.0,1.0,1.0,0.0,1.0,0.0,0.0,0.0,1,0,0,0,0,0,0,0,0,0,0
train,vgr_train_storage_cycle_01,1.0,1.0,1.0,0.0,0.0,0.0,0.0,0.0,0.0,0.0,1.0,1.0,1.0,1.0,0.0,1.0,0.0,0.0,0.0,1,0,0,0,0,0,0,0,0,0,0
train,vgr_train_storage_cycle_01,1.0,1.0,1.0,0.0,0.0,0.0,0.0,0.0,0.0,0.0,1.0,1.0,1.0,1.0,0.0,1.0,0.0,0.0,0.0,1,0,0,0,0,0,0,0,0,0,0
train,vgr_train_storage_cycle_01,1.0,1.0,1.0,0.0,0.0,0.0,0.0,0.0,0.0,0.0,1.0,1.0,1.0,1.0,0.0,1.0,0.0,0.0,0.0,1,0,0,0,0,0,0,0,0,0,0
train,vgr_train_storage_cycle_01,1.0,1.0,1.0,0.0,0.0,0.0,0.0,0.0,0.0,0.0,1.0,1.0,1.0,1.0,0.0,1.0,0.0,0.0,0.0,1,0,0,0,0,0,0,0,0,0,0
train,vgr_train_storage_cycle_01,1.0,1.0,1.0,0.0,0.0,0.0,0.0,0.0,0.0,0.0,1.0,1.0,1.0,1.0,0.0,1.0,0.0,0.0,0.0,1,0,0,0,0,0,0,0,0,0,0
train,vgr_train_storage_cycle_01,1.0,1.0,1.0,0.0,0.0,0.0,0.0,0.0,0.0,0.0,1.0,1.0,1.0,1.0,0.0,1.0,0.0,0.0,0.0,1,0,0,0,0,0,0,0,0,0,0
train,vgr_train_storage_cycle_01,0.0,0.0,0.0,0.0,0.0,1.0,1.0,390.0,26.0,32.0,1.0,1.0,1.0,1.0,0.0,1.0,0.0,0.0,1.0,1,0,0,0,0,0,0,0,0,0,0
train,vgr_train_storage_cycle_01,0.0,0.0,0.0,0.0,0.0,1.0,1.0,1447.0,906.0,700.0,0.0,1.0,1.0,0.0,0.0,1.0,1754.0,7559.0,1.0,1,0,0,0,0,0,0,0,0,0,0
train,vgr_train_storage_cycle_01,0.0,0.0,0.0,0.0,0.0,1.0,1.0,2456.0,156.0,424.0,0.0,1.0,1.0,0.0,0.0,1.0,1386.0,7559.0,1.0,1,0,0,0,0,0,0,0,0,0,0
train,vgr_train_storage_cycle_01,0.0,0.0,0.0,0.0,0.0,1.0,1.0,1446.0,904.0,703.0,0.0,0.0,1.0,0.0,1.0,0.0,2804.0,17.0,1.0,1,0,0,0,0,0,0,0,0,0,0
train,vgr_train_storage_cycle_01,1.0,0.0,0.0,0.0,0.0,1.0,1.0,0.0,606.0,5351.0,0.0,1.0,0.0,0.0,1.0,0.0,2804.0,17.0,1.0,1,0,0,0,0,0,0,0,0,0,0
train,vgr_train_storage_cycle_01,0.0,0.0,0.0,0.0,0.0,0.0,0.0,401.0,606.0,5351.0,0.0,1.0,0.0,0.0,1.0,0.0,2804.0,17.0,1.0,1,0,0,0,0,0,0,0,0,0,0
train,vgr_train_storage_cycle_01,0.0,0.0,0.0,0.0,0.0,0.0,0.0,401.0,606.0,5351.0,0.0,0.0,1.0,0.0,1.0,0.0,2804.0,17.0,1.0,1,0,0,0,0,0,0,0,0,0,0
train,vgr_train_storage_cycle_01,0.0,0.0,0.0,0.0,0.0,0.0,0.0,401.0,606.0,5351.0,0.0,1.0,1.0,0.0,0.0,1.0,1383.0,7559.0,1.0,1,0,0,0,0,0,0,0,0,0,0
train,vgr_train_storage_cycle_01,0.0,0.0,0.0,0.0,0.0,0.0,0.0,401.0,606.0,5351.0,0.0,1.0,1.0,0.0,0.0,1.0,1751.0,7559.0,1.0,1,0,0,0,0,0,0,0,0,0,0
train,vgr_train_storage_cycle_01,1.0,1.0,1.0,0.0,0.0,0.0,0.0,0.0,0.0,0.0,1.0,1.0,1.0,1.0,0.0,1.0,0.0,0.0,0.0,1,0,0,0,0,0,0,0,0,0,0
train,vgr_train_storage_cycle_01,1.0,1.0,1.0,0.0,0.0,0.0,0.0,0.0,0.0,0.0,1.0,1.0,1.0,1.0,0.0,1.0,0.0,0.0,0.0,1,0,0,0,0,0,0,0,0,0,0
train,vgr_train_storage_cycle_01,1.0,1.0,1.0,0.0,0.0,0.0,0.0,0.0,0.0,0.0,1.0,1.0,1.0,1.0,0.0,1.0,0.0,0.0,0.0,1,0,0,0,0,0,0,0,0,0,0
train,vgr_train_storage_cycle_01,1.0,1.0,1.0,0.0,0.0,0.0,0.0,0.0,0.0,0.0,1.0,1.0,1.0,1.0,0.0,1.0,0.0,0.0,0.0,1,0,0,0,0,0,0,0,0,0,0
train,vgr_train_storage_cycle_01,1.0,1.0,1.0,0.0,0.0,0.0,0.0,0.0,0.0,0.0,1.0,1.0,1.0,1.0,0.0,1.0,0.0,0.0,0.0,1,0,0,0,0,0,0,0,0,0,0
train,vgr_train_storage_cycle_01,1.0,1.0,1.0,0.0,0.0,0.0,0.0,0.0,0.0,0.0,1.0,1.0,1.0,1.0,0.0,1.0,0.0,0.0,0.0,1,0,0,0,0,0,0,0,0,0,0
train,vgr_train_storage_cycle_01,1.0,1.0,1.0,0.0,0.0,0.0,0.0,0.0,0.0,0.0,1.0,1.0,1.0,1.0,0.0,1.0,0.0,0.0,0.0,1,0,0,0,0,0,0,0,0,0,0
train,vgr_train_storage_cycle_01,1.0,1.0,1.0,0.0,0.0,0.0,0.0,0.0,0.0,0.0,1.0,1.0,1.0,1.0,0.0,1.0,0.0,0.0,0.0,1,0,0,0,0,0,0,0,0,0,0
train,vgr_train_storage_cycle_01,1.0,1.0,1.0,0.0,0.0,0.0,0.0,0.0,0.0,0.0,1.0,1.0,1.0,1.0,0.0,1.0,0.0,0.0,0.0,1,0,0,0,0,0,0,0,0,0,0
train,vgr_train_storage_cycle_01,1.0,1.0,1.0,0.0,0.0,0.0,0.0,0.0,0.0,0.0,1.0,1.0,1.0,1.0,0.0,1.0,0.0,0.0,0.0,1,0,0,0,0,0,0,0,0,0,0
train,vgr_train_storage_cycle_01,0.0,0.0,0.0,0.0,0.0,1.0,1.0,398.0,26.0,33.0,1.0,1.0,1.0,1.0,0.0,1.0,0.0,0.0,1.0,1,0,0,0,0,0,0,0,0,0,0
train,vgr_train_storage_cycle_01,0.0,0.0,0.0,0.0,0.0,1.0,1.0,1453.0,906.0,705.0,0.0,1.0,1.0,0.0,0.0,1.0,399.0,7560.0,1.0,1,0,0,0,0,0,0,0,0,0,0
train,vgr_train_storage_cycle_01,0.0,0.0,0.0,0.0,0.0,1.0,1.0,2460.0,157.0,426.0,0.0,1.0,1.0,0.0,0.0,1.0,36.0,7560.0,1.0,1,0,0,0,0,0,0,0,0,0,0
train,vgr_train_storage_cycle_01,0.0,0.0,0.0,0.0,0.0,1.0,1.0,1450.0,909.0,700.0,0.0,0.0,1.0,0.0,1.0,0.0,2802.0,17.0,1.0,1,0,0,0,0,0,0,0,0,0,0
train,vgr_train_storage_cycle_01,1.0,0.0,0.0,0.0,0.0,1.0,1.0,0.0,603.0,5350.0,0.0,1.0,0.0,0.0,1.0,0.0,2802.0,17.0,1.0,1,0,0,0,0,0,0,0,0,0,0
train,vgr_train_storage_cycle_01,0.0,0.0,0.0,0.0,0.0,0.0,0.0,400.0,603.0,5350.0,0.0,1.0,0.0,0.0,1.0,0.0,2802.0,17.0,1.0,1,0,0,0,0,0,0,0,0,0,0
train,vgr_train_storage_cycle_01,0.0,0.0,0.0,0.0,0.0,0.0,0.0,400.0,603.0,5350.0,0.0,0.0,1.0,0.0,1.0,0.0,2802.0,17.0,1.0,1,0,0,0,0,0,0,0,0,0,0
train,vgr_train_storage_cycle_01,0.0,0.0,0.0,0.0,0.0,0.0,0.0,400.0,603.0,5350.0,0.0,1.0,1.0,0.0,0.0,1.0,34.0,7559.0,1.0,1,0,0,0,0,0,0,0,0,0,0
train,vgr_train_storage_cycle_01,0.0,0.0,0.0,0.0,0.0,0.0,0.0,400.0,603.0,5350.0,0.0,1.0,1.0,0.0,0.0,1.0,403.0,7559.0,1.0,1,0,0,0,0,0,0,0,0,0,0
train,vgr_train_storage_cycle_02,1.0,1.0,1.0,0.0,0.0,0.0,0.0,0.0,0.0,0.0,1.0,1.0,1.0,1.0,0.0,1.0,0.0,0.0,1.0,0,1,0,0,0,0,0,0,0,0,0
train,vgr_train_storage_cycle_02,1.0,1.0,1.0,0.0,0.0,0.0,0.0,0.0,0.0,0.0,1.0,1.0,1.0,1.0,0.0,1.0,0.0,0.0,1.0,0,1,0,0,0,0,0,0,0,0,0
train,vgr_train_storage_cycle_02,1.0,1.0,1.0,0.0,0.0,0.0,0.0,0.0,0.0,0.0,1.0,1.0,1.0,1.0,0.0,1.0,0.0,0.0,1.0,0,1,0,0,0,0,0,0,0,0,0
train,vgr_train_storage_cycle_02,1.0,1.0,1.0,0.0,0.0,0.0,0.0,0.0,0.0,0.0,1.0,1.0,1.0,1.0,0.0,1.0,0.0,0.0,1.0,0,1,0,0,0,0,0,0,0,0,0
train,vgr_train_storage_cycle_02,1.0,1.0,1.0,0.0,0.0,0.0,0.0,0.0,0.0,0.0,1.0,1.0,1.0,1.0,0.0,1.0,0.0,0.0,1.0,0,1,0,0,0,0,0,0,0,0,0
train,vgr_train_storage_cycle_02,1.0,1.0,1.0,0.0,0.0,0.0,0.0,0.0,0.0,0.0,1.0,1.0,1.0,1.0,0.0,1.0,0.0,0.0,1.0,0,1,0,0,0,0,0,0,0,0,0
train,vgr_train_storage_cycle_02,1.0,1.0,1.0,0.0,0.0,0.0,0.0,0.0,0.0,0.0,1.0,1.0,1.0,1.0,0.0,1.0,0.0,0.0,1.0,0,1,0,0,0,0,0,0,0,0,0
train,vgr_train_storage_cycle_02,1.0,1.0,1.0,0.0,0.0,0.0,0.0,0.0,0.0,0.0,1.0,1.0,1.0,1.0,0.0,1.0,0.0,0.0,1.0,0,1,0,0,0,0,0,0,0,0,0
train,vgr_train_storage_cycle_02,1.0,1.0,1.0,0.0,0.0,0.0,0.0,0.0,0.0,0.0,1.0,1.0,1.0,1.0,0.0,1.0,0.0,0.0,1.0,0,1,0,0,0,0,0,0,0,0,0
train,vgr_train_storage_cycle_02,1.0,1.0,1.0,0.0,0.0,0.0,0.0,0.0,0.0,0.0,1.0,1.0,1.0,1.0,0.0,1.0,0.0,0.0,1.0,0,1,0,0,0,0,0,0,0,0,0
train,vgr_train_storage_cycle_02,1.0,1.0,1.0,0.0,0.0,0.0,0.0,0.0,0.0,0.0,1.0,1.0,1.0,1.0,0.0,1.0,0.0,0.0,0.0,0,1,0,0,0,0,0,0,0,0,101
train,vgr_train_storage_cycle_02,0.0,0.0,0.0,0.0,0.0,1.0,1.0,391.0,26.0,32.0,1.0,1.0,1.0,1.0,0.0,1.0,0.0,0.0,1.0,0,1,0,0,0,0,0,0,0,0,102
train,vgr_train_storage_cycle_02,0.0,0.0,0.0,0.0,0.0,1.0,1.0,1451.0,908.0,704.0,0.0,1.0,1.0,0.0,0.0,1.0,404.0,2869.0,1.0,0,1,0,0,0,0,0,0,0,0,103
train,vgr_train_storage_cycle_02,0.0,0.0,0.0,0.0,0.0,1.0,1.0,2453.0,160.0,428.0,0.0,1.0,1.0,0.0,0.0,1.0,37.0,2869.0,1.0,0,1,0,0,0,0,0,0,0,0,102
train,vgr_train_storage_cycle_02,0.0,0.0,0.0,0.0,0.0,1.0,1.0,1447.0,905.0,706.0,0.0,0.0,1.0,0.0,1.0,0.0,2799.0,16.0,1.0,0,1,0,0,0,0,0,0,0,0,104
train,vgr_train_storage_cycle_02,1.0,0.0,0.0,1.0,1.0,1.0,1.0,0.0,604.0,5348.0,0.0,1.0,0.0,0.0,1.0,0.0,2799.0,16.0,1.0,0,1,0,0,0,0,0,0,0,0,105
train,vgr_train_storage_cycle_02,0.0,0.0,0.0,0.0,0.0,0.0,0.0,398.0,604.0,5348.0,0.0,1.0,0.0,0.0,1.0,0.0,2799.0,16.0,1.0,0,1,0,0,0,0,0,0,0,0,0
train,vgr_train_storage_cycle_02,0.0,0.0,0.0,0.0,0.0,0.0,0.0,398.0,604.0,5348.0,0.0,0.0,1.0,0.0,1.0,0.0,2799.0,16.0,1.0,0,1,0,0,0,0,0,0,0,0,0
train,vgr_train_storage_cycle_02,0.0,0.0,0.0,0.0,0.0,0.0,0.0,398.0,604.0,5348.0,0.0,1.0,1.0,0.0,0.0,1.0,35.0,2870.0,1.0,0,1,0,0,0,0,0,0,0,0,0
train,vgr_train_storage_cycle_02,0.0,0.0,0.0,0.0,0.0,0.0,0.0,398.0,604.0,5348.0,0.0,1.0,1.0,0.0,0.0,1.0,402.0,2870.0,1.0,0,1,0,0,0,0,0,0,0,0,301
train,vgr_train_storage_cycle_02,1.0,1.0,1.0,0.0,0.0,0.0,0.0,0.0,0.0,0.0,1.0,1.0,1.0,1.0,0.0,1.0,0.0,0.0,1.0,0,0,1,0,0,0,0,0,0,0,0
train,vgr_train_storage_cycle_02,1.0,1.0,1.0,0.0,0.0,0.0,0.0,0.0,0.0,0.0,1.0,1.0,1.0,1.0,0.0,1.0,0.0,0.0,1.0,0,0,1,0,0,0,0,0,0,0,0
train,vgr_train_storage_cycle_02,1.0,1.0,1.0,0.0,0.0,0.0,0.0,0.0,0.0,0.0,1.0,1.0,1.0,1.0,0.0,1.0,0.0,0.0,1.0,0,0,1,0,0,0,0,0,0,0,0
train,vgr_train_storage_cycle_02,1.0,1.0,1.0,0.0,0.0,0.0,0.0,0.0,0.0,0.0,1.0,1.0,1.0,1.0,0.0,1.0,0.0,0.0,1.0,0,0,1,0,0,0,0,0,0,0,0
train,vgr_train_storage_cycle_02,1.0,1.0,1.0,0.0,0.0,0.0,0.0,0.0,0.0,0.0,1.0,1.0,1.0,1.0,0.0,1.0,0.0,0.0,1.0,0,0,1,0,0,0,0,0,0,0,0
train,vgr_train_storage_cycle_02,1.0,1.0,1.0,0.0,0.0,0.0,0.0,0.0,0.0,0.0,1.0,1.0,1.0,1.0,0.0,1.0,0.0,0.0,1.0,0,0,1,0,0,0,0,0,0,0,0
train,vgr_train_storage_cycle_02,1.0,1.0,1.0,0.0,0.0,0.0,0.0,0.0,0.0,0.0,1.0,1.0,1.0,1.0,0.0,1.0,0.0,0.0,1.0,0,0,1,0,0,0,0,0,0,0,0
train,vgr_train_storage_cycle_02,1.0,1.0,1.0,0.0,0.0,0.0,0.0,0.0,0.0,0.0,1.0,1.0,1.0,1.0,0.0,1.0,0.0,0.0,1.0,0,0,1,0,0,0,0,0,0,0,0
train,vgr_train_storage_cycle_02,1.0,1.0,1.0,0.0,0.0,0.0,0.0,0.0,0.0,0.0,1.0,1.0,1.0,1.0,0.0,1.0,0.0,0.0,1.0,0,0,1,0,0,0,0,0,0,0,0
train,vgr_train_storage_cycle_02,1.0,1.0,1.0,0.0,0.0,0.0,0.0,0.0,0.0,0.0,1.0,1.0,1.0,1.0,0.0,1.0,0.0,0.0,1.0,0,0,1,0,0,0,0,0,0,0,0
train,vgr_train_storage_cycle_02,1.0,1.0,1.0,0.0,0.0,0.0,0.0,0.0,0.0,0.0,1.0,1.0,1.0,1.0,0.0,1.0,0.0,0.0,0.0,0,0,1,0,0,0,0,0,0,0,101
train,vgr_train_storage_cycle_02,0.0,0.0,0.0,0.0,0.0,1.0,1.0,394.0,26.0,33.0,1.0,1.0,1.0,1.0,0.0,1.0,0.0,0.0,1.0,0,0,1,0,0,0,0,0,0,0,102
train,vgr_train_storage_cycle_02,0.0,0.0,0.0,0.0,0.0,1.0,1.0,1452.0,904.0,703.0,0.0,1.0,1.0,0.0,0.0,1.0,1753.0,2869.0,1.0,0,0,1,0,0,0,0,0,0,0,103
train,vgr_train_storage_cycle_02,0.0,0.0,0.0,0.0,0.0,1.0,1.0,2456.0,156.0,426.0,0.0,1.0,1.0,0.0,0.0,1.0,1382.0,2869.0,1.0,0,0,1,0,0,0,0,0,0,0,102
train,vgr_train_storage_cycle_02,0.0,0.0,0.0,0.0,0.0,1.0,1.0,1449.0,908.0,702.0,0.0,0.0,1.0,0.0,1.0,0.0,2804.0,16.0,1.0,0,0,1,0,0,0,0,0,0,0,104
train,vgr_train_storage_cycle_02,1.0,0.0,0.0,1.0,1.0,1.0,1.0,0.0,608.0,5348.0,0.0,1.0,0.0,0.0,1.0,0.0,2804.0,16.0,1.0,0,0,1,0,0,0,0,0,0,0,105
train,vgr_train_storage_cycle_02,0.0,0.0,0.0,0.0,0.0,0.0,0.0,403.0,608.0,5348.0,0.0,1.0,0.0,0.0,1.0,0.0,2804.0,16.0,1.0,0,0,1,0,0,0,0,0,0,0,0
train,vgr_train_storage_cycle_02,0.0,0.0,0.0,0.0,0.0,0.0,0.0,403.0,608.0,5348.0,0.0,0.0,1.0,0.0,1.0,0.0,2804.0,16.0,1.0,0,0,1,0,0,0,0,0,0,0,0
train,vgr_train_storage_cycle_02,0.0,0.0,0.0,0.0,0.0,0.0,0.0,403.0,608.0,5348.0,0.0,1.0,1.0,0.0,0.0,1.0,1385.0,2870.0,1.0,0,0,1,0,0,0,0,0,0,0,0
train,vgr_train_storage_cycle_02,0.0,0.0,0.0,0.0,0.0,0.0,0.0,403.0,608.0,5348.0,0.0,1.0,1.0,0.0,0.0,1.0,1748.0,2870.0,1.0,0,0,1,0,0,0,0,0,0,0,301
train,vgr_train_storage_cycle_02,1.0,1.0,1.0,0.0,0.0,0.0,0.0,0.0,0.0,0.0,1.0,1.0,1.0,1.0,0.0,1.0,0.0,0.0,1.0,0,0,0,1,0,0,0,0,0,0,0
train,vgr_train_storage_cycle_02,1.0,1.0,1.0,0.0,0.0,0.0,0.0,0.0,0.0,0.0,1.0,1.0,1.0,1.0,0.0,1.0,0.0,0.0,1.0,0,0,0,1,0,0,0,0,0,0,0
train,vgr_train_storage_cycle_02,1.0,1.0,1.0,0.0,0.0,0.0,0.0,0.0,0.0,0.0,1.0,1.0,1.0,1.0,0.0,1.0,0.0,0.0,1.0,0,0,0,1,0,0,0,0,0,0,0
train,vgr_train_storage_cycle_02,1.0,1.0,1.0,0.0,0.0,0.0,0.0,0.0,0.0,0.0,1.0,1.0,1.0,1.0,0.0,1.0,0.0,0.0,1.0,0,0,0,1,0,0,0,0,0,0,0
train,vgr_train_storage_cycle_02,1.0,1.0,1.0,0.0,0.0,0.0,0.0,0.0,0.0,0.0,1.0,1.0,1.0,1.0,0.0,1.0,0.0,0.0,1.0,0,0,0,1,0,0,0,0,0,0,0
train,vgr_train_storage_cycle_02,1.0,1.0,1.0,0.0,0.0,0.0,0.0,0.0,0.0,0.0,1.0,1.0,1.0,1.0,0.0,1.0,0.0,0.0,0.0,0,0,0,1,0,0,0,0,0,0,101
train,vgr_train_storage_cycle_02,0.0,0.0,0.0,0.0,0.0,1.0,1.0,397.0,25.0,33.0,1.0,1.0,1.0,1.0,0.0,1.0,0.0,0.0,1.0,0,0,0,1,0,0,0,0,0,0,102
train,vgr_train_storage_cycle_02,0.0,0.0,0.0,0.0,0.0,1.0,1.0,1449.0,905.0,702.0,0.0,1.0,1.0,0.0,0.0,1.0,3252.0,2869.0,1.0,0,0,0,1,0,0,0,0,0,0,103
train,vgr_train_storage_cycle_02,0.0,0.0,0.0,0.0,0.0,1.0,1.0,2455.0,152.0,426.0,0.0,1.0,1.0,0.0,0.0,1.0,2885.0,2869.0,1.0,0,0,0,1,0,0,0,0,0,0,102
train,vgr_train_storage_cycle_02,0.0,0.0,0.0,0.0,0.0,1.0,1.0,1448.0,910.0,704.0,0.0,0.0,1.0,0.0,1.0,0.0,2799.0,18.0,1.0,0,0,0,1,0,0,0,0,0,0,104
train,vgr_train_storage_cycle_02,1.0,0.0,0.0,1.0,1.0,1.0,1.0,0.0,604.0,5348.0,0.0,1.0,0.0,0.0,1.0,0.0,2799.0,18.0,1.0,0,0,0,1,0,0,0,0,0,0,105
train,vgr_train_storage_cycle_02,0.0,0.0,0.0,0.0,0.0,0.0,0.0,396.0,604.0,5348.0,0.0,1.0,0.0,0.0,1.0,0.0,2799.0,18.0,1.0,0,0,0,1,0,0,0,0,0,0,0
train,vgr_train_storage_cycle_02,0.0,0.0,0.0,0.0,0.0,0.0,0.0,396.0,604.0,5348.0,0.0,0.0,1.0,0.0,1.0,0.0,2799.0,18.0,1.0,0,0,0,1,0,0,0,0,0,0,0
train,vgr_train_storage_cycle_02,0.0,0.0,0.0,0.0,0.0,0.0,0.0,396.0,604.0,5348.0,0.0,1.0,1.0,0.0,0.0,1.0,2878.0,2870.0,1.0,0,0,0,1,0,0,0,0,0,0,0
train,vgr_train_storage_cycle_02,0.0,0.0,0.0,0.0,0.0,0.0,0.0,396.0,604.0,5348.0,0.0,1.0,1.0,0.0,0.0,1.0,3250.0,2870.0,1.0,0,0,0,1,0,0,0,0,0,0,301
train,vgr_train_storage_cycle_02,1.0,1.0,1.0,0.0,0.0,0.0,0.0,0.0,0.0,0.0,1.0,1.0,1.0,1.0,0.0,1.0,0.0,0.0,1.0,0,0,0,0,1,0,0,0,0,0,0
train,vgr_train_storage_cycle_02,1.0,1.0,1.0,0.0,0.0,0.0,0.0,0.0,0.0,0.0,1.0,1.0,1.0,1.0,0.0,1.0,0.0,0.0,1.0,0,0,0,0,1,0,0,0,0,0,0
train,vgr_train_storage_cycle_02,1.0,1.0,1.0,0.0,0.0,0.0,0.0,0.0,0.0,0.0,1.0,1.0,1.0,1.0,0.0,1.0,0.0,0.0,1.0,0,0,0,0,1,0,0,0,0,0,0
train,vgr_train_storage_cycle_02,1.0,1.0,1.0,0.0,0.0,0.0,0.0,0.0,0.0,0.0,1.0,1.0,1.0,1.0,0.0,1.0,0.0,0.0,1.0,0,0,0,0,1,0,0,0,0,0,0
train,vgr_train_storage_cycle_02,1.0,1.0,1.0,0.0,0.0,0.0,0.0,0.0,0.0,0.0,1.0,1.0,1.0,1.0,0.0,1.0,0.0,0.0,1.0,0,0,0,0,1,0,0,0,0,0,0
train,vgr_train_storage_cycle_02,1.0,1.0,1.0,0.0,0.0,0.0,0.0,0.0,0.0,0.0,1.0,1.0,1.0,1.0,0.0,1.0,0.0,0.0,1.0,0,0,0,0,1,0,0,0,0,0,0
train,vgr_train_storage_cycle_02,1.0,1.0,1.0,0.0,0.0,0.0,0.0,0.0,0.0,0.0,1.0,1.0,1.0,1.0,0.0,1.0,0.0,0.0,0.0,0,0,0,0,1,0,0,0,0,0,101
train,vgr_train_storage_cycle_02,0.0,0.0,0.0,0.0,0.0,1.0,1.0,394.0,25.0,29.0,1.0,1.0,1.0,1.0,0.0,1.0,0.0,0.0,1.0,0,0,0,0,1,0,0,0,0,0,102
train,vgr_train_storage_cycle_02,0.0,0.0,0.0,0.0,0.0,1.0,1.0,1449.0,905.0,703.0,0.0,1.0,1.0,0.0,0.0,1.0,399.0,5199.0,1.0,0,0,0,0,1,0,0,0,0,0,103
train,vgr_train_storage_cycle_02,0.0,0.0,0.0,0.0,0.0,1.0,1.0,2454.0,157.0,424.0,0.0,1.0,1.0,0.0,0.0,1.0,32.0,5199.0,1.0,0,0,0,0,1,0,0,0,0,0,102
train,vgr_train_storage_cycle_02,0.0,0.0,0.0,0.0,0.0,1.0,1.0,1446.0,907.0,699.0,0.0,0.0,1.0,0.0,1.0,0.0,2803.0,17.0,1.0,0,0,0,0,1,0,0,0,0,0,104
train,vgr_train_storage_cycle_02,1.0,0.0,0.0,0.0,0.0,1.0,1.0,0.0,605.0,5349.0,0.0,1.0,0.0,0.0,1.0,0.0,2803.0,17.0,1.0,0,0,0,0,1,0,0,0,0,0,105
train,vgr_train_storage_cycle_02,0.0,0.0,0.0,0.0,0.0,0.0,0.0,400.0,605.0,5349.0,0.0,1.0,0.0,0.0,1.0,0.0,2803.0,17.0,1.0,0,0,0,0,1,0,0,0,0,0,0
train,vgr_train_storage_cycle_02,0.0,0.0,0.0,0.0,0.0,0.0,0.0,400.0,605.0,5349.0,0.0,0.0,1.0,0.0,1.0,0.0,2803.0,17.0,1.0,0,0,0,0,1,0,0,0,0,0,0
train,vgr_train_storage_cycle_02,0.0,0.0,0.0,0.0,0.0,0.0,0.0,400.0,605.0,5349.0,0.0,1.0,1.0,0.0,0.0,1.0,35.0,5199.0,1.0,0,0,0,0,1,0,0,0,0,0,0
train,vgr_train_storage_cycle_02,0.0,0.0,0.0,0.0,0.0,0.0,0.0,400.0,605.0,5349.0,0.0,1.0,1.0,0.0,0.0,1.0,401.0,5199.0,1.0,0,0,0,0,1,0,0,0,0,0,301
train,vgr_train_storage_cycle_02,1.0,1.0,1.0,0.0,0.0,0.0,0.0,0.0,0.0,0.0,1.0,1.0,1.0,1.0,0.0,1.0,0.0,0.0,1.0,0,0,0,0,0,1,0,0,0,0,0
train,vgr_train_storage_cycle_02,1.0,1.0,1.0,0.0,0.0,0.0,0.0,0.0,0.0,0.0,1.0,1.0,1.0,1.0,0.0,1.0,0.0,0.0,1.0,0,0,0,0,0,1,0,0,0,0,0
train,vgr_train_storage_cycle_02,1.0,1.0,1.0,0.0,0.0,0.0,0.0,0.0,0.0,0.0,1.0,1.0,1.0,1.0,0.0,1.0,0.0,0.0,1.0,0,0,0,0,0,1,0,0,0,0,0
train,vgr_train_storage_cycle_02,1.0,1.0,1.0,0.0,0.0,0.0,0.0,0.0,0.0,0.0,1.0,1.0,1.0,1.0,0.0,1.0,0.0,0.0,1.0,0,0,0,0,0,1,0,0,0,0,0
train,vgr_train_storage_cycle_02,1.0,1.0,1.0,0.0,0.0,0.0,0.0,0.0,0.0,0.0,1.0,1.0,1.0,1.0,0.0,1.0,0.0,0.0,1.0,0,0,0,0,0,1,0,0,0,0,0
train,vgr_train_storage_cycle_02,1.0,1.0,1.0,0.0,0.0,0.0,0.0,0.0,0.0,0.0,1.0,1.0,1.0,1.0,0.0,1.0,0.0,0.0,1.0,0,0,0,0,0,1,0,0,0,0,0
train,vgr_train_storage_cycle_02,1.0,1.0,1.0,0.0,0.0,0.0,0.0,0.0,0.0,0.0,1.0,1.0,1.0,1.0,0.0,1.0,0.0,0.0,1.0,0,0,0,0,0,1,0,0,0,0,0
train,vgr_train_storage_cycle_02,1.0,1.0,1.0,0.0,0.0,0.0,0.0,0.0,0.0,0.0,1.0,1.0,1.0,1.0,0.0,1.0,0.0,0.0,1.0,0,0,0,0,0,1,0,0,0,0,0
train,vgr_train_storage_cycle_02,1.0,1.0,1.0,0.0,0.0,0.0,0.0,0.0,0.0,0.0,1.0,1.0,1.0,1.0,0.0,1.0,0.0,0.0,1.0,0,0,0,0,0,1,0,0,0,0,0
train,vgr_train_storage_cycle_02,1.0,1.0,1.0,0.0,0.0,0.0,0.0,0.0,0.0,0.0,1.0,1.0,1.0,1.0,0.0,1.0,0.0,0.0,1.0,0,0,0,0,0,1,0,0,0,0,0
train,vgr_train_storage_cycle_02,1.0,1.0,1.0,0.0,0.0,0.0,0.0,0.0,0.0,0.0,1.0,1.0,1.0,1.0,0.0,1.0,0.0,0.0,1.0,0,0,0,0,0,1,0,0,0,0,0
train,vgr_train_storage_cycle_02,1.0,1.0,1.0,0.0,0.0,0.0,0.0,0.0,0.0,0.0,1.0,1.0,1.0,1.0,0.0,1.0,0.0,0.0,1.0,0,0,0,0,0,1,0,0,0,0,0
train,vgr_train_storage_cycle_02,1.0,1.0,1.0,0.0,0.0,0.0,0.0,0.0,0.0,0.0,1.0,1.0,1.0,1.0,0.0,1.0,0.0,0.0,1.0,0,0,0,0,0,1,0,0,0,0,0
train,vgr_train_storage_cycle_02,1.0,1.0,1.0,0.0,0.0,0.0,0.0,0.0,0.0,0.0,1.0,1.0,1.0,1.0,0.0,1.0,0.0,0.0,1.0,0,0,0,0,0,1,0,0,0,0,0
train,vgr_train_storage_cycle_02,1.0,1.0,1.0,0.0,0.0,0.0,0.0,0.0,0.0,0.0,1.0,1.0,1.0,1.0,0.0,1.0,0.0,0.0,1.0,0,0,0,0,0,1,0,0,0,0,0
train,vgr_train_storage_cycle_02,1.0,1.0,1.0,0.0,0.0,0.0,0.0,0.0,0.0,0.0,1.0,1.0,1.0,1.0,0.0,1.0,0.0,0.0,1.0,0,0,0,0,0,1,0,0,0,0,0
train,vgr_train_storage_cycle_02,1.0,1.0,1.0,0.0,0.0,0.0,0.0,0.0,0.0,0.0,1.0,1.0,1.0,1.0,0.0,1.0,0.0,0.0,1.0,0,0,0,0,0,1,0,0,0,0,0
train,vgr_train_storage_cycle_02,1.0,1.0,1.0,0.0,0.0,0.0,0.0,0.0,0.0,0.0,1.0,1.0,1.0,1.0,0.0,1.0,0.0,0.0,0.0,0,0,0,0,0,1,0,0,0,0,101
train,vgr_train_storage_cycle_02,0.0,0.0,0.0,0.0,0.0,1.0,1.0,395.0,25.0,32.0,1.0,1.0,1.0,1.0,0.0,1.0,0.0,0.0,1.0,0,0,0,0,0,1,0,0,0,0,102
train,vgr_train_storage_cycle_02,0.0,0.0,0.0,0.0,0.0,1.0,1.0,1448.0,905.0,704.0,0.0,1.0,1.0,0.0,0.0,1.0,1754.0,5201.0,1.0,0,0,0,0,0,1,0,0,0,0,103
train,vgr_train_storage_cycle_02,0.0,0.0,0.0,0.0,0.0,1.0,1.0,2462.0,157.0,426.0,0.0,1.0,1.0,0.0,0.0,1.0,1386.0,5201.0,1.0,0,0,0,0,0,1,0,0,0,0,102
train,vgr_train_storage_cycle_02,0.0,0.0,0.0,0.0,0.0,1.0,1.0,1448.0,903.0,706.0,0.0,0.0,1.0,0.0,1.0,0.0,2800.0,17.0,1.0,0,0,0,0,0,1,0,0,0,0,104
train,vgr_train_storage_cycle_02,1.0,0.0,0.0,0.0,0.0,1.0,1.0,0.0,607.0,5351.0,0.0,1.0,0.0,0.0,1.0,0.0,2800.0,17.0,1.0,0,0,0,0,0,1,0,0,0,0,105
train,vgr_train_storage_cycle_02,0.0,0.0,0.0,0.0,0.0,0.0,0.0,399.0,607.0,5351.0,0.0,1.0,0.0,0.0,1.0,0.0,2800.0,17.0,1.0,0,0,0,0,0,1,0,0,0,0,0
train,vgr_train_storage_cycle_02,0.0,0.0,0.0,0.0,0.0,0.0,0.0,399.0,607.0,5351.0,0.0,0.0,1.0,0.0,1.0,0.0,2800.0,17.0,1.0,0,0,0,0,0,1,0,0,0,0,0
train,vgr_train_storage_cycle_02,0.0,0.0,0.0,0.0,0.0,0.0,0.0,399.0,607.0,5351.0,0.0,1.0,1.0,0.0,0.0,1.0,1383.0,5198.0,1.0,0,0,0,0,0,1,0,0,0,0,0
train,vgr_train_storage_cycle_02,0.0,0.0,0.0,0.0,0.0,0.0,0.0,399.0,607.0,5351.0,0.0,1.0,1.0,0.0,0.0,1.0,1752.0,5198.0,1.0,0,0,0,0,0,1,0,0,0,0,301
train,vgr_train_storage_cycle_02,1.0,1.0,1.0,0.0,0.0,0.0,0.0,0.0,0.0,0.0,1.0,1.0,1.0,1.0,0.0,1.0,0.0,0.0,1.0,0,0,0,0,0,0,1,0,0,0,0
train,vgr_train_storage_cycle_02,1.0,1.0,1.0,0.0,0.0,0.0,0.0,0.0,0.0,0.0,1.0,1.0,1.0,1.0,0.0,1.0,0.0,0.0,1.0,0,0,0,0,0,0,1,0,0,0,0
train,vgr_train_storage_cycle_02,1.0,1.0,1.0,0.0,0.0,0.0,0.0,0.0,0.0,0.0,1.0,1.0,1.0,1.0,0.0,1.0,0.0,0.0,1.0,0,0,0,0,0,0,1,0,0,0,0
train,vgr_train_storage_cycle_02,1.0,1.0,1.0,0.0,0.0,0.0,0.0,0.0,0.0,0.0,1.0,1.0,1.0,1.0,0.0,1.0,0.0,0.0,1.0,0,0,0,0,0,0,1,0,0,0,0
train,vgr_train_storage_cycle_02,1.0,1.0,1.0,0.0,0.0,0.0,0.0,0.0,0.0,0.0,1.0,1.0,1.0,1.0,0.0,1.0,0.0,0.0,1.0,0,0,0,0,0,0,1,0,0,0,0
train,vgr_train_storage_cycle_02,1.0,1.0,1.0,0.0,0.0,0.0,0.0,0.0,0.0,0.0,1.0,1.0,1.0,1.0,0.0,1.0,0.0,0.0,1.0,0,0,0,0,0,0,1,0,0,0,0
train,vgr_train_storage_cycle_02,1.0,1.0,1.0,0.0,0.0,0.0,0.0,0.0,0.0,0.0,1.0,1.0,1.0,1.0,0.0,1.0,0.0,0.0,1.0,0,0,0,0,0,0,1,0,0,0,0
train,vgr_train_storage_cycle_02,1.0,1.0,1.0,0.0,0.0,0.0,0.0,0.0,0.0,0.0,1.0,1.0,1.0,1.0,0.0,1.0,0.0,0.0,1.0,0,0,0,0,0,0,1,0,0,0,0
train,vgr_train_storage_cycle_02,1.0,1.0,1.0,0.0,0.0,0.0,0.0,0.0,0.0,0.0,1.0,1.0,1.0,1.0,0.0,1.0,0.0,0.0,1.0,0,0,0,0,0,0,1,0,0,0,0
train,vgr_train_storage_cycle_02,1.0,1.0,1.0,0.0,0.0,0.0,0.0,0.0,0.0,0.0,1.0,1.0,1.0,1.0,0.0,1.0,0.0,0.0,1.0,0,0,0,0,0,0,1,0,0,0,0
train,vgr_train_storage_cycle_02,1.0,1.0,1.0,0.0,0.0,0.0,0.0,0.0,0.0,0.0,1.0,1.0,1.0,1.0,0.0,1.0,0.0,0.0,1.0,0,0,0,0,0,0,1,0,0,0,0
train,vgr_train_storage_cycle_02,1.0,1.0,1.0,0.0,0.0,0.0,0.0,0.0,0.0,0.0,1.0,1.0,1.0,1.0,0.0,1.0,0.0,0.0,0.0,0,0,0,0,0,0,1,0,0,0,101
train,vgr_train_storage_cycle_02,0.0,0.0,0.0,0.0,0.0,1.0,1.0,396.0,26.0,33.0,1.0,1.0,1.0,1.0,0.0,1.0,0.0,0.0,1.0,0,0,0,0,0,0,1,0,0,0,102
train,vgr_train_storage_cycle_02,0.0,0.0,0.0,0.0,0.0,1.0,1.0,1451.0,908.0,704.0,0.0,1.0,1.0,0.0,0.0,1.0,3253.0,5199.0,1.0,0,0,0,0,0,0,1,0,0,0,103
train,vgr_train_storage_cycle_02,0.0,0.0,0.0,0.0,0.0,1.0,1.0,2458.0,156.0,423.0,0.0,1.0,1.0,0.0,0.0,1.0,2883.0,5199.0,1.0,0,0,0,0,0,0,1,0,0,0,102
train,vgr_train_storage_cycle_02,0.0,0.0,0.0,0.0,0.0,1.0,1.0,1448.0,908.0,703.0,0.0,0.0,1.0,0.0,1.0,0.0,2802.0,17.0,1.0,0,0,0,0,0,0,1,0,0,0,104
train,vgr_train_storage_cycle_02,1.0,0.0,0.0,0.0,0.0,1.0,1.0,0.0,604.0,5352.0,0.0,1.0,0.0,0.0,1.0,0.0,2802.0,17.0,1.0,0,0,0,0,0,0,1,0,0,0,105
train,vgr_train_storage_cycle_02,0.0,0.0,0.0,0.0,0.0,0.0,0.0,400.0,604.0,5352.0,0.0,1.0,0.0,0.0,1.0,0.0,2802.0,17.0,1.0,0,0,0,0,0,0,1,0,0,0,0
train,vgr_train_storage_cycle_02,0.0,0.0,0.0,0.0,0.0,0.0,0.0,400.0,604.0,5352.0,0.0,0.0,1.0,0.0,1.0,0.0,2802.0,17.0,1.0,0,0,0,0,0,0,1,0,0,0,0
train,vgr_train_storage_cycle_02,0.0,0.0,0.0,0.0,0.0,0.0,0.0,400.0,604.0,5352.0,0.0,1.0,1.0,0.0,0.0,1.0,2881.0,5198.0,1.0,0,0,0,0,0,0,1,0,0,0,0
train,vgr_train_storage_cycle_02,0.0,0.0,0.0,0.0,0.0,0.0,0.0,400.0,604.0,5352.0,0.0,1.0,1.0,0.0,0.0,1.0,3250.0,5198.0,1.0,0,0,0,0,0,0,1,0,0,0,301
train,vgr_train_storage_cycle_02,1.0,1.0,1.0,0.0,0.0,0.0,0.0,0.0,0.0,0.0,1.0,1.0,1.0,1.0,0.0,1.0,0.0,0.0,1.0,0,0,0,0,0,0,0,1,0,0,0
train,vgr_train_storage_cycle_02,1.0,1.0,1.0,0.0,0.0,0.0,0.0,0.0,0.0,0.0,1.0,1.0,1.0,1.0,0.0,1.0,0.0,0.0,0.0,0,0,0,0,0,0,0,1,0,0,101
train,vgr_train_storage_cycle_02,0.0,0.0,0.0,0.0,0.0,1.0,1.0,398.0,26.0,33.0,1.0,1.0,1.0,1.0,0.0,1.0,0.0,0.0,1.0,0,0,0,0,0,0,0,1,0,0,102
train,vgr_train_storage_cycle_02,0.0,0.0,0.0,0.0,0.0,1.0,1.0,1453.0,906.0,705.0,0.0,1.0,1.0,0.0,0.0,1.0,399.0,7560.0,1.0,0,0,0,0,0,0,0,1,0,0,103
train,vgr_train_storage_cycle_02,0.0,0.0,0.0,0.0,0.0,1.0,1.0,2460.0,157.0,426.0,0.0,1.0,1.0,0.0,0.0,1.0,36.0,7560.0,1.0,0,0,0,0,0,0,0,1,0,0,102
train,vgr_train_storage_cycle_02,0.0,0.0,0.0,0.0,0.0,1.0,1.0,1450.0,909.0,700.0,0.0,0.0,1.0,0.0,1.0,0.0,2802.0,17.0,1.0,0,0,0,0,0,0,0,1,0,0,104
train,vgr_train_storage_cycle_02,1.0,0.0,0.0,0.0,0.0,1.0,1.0,0.0,603.0,5350.0,0.0,1.0,0.0,0.0,1.0,0.0,2802.0,17.0,1.0,0,0,0,0,0,0,0,1,0,0,105
train,vgr_train_storage_cycle_02,0.0,0.0,0.0,0.0,0.0,0.0,0.0,400.0,603.0,5350.0,0.0,1.0,0.0,0.0,1.0,0.0,2802.0,17.0,1.0,0,0,0,0,0,0,0,1,0,0,0
train,vgr_train_storage_cycle_02,0.0,0.0,0.0,0.0,0.0,0.0,0.0,400.0,603.0,5350.0,0.0,0.0,1.0,0.0,1.0,0.0,2802.0,17.0,1.0,0,0,0,0,0,0,0,1,0,0,0
train,vgr_train_storage_cycle_02,0.0,0.0,0.0,0.0,0.0,0.0,0.0,400.0,603.0,5350.0,0.0,1.0,1.0,0.0,0.0,1.0,34.0,7559.0,1.0,0,0,0,0,0,0,0,1,0,0,0
train,vgr_train_storage_cycle_02,0.0,0.0,0.0,0.0,0.0,0.0,0.0,400.0,603.0,5350.0,0.0,1.0,1.0,0.0,0.0,1.0,403.0,7559.0,1.0,0,0,0,0,0,0,0,1,0,0,301
train,vgr_train_storage_cycle_02,1.0,1.0,1.0,0.0,0.0,0.0,0.0,0.0,0.0,0.0,1.0,1.0,1.0,1.0,0.0,1.0,0.0,0.0,1.0,0,0,0,0,0,0,0,0,1,0,0
train,vgr_train_storage_cycle_02,1.0,1.0,1.0,0.0,0.0,0.0,0.0,0.0,0.0,0.0,1.0,1.0,1.0,1.0,0.0,1.0,0.0,0.0,1.0,0,0,0,0,0,0,0,0,1,0,0
train,vgr_train_storage_cycle_02,1.0,1.0,1.0,0.0,0.0,0.0,0.0,0.0,0.0,0.0,1.0,1.0,1.0,1.0,0.0,1.0,0.0,0.0,1.0,0,0,0,0,0,0,0,0,1,0,0
train,vgr_train_storage_cycle_02,1.0,1.0,1.0,0.0,0.0,0.0,0.0,0.0,0.0,0.0,1.0,1.0,1.0,1.0,0.0,1.0,0.0,0.0,1.0,0,0,0,0,0,0,0,0,1,0,0
train,vgr_train_storage_cycle_02,1.0,1.0,1.0,0.0,0.0,0.0,0.0,0.0,0.0,0.0,1.0,1.0,1.0,1.0,0.0,1.0,0.0,0.0,1.0,0,0,0,0,0,0,0,0,1,0,0
train,vgr_train_storage_cycle_02,1.0,1.0,1.0,0.0,0.0,0.0,0.0,0.0,0.0,0.0,1.0,1.0,1.0,1.0,0.0,1.0,0.0,0.0,1.0,0,0,0,0,0,0,0,0,1,0,0
train,vgr_train_storage_cycle_02,1.0,1.0,1.0,0.0,0.0,0.0,0.0,0.0,0.0,0.0,1.0,1.0,1.0,1.0,0.0,1.0,0.0,0.0,0.0,0,0,0,0,0,0,0,0,1,0,101
train,vgr_train_storage_cycle_02,0.0,0.0,0.0,0.0,0.0,1.0,1.0,390.0,26.0,32.0,1.0,1.0,1.0,1.0,0.0,1.0,0.0,0.0,1.0,0,0,0,0,0,0,0,0,1,0,102
train,vgr_train_storage_cycle_02,0.0,0.0,0.0,0.0,0.0,1.0,1.0,1447.0,906.0,700.0,0.0,1.0,1.0,0.0,0.0,1.0,1754.0,7559.0,1.0,0,0,0,0,0,0,0,0,1,0,103
train,vgr_train_storage_cycle_02,0.0,0.0,0.0,0.0,0.0,1.0,1.0,2456.0,156.0,424.0,0.0,1.0,1.0,0.0,0.0,1.0,1386.0,7559.0,1.0,0,0,0,0,0,0,0,0,1,0,102
train,vgr_train_storage_cycle_02,0.0,0.0,0.0,0.0,0.0,1.0,1.0,1446.0,904.0,703.0,0.0,0.0,1.0,0.0,1.0,0.0,2804.0,17.0,1.0,0,0,0,0,0,0,0,0,1,0,104
train,vgr_train_storage_cycle_02,1.0,0.0,0.0,0.0,0.0,1.0,1.0,0.0,606.0,5351.0,0.0,1.0,0.0,0.0,1.0,0.0,2804.0,17.0,1.0,0,0,0,0,0,0,0,0,1,0,105
train,vgr_train_storage_cycle_02,0.0,0.0,0.0,0.0,0.0,0.0,0.0,401.0,606.0,5351.0,0.0,1.0,0.0,0.0,1.0,0.0,2804.0,17.0,1.0,0,0,0,0,0,0,0,0,1,0,0
train,vgr_train_storage_cycle_02,0.0,0.0,0.0,0.0,0.0,0.0,0.0,401.0,606.0,5351.0,0.0,0.0,1.0,0.0,1.0,0.0,2804.0,17.0,1.0,0,0,0,0,0,0,0,0,1,0,0
train,vgr_train_storage_cycle_02,0.0,0.0,0.0,0.0,0.0,0.0,0.0,401.0,606.0,5351.0,0.0,1.0,1.0,0.0,0.0,1.0,1383.0,7559.0,1.0,0,0,0,0,0,0,0,0,1,0,0
train,vgr_train_storage_cycle_02,0.0,0.0,0.0,0.0,0.0,0.0,0.0,401.0,606.0,5351.0,0.0,1.0,1.0,0.0,0.0,1.0,1751.0,7559.0,1.0,0,0,0,0,0,0,0,0,1,0,301
train,vgr_train_storage_cycle_02,1.0,1.0,1.0,0.0,0.0,0.0,0.0,0.0,0.0,0.0,1.0,1.0,1.0,1.0,0.0,1.0,0.0,0.0,1.0,0,0,0,0,0,0,0,0,0,1,0
train,vgr_train_storage_cycle_02,1.0,1.0,1.0,0.0,0.0,0.0,0.0,0.0,0.0,0.0,1.0,1.0,1.0,1.0,0.0,1.0,0.0,0.0,1.0,0,0,0,0,0,0,0,0,0,1,0
train,vgr_train_storage_cycle_02,1.0,1.0,1.0,0.0,0.0,0.0,0.0,0.0,0.0,0.0,1.0,1.0,1.0,1.0,0.0,1.0,0.0,0.0,1.0,0,0,0,0,0,0,0,0,0,1,0
train,vgr_train_storage_cycle_02,1.0,1.0,1.0,0.0,0.0,0.0,0.0,0.0,0.0,0.0,1.0,1.0,1.0,1.0,0.0,1.0,0.0,0.0,1.0,0,0,0,0,0,0,0,0,0,1,0
train,vgr_train_storage_cycle_02,1.0,1.0,1.0,0.0,0.0,0.0,0.0,0.0,0.0,0.0,1.0,1.0,1.0,1.0,0.0,1.0,0.0,0.0,1.0,0,0,0,0,0,0,0,0,0,1,0
train,vgr_train_storage_cycle_02,1.0,1.0,1.0,0.0,0.0,0.0,0.0,0.0,0.0,0.0,1.0,1.0,1.0,1.0,0.0,1.0,0.0,0.0,0.0,0,0,0,0,0,0,0,0,0,1,101
train,vgr_train_storage_cycle_02,0.0,0.0,0.0,0.0,0.0,1.0,1.0,396.0,26.0,34.0,1.0,1.0,1.0,1.0,0.0,1.0,0.0,0.0,1.0,0,0,0,0,0,0,0,0,0,1,102
train,vgr_train_storage_cycle_02,0.0,0.0,0.0,0.0,0.0,1.0,1.0,1452.0,910.0,704.0,0.0,1.0,1.0,0.0,0.0,1.0,3250.0,7556.0,1.0,0,0,0,0,0,0,0,0,0,1,103
train,vgr_train_storage_cycle_02,0.0,0.0,0.0,0.0,0.0,1.0,1.0,2460.0,156.0,424.0,0.0,1.0,1.0,0.0,0.0,1.0,2887.0,7556.0,1.0,0,0,0,0,0,0,0,0,0,1,102
train,vgr_train_storage_cycle_02,0.0,0.0,0.0,0.0,0.0,1.0,1.0,1449.0,908.0,702.0,0.0,0.0,1.0,0.0,1.0,0.0,2802.0,19.0,1.0,0,0,0,0,0,0,0,0,0,1,104
train,vgr_train_storage_cycle_02,1.0,0.0,0.0,0.0,1.0,1.0,1.0,0.0,483.0,5348.0,0.0,1.0,0.0,0.0,1.0,0.0,2802.0,19.0,1.0,0,0,0,0,0,0,0,0,0,1,105
train,vgr_train_storage_cycle_02,0.0,0.0,0.0,0.0,0.0,0.0,0.0,398.0,608.0,5348.0,0.0,1.0,0.0,0.0,1.0,0.0,2802.0,19.0,1.0,0,0,0,0,0,0,0,0,0,1,0
train,vgr_train_storage_cycle_02,0.0,0.0,0.0,0.0,0.0,0.0,0.0,398.0,608.0,5348.0,0.0,0.0,1.0,0.0,1.0,0.0,2802.0,19.0,1.0,0,0,0,0,0,0,0,0,0,1,0
train,vgr_train_storage_cycle_02,0.0,0.0,0.0,0.0,0.0,0.0,0.0,398.0,608.0,5348.0,0.0,1.0,1.0,0.0,0.0,1.0,2883.0,7560.0,1.0,0,0,0,0,0,0,0,0,0,1,0
train,vgr_train_storage_cycle_02,0.0,0.0,0.0,0.0,0.0,0.0,0.0,398.0,608.0,5348.0,0.0,1.0,1.0,0.0,0.0,1.0,3252.0,7560.0,1.0,0,0,0,0,0,0,0,0,0,1,301
train,vgr_train_storage_cycle_02,1.0,1.0,1.0,0.0,0.0,0.0,0.0,0.0,0.0,0.0,1.0,1.0,1.0,1.0,0.0,1.0,0.0,0.0,1.0,1,0,0,0,0,0,0,0,0,0,0
train,vgr_train_storage_cycle_02,1.0,1.0,1.0,0.0,0.0,0.0,0.0,0.0,0.0,0.0,1.0,1.0,1.0,1.0,0.0,1.0,0.0,0.0,1.0,1,0,0,0,0,0,0,0,0,0,0
train,vgr_train_storage_cycle_02,1.0,1.0,1.0,0.0,0.0,0.0,0.0,0.0,0.0,0.0,1.0,1.0,1.0,1.0,0.0,1.0,0.0,0.0,1.0,1,0,0,0,0,0,0,0,0,0,0
train,vgr_train_storage_cycle_02,1.0,1.0,1.0,0.0,0.0,0.0,0.0,0.0,0.0,0.0,1.0,1.0,1.0,1.0,0.0,1.0,0.0,0.0,1.0,1,0,0,0,0,0,0,0,0,0,0
train,vgr_train_storage_cycle_02,1.0,1.0,1.0,0.0,0.0,0.0,0.0,0.0,0.0,0.0,1.0,1.0,1.0,1.0,0.0,1.0,0.0,0.0,1.0,1,0,0,0,0,0,0,0,0,0,0
train,vgr_train_storage_cycle_02,1.0,1.0,1.0,0.0,0.0,0.0,0.0,0.0,0.0,0.0,1.0,1.0,1.0,1.0,0.0,1.0,0.0,0.0,1.0,1,0,0,0,0,0,0,0,0,0,0
train,vgr_train_storage_cycle_02,1.0,1.0,1.0,0.0,0.0,0.0,0.0,0.0,0.0,0.0,1.0,1.0,1.0,1.0,0.0,1.0,0.0,0.0,0.0,1,0,0,0,0,0,0,0,0,0,0
train,vgr_train_storage_cycle_02,1.0,1.0,1.0,0.0,0.0,0.0,0.0,0.0,0.0,0.0,1.0,1.0,1.0,1.0,0.0,1.0,0.0,0.0,1.0,1,0,0,0,0,0,0,0,0,0,0
train,vgr_train_storage_cycle_02,1.0,1.0,1.0,0.0,0.0,0.0,0.0,0.0,0.0,0.0,1.0,1.0,1.0,1.0,0.0,1.0,0.0,0.0,1.0,1,0,0,0,0,0,0,0,0,0,0
train,vgr_train_storage_cycle_02,1.0,1.0,1.0,0.0,0.0,0.0,0.0,0.0,0.0,0.0,1.0,1.0,1.0,1.0,0.0,1.0,0.0,0.0,1.0,1,0,0,0,0,0,0,0,0,0,0
train,vgr_train_storage_cycle_02,1.0,1.0,1.0,0.0,0.0,0.0,0.0,0.0,0.0,0.0,1.0,1.0,1.0,1.0,0.0,1.0,0.0,0.0,1.0,1,0,0,0,0,0,0,0,0,0,0
train,vgr_train_storage_cycle_02,1.0,1.0,1.0,0.0,0.0,0.0,0.0,0.0,0.0,0.0,1.0,1.0,1.0,1.0,0.0,1.0,0.0,0.0,1.0,1,0,0,0,0,0,0,0,0,0,0
train,vgr_train_storage_cycle_02,1.0,1.0,1.0,0.0,0.0,0.0,0.0,0.0,0.0,0.0,1.0,1.0,1.0,1.0,0.0,1.0,0.0,0.0,1.0,1,0,0,0,0,0,0,0,0,0,0
train,vgr_train_storage_cycle_02,1.0,1.0,1.0,0.0,0.0,0.0,0.0,0.0,0.0,0.0,1.0,1.0,1.0,1.0,0.0,1.0,0.0,0.0,1.0,1,0,0,0,0,0,0,0,0,0,0
train,vgr_train_storage_cycle_02,1.0,1.0,1.0,0.0,0.0,0.0,0.0,0.0,0.0,0.0,1.0,1.0,1.0,1.0,0.0,1.0,0.0,0.0,0.0,1,0,0,0,0,0,0,0,0,0,0
train,vgr_train_storage_cycle_02,1.0,1.0,1.0,0.0,0.0,0.0,0.0,0.0,0.0,0.0,1.0,1.0,1.0,1.0,0.0,1.0,0.0,0.0,1.0,1,0,0,0,0,0,0,0,0,0,0
train,vgr_train_storage_cycle_02,1.0,1.0,1.0,0.0,0.0,0.0,0.0,0.0,0.0,0.0,1.0,1.0,1.0,1.0,0.0,1.0,0.0,0.0,1.0,1,0,0,0,0,0,0,0,0,0,0
train,vgr_train_storage_cycle_02,1.0,1.0,1.0,0.0,0.0,0.0,0.0,0.0,0.0,0.0,1.0,1.0,1.0,1.0,0.0,1.0,0.0,0.0,1.0,1,0,0,0,0,0,0,0,0,0,0
train,vgr_train_storage_cycle_02,1.0,1.0,1.0,0.0,0.0,0.0,0.0,0.0,0.0,0.0,1.0,1.0,1.0,1.0,0.0,1.0,0.0,0.0,1.0,1,0,0,0,0,0,0,0,0,0,0
train,vgr_train_storage_cycle_02,1.0,1.0,1.0,0.0,0.0,0.0,0.0,0.0,0.0,0.0,1.0,1.0,1.0,1.0,0.0,1.0,0.0,0.0,1.0,1,0,0,0,0,0,0,0,0,0,0
train,vgr_train_storage_cycle_02,1.0,1.0,1.0,0.0,0.0,0.0,0.0,0.0,0.0,0.0,1.0,1.0,1.0,1.0,0.0,1.0,0.0,0.0,1.0,1,0,0,0,0,0,0,0,0,0,0
train,vgr_train_storage_cycle_02,1.0,1.0,1.0,0.0,0.0,0.0,0.0,0.0,0.0,0.0,1.0,1.0,1.0,1.0,0.0,1.0,0.0,0.0,1.0,1,0,0,0,0,0,0,0,0,0,0
train,vgr_train_storage_cycle_02,1.0,1.0,1.0,0.0,0.0,0.0,0.0,0.0,0.0,0.0,1.0,1.0,1.0,1.0,0.0,1.0,0.0,0.0,1.0,1,0,0,0,0,0,0,0,0,0,0
train,vgr_train_storage_cycle_02,1.0,1.0,1.0,0.0,0.0,0.0,0.0,0.0,0.0,0.0,1.0,1.0,1.0,1.0,0.0,1.0,0.0,0.0,1.0,1,0,0,0,0,0,0,0,0,0,0
train,vgr_train_storage_cycle_02,1.0,1.0,1.0,0.0,0.0,0.0,0.0,0.0,0.0,0.0,1.0,1.0,1.0,1.0,0.0,1.0,0.0,0.0,1.0,1,0,0,0,0,0,0,0,0,0,0
train,vgr_train_storage_cycle_02,1.0,1.0,1.0,0.0,0.0,0.0,0.0,0.0,0.0,0.0,1.0,1.0,1.0,1.0,0.0,1.0,0.0,0.0,0.0,1,0,0,0,0,0,0,0,0,0,0
train,vgr_train_storage_cycle_02,1.0,1.0,1.0,0.0,0.0,0.0,0.0,0.0,0.0,0.0,1.0,1.0,1.0,1.0,0.0,1.0,0.0,0.0,1.0,1,0,0,0,0,0,0,0,0,0,0
train,vgr_train_storage_cycle_02,1.0,1.0,1.0,0.0,0.0,0.0,0.0,0.0,0.0,0.0,1.0,1.0,1.0,1.0,0.0,1.0,0.0,0.0,1.0,1,0,0,0,0,0,0,0,0,0,0
train,vgr_train_storage_cycle_02,1.0,1.0,1.0,0.0,0.0,0.0,0.0,0.0,0.0,0.0,1.0,1.0,1.0,1.0,0.0,1.0,0.0,0.0,1.0,1,0,0,0,0,0,0,0,0,0,0
train,vgr_train_storage_cycle_02,1.0,1.0,1.0,0.0,0.0,0.0,0.0,0.0,0.0,0.0,1.0,1.0,1.0,1.0,0.0,1.0,0.0,0.0,0.0,1,0,0,0,0,0,0,0,0,0,0
train,vgr_train_storage_cycle_02,1.0,1.0,1.0,0.0,0.0,0.0,0.0,0.0,0.0,0.0,1.0,1.0,1.0,1.0,0.0,1.0,0.0,0.0,1.0,1,0,0,0,0,0,0,0,0,0,0
train,vgr_train_storage_cycle_02,1.0,1.0,1.0,0.0,0.0,0.0,0.0,0.0,0.0,0.0,1.0,1.0,1.0,1.0,0.0,1.0,0.0,0.0,1.0,1,0,0,0,0,0,0,0,0,0,0
train,vgr_train_storage_cycle_02,1.0,1.0,1.0,0.0,0.0,0.0,0.0,0.0,0.0,0.0,1.0,1.0,1.0,1.0,0.0,1.0,0.0,0.0,1.0,1,0,0,0,0,0,0,0,0,0,0
train,vgr_train_storage_cycle_02,1.0,1.0,1.0,0.0,0.0,0.0,0.0,0.0,0.0,0.0,1.0,1.0,1.0,1.0,0.0,1.0,0.0,0.0,1.0,1,0,0,0,0,0,0,0,0,0,0
train,vgr_train_storage_cycle_02,1.0,1.0,1.0,0.0,0.0,0.0,0.0,0.0,0.0,0.0,1.0,1.0,1.0,1.0,0.0,1.0,0.0,0.0,1.0,1,0,0,0,0,0,0,0,0,0,0
train,vgr_train_storage_cycle_02,1.0,1.0,1.0,0.0,0.0,0.0,0.0,0.0,0.0,0.0,1.0,1.0,1.0,1.0,0.0,1.0,0.0,0.0,1.0,1,0,0,0,0,0,0,0,0,0,0
train,vgr_train_storage_cycle_02,1.0,1.0,1.0,0.0,0.0,0.0,0.0,0.0,0.0,0.0,1.0,1.0,1.0,1.0,0.0,1.0,0.0,0.0,1.0,1,0,0,0,0,0,0,0,0,0,0
train,vgr_train_storage_cycle_02,1.0,1.0,1.0,0.0,0.0,0.0,0.0,0.0,0.0,0.0,1.0,1.0,1.0,1.0,0.0,1.0,0.0,0.0,1.0,1,0,0,0,0,0,0,0,0,0,0
train,vgr_train_storage_cycle_02,1.0,1.0,1.0,0.0,0.0,0.0,0.0,0.0,0.0,0.0,1.0,1.0,1.0,1.0,0.0,1.0,0.0,0.0,1.0,1,0,0,0,0,0,0,0,0,0,0
train,vgr_train_storage_cycle_02,1.0,1.0,1.0,0.0,0.0,0.0,0.0,0.0,0.0,0.0,1.0,1.0,1.0,1.0,0.0,1.0,0.0,0.0,1.0,1,0,0,0,0,0,0,0,0,0,0
train,vgr_train_storage_cycle_02,1.0,1.0,1.0,0.0,0.0,0.0,0.0,0.0,0.0,0.0,1.0,1.0,1.0,1.0,0.0,1.0,0.0,0.0,1.0,1,0,0,0,0,0,0,0,0,0,0
train,vgr_train_storage_cycle_02,1.0,1.0,1.0,0.0,0.0,0.0,0.0,0.0,0.0,0.0,1.0,1.0,1.0,1.0,0.0,1.0,0.0,0.0,1.0,1,0,0,0,0,0,0,0,0,0,0
train,vgr_train_storage_cycle_02,1.0,1.0,1.0,0.0,0.0,0.0,0.0,0.0,0.0,0.0,1.0,1.0,1.0,1.0,0.0,1.0,0.0,0.0,1.0,1,0,0,0,0,0,0,0,0,0,0
train,vgr_train_storage_cycle_02,1.0,1.0,1.0,0.0,0.0,0.0,0.0,0.0,0.0,0.0,1.0,1.0,1.0,1.0,0.0,1.0,0.0,0.0,1.0,1,0,0,0,0,0,0,0,0,0,0
train,vgr_train_storage_cycle_02,1.0,1.0,1.0,0.0,0.0,0.0,0.0,0.0,0.0,0.0,1.0,1.0,1.0,1.0,0.0,1.0,0.0,0.0,1.0,1,0,0,0,0,0,0,0,0,0,0
train,vgr_train_storage_cycle_02,1.0,1.0,1.0,0.0,0.0,0.0,0.0,0.0,0.0,0.0,1.0,1.0,1.0,1.0,0.0,1.0,0.0,0.0,1.0,1,0,0,0,0,0,0,0,0,0,0
train,vgr_train_storage_cycle_02,1.0,1.0,1.0,0.0,0.0,0.0,0.0,0.0,0.0,0.0,1.0,1.0,1.0,1.0,0.0,1.0,0.0,0.0,1.0,1,0,0,0,0,0,0,0,0,0,0
train,vgr_train_storage_cycle_02,1.0,1.0,1.0,0.0,0.0,0.0,0.0,0.0,0.0,0.0,1.0,1.0,1.0,1.0,0.0,1.0,0.0,0.0,1.0,1,0,0,0,0,0,0,0,0,0,0
train,vgr_train_storage_cycle_02,1.0,1.0,1.0,0.0,0.0,0.0,0.0,0.0,0.0,0.0,1.0,1.0,1.0,1.0,0.0,1.0,0.0,0.0,1.0,1,0,0,0,0,0,0,0,0,0,0
train,vgr_train_storage_cycle_02,1.0,1.0,1.0,0.0,0.0,0.0,0.0,0.0,0.0,0.0,1.0,1.0,1.0,1.0,0.0,1.0,0.0,0.0,0.0,1,0,0,0,0,0,0,0,0,0,0
train,vgr_train_storage_cycle_02,1.0,1.0,1.0,0.0,0.0,0.0,0.0,0.0,0.0,0.0,1.0,1.0,1.0,1.0,0.0,1.0,0.0,0.0,1.0,1,0,0,0,0,0,0,0,0,0,0
train,vgr_train_storage_cycle_02,1.0,1.0,1.0,0.0,0.0,0.0,0.0,0.0,0.0,0.0,1.0,1.0,1.0,1.0,0.0,1.0,0.0,0.0,1.0,1,0,0,0,0,0,0,0,0,0,0
train,vgr_train_storage_cycle_02,1.0,1.0,1.0,0.0,0.0,0.0,0.0,0.0,0.0,0.0,1.0,1.0,1.0,1.0,0.0,1.0,0.0,0.0,1.0,1,0,0,0,0,0,0,0,0,0,0
train,vgr_train_storage_cycle_02,1.0,1.0,1.0,0.0,0.0,0.0,0.0,0.0,0.0,0.0,1.0,1.0,1.0,1.0,0.0,1.0,0.0,0.0,1.0,1,0,0,0,0,0,0,0,0,0,0
train,vgr_train_storage_cycle_02,1.0,1.0,1.0,0.0,0.0,0.0,0.0,0.0,0.0,0.0,1.0,1.0,1.0,1.0,0.0,1.0,0.0,0.0,1.0,1,0,0,0,0,0,0,0,0,0,0
train,vgr_train_storage_cycle_02,1.0,1.0,1.0,0.0,0.0,0.0,0.0,0.0,0.0,0.0,1.0,1.0,1.0,1.0,0.0,1.0,0.0,0.0,1.0,1,0,0,0,0,0,0,0,0,0,0
train,vgr_train_storage_cycle_02,1.0,1.0,1.0,0.0,0.0,0.0,0.0,0.0,0.0,0.0,1.0,1.0,1.0,1.0,0.0,1.0,0.0,0.0,1.0,1,0,0,0,0,0,0,0,0,0,0
train,vgr_train_storage_cycle_02,1.0,1.0,1.0,0.0,0.0,0.0,0.0,0.0,0.0,0.0,1.0,1.0,1.0,1.0,0.0,1.0,0.0,0.0,1.0,1,0,0,0,0,0,0,0,0,0,0
train,vgr_train_storage_cycle_02,1.0,1.0,1.0,0.0,0.0,0.0,0.0,0.0,0.0,0.0,1.0,1.0,1.0,1.0,0.0,1.0,0.0,0.0,1.0,1,0,0,0,0,0,0,0,0,0,0
train,vgr_train_storage_cycle_02,1.0,1.0,1.0,0.0,0.0,0.0,0.0,0.0,0.0,0.0,1.0,1.0,1.0,1.0,0.0,1.0,0.0,0.0,0.0,1,0,0,0,0,0,0,0,0,0,0
train,vgr_train_storage_cycle_02,1.0,1.0,1.0,0.0,0.0,0.0,0.0,0.0,0.0,0.0,1.0,1.0,1.0,1.0,0.0,1.0,0.0,0.0,1.0,1,0,0,0,0,0,0,0,0,0,0
train,vgr_train_storage_cycle_02,1.0,1.0,1.0,0.0,0.0,0.0,0.0,0.0,0.0,0.0,1.0,1.0,1.0,1.0,0.0,1.0,0.0,0.0,1.0,1,0,0,0,0,0,0,0,0,0,0
train,vgr_train_storage_cycle_02,1.0,1.0,1.0,0.0,0.0,0.0,0.0,0.0,0.0,0.0,1.0,1.0,1.0,1.0,0.0,1.0,0.0,0.0,1.0,1,0,0,0,0,0,0,0,0,0,0
train,vgr_train_storage_cycle_02,1.0,1.0,1.0,0.0,0.0,0.0,0.0,0.0,0.0,0.0,1.0,1.0,1.0,1.0,0.0,1.0,0.0,0.0,1.0,1,0,0,0,0,0,0,0,0,0,0
train,vgr_train_storage_cycle_02,1.0,1.0,1.0,0.0,0.0,0.0,0.0,0.0,0.0,0.0,1.0,1.0,1.0,1.0,0.0,1.0,0.0,0.0,1.0,1,0,0,0,0,0,0,0,0,0,0
train,vgr_train_storage_cycle_02,1.0,1.0,1.0,0.0,0.0,0.0,0.0,0.0,0.0,0.0,1.0,1.0,1.0,1.0,0.0,1.0,0.0,0.0,1.0,1,0,0,0,0,0,0,0,0,0,0
train,vgr_train_storage_cycle_02,1.0,1.0,1.0,0.0,0.0,0.0,0.0,0.0,0.0,0.0,1.0,1.0,1.0,1.0,0.0,1.0,0.0,0.0,1.0,1,0,0,0,0,0,0,0,0,0,0
train,vgr_train_storage_cycle_02,1.0,1.0,1.0,0.0,0.0,0.0,0.0,0.0,0.0,0.0,1.0,1.0,1.0,1.0,0.0,1.0,0.0,0.0,1.0,1,0,0,0,0,0,0,0,0,0,0
train,vgr_train_storage_cycle_02,1.0,1.0,1.0,0.0,0.0,0.0,0.0,0.0,0.0,0.0,1.0,1.0,1.0,1.0,0.0,1.0,0.0,0.0,0.0,1,0,0,0,0,0,0,0,0,0,0
train,vgr_train_storage_cycle_02,1.0,1.0,1.0,0.0,0.0,0.0,0.0,0.0,0.0,0.0,1.0,1.0,1.0,1.0,0.0,1.0,0.0,0.0,1.0,1,0,0,0,0,0,0,0,0,0,0
train,vgr_train_storage_cycle_02,1.0,1.0,1.0,0.0,0.0,0.0,0.0,0.0,0.0,0.0,1.0,1.0,1.0,1.0,0.0,1.0,0.0,0.0,1.0,1,0,0,0,0,0,0,0,0,0,0
train,vgr_train_storage_cycle_02,1.0,1.0,1.0,0.0,0.0,0.0,0.0,0.0,0.0,0.0,1.0,1.0,1.0,1.0,0.0,1.0,0.0,0.0,1.0,1,0,0,0,0,0,0,0,0,0,0
train,vgr_train_storage_cycle_02,1.0,1.0,1.0,0.0,0.0,0.0,0.0,0.0,0.0,0.0,1.0,1.0,1.0,1.0,0.0,1.0,0.0,0.0,1.0,1,0,0,0,0,0,0,0,0,0,0
train,vgr_train_storage_cycle_02,1.0,1.0,1.0,0.0,0.0,0.0,0.0,0.0,0.0,0.0,1.0,1.0,1.0,1.0,0.0,1.0,0.0,0.0,1.0,1,0,0,0,0,0,0,0,0,0,0
train,vgr_train_storage_cycle_02,1.0,1.0,1.0,0.0,0.0,0.0,0.0,0.0,0.0,0.0,1.0,1.0,1.0,1.0,0.0,1.0,0.0,0.0,1.0,1,0,0,0,0,0,0,0,0,0,0
train,vgr_train_storage_cycle_02,1.0,1.0,1.0,0.0,0.0,0.0,0.0,0.0,0.0,0.0,1.0,1.0,1.0,1.0,0.0,1.0,0.0,0.0,1.0,1,0,0,0,0,0,0,0,0,0,0
train,vgr_train_storage_cycle_02,1.0,1.0,1.0,0.0,0.0,0.0,0.0,0.0,0.0,0.0,1.0,1.0,1.0,1.0,0.0,1.0,0.0,0.0,1.0,1,0,0,0,0,0,0,0,0,0,0
train,vgr_train_storage_cycle_02,1.0,1.0,1.0,0.0,0.0,0.0,0.0,0.0,0.0,0.0,1.0,1.0,1.0,1.0,0.0,1.0,0.0,0.0,1.0,1,0,0,0,0,0,0,0,0,0,0
train,vgr_train_storage_cycle_02,1.0,1.0,1.0,0.0,0.0,0.0,0.0,0.0,0.0,0.0,1.0,1.0,1.0,1.0,0.0,1.0,0.0,0.0,1.0,1,0,0,0,0,0,0,0,0,0,0
train,vgr_train_storage_cycle_02,1.0,1.0,1.0,0.0,0.0,0.0,0.0,0.0,0.0,0.0,1.0,1.0,1.0,1.0,0.0,1.0,0.0,0.0,1.0,1,0,0,0,0,0,0,0,0,0,0
train,vgr_train_storage_cycle_02,1.0,1.0,1.0,0.0,0.0,0.0,0.0,0.0,0.0,0.0,1.0,1.0,1.0,1.0,0.0,1.0,0.0,0.0,1.0,1,0,0,0,0,0,0,0,0,0,0
train,vgr_train_storage_cycle_02,1.0,1.0,1.0,0.0,0.0,0.0,0.0,0.0,0.0,0.0,1.0,1.0,1.0,1.0,0.0,1.0,0.0,0.0,1.0,1,0,0,0,0,0,0,0,0,0,0
train,vgr_train_storage_cycle_02,1.0,1.0,1.0,0.0,0.0,0.0,0.0,0.0,0.0,0.0,1.0,1.0,1.0,1.0,0.0,1.0,0.0,0.0,0.0,1,0,0,0,0,0,0,0,0,0,0
train,vgr_train_storage_cycle_02,1.0,1.0,1.0,0.0,0.0,0.0,0.0,0.0,0.0,0.0,1.0,1.0,1.0,1.0,0.0,1.0,0.0,0.0,1.0,1,0,0,0,0,0,0,0,0,0,0
train,vgr_train_storage_cycle_02,1.0,1.0,1.0,0.0,0.0,0.0,0.0,0.0,0.0,0.0,1.0,1.0,1.0,1.0,0.0,1.0,0.0,0.0,1.0,1,0,0,0,0,0,0,0,0,0,0
train,vgr_train_storage_cycle_02,1.0,1.0,1.0,0.0,0.0,0.0,0.0,0.0,0.0,0.0,1.0,1.0,1.0,1.0,0.0,1.0,0.0,0.0,1.0,1,0,0,0,0,0,0,0,0,0,0
train,vgr_train_storage_cycle_02,1.0,1.0,1.0,0.0,0.0,0.0,0.0,0.0,0.0,0.0,1.0,1.0,1.0,1.0,0.0,1.0,0.0,0.0,1.0,1,0,0,0,0,0,0,0,0,0,0
train,vgr_train_storage_cycle_02,1.0,1.0,1.0,0.0,0.0,0.0,0.0,0.0,0.0,0.0,1.0,1.0,1.0,1.0,0.0,1.0,0.0,0.0,1.0,1,0,0,0,0,0,0,0,0,0,0
train,vgr_train_storage_cycle_02,1.0,1.0,1.0,0.0,0.0,0.0,0.0,0.0,0.0,0.0,1.0,1.0,1.0,1.0,0.0,1.0,0.0,0.0,1.0,1,0,0,0,0,0,0,0,0,0,0
train,vgr_train_storage_cycle_02,1.0,1.0,1.0,0.0,0.0,0.0,0.0,0.0,0.0,0.0,1.0,1.0,1.0,1.0,0.0,1.0,0.0,0.0,1.0,1,0,0,0,0,0,0,0,0,0,0
train,vgr_train_storage_cycle_02,1.0,1.0,1.0,0.0,0.0,0.0,0.0,0.0,0.0,0.0,1.0,1.0,1.0,1.0,0.0,1.0,0.0,0.0,1.0,1,0,0,0,0,0,0,0,0,0,0
train,vgr_train_storage_cycle_02,1.0,1.0,1.0,0.0,0.0,0.0,0.0,0.0,0.0,0.0,1.0,1.0,1.0,1.0,0.0,1.0,0.0,0.0,1.0,1,0,0,0,0,0,0,0,0,0,0
train,vgr_train_storage_cycle_02,1.0,1.0,1.0,0.0,0.0,0.0,0.0,0.0,0.0,0.0,1.0,1.0,1.0,1.0,0.0,1.0,0.0,0.0,1.0,1,0,0,0,0,0,0,0,0,0,0
train,vgr_train_storage_cycle_02,1.0,1.0,1.0,0.0,0.0,0.0,0.0,0.0,0.0,0.0,1.0,1.0,1.0,1.0,0.0,1.0,0.0,0.0,1.0,1,0,0,0,0,0,0,0,0,0,0
train,vgr_train_storage_cycle_02,1.0,1.0,1.0,0.0,0.0,0.0,0.0,0.0,0.0,0.0,1.0,1.0,1.0,1.0,0.0,1.0,0.0,0.0,0.0,1,0,0,0,0,0,0,0,0,0,0
train,vgr_train_storage_cycle_02,1.0,1.0,1.0,0.0,0.0,0.0,0.0,0.0,0.0,0.0,1.0,1.0,1.0,1.0,0.0,1.0,0.0,0.0,1.0,1,0,0,0,0,0,0,0,0,0,0
train,vgr_train_storage_cycle_02,1.0,1.0,1.0,0.0,0.0,0.0,0.0,0.0,0.0,0.0,1.0,1.0,1.0,1.0,0.0,1.0,0.0,0.0,1.0,1,0,0,0,0,0,0,0,0,0,0
train,vgr_train_storage_cycle_02,1.0,1.0,1.0,0.0,0.0,0.0,0.0,0.0,0.0,0.0,1.0,1.0,1.0,1.0,0.0,1.0,0.0,0.0,1.0,1,0,0,0,0,0,0,0,0,0,0
train,vgr_train_storage_cycle_02,1.0,1.0,1.0,0.0,0.0,0.0,0.0,0.0,0.0,0.0,1.0,1.0,1.0,1.0,0.0,1.0,0.0,0.0,1.0,1,0,0,0,0,0,0,0,0,0,0
train,vgr_train_storage_cycle_02,1.0,1.0,1.0,0.0,0.0,0.0,0.0,0.0,0.0,0.0,1.0,1.0,1.0,1.0,0.0,1.0,0.0,0.0,1.0,1,0,0,0,0,0,0,0,0,0,0
train,vgr_train_storage_cycle_02,1.0,1.0,1.0,0.0,0.0,0.0,0.0,0.0,0.0,0.0,1.0,1.0,1.0,1.0,0.0,1.0,0.0,0.0,1.0,1,0,0,0,0,0,0,0,0,0,0
train,vgr_train_storage_cycle_02,1.0,1.0,1.0,0.0,0.0,0.0,0.0,0.0,0.0,0.0,1.0,1.0,1.0,1.0,0.0,1.0,0.0,0.0,1.0,1,0,0,0,0,0,0,0,0,0,0
train,vgr_train_storage_cycle_02,1.0,1.0,1.0,0.0,0.0,0.0,0.0,0.0,0.0,0.0,1.0,1.0,1.0,1.0,0.0,1.0,0.0,0.0,1.0,1,0,0,0,0,0,0,0,0,0,0
train,vgr_train_storage_cycle_02,1.0,1.0,1.0,0.0,0.0,0.0,0.0,0.0,0.0,0.0,1.0,1.0,1.0,1.0,0.0,1.0,0.0,0.0,1.0,1,0,0,0,0,0,0,0,0,0,0
train,vgr_train_storage_cycle_02,1.0,1.0,1.0,0.0,0.0,0.0,0.0,0.0,0.0,0.0,1.0,1.0,1.0,1.0,0.0,1.0,0.0,0.0,1.0,0,1,0,0,0,0,0,0,0,0,0
train,vgr_train_storage_cycle_02,1.0,1.0,1.0,0.0,0.0,0.0,0.0,0.0,0.0,0.0,1.0,1.0,1.0,1.0,0.0,1.0,0.0,0.0,1.0,0,1,0,0,0,0,0,0,0,0,0
train,vgr_train_storage_cycle_02,1.0,1.0,1.0,0.0,0.0,0.0,0.0,0.0,0.0,0.0,1.0,1.0,1.0,1.0,0.0,1.0,0.0,0.0,1.0,0,1,0,0,0,0,0,0,0,0,0
train,vgr_train_storage_cycle_02,1.0,1.0,1.0,0.0,0.0,0.0,0.0,0.0,0.0,0.0,1.0,1.0,1.0,1.0,0.0,1.0,0.0,0.0,1.0,0,1,0,0,0,0,0,0,0,0,0
train,vgr_train_storage_cycle_02,1.0,1.0,1.0,0.0,0.0,0.0,0.0,0.0,0.0,0.0,1.0,1.0,1.0,1.0,0.0,1.0,0.0,0.0,1.0,0,1,0,0,0,0,0,0,0,0,0
train,vgr_train_storage_cycle_02,1.0,1.0,1.0,0.0,0.0,0.0,0.0,0.0,0.0,0.0,1.0,1.0,1.0,1.0,0.0,1.0,0.0,0.0,1.0,0,1,0,0,0,0,0,0,0,0,0
train,vgr_train_storage_cycle_02,1.0,1.0,1.0,0.0,0.0,0.0,0.0,0.0,0.0,0.0,1.0,1.0,1.0,1.0,0.0,1.0,0.0,0.0,1.0,0,1,0,0,0,0,0,0,0,0,0
train,vgr_train_storage_cycle_02,1.0,1.0,1.0,0.0,0.0,0.0,0.0,0.0,0.0,0.0,1.0,1.0,1.0,1.0,0.0,1.0,0.0,0.0,1.0,0,1,0,0,0,0,0,0,0,0,0
train,vgr_train_storage_cycle_02,1.0,1.0,1.0,0.0,0.0,0.0,0.0,0.0,0.0,0.0,1.0,1.0,1.0,1.0,0.0,1.0,0.0,0.0,1.0,0,1,0,0,0,0,0,0,0,0,0
train,vgr_train_storage_cycle_02,1.0,1.0,1.0,0.0,0.0,0.0,0.0,0.0,0.0,0.0,1.0,1.0,1.0,1.0,0.0,1.0,0.0,0.0,1.0,0,1,0,0,0,0,0,0,0,0,0
train,vgr_train_storage_cycle_02,1.0,1.0,1.0,0.0,0.0,0.0,0.0,0.0,0.0,0.0,1.0,1.0,1.0,1.0,0.0,1.0,0.0,0.0,0.0,0,1,0,0,0,0,0,0,0,0,101
train,vgr_train_storage_cycle_02,0.0,0.0,0.0,0.0,0.0,1.0,1.0,391.0,26.0,32.0,1.0,1.0,1.0,1.0,0.0,1.0,0.0,0.0,1.0,0,1,0,0,0,0,0,0,0,0,102
train,vgr_train_storage_cycle_02,0.0,0.0,0.0,0.0,0.0,1.0,1.0,1451.0,908.0,704.0,0.0,1.0,1.0,0.0,0.0,1.0,404.0,2869.0,1.0,0,1,0,0,0,0,0,0,0,0,103
train,vgr_train_storage_cycle_02,0.0,0.0,0.0,0.0,0.0,1.0,1.0,2453.0,160.0,428.0,0.0,1.0,1.0,0.0,0.0,1.0,37.0,2869.0,1.0,0,1,0,0,0,0,0,0,0,0,102
train,vgr_train_storage_cycle_02,0.0,0.0,0.0,0.0,0.0,1.0,1.0,1447.0,905.0,706.0,0.0,0.0,1.0,0.0,1.0,0.0,2799.0,16.0,1.0,0,1,0,0,0,0,0,0,0,0,104
train,vgr_train_storage_cycle_02,1.0,0.0,0.0,1.0,1.0,1.0,1.0,0.0,604.0,5348.0,0.0,1.0,0.0,0.0,1.0,0.0,2799.0,16.0,1.0,0,1,0,0,0,0,0,0,0,0,105
train,vgr_train_storage_cycle_02,0.0,0.0,0.0,0.0,0.0,0.0,0.0,398.0,604.0,5348.0,0.0,1.0,0.0,0.0,1.0,0.0,2799.0,16.0,1.0,0,1,0,0,0,0,0,0,0,0,0
train,vgr_train_storage_cycle_02,0.0,0.0,0.0,0.0,0.0,0.0,0.0,398.0,604.0,5348.0,0.0,0.0,1.0,0.0,1.0,0.0,2799.0,16.0,1.0,0,1,0,0,0,0,0,0,0,0,0
train,vgr_train_storage_cycle_02,0.0,0.0,0.0,0.0,0.0,0.0,0.0,398.0,604.0,5348.0,0.0,1.0,1.0,0.0,0.0,1.0,35.0,2870.0,1.0,0,1,0,0,0,0,0,0,0,0,0
train,vgr_train_storage_cycle_02,0.0,0.0,0.0,0.0,0.0,0.0,0.0,398.0,604.0,5348.0,0.0,1.0,1.0,0.0,0.0,1.0,402.0,2870.0,1.0,0,1,0,0,0,0,0,0,0,0,301
train,vgr_train_storage_cycle_02,1.0,1.0,1.0,0.0,0.0,0.0,0.0,0.0,0.0,0.0,1.0,1.0,1.0,1.0,0.0,1.0,0.0,0.0,1.0,0,0,1,0,0,0,0,0,0,0,0
train,vgr_train_storage_cycle_02,1.0,1.0,1.0,0.0,0.0,0.0,0.0,0.0,0.0,0.0,1.0,1.0,1.0,1.0,0.0,1.0,0.0,0.0,1.0,0,0,1,0,0,0,0,0,0,0,0
train,vgr_train_storage_cycle_02,1.0,1.0,1.0,0.0,0.0,0.0,0.0,0.0,0.0,0.0,1.0,1.0,1.0,1.0,0.0,1.0,0.0,0.0,1.0,0,0,1,0,0,0,0,0,0,0,0
train,vgr_train_storage_cycle_02,1.0,1.0,1.0,0.0,0.0,0.0,0.0,0.0,0.0,0.0,1.0,1.0,1.0,1.0,0.0,1.0,0.0,0.0,1.0,0,0,1,0,0,0,0,0,0,0,0
train,vgr_train_storage_cycle_02,1.0,1.0,1.0,0.0,0.0,0.0,0.0,0.0,0.0,0.0,1.0,1.0,1.0,1.0,0.0,1.0,0.0,0.0,1.0,0,0,1,0,0,0,0,0,0,0,0
train,vgr_train_storage_cycle_02,1.0,1.0,1.0,0.0,0.0,0.0,0.0,0.0,0.0,0.0,1.0,1.0,1.0,1.0,0.0,1.0,0.0,0.0,1.0,0,0,1,0,0,0,0,0,0,0,0
train,vgr_train_storage_cycle_02,1.0,1.0,1.0,0.0,0.0,0.0,0.0,0.0,0.0,0.0,1.0,1.0,1.0,1.0,0.0,1.0,0.0,0.0,1.0,0,0,1,0,0,0,0,0,0,0,0
train,vgr_train_storage_cycle_02,1.0,1.0,1.0,0.0,0.0,0.0,0.0,0.0,0.0,0.0,1.0,1.0,1.0,1.0,0.0,1.0,0.0,0.0,1.0,0,0,1,0,0,0,0,0,0,0,0
train,vgr_train_storage_cycle_02,1.0,1.0,1.0,0.0,0.0,0.0,0.0,0.0,0.0,0.0,1.0,1.0,1.0,1.0,0.0,1.0,0.0,0.0,1.0,0,0,1,0,0,0,0,0,0,0,0
train,vgr_train_storage_cycle_02,1.0,1.0,1.0,0.0,0.0,0.0,0.0,0.0,0.0,0.0,1.0,1.0,1.0,1.0,0.0,1.0,0.0,0.0,1.0,0,0,1,0,0,0,0,0,0,0,0
train,vgr_train_storage_cycle_02,1.0,1.0,1.0,0.0,0.0,0.0,0.0,0.0,0.0,0.0,1.0,1.0,1.0,1.0,0.0,1.0,0.0,0.0,0.0,0,0,1,0,0,0,0,0,0,0,101
train,vgr_train_storage_cycle_02,0.0,0.0,0.0,0.0,0.0,1.0,1.0,394.0,26.0,33.0,1.0,1.0,1.0,1.0,0.0,1.0,0.0,0.0,1.0,0,0,1,0,0,0,0,0,0,0,102
train,vgr_train_storage_cycle_02,0.0,0.0,0.0,0.0,0.0,1.0,1.0,1452.0,904.0,703.0,0.0,1.0,1.0,0.0,0.0,1.0,1753.0,2869.0,1.0,0,0,1,0,0,0,0,0,0,0,103
train,vgr_train_storage_cycle_02,0.0,0.0,0.0,0.0,0.0,1.0,1.0,2456.0,156.0,426.0,0.0,1.0,1.0,0.0,0.0,1.0,1382.0,2869.0,1.0,0,0,1,0,0,0,0,0,0,0,102
train,vgr_train_storage_cycle_02,0.0,0.0,0.0,0.0,0.0,1.0,1.0,1449.0,908.0,702.0,0.0,0.0,1.0,0.0,1.0,0.0,2804.0,16.0,1.0,0,0,1,0,0,0,0,0,0,0,104
train,vgr_train_storage_cycle_02,1.0,0.0,0.0,1.0,1.0,1.0,1.0,0.0,608.0,5348.0,0.0,1.0,0.0,0.0,1.0,0.0,2804.0,16.0,1.0,0,0,1,0,0,0,0,0,0,0,105
train,vgr_train_storage_cycle_02,0.0,0.0,0.0,0.0,0.0,0.0,0.0,403.0,608.0,5348.0,0.0,1.0,0.0,0.0,1.0,0.0,2804.0,16.0,1.0,0,0,1,0,0,0,0,0,0,0,0
train,vgr_train_storage_cycle_02,0.0,0.0,0.0,0.0,0.0,0.0,0.0,403.0,608.0,5348.0,0.0,0.0,1.0,0.0,1.0,0.0,2804.0,16.0,1.0,0,0,1,0,0,0,0,0,0,0,0
train,vgr_train_storage_cycle_02,0.0,0.0,0.0,0.0,0.0,0.0,0.0,403.0,608.0,5348.0,0.0,1.0,1.0,0.0,0.0,1.0,1385.0,2870.0,1.0,0,0,1,0,0,0,0,0,0,0,0
train,vgr_train_storage_cycle_02,0.0,0.0,0.0,0.0,0.0,0.0,0.0,403.0,608.0,5348.0,0.0,1.0,1.0,0.0,0.0,1.0,1748.0,2870.0,1.0,0,0,1,0,0,0,0,0,0,0,301
train,vgr_train_storage_cycle_02,1.0,1.0,1.0,0.0,0.0,0.0,0.0,0.0,0.0,0.0,1.0,1.0,1.0,1.0,0.0,1.0,0.0,0.0,1.0,0,0,0,1,0,0,0,0,0,0,0
train,vgr_train_storage_cycle_02,1.0,1.0,1.0,0.0,0.0,0.0,0.0,0.0,0.0,0.0,1.0,1.0,1.0,1.0,0.0,1.0,0.0,0.0,1.0,0,0,0,1,0,0,0,0,0,0,0
train,vgr_train_storage_cycle_02,1.0,1.0,1.0,0.0,0.0,0.0,0.0,0.0,0.0,0.0,1.0,1.0,1.0,1.0,0.0,1.0,0.0,0.0,1.0,0,0,0,1,0,0,0,0,0,0,0
train,vgr_train_storage_cycle_02,1.0,1.0,1.0,0.0,0.0,0.0,0.0,0.0,0.0,0.0,1.0,1.0,1.0,1.0,0.0,1.0,0.0,0.0,1.0,0,0,0,1,0,0,0,0,0,0,0
train,vgr_train_storage_cycle_02,1.0,1.0,1.0,0.0,0.0,0.0,0.0,0.0,0.0,0.0,1.0,1.0,1.0,1.0,0.0,1.0,0.0,0.0,1.0,0,0,0,1,0,0,0,0,0,0,0
train,vgr_train_storage_cycle_02,1.0,1.0,1.0,0.0,0.0,0.0,0.0,0.0,0.0,0.0,1.0,1.0,1.0,1.0,0.0,1.0,0.0,0.0,0.0,0,0,0,1,0,0,0,0,0,0,101
train,vgr_train_storage_cycle_02,0.0,0.0,0.0,0.0,0.0,1.0,1.0,397.0,25.0,33.0,1.0,1.0,1.0,1.0,0.0,1.0,0.0,0.0,1.0,0,0,0,1,0,0,0,0,0,0,102
train,vgr_train_storage_cycle_02,0.0,0.0,0.0,0.0,0.0,1.0,1.0,1449.0,905.0,702.0,0.0,1.0,1.0,0.0,0.0,1.0,3252.0,2869.0,1.0,0,0,0,1,0,0,0,0,0,0,103
train,vgr_train_storage_cycle_02,0.0,0.0,0.0,0.0,0.0,1.0,1.0,2455.0,152.0,426.0,0.0,1.0,1.0,0.0,0.0,1.0,2885.0,2869.0,1.0,0,0,0,1,0,0,0,0,0,0,102
train,vgr_train_storage_cycle_02,0.0,0.0,0.0,0.0,0.0,1.0,1.0,1448.0,910.0,704.0,0.0,0.0,1.0,0.0,1.0,0.0,2799.0,18.0,1.0,0,0,0,1,0,0,0,0,0,0,104
train,vgr_train_storage_cycle_02,1.0,0.0,0.0,1.0,1.0,1.0,1.0,0.0,604.0,5348.0,0.0,1.0,0.0,0.0,1.0,0.0,2799.0,18.0,1.0,0,0,0,1,0,0,0,0,0,0,105
train,vgr_train_storage_cycle_02,0.0,0.0,0.0,0.0,0.0,0.0,0.0,396.0,604.0,5348.0,0.0,1.0,0.0,0.0,1.0,0.0,2799.0,18.0,1.0,0,0,0,1,0,0,0,0,0,0,0
train,vgr_train_storage_cycle_02,0.0,0.0,0.0,0.0,0.0,0.0,0.0,396.0,604.0,5348.0,0.0,0.0,1.0,0.0,1.0,0.0,2799.0,18.0,1.0,0,0,0,1,0,0,0,0,0,0,0
train,vgr_train_storage_cycle_02,0.0,0.0,0.0,0.0,0.0,0.0,0.0,396.0,604.0,5348.0,0.0,1.0,1.0,0.0,0.0,1.0,2878.0,2870.0,1.0,0,0,0,1,0,0,0,0,0,0,0
train,vgr_train_storage_cycle_02,0.0,0.0,0.0,0.0,0.0,0.0,0.0,396.0,604.0,5348.0,0.0,1.0,1.0,0.0,0.0,1.0,3250.0,2870.0,1.0,0,0,0,1,0,0,0,0,0,0,301
train,vgr_train_storage_cycle_02,1.0,1.0,1.0,0.0,0.0,0.0,0.0,0.0,0.0,0.0,1.0,1.0,1.0,1.0,0.0,1.0,0.0,0.0,1.0,0,0,0,0,1,0,0,0,0,0,0
train,vgr_train_storage_cycle_02,1.0,1.0,1.0,0.0,0.0,0.0,0.0,0.0,0.0,0.0,1.0,1.0,1.0,1.0,0.0,1.0,0.0,0.0,1.0,0,0,0,0,1,0,0,0,0,0,0
train,vgr_train_storage_cycle_02,1.0,1.0,1.0,0.0,0.0,0.0,0.0,0.0,0.0,0.0,1.0,1.0,1.0,1.0,0.0,1.0,0.0,0.0,1.0,0,0,0,0,1,0,0,0,0,0,0
train,vgr_train_storage_cycle_02,1.0,1.0,1.0,0.0,0.0,0.0,0.0,0.0,0.0,0.0,1.0,1.0,1.0,1.0,0.0,1.0,0.0,0.0,1.0,0,0,0,0,1,0,0,0,0,0,0
train,vgr_train_storage_cycle_02,1.0,1.0,1.0,0.0,0.0,0.0,0.0,0.0,0.0,0.0,1.0,1.0,1.0,1.0,0.0,1.0,0.0,0.0,1.0,0,0,0,0,1,0,0,0,0,0,0
train,vgr_train_storage_cycle_02,1.0,1.0,1.0,0.0,0.0,0.0,0.0,0.0,0.0,0.0,1.0,1.0,1.0,1.0,0.0,1.0,0.0,0.0,1.0,0,0,0,0,1,0,0,0,0,0,0
train,vgr_train_storage_cycle_02,1.0,1.0,1.0,0.0,0.0,0.0,0.0,0.0,0.0,0.0,1.0,1.0,1.0,1.0,0.0,1.0,0.0,0.0,0.0,0,0,0,0,1,0,0,0,0,0,101
train,vgr_train_storage_cycle_02,0.0,0.0,0.0,0.0,0.0,1.0,1.0,394.0,25.0,29.0,1.0,1.0,1.0,1.0,0.0,1.0,0.0,0.0,1.0,0,0,0,0,1,0,0,0,0,0,102
train,vgr_train_storage_cycle_02,0.0,0.0,0.0,0.0,0.0,1.0,1.0,1449.0,905.0,703.0,0.0,1.0,1.0,0.0,0.0,1.0,399.0,5199.0,1.0,0,0,0,0,1,0,0,0,0,0,103
train,vgr_train_storage_cycle_02,0.0,0.0,0.0,0.0,0.0,1.0,1.0,2454.0,157.0,424.0,0.0,1.0,1.0,0.0,0.0,1.0,32.0,5199.0,1.0,0,0,0,0,1,0,0,0,0,0,102
train,vgr_train_storage_cycle_02,0.0,0.0,0.0,0.0,0.0,1.0,1.0,1446.0,907.0,699.0,0.0,0.0,1.0,0.0,1.0,0.0,2803.0,17.0,1.0,0,0,0,0,1,0,0,0,0,0,104
train,vgr_train_storage_cycle_02,1.0,0.0,0.0,0.0,0.0,1.0,1.0,0.0,605.0,5349.0,0.0,1.0,0.0,0.0,1.0,0.0,2803.0,17.0,1.0,0,0,0,0,1,0,0,0,0,0,105
train,vgr_train_storage_cycle_02,0.0,0.0,0.0,0.0,0.0,0.0,0.0,400.0,605.0,5349.0,0.0,1.0,0.0,0.0,1.0,0.0,2803.0,17.0,1.0,0,0,0,0,1,0,0,0,0,0,0
train,vgr_train_storage_cycle_02,0.0,0.0,0.0,0.0,0.0,0.0,0.0,400.0,605.0,5349.0,0.0,0.0,1.0,0.0,1.0,0.0,2803.0,17.0,1.0,0,0,0,0,1,0,0,0,0,0,0
train,vgr_train_storage_cycle_02,0.0,0.0,0.0,0.0,0.0,0.0,0.0,400.0,605.0,5349.0,0.0,1.0,1.0,0.0,0.0,1.0,35.0,5199.0,1.0,0,0,0,0,1,0,0,0,0,0,0
train,vgr_train_storage_cycle_02,0.0,0.0,0.0,0.0,0.0,0.0,0.0,400.0,605.0,5349.0,0.0,1.0,1.0,0.0,0.0,1.0,401.0,5199.0,1.0,0,0,0,0,1,0,0,0,0,0,301
train,vgr_train_storage_cycle_02,1.0,1.0,1.0,0.0,0.0,0.0,0.0,0.0,0.0,0.0,1.0,1.0,1.0,1.0,0.0,1.0,0.0,0.0,1.0,0,0,0,0,0,1,0,0,0,0,0
train,vgr_train_storage_cycle_02,1.0,1.0,1.0,0.0,0.0,0.0,0.0,0.0,0.0,0.0,1.0,1.0,1.0,1.0,0.0,1.0,0.0,0.0,1.0,0,0,0,0,0,1,0,0,0,0,0
train,vgr_train_storage_cycle_02,1.0,1.0,1.0,0.0,0.0,0.0,0.0,0.0,0.0,0.0,1.0,1.0,1.0,1.0,0.0,1.0,0.0,0.0,1.0,0,0,0,0,0,1,0,0,0,0,0
train,vgr_train_storage_cycle_02,1.0,1.0,1.0,0.0,0.0,0.0,0.0,0.0,0.0,0.0,1.0,1.0,1.0,1.0,0.0,1.0,0.0,0.0,1.0,0,0,0,0,0,1,0,0,0,0,0
train,vgr_train_storage_cycle_02,1.0,1.0,1.0,0.0,0.0,0.0,0.0,0.0,0.0,0.0,1.0,1.0,1.0,1.0,0.0,1.0,0.0,0.0,1.0,0,0,0,0,0,1,0,0,0,0,0
train,vgr_train_storage_cycle_02,1.0,1.0,1.0,0.0,0.0,0.0,0.0,0.0,0.0,0.0,1.0,1.0,1.0,1.0,0.0,1.0,0.0,0.0,1.0,0,0,0,0,0,1,0,0,0,0,0
train,vgr_train_storage_cycle_02,1.0,1.0,1.0,0.0,0.0,0.0,0.0,0.0,0.0,0.0,1.0,1.0,1.0,1.0,0.0,1.0,0.0,0.0,1.0,0,0,0,0,0,1,0,0,0,0,0
train,vgr_train_storage_cycle_02,1.0,1.0,1.0,0.0,0.0,0.0,0.0,0.0,0.0,0.0,1.0,1.0,1.0,1.0,0.0,1.0,0.0,0.0,1.0,0,0,0,0,0,1,0,0,0,0,0
train,vgr_train_storage_cycle_02,1.0,1.0,1.0,0.0,0.0,0.0,0.0,0.0,0.0,0.0,1.0,1.0,1.0,1.0,0.0,1.0,0.0,0.0,1.0,0,0,0,0,0,1,0,0,0,0,0
train,vgr_train_storage_cycle_02,1.0,1.0,1.0,0.0,0.0,0.0,0.0,0.0,0.0,0.0,1.0,1.0,1.0,1.0,0.0,1.0,0.0,0.0,1.0,0,0,0,0,0,1,0,0,0,0,0
train,vgr_train_storage_cycle_02,1.0,1.0,1.0,0.0,0.0,0.0,0.0,0.0,0.0,0.0,1.0,1.0,1.0,1.0,0.0,1.0,0.0,0.0,1.0,0,0,0,0,0,1,0,0,0,0,0
train,vgr_train_storage_cycle_02,1.0,1.0,1.0,0.0,0.0,0.0,0.0,0.0,0.0,0.0,1.0,1.0,1.0,1.0,0.0,1.0,0.0,0.0,1.0,0,0,0,0,0,1,0,0,0,0,0
train,vgr_train_storage_cycle_02,1.0,1.0,1.0,0.0,0.0,0.0,0.0,0.0,0.0,0.0,1.0,1.0,1.0,1.0,0.0,1.0,0.0,0.0,1.0,0,0,0,0,0,1,0,0,0,0,0
train,vgr_train_storage_cycle_02,1.0,1.0,1.0,0.0,0.0,0.0,0.0,0.0,0.0,0.0,1.0,1.0,1.0,1.0,0.0,1.0,0.0,0.0,1.0,0,0,0,0,0,1,0,0,0,0,0
train,vgr_train_storage_cycle_02,1.0,1.0,1.0,0.0,0.0,0.0,0.0,0.0,0.0,0.0,1.0,1.0,1.0,1.0,0.0,1.0,0.0,0.0,1.0,0,0,0,0,0,1,0,0,0,0,0
train,vgr_train_storage_cycle_02,1.0,1.0,1.0,0.0,0.0,0.0,0.0,0.0,0.0,0.0,1.0,1.0,1.0,1.0,0.0,1.0,0.0,0.0,1.0,0,0,0,0,0,1,0,0,0,0,0
train,vgr_train_storage_cycle_02,1.0,1.0,1.0,0.0,0.0,0.0,0.0,0.0,0.0,0.0,1.0,1.0,1.0,1.0,0.0,1.0,0.0,0.0,1.0,0,0,0,0,0,1,0,0,0,0,0
train,vgr_train_storage_cycle_02,1.0,1.0,1.0,0.0,0.0,0.0,0.0,0.0,0.0,0.0,1.0,1.0,1.0,1.0,0.0,1.0,0.0,0.0,0.0,0,0,0,0,0,1,0,0,0,0,101
train,vgr_train_storage_cycle_02,0.0,0.0,0.0,0.0,0.0,1.0,1.0,395.0,25.0,32.0,1.0,1.0,1.0,1.0,0.0,1.0,0.0,0.0,1.0,0,0,0,0,0,1,0,0,0,0,102
train,vgr_train_storage_cycle_02,0.0,0.0,0.0,0.0,0.0,1.0,1.0,1448.0,905.0,704.0,0.0,1.0,1.0,0.0,0.0,1.0,1754.0,5201.0,1.0,0,0,0,0,0,1,0,0,0,0,103
train,vgr_train_storage_cycle_02,0.0,0.0,0.0,0.0,0.0,1.0,1.0,2462.0,157.0,426.0,0.0,1.0,1.0,0.0,0.0,1.0,1386.0,5201.0,1.0,0,0,0,0,0,1,0,0,0,0,102
train,vgr_train_storage_cycle_02,0.0,0.0,0.0,0.0,0.0,1.0,1.0,1448.0,903.0,706.0,0.0,0.0,1.0,0.0,1.0,0.0,2800.0,17.0,1.0,0,0,0,0,0,1,0,0,0,0,104
train,vgr_train_storage_cycle_02,1.0,0.0,0.0,0.0,0.0,1.0,1.0,0.0,607.0,5351.0,0.0,1.0,0.0,0.0,1.0,0.0,2800.0,17.0,1.0,0,0,0,0,0,1,0,0,0,0,105
train,vgr_train_storage_cycle_02,0.0,0.0,0.0,0.0,0.0,0.0,0.0,399.0,607.0,5351.0,0.0,1.0,0.0,0.0,1.0,0.0,2800.0,17.0,1.0,0,0,0,0,0,1,0,0,0,0,0
train,vgr_train_storage_cycle_02,0.0,0.0,0.0,0.0,0.0,0.0,0.0,399.0,607.0,5351.0,0.0,0.0,1.0,0.0,1.0,0.0,2800.0,17.0,1.0,0,0,0,0,0,1,0,0,0,0,0
train,vgr_train_storage_cycle_02,0.0,0.0,0.0,0.0,0.0,0.0,0.0,399.0,607.0,5351.0,0.0,1.0,1.0,0.0,0.0,1.0,1383.0,5198.0,1.0,0,0,0,0,0,1,0,0,0,0,0
train,vgr_train_storage_cycle_02,0.0,0.0,0.0,0.0,0.0,0.0,0.0,399.0,607.0,5351.0,0.0,1.0,1.0,0.0,0.0,1.0,1752.0,5198.0,1.0,0,0,0,0,0,1,0,0,0,0,301
train,vgr_train_storage_cycle_02,1.0,1.0,1.0,0.0,0.0,0.0,0.0,0.0,0.0,0.0,1.0,1.0,1.0,1.0,0.0,1.0,0.0,0.0,1.0,0,0,0,0,0,0,1,0,0,0,0
train,vgr_train_storage_cycle_02,1.0,1.0,1.0,0.0,0.0,0.0,0.0,0.0,0.0,0.0,1.0,1.0,1.0,1.0,0.0,1.0,0.0,0.0,1.0,0,0,0,0,0,0,1,0,0,0,0
train,vgr_train_storage_cycle_02,1.0,1.0,1.0,0.0,0.0,0.0,0.0,0.0,0.0,0.0,1.0,1.0,1.0,1.0,0.0,1.0,0.0,0.0,1.0,0,0,0,0,0,0,1,0,0,0,0
train,vgr_train_storage_cycle_02,1.0,1.0,1.0,0.0,0.0,0.0,0.0,0.0,0.0,0.0,1.0,1.0,1.0,1.0,0.0,1.0,0.0,0.0,1.0,0,0,0,0,0,0,1,0,0,0,0
train,vgr_train_storage_cycle_02,1.0,1.0,1.0,0.0,0.0,0.0,0.0,0.0,0.0,0.0,1.0,1.0,1.0,1.0,0.0,1.0,0.0,0.0,1.0,0,0,0,0,0,0,1,0,0,0,0
train,vgr_train_storage_cycle_02,1.0,1.0,1.0,0.0,0.0,0.0,0.0,0.0,0.0,0.0,1.0,1.0,1.0,1.0,0.0,1.0,0.0,0.0,1.0,0,0,0,0,0,0,1,0,0,0,0
train,vgr_train_storage_cycle_02,1.0,1.0,1.0,0.0,0.0,0.0,0.0,0.0,0.0,0.0,1.0,1.0,1.0,1.0,0.0,1.0,0.0,0.0,1.0,0,0,0,0,0,0,1,0,0,0,0
train,vgr_train_storage_cycle_02,1.0,1.0,1.0,0.0,0.0,0.0,0.0,0.0,0.0,0.0,1.0,1.0,1.0,1.0,0.0,1.0,0.0,0.0,1.0,0,0,0,0,0,0,1,0,0,0,0
train,vgr_train_storage_cycle_02,1.0,1.0,1.0,0.0,0.0,0.0,0.0,0.0,0.0,0.0,1.0,1.0,1.0,1.0,0.0,1.0,0.0,0.0,1.0,0,0,0,0,0,0,1,0,0,0,0
train,vgr_train_storage_cycle_02,1.0,1.0,1.0,0.0,0.0,0.0,0.0,0.0,0.0,0.0,1.0,1.0,1.0,1.0,0.0,1.0,0.0,0.0,1.0,0,0,0,0,0,0,1,0,0,0,0
train,vgr_train_storage_cycle_02,1.0,1.0,1.0,0.0,0.0,0.0,0.0,0.0,0.0,0.0,1.0,1.0,1.0,1.0,0.0,1.0,0.0,0.0,1.0,0,0,0,0,0,0,1,0,0,0,0
train,vgr_train_storage_cycle_02,1.0,1.0,1.0,0.0,0.0,0.0,0.0,0.0,0.0,0.0,1.0,1.0,1.0,1.0,0.0,1.0,0.0,0.0,0.0,0,0,0,0,0,0,1,0,0,0,101
train,vgr_train_storage_cycle_02,0.0,0.0,0.0,0.0,0.0,1.0,1.0,396.0,26.0,33.0,1.0,1.0,1.0,1.0,0.0,1.0,0.0,0.0,1.0,0,0,0,0,0,0,1,0,0,0,102
train,vgr_train_storage_cycle_02,0.0,0.0,0.0,0.0,0.0,1.0,1.0,1451.0,908.0,704.0,0.0,1.0,1.0,0.0,0.0,1.0,3253.0,5199.0,1.0,0,0,0,0,0,0,1,0,0,0,103
train,vgr_train_storage_cycle_02,0.0,0.0,0.0,0.0,0.0,1.0,1.0,2458.0,156.0,423.0,0.0,1.0,1.0,0.0,0.0,1.0,2883.0,5199.0,1.0,0,0,0,0,0,0,1,0,0,0,102
train,vgr_train_storage_cycle_02,0.0,0.0,0.0,0.0,0.0,1.0,1.0,1448.0,908.0,703.0,0.0,0.0,1.0,0.0,1.0,0.0,2802.0,17.0,1.0,0,0,0,0,0,0,1,0,0,0,104
train,vgr_train_storage_cycle_02,1.0,0.0,0.0,0.0,0.0,1.0,1.0,0.0,604.0,5352.0,0.0,1.0,0.0,0.0,1.0,0.0,2802.0,17.0,1.0,0,0,0,0,0,0,1,0,0,0,105
train,vgr_train_storage_cycle_02,0.0,0.0,0.0,0.0,0.0,0.0,0.0,400.0,604.0,5352.0,0.0,1.0,0.0,0.0,1.0,0.0,2802.0,17.0,1.0,0,0,0,0,0,0,1,0,0,0,0
train,vgr_train_storage_cycle_02,0.0,0.0,0.0,0.0,0.0,0.0,0.0,400.0,604.0,5352.0,0.0,0.0,1.0,0.0,1.0,0.0,2802.0,17.0,1.0,0,0,0,0,0,0,1,0,0,0,0
train,vgr_train_storage_cycle_02,0.0,0.0,0.0,0.0,0.0,0.0,0.0,400.0,604.0,5352.0,0.0,1.0,1.0,0.0,0.0,1.0,2881.0,5198.0,1.0,0,0,0,0,0,0,1,0,0,0,0
train,vgr_train_storage_cycle_02,0.0,0.0,0.0,0.0,0.0,0.0,0.0,400.0,604.0,5352.0,0.0,1.0,1.0,0.0,0.0,1.0,3250.0,5198.0,1.0,0,0,0,0,0,0,1,0,0,0,301
train,vgr_train_storage_cycle_02,1.0,1.0,1.0,0.0,0.0,0.0,0.0,0.0,0.0,0.0,1.0,1.0,1.0,1.0,0.0,1.0,0.0,0.0,1.0,0,0,0,0,0,0,0,1,0,0,0
train,vgr_train_storage_cycle_02,1.0,1.0,1.0,0.0,0.0,0.0,0.0,0.0,0.0,0.0,1.0,1.0,1.0,1.0,0.0,1.0,0.0,0.0,0.0,0,0,0,0,0,0,0,1,0,0,101
train,vgr_train_storage_cycle_02,0.0,0.0,0.0,0.0,0.0,1.0,1.0,398.0,26.0,33.0,1.0,1.0,1.0,1.0,0.0,1.0,0.0,0.0,1.0,0,0,0,0,0,0,0,1,0,0,102
train,vgr_train_storage_cycle_02,0.0,0.0,0.0,0.0,0.0,1.0,1.0,1453.0,906.0,705.0,0.0,1.0,1.0,0.0,0.0,1.0,399.0,7560.0,1.0,0,0,0,0,0,0,0,1,0,0,103
train,vgr_train_storage_cycle_02,0.0,0.0,0.0,0.0,0.0,1.0,1.0,2460.0,157.0,426.0,0.0,1.0,1.0,0.0,0.0,1.0,36.0,7560.0,1.0,0,0,0,0,0,0,0,1,0,0,102
train,vgr_train_storage_cycle_02,0.0,0.0,0.0,0.0,0.0,1.0,1.0,1450.0,909.0,700.0,0.0,0.0,1.0,0.0,1.0,0.0,2802.0,17.0,1.0,0,0,0,0,0,0,0,1,0,0,104
train,vgr_train_storage_cycle_02,1.0,0.0,0.0,0.0,0.0,1.0,1.0,0.0,603.0,5350.0,0.0,1.0,0.0,0.0,1.0,0.0,2802.0,17.0,1.0,0,0,0,0,0,0,0,1,0,0,105
train,vgr_train_storage_cycle_02,0.0,0.0,0.0,0.0,0.0,0.0,0.0,400.0,603.0,5350.0,0.0,1.0,0.0,0.0,1.0,0.0,2802.0,17.0,1.0,0,0,0,0,0,0,0,1,0,0,0
train,vgr_train_storage_cycle_02,0.0,0.0,0.0,0.0,0.0,0.0,0.0,400.0,603.0,5350.0,0.0,0.0,1.0,0.0,1.0,0.0,2802.0,17.0,1.0,0,0,0,0,0,0,0,1,0,0,0
train,vgr_train_storage_cycle_02,0.0,0.0,0.0,0.0,0.0,0.0,0.0,400.0,603.0,5350.0,0.0,1.0,1.0,0.0,0.0,1.0,34.0,7559.0,1.0,0,0,0,0,0,0,0,1,0,0,0
train,vgr_train_storage_cycle_02,0.0,0.0,0.0,0.0,0.0,0.0,0.0,400.0,603.0,5350.0,0.0,1.0,1.0,0.0,0.0,1.0,403.0,7559.0,1.0,0,0,0,0,0,0,0,1,0,0,301
train,vgr_train_storage_cycle_02,1.0,1.0,1.0,0.0,0.0,0.0,0.0,0.0,0.0,0.0,1.0,1.0,1.0,1.0,0.0,1.0,0.0,0.0,1.0,0,0,0,0,0,0,0,0,1,0,0
train,vgr_train_storage_cycle_02,1.0,1.0,1.0,0.0,0.0,0.0,0.0,0.0,0.0,0.0,1.0,1.0,1.0,1.0,0.0,1.0,0.0,0.0,1.0,0,0,0,0,0,0,0,0,1,0,0
train,vgr_train_storage_cycle_02,1.0,1.0,1.0,0.0,0.0,0.0,0.0,0.0,0.0,0.0,1.0,1.0,1.0,1.0,0.0,1.0,0.0,0.0,1.0,0,0,0,0,0,0,0,0,1,0,0
train,vgr_train_storage_cycle_02,1.0,1.0,1.0,0.0,0.0,0.0,0.0,0.0,0.0,0.0,1.0,1.0,1.0,1.0,0.0,1.0,0.0,0.0,1.0,0,0,0,0,0,0,0,0,1,0,0
train,vgr_train_storage_cycle_02,1.0,1.0,1.0,0.0,0.0,0.0,0.0,0.0,0.0,0.0,1.0,1.0,1.0,1.0,0.0,1.0,0.0,0.0,1.0,0,0,0,0,0,0,0,0,1,0,0
train,vgr_train_storage_cycle_02,1.0,1.0,1.0,0.0,0.0,0.0,0.0,0.0,0.0,0.0,1.0,1.0,1.0,1.0,0.0,1.0,0.0,0.0,1.0,0,0,0,0,0,0,0,0,1,0,0
train,vgr_train_storage_cycle_02,1.0,1.0,1.0,0.0,0.0,0.0,0.0,0.0,0.0,0.0,1.0,1.0,1.0,1.0,0.0,1.0,0.0,0.0,0.0,0,0,0,0,0,0,0,0,1,0,101
train,vgr_train_storage_cycle_02,0.0,0.0,0.0,0.0,0.0,1.0,1.0,390.0,26.0,32.0,1.0,1.0,1.0,1.0,0.0,1.0,0.0,0.0,1.0,0,0,0,0,0,0,0,0,1,0,102
train,vgr_train_storage_cycle_02,0.0,0.0,0.0,0.0,0.0,1.0,1.0,1447.0,906.0,700.0,0.0,1.0,1.0,0.0,0.0,1.0,1754.0,7559.0,1.0,0,0,0,0,0,0,0,0,1,0,103
train,vgr_train_storage_cycle_02,0.0,0.0,0.0,0.0,0.0,1.0,1.0,2456.0,156.0,424.0,0.0,1.0,1.0,0.0,0.0,1.0,1386.0,7559.0,1.0,0,0,0,0,0,0,0,0,1,0,102
train,vgr_train_storage_cycle_02,0.0,0.0,0.0,0.0,0.0,1.0,1.0,1446.0,904.0,703.0,0.0,0.0,1.0,0.0,1.0,0.0,2804.0,17.0,1.0,0,0,0,0,0,0,0,0,1,0,104
train,vgr_train_storage_cycle_02,1.0,0.0,0.0,0.0,0.0,1.0,1.0,0.0,606.0,5351.0,0.0,1.0,0.0,0.0,1.0,0.0,2804.0,17.0,1.0,0,0,0,0,0,0,0,0,1,0,105
train,vgr_train_storage_cycle_02,0.0,0.0,0.0,0.0,0.0,0.0,0.0,401.0,606.0,5351.0,0.0,1.0,0.0,0.0,1.0,0.0,2804.0,17.0,1.0,0,0,0,0,0,0,0,0,1,0,0
train,vgr_train_storage_cycle_02,0.0,0.0,0.0,0.0,0.0,0.0,0.0,401.0,606.0,5351.0,0.0,0.0,1.0,0.0,1.0,0.0,2804.0,17.0,1.0,0,0,0,0,0,0,0,0,1,0,0
train,vgr_train_storage_cycle_02,0.0,0.0,0.0,0.0,0.0,0.0,0.0,401.0,606.0,5351.0,0.0,1.0,1.0,0.0,0.0,1.0,1383.0,7559.0,1.0,0,0,0,0,0,0,0,0,1,0,0
train,vgr_train_storage_cycle_02,0.0,0.0,0.0,0.0,0.0,0.0,0.0,401.0,606.0,5351.0,0.0,1.0,1.0,0.0,0.0,1.0,1751.0,7559.0,1.0,0,0,0,0,0,0,0,0,1,0,301
train,vgr_train_storage_cycle_02,1.0,1.0,1.0,0.0,0.0,0.0,0.0,0.0,0.0,0.0,1.0,1.0,1.0,1.0,0.0,1.0,0.0,0.0,1.0,0,0,0,0,0,0,0,0,0,1,0
train,vgr_train_storage_cycle_02,1.0,1.0,1.0,0.0,0.0,0.0,0.0,0.0,0.0,0.0,1.0,1.0,1.0,1.0,0.0,1.0,0.0,0.0,1.0,0,0,0,0,0,0,0,0,0,1,0
train,vgr_train_storage_cycle_02,1.0,1.0,1.0,0.0,0.0,0.0,0.0,0.0,0.0,0.0,1.0,1.0,1.0,1.0,0.0,1.0,0.0,0.0,1.0,0,0,0,0,0,0,0,0,0,1,0
train,vgr_train_storage_cycle_02,1.0,1.0,1.0,0.0,0.0,0.0,0.0,0.0,0.0,0.0,1.0,1.0,1.0,1.0,0.0,1.0,0.0,0.0,1.0,0,0,0,0,0,0,0,0,0,1,0
train,vgr_train_storage_cycle_02,1.0,1.0,1.0,0.0,0.0,0.0,0.0,0.0,0.0,0.0,1.0,1.0,1.0,1.0,0.0,1.0,0.0,0.0,1.0,0,0,0,0,0,0,0,0,0,1,0
train,vgr_train_storage_cycle_02,1.0,1.0,1.0,0.0,0.0,0.0,0.0,0.0,0.0,0.0,1.0,1.0,1.0,1.0,0.0,1.0,0.0,0.0,0.0,0,0,0,0,0,0,0,0,0,1,101
train,vgr_train_storage_cycle_02,0.0,0.0,0.0,0.0,0.0,1.0,1.0,396.0,26.0,34.0,1.0,1.0,1.0,1.0,0.0,1.0,0.0,0.0,1.0,0,0,0,0,0,0,0,0,0,1,102
train,vgr_train_storage_cycle_02,0.0,0.0,0.0,0.0,0.0,1.0,1.0,1452.0,910.0,704.0,0.0,1.0,1.0,0.0,0.0,1.0,3250.0,7556.0,1.0,0,0,0,0,0,0,0,0,0,1,103
train,vgr_train_storage_cycle_02,0.0,0.0,0.0,0.0,0.0,1.0,1.0,2460.0,156.0,424.0,0.0,1.0,1.0,0.0,0.0,1.0,2887.0,7556.0,1.0,0,0,0,0,0,0,0,0,0,1,102
train,vgr_train_storage_cycle_02,0.0,0.0,0.0,0.0,0.0,1.0,1.0,1449.0,908.0,702.0,0.0,0.0,1.0,0.0,1.0,0.0,2802.0,19.0,1.0,0,0,0,0,0,0,0,0,0,1,104
train,vgr_train_storage_cycle_02,1.0,0.0,0.0,0.0,1.0,1.0,1.0,0.0,483.0,5348.0,0.0,1.0,0.0,0.0,1.0,0.0,2802.0,19.0,1.0,0,0,0,0,0,0,0,0,0,1,105
train,vgr_train_storage_cycle_02,0.0,0.0,0.0,0.0,0.0,0.0,0.0,398.0,608.0,5348.0,0.0,1.0,0.0,0.0,1.0,0.0,2802.0,19.0,1.0,0,0,0,0,0,0,0,0,0,1,0
train,vgr_train_storage_cycle_02,0.0,0.0,0.0,0.0,0.0,0.0,0.0,398.0,608.0,5348.0,0.0,0.0,1.0,0.0,1.0,0.0,2802.0,19.0,1.0,0,0,0,0,0,0,0,0,0,1,0
train,vgr_train_storage_cycle_02,0.0,0.0,0.0,0.0,0.0,0.0,0.0,398.0,608.0,5348.0,0.0,1.0,1.0,0.0,0.0,1.0,2883.0,7560.0,1.0,0,0,0,0,0,0,0,0,0,1,0
train,vgr_train_storage_cycle_02,0.0,0.0,0.0,0.0,0.0,0.0,0.0,398.0,608.0,5348.0,0.0,1.0,1.0,0.0,0.0,1.0,3252.0,7560.0,1.0,0,0,0,0,0,0,0,0,0,1,301
train,vgr_train_storage_cycle_02,1.0,1.0,1.0,0.0,0.0,0.0,0.0,0.0,0.0,0.0,1.0,1.0,1.0,1.0,0.0,1.0,0.0,0.0,1.0,1,0,0,0,0,0,0,0,0,0,0
train,vgr_train_storage_cycle_02,1.0,1.0,1.0,0.0,0.0,0.0,0.0,0.0,0.0,0.0,1.0,1.0,1.0,1.0,0.0,1.0,0.0,0.0,1.0,1,0,0,0,0,0,0,0,0,0,0
train,vgr_train_storage_cycle_02,1.0,1.0,1.0,0.0,0.0,0.0,0.0,0.0,0.0,0.0,1.0,1.0,1.0,1.0,0.0,1.0,0.0,0.0,1.0,1,0,0,0,0,0,0,0,0,0,0
train,vgr_train_storage_cycle_02,1.0,1.0,1.0,0.0,0.0,0.0,0.0,0.0,0.0,0.0,1.0,1.0,1.0,1.0,0.0,1.0,0.0,0.0,1.0,1,0,0,0,0,0,0,0,0,0,0
train,vgr_train_storage_cycle_02,1.0,1.0,1.0,0.0,0.0,0.0,0.0,0.0,0.0,0.0,1.0,1.0,1.0,1.0,0.0,1.0,0.0,0.0,1.0,1,0,0,0,0,0,0,0,0,0,0
train,vgr_train_storage_cycle_02,1.0,1.0,1.0,0.0,0.0,0.0,0.0,0.0,0.0,0.0,1.0,1.0,1.0,1.0,0.0,1.0,0.0,0.0,1.0,1,0,0,0,0,0,0,0,0,0,0
train,vgr_train_storage_cycle_02,1.0,1.0,1.0,0.0,0.0,0.0,0.0,0.0,0.0,0.0,1.0,1.0,1.0,1.0,0.0,1.0,0.0,0.0,0.0,1,0,0,0,0,0,0,0,0,0,0
train,vgr_train_storage_cycle_02,1.0,1.0,1.0,0.0,0.0,0.0,0.0,0.0,0.0,0.0,1.0,1.0,1.0,1.0,0.0,1.0,0.0,0.0,1.0,1,0,0,0,0,0,0,0,0,0,0
train,vgr_train_storage_cycle_02,1.0,1.0,1.0,0.0,0.0,0.0,0.0,0.0,0.0,0.0,1.0,1.0,1.0,1.0,0.0,1.0,0.0,0.0,1.0,1,0,0,0,0,0,0,0,0,0,0
train,vgr_train_storage_cycle_02,1.0,1.0,1.0,0.0,0.0,0.0,0.0,0.0,0.0,0.0,1.0,1.0,1.0,1.0,0.0,1.0,0.0,0.0,1.0,1,0,0,0,0,0,0,0,0,0,0
train,vgr_train_storage_cycle_02,1.0,1.0,1.0,0.0,0.0,0.0,0.0,0.0,0.0,0.0,1.0,1.0,1.0,1.0,0.0,1.0,0.0,0.0,1.0,1,0,0,0,0,0,0,0,0,0,0
train,vgr_train_storage_cycle_02,1.0,1.0,1.0,0.0,0.0,0.0,0.0,0.0,0.0,0.0,1.0,1.0,1.0,1.0,0.0,1.0,0.0,0.0,1.0,1,0,0,0,0,0,0,0,0,0,0
train,vgr_train_storage_cycle_02,1.0,1.0,1.0,0.0,0.0,0.0,0.0,0.0,0.0,0.0,1.0,1.0,1.0,1.0,0.0,1.0,0.0,0.0,1.0,1,0,0,0,0,0,0,0,0,0,0
train,vgr_train_storage_cycle_02,1.0,1.0,1.0,0.0,0.0,0.0,0.0,0.0,0.0,0.0,1.0,1.0,1.0,1.0,0.0,1.0,0.0,0.0,1.0,1,0,0,0,0,0,0,0,0,0,0
train,vgr_train_storage_cycle_02,1.0,1.0,1.0,0.0,0.0,0.0,0.0,0.0,0.0,0.0,1.0,1.0,1.0,1.0,0.0,1.0,0.0,0.0,0.0,1,0,0,0,0,0,0,0,0,0,0
train,vgr_train_storage_cycle_02,1.0,1.0,1.0,0.0,0.0,0.0,0.0,0.0,0.0,0.0,1.0,1.0,1.0,1.0,0.0,1.0,0.0,0.0,1.0,1,0,0,0,0,0,0,0,0,0,0
train,vgr_train_storage_cycle_02,1.0,1.0,1.0,0.0,0.0,0.0,0.0,0.0,0.0,0.0,1.0,1.0,1.0,1.0,0.0,1.0,0.0,0.0,1.0,1,0,0,0,0,0,0,0,0,0,0
train,vgr_train_storage_cycle_02,1.0,1.0,1.0,0.0,0.0,0.0,0.0,0.0,0.0,0.0,1.0,1.0,1.0,1.0,0.0,1.0,0.0,0.0,1.0,1,0,0,0,0,0,0,0,0,0,0
train,vgr_train_storage_cycle_02,1.0,1.0,1.0,0.0,0.0,0.0,0.0,0.0,0.0,0.0,1.0,1.0,1.0,1.0,0.0,1.0,0.0,0.0,1.0,1,0,0,0,0,0,0,0,0,0,0
train,vgr_train_storage_cycle_02,1.0,1.0,1.0,0.0,0.0,0.0,0.0,0.0,0.0,0.0,1.0,1.0,1.0,1.0,0.0,1.0,0.0,0.0,1.0,1,0,0,0,0,0,0,0,0,0,0
train,vgr_train_storage_cycle_02,1.0,1.0,1.0,0.0,0.0,0.0,0.0,0.0,0.0,0.0,1.0,1.0,1.0,1.0,0.0,1.0,0.0,0.0,1.0,1,0,0,0,0,0,0,0,0,0,0
train,vgr_train_storage_cycle_02,1.0,1.0,1.0,0.0,0.0,0.0,0.0,0.0,0.0,0.0,1.0,1.0,1.0,1.0,0.0,1.0,0.0,0.0,1.0,1,0,0,0,0,0,0,0,0,0,0
train,vgr_train_storage_cycle_02,1.0,1.0,1.0,0.0,0.0,0.0,0.0,0.0,0.0,0.0,1.0,1.0,1.0,1.0,0.0,1.0,0.0,0.0,1.0,1,0,0,0,0,0,0,0,0,0,0
train,vgr_train_storage_cycle_02,1.0,1.0,1.0,0.0,0.0,0.0,0.0,0.0,0.0,0.0,1.0,1.0,1.0,1.0,0.0,1.0,0.0,0.0,1.0,1,0,0,0,0,0,0,0,0,0,0
train,vgr_train_storage_cycle_02,1.0,1.0,1.0,0.0,0.0,0.0,0.0,0.0,0.0,0.0,1.0,1.0,1.0,1.0,0.0,1.0,0.0,0.0,1.0,1,0,0,0,0,0,0,0,0,0,0
train,vgr_train_storage_cycle_02,1.0,1.0,1.0,0.0,0.0,0.0,0.0,0.0,0.0,0.0,1.0,1.0,1.0,1.0,0.0,1.0,0.0,0.0,0.0,1,0,0,0,0,0,0,0,0,0,0
train,vgr_train_storage_cycle_02,1.0,1.0,1.0,0.0,0.0,0.0,0.0,0.0,0.0,0.0,1.0,1.0,1.0,1.0,0.0,1.0,0.0,0.0,1.0,1,0,0,0,0,0,0,0,0,0,0
train,vgr_train_storage_cycle_02,1.0,1.0,1.0,0.0,0.0,0.0,0.0,0.0,0.0,0.0,1.0,1.0,1.0,1.0,0.0,1.0,0.0,0.0,1.0,1,0,0,0,0,0,0,0,0,0,0
train,vgr_train_storage_cycle_02,1.0,1.0,1.0,0.0,0.0,0.0,0.0,0.0,0.0,0.0,1.0,1.0,1.0,1.0,0.0,1.0,0.0,0.0,1.0,1,0,0,0,0,0,0,0,0,0,0
train,vgr_train_storage_cycle_02,1.0,1.0,1.0,0.0,0.0,0.0,0.0,0.0,0.0,0.0,1.0,1.0,1.0,1.0,0.0,1.0,0.0,0.0,0.0,1,0,0,0,0,0,0,0,0,0,0
train,vgr_train_storage_cycle_02,1.0,1.0,1.0,0.0,0.0,0.0,0.0,0.0,0.0,0.0,1.0,1.0,1.0,1.0,0.0,1.0,0.0,0.0,1.0,1,0,0,0,0,0,0,0,0,0,0
train,vgr_train_storage_cycle_02,1.0,1.0,1.0,0.0,0.0,0.0,0.0,0.0,0.0,0.0,1.0,1.0,1.0,1.0,0.0,1.0,0.0,0.0,1.0,1,0,0,0,0,0,0,0,0,0,0
train,vgr_train_storage_cycle_02,1.0,1.0,1.0,0.0,0.0,0.0,0.0,0.0,0.0,0.0,1.0,1.0,1.0,1.0,0.0,1.0,0.0,0.0,1.0,1,0,0,0,0,0,0,0,0,0,0
train,vgr_train_storage_cycle_02,1.0,1.0,1.0,0.0,0.0,0.0,0.0,0.0,0.0,0.0,1.0,1.0,1.0,1.0,0.0,1.0,0.0,0.0,1.0,1,0,0,0,0,0,0,0,0,0,0
train,vgr_train_storage_cycle_02,1.0,1.0,1.0,0.0,0.0,0.0,0.0,0.0,0.0,0.0,1.0,1.0,1.0,1.0,0.0,1.0,0.0,0.0,1.0,1,0,0,0,0,0,0,0,0,0,0
train,vgr_train_storage_cycle_02,1.0,1.0,1.0,0.0,0.0,0.0,0.0,0.0,0.0,0.0,1.0,1.0,1.0,1.0,0.0,1.0,0.0,0.0,1.0,1,0,0,0,0,0,0,0,0,0,0
train,vgr_train_storage_cycle_02,1.0,1.0,1.0,0.0,0.0,0.0,0.0,0.0,0.0,0.0,1.0,1.0,1.0,1.0,0.0,1.0,0.0,0.0,1.0,1,0,0,0,0,0,0,0,0,0,0
train,vgr_train_storage_cycle_02,1.0,1.0,1.0,0.0,0.0,0.0,0.0,0.0,0.0,0.0,1.0,1.0,1.0,1.0,0.0,1.0,0.0,0.0,1.0,1,0,0,0,0,0,0,0,0,0,0
train,vgr_train_storage_cycle_02,1.0,1.0,1.0,0.0,0.0,0.0,0.0,0.0,0.0,0.0,1.0,1.0,1.0,1.0,0.0,1.0,0.0,0.0,1.0,1,0,0,0,0,0,0,0,0,0,0
train,vgr_train_storage_cycle_02,1.0,1.0,1.0,0.0,0.0,0.0,0.0,0.0,0.0,0.0,1.0,1.0,1.0,1.0,0.0,1.0,0.0,0.0,1.0,1,0,0,0,0,0,0,0,0,0,0
train,vgr_train_storage_cycle_02,1.0,1.0,1.0,0.0,0.0,0.0,0.0,0.0,0.0,0.0,1.0,1.0,1.0,1.0,0.0,1.0,0.0,0.0,1.0,1,0,0,0,0,0,0,0,0,0,0
train,vgr_train_storage_cycle_02,1.0,1.0,1.0,0.0,0.0,0.0,0.0,0.0,0.0,0.0,1.0,1.0,1.0,1.0,0.0,1.0,0.0,0.0,1.0,1,0,0,0,0,0,0,0,0,0,0
train,vgr_train_storage_cycle_02,1.0,1.0,1.0,0.0,0.0,0.0,0.0,0.0,0.0,0.0,1.0,1.0,1.0,1.0,0.0,1.0,0.0,0.0,1.0,1,0,0,0,0,0,0,0,0,0,0
train,vgr_train_storage_cycle_02,1.0,1.0,1.0,0.0,0.0,0.0,0.0,0.0,0.0,0.0,1.0,1.0,1.0,1.0,0.0,1.0,0.0,0.0,1.0,1,0,0,0,0,0,0,0,0,0,0
train,vgr_train_storage_cycle_02,1.0,1.0,1.0,0.0,0.0,0.0,0.0,0.0,0.0,0.0,1.0,1.0,1.0,1.0,0.0,1.0,0.0,0.0,1.0,1,0,0,0,0,0,0,0,0,0,0
train,vgr_train_storage_cycle_02,1.0,1.0,1.0,0.0,0.0,0.0,0.0,0.0,0.0,0.0,1.0,1.0,1.0,1.0,0.0,1.0,0.0,0.0,1.0,1,0,0,0,0,0,0,0,0,0,0
train,vgr_train_storage_cycle_02,1.0,1.0,1.0,0.0,0.0,0.0,0.0,0.0,0.0,0.0,1.0,1.0,1.0,1.0,0.0,1.0,0.0,0.0,1.0,1,0,0,0,0,0,0,0,0,0,0
train,vgr_train_storage_cycle_02,1.0,1.0,1.0,0.0,0.0,0.0,0.0,0.0,0.0,0.0,1.0,1.0,1.0,1.0,0.0,1.0,0.0,0.0,1.0,1,0,0,0,0,0,0,0,0,0,0
train,vgr_train_storage_cycle_02,1.0,1.0,1.0,0.0,0.0,0.0,0.0,0.0,0.0,0.0,1.0,1.0,1.0,1.0,0.0,1.0,0.0,0.0,1.0,1,0,0,0,0,0,0,0,0,0,0
train,vgr_train_storage_cycle_02,1.0,1.0,1.0,0.0,0.0,0.0,0.0,0.0,0.0,0.0,1.0,1.0,1.0,1.0,0.0,1.0,0.0,0.0,0.0,1,0,0,0,0,0,0,0,0,0,0
train,vgr_train_storage_cycle_02,1.0,1.0,1.0,0.0,0.0,0.0,0.0,0.0,0.0,0.0,1.0,1.0,1.0,1.0,0.0,1.0,0.0,0.0,1.0,1,0,0,0,0,0,0,0,0,0,0
train,vgr_train_storage_cycle_02,1.0,1.0,1.0,0.0,0.0,0.0,0.0,0.0,0.0,0.0,1.0,1.0,1.0,1.0,0.0,1.0,0.0,0.0,1.0,1,0,0,0,0,0,0,0,0,0,0
train,vgr_train_storage_cycle_02,1.0,1.0,1.0,0.0,0.0,0.0,0.0,0.0,0.0,0.0,1.0,1.0,1.0,1.0,0.0,1.0,0.0,0.0,1.0,1,0,0,0,0,0,0,0,0,0,0
train,vgr_train_storage_cycle_02,1.0,1.0,1.0,0.0,0.0,0.0,0.0,0.0,0.0,0.0,1.0,1.0,1.0,1.0,0.0,1.0,0.0,0.0,1.0,1,0,0,0,0,0,0,0,0,0,0
train,vgr_train_storage_cycle_02,1.0,1.0,1.0,0.0,0.0,0.0,0.0,0.0,0.0,0.0,1.0,1.0,1.0,1.0,0.0,1.0,0.0,0.0,1.0,1,0,0,0,0,0,0,0,0,0,0
train,vgr_train_storage_cycle_02,1.0,1.0,1.0,0.0,0.0,0.0,0.0,0.0,0.0,0.0,1.0,1.0,1.0,1.0,0.0,1.0,0.0,0.0,1.0,1,0,0,0,0,0,0,0,0,0,0
train,vgr_train_storage_cycle_02,1.0,1.0,1.0,0.0,0.0,0.0,0.0,0.0,0.0,0.0,1.0,1.0,1.0,1.0,0.0,1.0,0.0,0.0,1.0,1,0,0,0,0,0,0,0,0,0,0
train,vgr_train_storage_cycle_02,1.0,1.0,1.0,0.0,0.0,0.0,0.0,0.0,0.0,0.0,1.0,1.0,1.0,1.0,0.0,1.0,0.0,0.0,1.0,1,0,0,0,0,0,0,0,0,0,0
train,vgr_train_storage_cycle_02,1.0,1.0,1.0,0.0,0.0,0.0,0.0,0.0,0.0,0.0,1.0,1.0,1.0,1.0,0.0,1.0,0.0,0.0,1.0,1,0,0,0,0,0,0,0,0,0,0
train,vgr_train_storage_cycle_02,1.0,1.0,1.0,0.0,0.0,0.0,0.0,0.0,0.0,0.0,1.0,1.0,1.0,1.0,0.0,1.0,0.0,0.0,0.0,1,0,0,0,0,0,0,0,0,0,0
train,vgr_train_storage_cycle_02,1.0,1.0,1.0,0.0,0.0,0.0,0.0,0.0,0.0,0.0,1.0,1.0,1.0,1.0,0.0,1.0,0.0,0.0,1.0,1,0,0,0,0,0,0,0,0,0,0
train,vgr_train_storage_cycle_02,1.0,1.0,1.0,0.0,0.0,0.0,0.0,0.0,0.0,0.0,1.0,1.0,1.0,1.0,0.0,1.0,0.0,0.0,1.0,1,0,0,0,0,0,0,0,0,0,0
train,vgr_train_storage_cycle_02,1.0,1.0,1.0,0.0,0.0,0.0,0.0,0.0,0.0,0.0,1.0,1.0,1.0,1.0,0.0,1.0,0.0,0.0,1.0,1,0,0,0,0,0,0,0,0,0,0
train,vgr_train_storage_cycle_02,1.0,1.0,1.0,0.0,0.0,0.0,0.0,0.0,0.0,0.0,1.0,1.0,1.0,1.0,0.0,1.0,0.0,0.0,1.0,1,0,0,0,0,0,0,0,0,0,0
train,vgr_train_storage_cycle_02,1.0,1.0,1.0,0.0,0.0,0.0,0.0,0.0,0.0,0.0,1.0,1.0,1.0,1.0,0.0,1.0,0.0,0.0,1.0,1,0,0,0,0,0,0,0,0,0,0
train,vgr_train_storage_cycle_02,1.0,1.0,1.0,0.0,0.0,0.0,0.0,0.0,0.0,0.0,1.0,1.0,1.0,1.0,0.0,1.0,0.0,0.0,1.0,1,0,0,0,0,0,0,0,0,0,0
train,vgr_train_storage_cycle_02,1.0,1.0,1.0,0.0,0.0,0.0,0.0,0.0,0.0,0.0,1.0,1.0,1.0,1.0,0.0,1.0,0.0,0.0,1.0,1,0,0,0,0,0,0,0,0,0,0
train,vgr_train_storage_cycle_02,1.0,1.0,1.0,0.0,0.0,0.0,0.0,0.0,0.0,0.0,1.0,1.0,1.0,1.0,0.0,1.0,0.0,0.0,1.0,1,0,0,0,0,0,0,0,0,0,0
train,vgr_train_storage_cycle_02,1.0,1.0,1.0,0.0,0.0,0.0,0.0,0.0,0.0,0.0,1.0,1.0,1.0,1.0,0.0,1.0,0.0,0.0,0.0,1,0,0,0,0,0,0,0,0,0,0
train,vgr_train_storage_cycle_02,1.0,1.0,1.0,0.0,0.0,0.0,0.0,0.0,0.0,0.0,1.0,1.0,1.0,1.0,0.0,1.0,0.0,0.0,1.0,1,0,0,0,0,0,0,0,0,0,0
train,vgr_train_storage_cycle_02,1.0,1.0,1.0,0.0,0.0,0.0,0.0,0.0,0.0,0.0,1.0,1.0,1.0,1.0,0.0,1.0,0.0,0.0,1.0,1,0,0,0,0,0,0,0,0,0,0
train,vgr_train_storage_cycle_02,1.0,1.0,1.0,0.0,0.0,0.0,0.0,0.0,0.0,0.0,1.0,1.0,1.0,1.0,0.0,1.0,0.0,0.0,1.0,1,0,0,0,0,0,0,0,0,0,0
train,vgr_train_storage_cycle_02,1.0,1.0,1.0,0.0,0.0,0.0,0.0,0.0,0.0,0.0,1.0,1.0,1.0,1.0,0.0,1.0,0.0,0.0,1.0,1,0,0,0,0,0,0,0,0,0,0
train,vgr_train_storage_cycle_02,1.0,1.0,1.0,0.0,0.0,0.0,0.0,0.0,0.0,0.0,1.0,1.0,1.0,1.0,0.0,1.0,0.0,0.0,1.0,1,0,0,0,0,0,0,0,0,0,0
train,vgr_train_storage_cycle_02,1.0,1.0,1.0,0.0,0.0,0.0,0.0,0.0,0.0,0.0,1.0,1.0,1.0,1.0,0.0,1.0,0.0,0.0,1.0,1,0,0,0,0,0,0,0,0,0,0
train,vgr_train_storage_cycle_02,1.0,1.0,1.0,0.0,0.0,0.0,0.0,0.0,0.0,0.0,1.0,1.0,1.0,1.0,0.0,1.0,0.0,0.0,1.0,1,0,0,0,0,0,0,0,0,0,0
train,vgr_train_storage_cycle_02,1.0,1.0,1.0,0.0,0.0,0.0,0.0,0.0,0.0,0.0,1.0,1.0,1.0,1.0,0.0,1.0,0.0,0.0,1.0,1,0,0,0,0,0,0,0,0,0,0
train,vgr_train_storage_cycle_02,1.0,1.0,1.0,0.0,0.0,0.0,0.0,0.0,0.0,0.0,1.0,1.0,1.0,1.0,0.0,1.0,0.0,0.0,1.0,1,0,0,0,0,0,0,0,0,0,0
train,vgr_train_storage_cycle_02,1.0,1.0,1.0,0.0,0.0,0.0,0.0,0.0,0.0,0.0,1.0,1.0,1.0,1.0,0.0,1.0,0.0,0.0,1.0,1,0,0,0,0,0,0,0,0,0,0
train,vgr_train_storage_cycle_02,1.0,1.0,1.0,0.0,0.0,0.0,0.0,0.0,0.0,0.0,1.0,1.0,1.0,1.0,0.0,1.0,0.0,0.0,1.0,1,0,0,0,0,0,0,0,0,0,0
train,vgr_train_storage_cycle_02,1.0,1.0,1.0,0.0,0.0,0.0,0.0,0.0,0.0,0.0,1.0,1.0,1.0,1.0,0.0,1.0,0.0,0.0,1.0,1,0,0,0,0,0,0,0,0,0,0
train,vgr_train_storage_cycle_02,1.0,1.0,1.0,0.0,0.0,0.0,0.0,0.0,0.0,0.0,1.0,1.0,1.0,1.0,0.0,1.0,0.0,0.0,1.0,1,0,0,0,0,0,0,0,0,0,0
train,vgr_train_storage_cycle_02,1.0,1.0,1.0,0.0,0.0,0.0,0.0,0.0,0.0,0.0,1.0,1.0,1.0,1.0,0.0,1.0,0.0,0.0,0.0,1,0,0,0,0,0,0,0,0,0,0
train,vgr_train_storage_cycle_02,1.0,1.0,1.0,0.0,0.0,0.0,0.0,0.0,0.0,0.0,1.0,1.0,1.0,1.0,0.0,1.0,0.0,0.0,1.0,1,0,0,0,0,0,0,0,0,0,0
train,vgr_train_storage_cycle_02,1.0,1.0,1.0,0.0,0.0,0.0,0.0,0.0,0.0,0.0,1.0,1.0,1.0,1.0,0.0,1.0,0.0,0.0,1.0,1,0,0,0,0,0,0,0,0,0,0
train,vgr_train_storage_cycle_02,1.0,1.0,1.0,0.0,0.0,0.0,0.0,0.0,0.0,0.0,1.0,1.0,1.0,1.0,0.0,1.0,0.0,0.0,1.0,1,0,0,0,0,0,0,0,0,0,0
train,vgr_train_storage_cycle_02,1.0,1.0,1.0,0.0,0.0,0.0,0.0,0.0,0.0,0.0,1.0,1.0,1.0,1.0,0.0,1.0,0.0,0.0,1.0,1,0,0,0,0,0,0,0,0,0,0
train,vgr_train_storage_cycle_02,1.0,1.0,1.0,0.0,0.0,0.0,0.0,0.0,0.0,0.0,1.0,1.0,1.0,1.0,0.0,1.0,0.0,0.0,1.0,1,0,0,0,0,0,0,0,0,0,0
train,vgr_train_storage_cycle_02,1.0,1.0,1.0,0.0,0.0,0.0,0.0,0.0,0.0,0.0,1.0,1.0,1.0,1.0,0.0,1.0,0.0,0.0,1.0,1,0,0,0,0,0,0,0,0,0,0
train,vgr_train_storage_cycle_02,1.0,1.0,1.0,0.0,0.0,0.0,0.0,0.0,0.0,0.0,1.0,1.0,1.0,1.0,0.0,1.0,0.0,0.0,1.0,1,0,0,0,0,0,0,0,0,0,0
train,vgr_train_storage_cycle_02,1.0,1.0,1.0,0.0,0.0,0.0,0.0,0.0,0.0,0.0,1.0,1.0,1.0,1.0,0.0,1.0,0.0,0.0,1.0,1,0,0,0,0,0,0,0,0,0,0
train,vgr_train_storage_cycle_02,1.0,1.0,1.0,0.0,0.0,0.0,0.0,0.0,0.0,0.0,1.0,1.0,1.0,1.0,0.0,1.0,0.0,0.0,1.0,1,0,0,0,0,0,0,0,0,0,0
train,vgr_train_storage_cycle_02,1.0,1.0,1.0,0.0,0.0,0.0,0.0,0.0,0.0,0.0,1.0,1.0,1.0,1.0,0.0,1.0,0.0,0.0,1.0,1,0,0,0,0,0,0,0,0,0,0
train,vgr_train_storage_cycle_02,1.0,1.0,1.0,0.0,0.0,0.0,0.0,0.0,0.0,0.0,1.0,1.0,1.0,1.0,0.0,1.0,0.0,0.0,1.0,1,0,0,0,0,0,0,0,0,0,0
train,vgr_train_storage_cycle_02,1.0,1.0,1.0,0.0,0.0,0.0,0.0,0.0,0.0,0.0,1.0,1.0,1.0,1.0,0.0,1.0,0.0,0.0,0.0,1,0,0,0,0,0,0,0,0,0,0
train,vgr_train_storage_cycle_02,1.0,1.0,1.0,0.0,0.0,0.0,0.0,0.0,0.0,0.0,1.0,1.0,1.0,1.0,0.0,1.0,0.0,0.0,1.0,1,0,0,0,0,0,0,0,0,0,0
train,vgr_train_storage_cycle_02,1.0,1.0,1.0,0.0,0.0,0.0,0.0,0.0,0.0,0.0,1.0,1.0,1.0,1.0,0.0,1.0,0.0,0.0,1.0,1,0,0,0,0,0,0,0,0,0,0
train,vgr_train_storage_cycle_02,1.0,1.0,1.0,0.0,0.0,0.0,0.0,0.0,0.0,0.0,1.0,1.0,1.0,1.0,0.0,1.0,0.0,0.0,1.0,1,0,0,0,0,0,0,0,0,0,0
train,vgr_train_storage_cycle_02,1.0,1.0,1.0,0.0,0.0,0.0,0.0,0.0,0.0,0.0,1.0,1.0,1.0,1.0,0.0,1.0,0.0,0.0,1.0,1,0,0,0,0,0,0,0,0,0,0
train,vgr_train_storage_cycle_02,1.0,1.0,1.0,0.0,0.0,0.0,0.0,0.0,0.0,0.0,1.0,1.0,1.0,1.0,0.0,1.0,0.0,0.0,1.0,1,0,0,0,0,0,0,0,0,0,0
train,vgr_train_storage_cycle_02,1.0,1.0,1.0,0.0,0.0,0.0,0.0,0.0,0.0,0.0,1.0,1.0,1.0,1.0,0.0,1.0,0.0,0.0,1.0,1,0,0,0,0,0,0,0,0,0,0
train,vgr_train_storage_cycle_02,1.0,1.0,1.0,0.0,0.0,0.0,0.0,0.0,0.0,0.0,1.0,1.0,1.0,1.0,0.0,1.0,0.0,0.0,1.0,1,0,0,0,0,0,0,0,0,0,0
train,vgr_train_storage_cycle_02,1.0,1.0,1.0,0.0,0.0,0.0,0.0,0.0,0.0,0.0,1.0,1.0,1.0,1.0,0.0,1.0,0.0,0.0,1.0,1,0,0,0,0,0,0,0,0,0,0
train,vgr_train_storage_cycle_02,1.0,1.0,1.0,0.0,0.0,0.0,0.0,0.0,0.0,0.0,1.0,1.0,1.0,1.0,0.0,1.0,0.0,0.0,1.0,1,0,0,0,0,0,0,0,0,0,0
train,vgr_train_storage_cycle_02,1.0,1.0,1.0,0.0,0.0,0.0,0.0,0.0,0.0,0.0,1.0,1.0,1.0,1.0,0.0,1.0,0.0,0.0,1.0,0,1,0,0,0,0,0,0,0,0,0
train,vgr_train_storage_cycle_02,1.0,1.0,1.0,0.0,0.0,0.0,0.0,0.0,0.0,0.0,1.0,1.0,1.0,1.0,0.0,1.0,0.0,0.0,1.0,0,1,0,0,0,0,0,0,0,0,0
train,vgr_train_storage_cycle_02,1.0,1.0,1.0,0.0,0.0,0.0,0.0,0.0,0.0,0.0,1.0,1.0,1.0,1.0,0.0,1.0,0.0,0.0,1.0,0,1,0,0,0,0,0,0,0,0,0
train,vgr_train_storage_cycle_02,1.0,1.0,1.0,0.0,0.0,0.0,0.0,0.0,0.0,0.0,1.0,1.0,1.0,1.0,0.0,1.0,0.0,0.0,1.0,0,1,0,0,0,0,0,0,0,0,0
train,vgr_train_storage_cycle_02,1.0,1.0,1.0,0.0,0.0,0.0,0.0,0.0,0.0,0.0,1.0,1.0,1.0,1.0,0.0,1.0,0.0,0.0,1.0,0,1,0,0,0,0,0,0,0,0,0
train,vgr_train_storage_cycle_02,1.0,1.0,1.0,0.0,0.0,0.0,0.0,0.0,0.0,0.0,1.0,1.0,1.0,1.0,0.0,1.0,0.0,0.0,1.0,0,1,0,0,0,0,0,0,0,0,0
train,vgr_train_storage_cycle_02,1.0,1.0,1.0,0.0,0.0,0.0,0.0,0.0,0.0,0.0,1.0,1.0,1.0,1.0,0.0,1.0,0.0,0.0,1.0,0,1,0,0,0,0,0,0,0,0,0
train,vgr_train_storage_cycle_02,1.0,1.0,1.0,0.0,0.0,0.0,0.0,0.0,0.0,0.0,1.0,1.0,1.0,1.0,0.0,1.0,0.0,0.0,1.0,0,1,0,0,0,0,0,0,0,0,0
train,vgr_train_storage_cycle_02,1.0,1.0,1.0,0.0,0.0,0.0,0.0,0.0,0.0,0.0,1.0,1.0,1.0,1.0,0.0,1.0,0.0,0.0,1.0,0,1,0,0,0,0,0,0,0,0,0
train,vgr_train_storage_cycle_02,1.0,1.0,1.0,0.0,0.0,0.0,0.0,0.0,0.0,0.0,1.0,1.0,1.0,1.0,0.0,1.0,0.0,0.0,1.0,0,1,0,0,0,0,0,0,0,0,0
train,vgr_train_storage_cycle_02,1.0,1.0,1.0,0.0,0.0,0.0,0.0,0.0,0.0,0.0,1.0,1.0,1.0,1.0,0.0,1.0,0.0,0.0,0.0,0,1,0,0,0,0,0,0,0,0,101
train,vgr_train_storage_cycle_02,0.0,0.0,0.0,0.0,0.0,1.0,1.0,391.0,26.0,32.0,1.0,1.0,1.0,1.0,0.0,1.0,0.0,0.0,1.0,0,1,0,0,0,0,0,0,0,0,102
train,vgr_train_storage_cycle_02,0.0,0.0,0.0,0.0,0.0,1.0,1.0,1451.0,908.0,704.0,0.0,1.0,1.0,0.0,0.0,1.0,404.0,2869.0,1.0,0,1,0,0,0,0,0,0,0,0,103
train,vgr_train_storage_cycle_02,0.0,0.0,0.0,0.0,0.0,1.0,1.0,2453.0,160.0,428.0,0.0,1.0,1.0,0.0,0.0,1.0,37.0,2869.0,1.0,0,1,0,0,0,0,0,0,0,0,102
train,vgr_train_storage_cycle_02,0.0,0.0,0.0,0.0,0.0,1.0,1.0,1447.0,905.0,706.0,0.0,0.0,1.0,0.0,1.0,0.0,2799.0,16.0,1.0,0,1,0,0,0,0,0,0,0,0,104
train,vgr_train_storage_cycle_02,1.0,0.0,0.0,1.0,1.0,1.0,1.0,0.0,604.0,5348.0,0.0,1.0,0.0,0.0,1.0,0.0,2799.0,16.0,1.0,0,1,0,0,0,0,0,0,0,0,105
train,vgr_train_storage_cycle_02,0.0,0.0,0.0,0.0,0.0,0.0,0.0,398.0,604.0,5348.0,0.0,1.0,0.0,0.0,1.0,0.0,2799.0,16.0,1.0,0,1,0,0,0,0,0,0,0,0,0
train,vgr_train_storage_cycle_02,0.0,0.0,0.0,0.0,0.0,0.0,0.0,398.0,604.0,5348.0,0.0,0.0,1.0,0.0,1.0,0.0,2799.0,16.0,1.0,0,1,0,0,0,0,0,0,0,0,0
train,vgr_train_storage_cycle_02,0.0,0.0,0.0,0.0,0.0,0.0,0.0,398.0,604.0,5348.0,0.0,1.0,1.0,0.0,0.0,1.0,35.0,2870.0,1.0,0,1,0,0,0,0,0,0,0,0,0
train,vgr_train_storage_cycle_02,0.0,0.0,0.0,0.0,0.0,0.0,0.0,398.0,604.0,5348.0,0.0,1.0,1.0,0.0,0.0,1.0,402.0,2870.0,1.0,0,1,0,0,0,0,0,0,0,0,301
train,vgr_train_storage_cycle_02,1.0,1.0,1.0,0.0,0.0,0.0,0.0,0.0,0.0,0.0,1.0,1.0,1.0,1.0,0.0,1.0,0.0,0.0,1.0,0,0,1,0,0,0,0,0,0,0,0
train,vgr_train_storage_cycle_02,1.0,1.0,1.0,0.0,0.0,0.0,0.0,0.0,0.0,0.0,1.0,1.0,1.0,1.0,0.0,1.0,0.0,0.0,1.0,0,0,1,0,0,0,0,0,0,0,0
train,vgr_train_storage_cycle_02,1.0,1.0,1.0,0.0,0.0,0.0,0.0,0.0,0.0,0.0,1.0,1.0,1.0,1.0,0.0,1.0,0.0,0.0,1.0,0,0,1,0,0,0,0,0,0,0,0
train,vgr_train_storage_cycle_02,1.0,1.0,1.0,0.0,0.0,0.0,0.0,0.0,0.0,0.0,1.0,1.0,1.0,1.0,0.0,1.0,0.0,0.0,1.0,0,0,1,0,0,0,0,0,0,0,0
train,vgr_train_storage_cycle_02,1.0,1.0,1.0,0.0,0.0,0.0,0.0,0.0,0.0,0.0,1.0,1.0,1.0,1.0,0.0,1.0,0.0,0.0,1.0,0,0,1,0,0,0,0,0,0,0,0
train,vgr_train_storage_cycle_02,1.0,1.0,1.0,0.0,0.0,0.0,0.0,0.0,0.0,0.0,1.0,1.0,1.0,1.0,0.0,1.0,0.0,0.0,1.0,0,0,1,0,0,0,0,0,0,0,0
train,vgr_train_storage_cycle_02,1.0,1.0,1.0,0.0,0.0,0.0,0.0,0.0,0.0,0.0,1.0,1.0,1.0,1.0,0.0,1.0,0.0,0.0,1.0,0,0,1,0,0,0,0,0,0,0,0
train,vgr_train_storage_cycle_02,1.0,1.0,1.0,0.0,0.0,0.0,0.0,0.0,0.0,0.0,1.0,1.0,1.0,1.0,0.0,1.0,0.0,0.0,1.0,0,0,1,0,0,0,0,0,0,0,0
train,vgr_train_storage_cycle_02,1.0,1.0,1.0,0.0,0.0,0.0,0.0,0.0,0.0,0.0,1.0,1.0,1.0,1.0,0.0,1.0,0.0,0.0,1.0,0,0,1,0,0,0,0,0,0,0,0
train,vgr_train_storage_cycle_02,1.0,1.0,1.0,0.0,0.0,0.0,0.0,0.0,0.0,0.0,1.0,1.0,1.0,1.0,0.0,1.0,0.0,0.0,1.0,0,0,1,0,0,0,0,0,0,0,0
train,vgr_train_storage_cycle_02,1.0,1.0,1.0,0.0,0.0,0.0,0.0,0.0,0.0,0.0,1.0,1.0,1.0,1.0,0.0,1.0,0.0,0.0,0.0,0,0,1,0,0,0,0,0,0,0,101
train,vgr_train_storage_cycle_02,0.0,0.0,0.0,0.0,0.0,1.0,1.0,394.0,26.0,33.0,1.0,1.0,1.0,1.0,0.0,1.0,0.0,0.0,1.0,0,0,1,0,0,0,0,0,0,0,102
train,vgr_train_storage_cycle_02,0.0,0.0,0.0,0.0,0.0,1.0,1.0,1452.0,904.0,703.0,0.0,1.0,1.0,0.0,0.0,1.0,1753.0,2869.0,1.0,0,0,1,0,0,0,0,0,0,0,103
train,vgr_train_storage_cycle_02,0.0,0.0,0.0,0.0,0.0,1.0,1.0,2456.0,156.0,426.0,0.0,1.0,1.0,0.0,0.0,1.0,1382.0,2869.0,1.0,0,0,1,0,0,0,0,0,0,0,102
train,vgr_train_storage_cycle_02,0.0,0.0,0.0,0.0,0.0,1.0,1.0,1449.0,908.0,702.0,0.0,0.0,1.0,0.0,1.0,0.0,2804.0,16.0,1.0,0,0,1,0,0,0,0,0,0,0,104
train,vgr_train_storage_cycle_02,1.0,0.0,0.0,1.0,1.0,1.0,1.0,0.0,608.0,5348.0,0.0,1.0,0.0,0.0,1.0,0.0,2804.0,16.0,1.0,0,0,1,0,0,0,0,0,0,0,105
train,vgr_train_storage_cycle_02,0.0,0.0,0.0,0.0,0.0,0.0,0.0,403.0,608.0,5348.0,0.0,1.0,0.0,0.0,1.0,0.0,2804.0,16.0,1.0,0,0,1,0,0,0,0,0,0,0,0
train,vgr_train_storage_cycle_02,0.0,0.0,0.0,0.0,0.0,0.0,0.0,403.0,608.0,5348.0,0.0,0.0,1.0,0.0,1.0,0.0,2804.0,16.0,1.0,0,0,1,0,0,0,0,0,0,0,0
train,vgr_train_storage_cycle_02,0.0,0.0,0.0,0.0,0.0,0.0,0.0,403.0,608.0,5348.0,0.0,1.0,1.0,0.0,0.0,1.0,1385.0,2870.0,1.0,0,0,1,0,0,0,0,0,0,0,0
train,vgr_train_storage_cycle_02,0.0,0.0,0.0,0.0,0.0,0.0,0.0,403.0,608.0,5348.0,0.0,1.0,1.0,0.0,0.0,1.0,1748.0,2870.0,1.0,0,0,1,0,0,0,0,0,0,0,301
train,vgr_train_storage_cycle_02,1.0,1.0,1.0,0.0,0.0,0.0,0.0,0.0,0.0,0.0,1.0,1.0,1.0,1.0,0.0,1.0,0.0,0.0,1.0,0,0,0,1,0,0,0,0,0,0,0
train,vgr_train_storage_cycle_02,1.0,1.0,1.0,0.0,0.0,0.0,0.0,0.0,0.0,0.0,1.0,1.0,1.0,1.0,0.0,1.0,0.0,0.0,1.0,0,0,0,1,0,0,0,0,0,0,0
train,vgr_train_storage_cycle_02,1.0,1.0,1.0,0.0,0.0,0.0,0.0,0.0,0.0,0.0,1.0,1.0,1.0,1.0,0.0,1.0,0.0,0.0,1.0,0,0,0,1,0,0,0,0,0,0,0
train,vgr_train_storage_cycle_02,1.0,1.0,1.0,0.0,0.0,0.0,0.0,0.0,0.0,0.0,1.0,1.0,1.0,1.0,0.0,1.0,0.0,0.0,1.0,0,0,0,1,0,0,0,0,0,0,0
train,vgr_train_storage_cycle_02,1.0,1.0,1.0,0.0,0.0,0.0,0.0,0.0,0.0,0.0,1.0,1.0,1.0,1.0,0.0,1.0,0.0,0.0,1.0,0,0,0,1,0,0,0,0,0,0,0
train,vgr_train_storage_cycle_02,1.0,1.0,1.0,0.0,0.0,0.0,0.0,0.0,0.0,0.0,1.0,1.0,1.0,1.0,0.0,1.0,0.0,0.0,0.0,0,0,0,1,0,0,0,0,0,0,101
train,vgr_train_storage_cycle_02,0.0,0.0,0.0,0.0,0.0,1.0,1.0,397.0,25.0,33.0,1.0,1.0,1.0,1.0,0.0,1.0,0.0,0.0,1.0,0,0,0,1,0,0,0,0,0,0,102
train,vgr_train_storage_cycle_02,0.0,0.0,0.0,0.0,0.0,1.0,1.0,1449.0,905.0,702.0,0.0,1.0,1.0,0.0,0.0,1.0,3252.0,2869.0,1.0,0,0,0,1,0,0,0,0,0,0,103
train,vgr_train_storage_cycle_02,0.0,0.0,0.0,0.0,0.0,1.0,1.0,2455.0,152.0,426.0,0.0,1.0,1.0,0.0,0.0,1.0,2885.0,2869.0,1.0,0,0,0,1,0,0,0,0,0,0,102
train,vgr_train_storage_cycle_02,0.0,0.0,0.0,0.0,0.0,1.0,1.0,1448.0,910.0,704.0,0.0,0.0,1.0,0.0,1.0,0.0,2799.0,18.0,1.0,0,0,0,1,0,0,0,0,0,0,104
train,vgr_train_storage_cycle_02,1.0,0.0,0.0,1.0,1.0,1.0,1.0,0.0,604.0,5348.0,0.0,1.0,0.0,0.0,1.0,0.0,2799.0,18.0,1.0,0,0,0,1,0,0,0,0,0,0,105
train,vgr_train_storage_cycle_02,0.0,0.0,0.0,0.0,0.0,0.0,0.0,396.0,604.0,5348.0,0.0,1.0,0.0,0.0,1.0,0.0,2799.0,18.0,1.0,0,0,0,1,0,0,0,0,0,0,0
train,vgr_train_storage_cycle_02,0.0,0.0,0.0,0.0,0.0,0.0,0.0,396.0,604.0,5348.0,0.0,0.0,1.0,0.0,1.0,0.0,2799.0,18.0,1.0,0,0,0,1,0,0,0,0,0,0,0
train,vgr_train_storage_cycle_02,0.0,0.0,0.0,0.0,0.0,0.0,0.0,396.0,604.0,5348.0,0.0,1.0,1.0,0.0,0.0,1.0,2878.0,2870.0,1.0,0,0,0,1,0,0,0,0,0,0,0
train,vgr_train_storage_cycle_02,0.0,0.0,0.0,0.0,0.0,0.0,0.0,396.0,604.0,5348.0,0.0,1.0,1.0,0.0,0.0,1.0,3250.0,2870.0,1.0,0,0,0,1,0,0,0,0,0,0,301
train,vgr_train_storage_cycle_02,1.0,1.0,1.0,0.0,0.0,0.0,0.0,0.0,0.0,0.0,1.0,1.0,1.0,1.0,0.0,1.0,0.0,0.0,1.0,0,0,0,0,1,0,0,0,0,0,0
train,vgr_train_storage_cycle_02,1.0,1.0,1.0,0.0,0.0,0.0,0.0,0.0,0.0,0.0,1.0,1.0,1.0,1.0,0.0,1.0,0.0,0.0,1.0,0,0,0,0,1,0,0,0,0,0,0
train,vgr_train_storage_cycle_02,1.0,1.0,1.0,0.0,0.0,0.0,0.0,0.0,0.0,0.0,1.0,1.0,1.0,1.0,0.0,1.0,0.0,0.0,1.0,0,0,0,0,1,0,0,0,0,0,0
train,vgr_train_storage_cycle_02,1.0,1.0,1.0,0.0,0.0,0.0,0.0,0.0,0.0,0.0,1.0,1.0,1.0,1.0,0.0,1.0,0.0,0.0,1.0,0,0,0,0,1,0,0,0,0,0,0
train,vgr_train_storage_cycle_02,1.0,1.0,1.0,0.0,0.0,0.0,0.0,0.0,0.0,0.0,1.0,1.0,1.0,1.0,0.0,1.0,0.0,0.0,1.0,0,0,0,0,1,0,0,0,0,0,0
train,vgr_train_storage_cycle_02,1.0,1.0,1.0,0.0,0.0,0.0,0.0,0.0,0.0,0.0,1.0,1.0,1.0,1.0,0.0,1.0,0.0,0.0,1.0,0,0,0,0,1,0,0,0,0,0,0
train,vgr_train_storage_cycle_02,1.0,1.0,1.0,0.0,0.0,0.0,0.0,0.0,0.0,0.0,1.0,1.0,1.0,1.0,0.0,1.0,0.0,0.0,0.0,0,0,0,0,1,0,0,0,0,0,101
train,vgr_train_storage_cycle_02,0.0,0.0,0.0,0.0,0.0,1.0,1.0,394.0,25.0,29.0,1.0,1.0,1.0,1.0,0.0,1.0,0.0,0.0,1.0,0,0,0,0,1,0,0,0,0,0,102
train,vgr_train_storage_cycle_02,0.0,0.0,0.0,0.0,0.0,1.0,1.0,1449.0,905.0,703.0,0.0,1.0,1.0,0.0,0.0,1.0,399.0,5199.0,1.0,0,0,0,0,1,0,0,0,0,0,103
train,vgr_train_storage_cycle_02,0.0,0.0,0.0,0.0,0.0,1.0,1.0,2454.0,157.0,424.0,0.0,1.0,1.0,0.0,0.0,1.0,32.0,5199.0,1.0,0,0,0,0,1,0,0,0,0,0,102
train,vgr_train_storage_cycle_02,0.0,0.0,0.0,0.0,0.0,1.0,1.0,1446.0,907.0,699.0,0.0,0.0,1.0,0.0,1.0,0.0,2803.0,17.0,1.0,0,0,0,0,1,0,0,0,0,0,104
train,vgr_train_storage_cycle_02,1.0,0.0,0.0,0.0,0.0,1.0,1.0,0.0,605.0,5349.0,0.0,1.0,0.0,0.0,1.0,0.0,2803.0,17.0,1.0,0,0,0,0,1,0,0,0,0,0,105
train,vgr_train_storage_cycle_02,0.0,0.0,0.0,0.0,0.0,0.0,0.0,400.0,605.0,5349.0,0.0,1.0,0.0,0.0,1.0,0.0,2803.0,17.0,1.0,0,0,0,0,1,0,0,0,0,0,0
train,vgr_train_storage_cycle_02,0.0,0.0,0.0,0.0,0.0,0.0,0.0,400.0,605.0,5349.0,0.0,0.0,1.0,0.0,1.0,0.0,2803.0,17.0,1.0,0,0,0,0,1,0,0,0,0,0,0
train,vgr_train_storage_cycle_02,0.0,0.0,0.0,0.0,0.0,0.0,0.0,400.0,605.0,5349.0,0.0,1.0,1.0,0.0,0.0,1.0,35.0,5199.0,1.0,0,0,0,0,1,0,0,0,0,0,0
train,vgr_train_storage_cycle_02,0.0,0.0,0.0,0.0,0.0,0.0,0.0,400.0,605.0,5349.0,0.0,1.0,1.0,0.0,0.0,1.0,401.0,5199.0,1.0,0,0,0,0,1,0,0,0,0,0,301
train,vgr_train_storage_cycle_02,1.0,1.0,1.0,0.0,0.0,0.0,0.0,0.0,0.0,0.0,1.0,1.0,1.0,1.0,0.0,1.0,0.0,0.0,1.0,0,0,0,0,0,1,0,0,0,0,0
train,vgr_train_storage_cycle_02,1.0,1.0,1.0,0.0,0.0,0.0,0.0,0.0,0.0,0.0,1.0,1.0,1.0,1.0,0.0,1.0,0.0,0.0,1.0,0,0,0,0,0,1,0,0,0,0,0
train,vgr_train_storage_cycle_02,1.0,1.0,1.0,0.0,0.0,0.0,0.0,0.0,0.0,0.0,1.0,1.0,1.0,1.0,0.0,1.0,0.0,0.0,1.0,0,0,0,0,0,1,0,0,0,0,0
train,vgr_train_storage_cycle_02,1.0,1.0,1.0,0.0,0.0,0.0,0.0,0.0,0.0,0.0,1.0,1.0,1.0,1.0,0.0,1.0,0.0,0.0,1.0,0,0,0,0,0,1,0,0,0,0,0
train,vgr_train_storage_cycle_02,1.0,1.0,1.0,0.0,0.0,0.0,0.0,0.0,0.0,0.0,1.0,1.0,1.0,1.0,0.0,1.0,0.0,0.0,1.0,0,0,0,0,0,1,0,0,0,0,0
train,vgr_train_storage_cycle_02,1.0,1.0,1.0,0.0,0.0,0.0,0.0,0.0,0.0,0.0,1.0,1.0,1.0,1.0,0.0,1.0,0.0,0.0,1.0,0,0,0,0,0,1,0,0,0,0,0
train,vgr_train_storage_cycle_02,1.0,1.0,1.0,0.0,0.0,0.0,0.0,0.0,0.0,0.0,1.0,1.0,1.0,1.0,0.0,1.0,0.0,0.0,1.0,0,0,0,0,0,1,0,0,0,0,0
train,vgr_train_storage_cycle_02,1.0,1.0,1.0,0.0,0.0,0.0,0.0,0.0,0.0,0.0,1.0,1.0,1.0,1.0,0.0,1.0,0.0,0.0,1.0,0,0,0,0,0,1,0,0,0,0,0
train,vgr_train_storage_cycle_02,1.0,1.0,1.0,0.0,0.0,0.0,0.0,0.0,0.0,0.0,1.0,1.0,1.0,1.0,0.0,1.0,0.0,0.0,1.0,0,0,0,0,0,1,0,0,0,0,0
train,vgr_train_storage_cycle_02,1.0,1.0,1.0,0.0,0.0,0.0,0.0,0.0,0.0,0.0,1.0,1.0,1.0,1.0,0.0,1.0,0.0,0.0,1.0,0,0,0,0,0,1,0,0,0,0,0
train,vgr_train_storage_cycle_02,1.0,1.0,1.0,0.0,0.0,0.0,0.0,0.0,0.0,0.0,1.0,1.0,1.0,1.0,0.0,1.0,0.0,0.0,1.0,0,0,0,0,0,1,0,0,0,0,0
train,vgr_train_storage_cycle_02,1.0,1.0,1.0,0.0,0.0,0.0,0.0,0.0,0.0,0.0,1.0,1.0,1.0,1.0,0.0,1.0,0.0,0.0,1.0,0,0,0,0,0,1,0,0,0,0,0
train,vgr_train_storage_cycle_02,1.0,1.0,1.0,0.0,0.0,0.0,0.0,0.0,0.0,0.0,1.0,1.0,1.0,1.0,0.0,1.0,0.0,0.0,1.0,0,0,0,0,0,1,0,0,0,0,0
train,vgr_train_storage_cycle_02,1.0,1.0,1.0,0.0,0.0,0.0,0.0,0.0,0.0,0.0,1.0,1.0,1.0,1.0,0.0,1.0,0.0,0.0,1.0,0,0,0,0,0,1,0,0,0,0,0
train,vgr_train_storage_cycle_02,1.0,1.0,1.0,0.0,0.0,0.0,0.0,0.0,0.0,0.0,1.0,1.0,1.0,1.0,0.0,1.0,0.0,0.0,1.0,0,0,0,0,0,1,0,0,0,0,0
train,vgr_train_storage_cycle_02,1.0,1.0,1.0,0.0,0.0,0.0,0.0,0.0,0.0,0.0,1.0,1.0,1.0,1.0,0.0,1.0,0.0,0.0,1.0,0,0,0,0,0,1,0,0,0,0,0
train,vgr_train_storage_cycle_02,1.0,1.0,1.0,0.0,0.0,0.0,0.0,0.0,0.0,0.0,1.0,1.0,1.0,1.0,0.0,1.0,0.0,0.0,1.0,0,0,0,0,0,1,0,0,0,0,0
train,vgr_train_storage_cycle_02,1.0,1.0,1.0,0.0,0.0,0.0,0.0,0.0,0.0,0.0,1.0,1.0,1.0,1.0,0.0,1.0,0.0,0.0,0.0,0,0,0,0,0,1,0,0,0,0,101
train,vgr_train_storage_cycle_02,0.0,0.0,0.0,0.0,0.0,1.0,1.0,395.0,25.0,32.0,1.0,1.0,1.0,1.0,0.0,1.0,0.0,0.0,1.0,0,0,0,0,0,1,0,0,0,0,102
train,vgr_train_storage_cycle_02,0.0,0.0,0.0,0.0,0.0,1.0,1.0,1448.0,905.0,704.0,0.0,1.0,1.0,0.0,0.0,1.0,1754.0,5201.0,1.0,0,0,0,0,0,1,0,0,0,0,103
train,vgr_train_storage_cycle_02,0.0,0.0,0.0,0.0,0.0,1.0,1.0,2462.0,157.0,426.0,0.0,1.0,1.0,0.0,0.0,1.0,1386.0,5201.0,1.0,0,0,0,0,0,1,0,0,0,0,102
train,vgr_train_storage_cycle_02,0.0,0.0,0.0,0.0,0.0,1.0,1.0,1448.0,903.0,706.0,0.0,0.0,1.0,0.0,1.0,0.0,2800.0,17.0,1.0,0,0,0,0,0,1,0,0,0,0,104
train,vgr_train_storage_cycle_02,1.0,0.0,0.0,0.0,0.0,1.0,1.0,0.0,607.0,5351.0,0.0,1.0,0.0,0.0,1.0,0.0,2800.0,17.0,1.0,0,0,0,0,0,1,0,0,0,0,105
train,vgr_train_storage_cycle_02,0.0,0.0,0.0,0.0,0.0,0.0,0.0,399.0,607.0,5351.0,0.0,1.0,0.0,0.0,1.0,0.0,2800.0,17.0,1.0,0,0,0,0,0,1,0,0,0,0,0
train,vgr_train_storage_cycle_02,0.0,0.0,0.0,0.0,0.0,0.0,0.0,399.0,607.0,5351.0,0.0,0.0,1.0,0.0,1.0,0.0,2800.0,17.0,1.0,0,0,0,0,0,1,0,0,0,0,0
train,vgr_train_storage_cycle_02,0.0,0.0,0.0,0.0,0.0,0.0,0.0,399.0,607.0,5351.0,0.0,1.0,1.0,0.0,0.0,1.0,1383.0,5198.0,1.0,0,0,0,0,0,1,0,0,0,0,0
train,vgr_train_storage_cycle_02,0.0,0.0,0.0,0.0,0.0,0.0,0.0,399.0,607.0,5351.0,0.0,1.0,1.0,0.0,0.0,1.0,1752.0,5198.0,1.0,0,0,0,0,0,1,0,0,0,0,301
train,vgr_train_storage_cycle_02,1.0,1.0,1.0,0.0,0.0,0.0,0.0,0.0,0.0,0.0,1.0,1.0,1.0,1.0,0.0,1.0,0.0,0.0,1.0,0,0,0,0,0,0,1,0,0,0,0
train,vgr_train_storage_cycle_02,1.0,1.0,1.0,0.0,0.0,0.0,0.0,0.0,0.0,0.0,1.0,1.0,1.0,1.0,0.0,1.0,0.0,0.0,1.0,0,0,0,0,0,0,1,0,0,0,0
train,vgr_train_storage_cycle_02,1.0,1.0,1.0,0.0,0.0,0.0,0.0,0.0,0.0,0.0,1.0,1.0,1.0,1.0,0.0,1.0,0.0,0.0,1.0,0,0,0,0,0,0,1,0,0,0,0
train,vgr_train_storage_cycle_02,1.0,1.0,1.0,0.0,0.0,0.0,0.0,0.0,0.0,0.0,1.0,1.0,1.0,1.0,0.0,1.0,0.0,0.0,1.0,0,0,0,0,0,0,1,0,0,0,0
train,vgr_train_storage_cycle_02,1.0,1.0,1.0,0.0,0.0,0.0,0.0,0.0,0.0,0.0,1.0,1.0,1.0,1.0,0.0,1.0,0.0,0.0,1.0,0,0,0,0,0,0,1,0,0,0,0
train,vgr_train_storage_cycle_02,1.0,1.0,1.0,0.0,0.0,0.0,0.0,0.0,0.0,0.0,1.0,1.0,1.0,1.0,0.0,1.0,0.0,0.0,1.0,0,0,0,0,0,0,1,0,0,0,0
train,vgr_train_storage_cycle_02,1.0,1.0,1.0,0.0,0.0,0.0,0.0,0.0,0.0,0.0,1.0,1.0,1.0,1.0,0.0,1.0,0.0,0.0,1.0,0,0,0,0,0,0,1,0,0,0,0
train,vgr_train_storage_cycle_02,1.0,1.0,1.0,0.0,0.0,0.0,0.0,0.0,0.0,0.0,1.0,1.0,1.0,1.0,0.0,1.0,0.0,0.0,1.0,0,0,0,0,0,0,1,0,0,0,0
train,vgr_train_storage_cycle_02,1.0,1.0,1.0,0.0,0.0,0.0,0.0,0.0,0.0,0.0,1.0,1.0,1.0,1.0,0.0,1.0,0.0,0.0,1.0,0,0,0,0,0,0,1,0,0,0,0
train,vgr_train_storage_cycle_02,1.0,1.0,1.0,0.0,0.0,0.0,0.0,0.0,0.0,0.0,1.0,1.0,1.0,1.0,0.0,1.0,0.0,0.0,1.0,0,0,0,0,0,0,1,0,0,0,0
train,vgr_train_storage_cycle_02,1.0,1.0,1.0,0.0,0.0,0.0,0.0,0.0,0.0,0.0,1.0,1.0,1.0,1.0,0.0,1.0,0.0,0.0,1.0,0,0,0,0,0,0,1,0,0,0,0
train,vgr_train_storage_cycle_02,1.0,1.0,1.0,0.0,0.0,0.0,0.0,0.0,0.0,0.0,1.0,1.0,1.0,1.0,0.0,1.0,0.0,0.0,0.0,0,0,0,0,0,0,1,0,0,0,101
train,vgr_train_storage_cycle_02,0.0,0.0,0.0,0.0,0.0,1.0,1.0,396.0,26.0,33.0,1.0,1.0,1.0,1.0,0.0,1.0,0.0,0.0,1.0,0,0,0,0,0,0,1,0,0,0,102
train,vgr_train_storage_cycle_02,0.0,0.0,0.0,0.0,0.0,1.0,1.0,1451.0,908.0,704.0,0.0,1.0,1.0,0.0,0.0,1.0,3253.0,5199.0,1.0,0,0,0,0,0,0,1,0,0,0,103
train,vgr_train_storage_cycle_02,0.0,0.0,0.0,0.0,0.0,1.0,1.0,2458.0,156.0,423.0,0.0,1.0,1.0,0.0,0.0,1.0,2883.0,5199.0,1.0,0,0,0,0,0,0,1,0,0,0,102
train,vgr_train_storage_cycle_02,0.0,0.0,0.0,0.0,0.0,1.0,1.0,1448.0,908.0,703.0,0.0,0.0,1.0,0.0,1.0,0.0,2802.0,17.0,1.0,0,0,0,0,0,0,1,0,0,0,104
train,vgr_train_storage_cycle_02,1.0,0.0,0.0,0.0,0.0,1.0,1.0,0.0,604.0,5352.0,0.0,1.0,0.0,0.0,1.0,0.0,2802.0,17.0,1.0,0,0,0,0,0,0,1,0,0,0,105
train,vgr_train_storage_cycle_02,0.0,0.0,0.0,0.0,0.0,0.0,0.0,400.0,604.0,5352.0,0.0,1.0,0.0,0.0,1.0,0.0,2802.0,17.0,1.0,0,0,0,0,0,0,1,0,0,0,0
train,vgr_train_storage_cycle_02,0.0,0.0,0.0,0.0,0.0,0.0,0.0,400.0,604.0,5352.0,0.0,0.0,1.0,0.0,1.0,0.0,2802.0,17.0,1.0,0,0,0,0,0,0,1,0,0,0,0
train,vgr_train_storage_cycle_02,0.0,0.0,0.0,0.0,0.0,0.0,0.0,400.0,604.0,5352.0,0.0,1.0,1.0,0.0,0.0,1.0,2881.0,5198.0,1.0,0,0,0,0,0,0,1,0,0,0,0
train,vgr_train_storage_cycle_02,0.0,0.0,0.0,0.0,0.0,0.0,0.0,400.0,604.0,5352.0,0.0,1.0,1.0,0.0,0.0,1.0,3250.0,5198.0,1.0,0,0,0,0,0,0,1,0,0,0,301
train,vgr_train_storage_cycle_02,1.0,1.0,1.0,0.0,0.0,0.0,0.0,0.0,0.0,0.0,1.0,1.0,1.0,1.0,0.0,1.0,0.0,0.0,1.0,0,0,0,0,0,0,0,1,0,0,0
train,vgr_train_storage_cycle_02,1.0,1.0,1.0,0.0,0.0,0.0,0.0,0.0,0.0,0.0,1.0,1.0,1.0,1.0,0.0,1.0,0.0,0.0,0.0,0,0,0,0,0,0,0,1,0,0,101
train,vgr_train_storage_cycle_02,0.0,0.0,0.0,0.0,0.0,1.0,1.0,398.0,26.0,33.0,1.0,1.0,1.0,1.0,0.0,1.0,0.0,0.0,1.0,0,0,0,0,0,0,0,1,0,0,102
train,vgr_train_storage_cycle_02,0.0,0.0,0.0,0.0,0.0,1.0,1.0,1453.0,906.0,705.0,0.0,1.0,1.0,0.0,0.0,1.0,399.0,7560.0,1.0,0,0,0,0,0,0,0,1,0,0,103
train,vgr_train_storage_cycle_02,0.0,0.0,0.0,0.0,0.0,1.0,1.0,2460.0,157.0,426.0,0.0,1.0,1.0,0.0,0.0,1.0,36.0,7560.0,1.0,0,0,0,0,0,0,0,1,0,0,102
train,vgr_train_storage_cycle_02,0.0,0.0,0.0,0.0,0.0,1.0,1.0,1450.0,909.0,700.0,0.0,0.0,1.0,0.0,1.0,0.0,2802.0,17.0,1.0,0,0,0,0,0,0,0,1,0,0,104
train,vgr_train_storage_cycle_02,1.0,0.0,0.0,0.0,0.0,1.0,1.0,0.0,603.0,5350.0,0.0,1.0,0.0,0.0,1.0,0.0,2802.0,17.0,1.0,0,0,0,0,0,0,0,1,0,0,105
train,vgr_train_storage_cycle_02,0.0,0.0,0.0,0.0,0.0,0.0,0.0,400.0,603.0,5350.0,0.0,1.0,0.0,0.0,1.0,0.0,2802.0,17.0,1.0,0,0,0,0,0,0,0,1,0,0,0
train,vgr_train_storage_cycle_02,0.0,0.0,0.0,0.0,0.0,0.0,0.0,400.0,603.0,5350.0,0.0,0.0,1.0,0.0,1.0,0.0,2802.0,17.0,1.0,0,0,0,0,0,0,0,1,0,0,0
train,vgr_train_storage_cycle_02,0.0,0.0,0.0,0.0,0.0,0.0,0.0,400.0,603.0,5350.0,0.0,1.0,1.0,0.0,0.0,1.0,34.0,7559.0,1.0,0,0,0,0,0,0,0,1,0,0,0
train,vgr_train_storage_cycle_02,0.0,0.0,0.0,0.0,0.0,0.0,0.0,400.0,603.0,5350.0,0.0,1.0,1.0,0.0,0.0,1.0,403.0,7559.0,1.0,0,0,0,0,0,0,0,1,0,0,301
train,vgr_train_storage_cycle_02,1.0,1.0,1.0,0.0,0.0,0.0,0.0,0.0,0.0,0.0,1.0,1.0,1.0,1.0,0.0,1.0,0.0,0.0,1.0,0,0,0,0,0,0,0,0,1,0,0
train,vgr_train_storage_cycle_02,1.0,1.0,1.0,0.0,0.0,0.0,0.0,0.0,0.0,0.0,1.0,1.0,1.0,1.0,0.0,1.0,0.0,0.0,1.0,0,0,0,0,0,0,0,0,1,0,0
train,vgr_train_storage_cycle_02,1.0,1.0,1.0,0.0,0.0,0.0,0.0,0.0,0.0,0.0,1.0,1.0,1.0,1.0,0.0,1.0,0.0,0.0,1.0,0,0,0,0,0,0,0,0,1,0,0
train,vgr_train_storage_cycle_02,1.0,1.0,1.0,0.0,0.0,0.0,0.0,0.0,0.0,0.0,1.0,1.0,1.0,1.0,0.0,1.0,0.0,0.0,1.0,0,0,0,0,0,0,0,0,1,0,0
train,vgr_train_storage_cycle_02,1.0,1.0,1.0,0.0,0.0,0.0,0.0,0.0,0.0,0.0,1.0,1.0,1.0,1.0,0.0,1.0,0.0,0.0,1.0,0,0,0,0,0,0,0,0,1,0,0
train,vgr_train_storage_cycle_02,1.0,1.0,1.0,0.0,0.0,0.0,0.0,0.0,0.0,0.0,1.0,1.0,1.0,1.0,0.0,1.0,0.0,0.0,1.0,0,0,0,0,0,0,0,0,1,0,0
train,vgr_train_storage_cycle_02,1.0,1.0,1.0,0.0,0.0,0.0,0.0,0.0,0.0,0.0,1.0,1.0,1.0,1.0,0.0,1.0,0.0,0.0,0.0,0,0,0,0,0,0,0,0,1,0,101
train,vgr_train_storage_cycle_02,0.0,0.0,0.0,0.0,0.0,1.0,1.0,390.0,26.0,32.0,1.0,1.0,1.0,1.0,0.0,1.0,0.0,0.0,1.0,0,0,0,0,0,0,0,0,1,0,102
train,vgr_train_storage_cycle_02,0.0,0.0,0.0,0.0,0.0,1.0,1.0,1447.0,906.0,700.0,0.0,1.0,1.0,0.0,0.0,1.0,1754.0,7559.0,1.0,0,0,0,0,0,0,0,0,1,0,103
train,vgr_train_storage_cycle_02,0.0,0.0,0.0,0.0,0.0,1.0,1.0,2456.0,156.0,424.0,0.0,1.0,1.0,0.0,0.0,1.0,1386.0,7559.0,1.0,0,0,0,0,0,0,0,0,1,0,102
train,vgr_train_storage_cycle_02,0.0,0.0,0.0,0.0,0.0,1.0,1.0,1446.0,904.0,703.0,0.0,0.0,1.0,0.0,1.0,0.0,2804.0,17.0,1.0,0,0,0,0,0,0,0,0,1,0,104
train,vgr_train_storage_cycle_02,1.0,0.0,0.0,0.0,0.0,1.0,1.0,0.0,606.0,5351.0,0.0,1.0,0.0,0.0,1.0,0.0,2804.0,17.0,1.0,0,0,0,0,0,0,0,0,1,0,105
train,vgr_train_storage_cycle_02,0.0,0.0,0.0,0.0,0.0,0.0,0.0,401.0,606.0,5351.0,0.0,1.0,0.0,0.0,1.0,0.0,2804.0,17.0,1.0,0,0,0,0,0,0,0,0,1,0,0
train,vgr_train_storage_cycle_02,0.0,0.0,0.0,0.0,0.0,0.0,0.0,401.0,606.0,5351.0,0.0,0.0,1.0,0.0,1.0,0.0,2804.0,17.0,1.0,0,0,0,0,0,0,0,0,1,0,0
train,vgr_train_storage_cycle_02,0.0,0.0,0.0,0.0,0.0,0.0,0.0,401.0,606.0,5351.0,0.0,1.0,1.0,0.0,0.0,1.0,1383.0,7559.0,1.0,0,0,0,0,0,0,0,0,1,0,0
train,vgr_train_storage_cycle_02,0.0,0.0,0.0,0.0,0.0,0.0,0.0,401.0,606.0,5351.0,0.0,1.0,1.0,0.0,0.0,1.0,1751.0,7559.0,1.0,0,0,0,0,0,0,0,0,1,0,301
train,vgr_train_storage_cycle_02,1.0,1.0,1.0,0.0,0.0,0.0,0.0,0.0,0.0,0.0,1.0,1.0,1.0,1.0,0.0,1.0,0.0,0.0,1.0,0,0,0,0,0,0,0,0,0,1,0
train,vgr_train_storage_cycle_02,1.0,1.0,1.0,0.0,0.0,0.0,0.0,0.0,0.0,0.0,1.0,1.0,1.0,1.0,0.0,1.0,0.0,0.0,1.0,0,0,0,0,0,0,0,0,0,1,0
train,vgr_train_storage_cycle_02,1.0,1.0,1.0,0.0,0.0,0.0,0.0,0.0,0.0,0.0,1.0,1.0,1.0,1.0,0.0,1.0,0.0,0.0,1.0,0,0,0,0,0,0,0,0,0,1,0
train,vgr_train_storage_cycle_02,1.0,1.0,1.0,0.0,0.0,0.0,0.0,0.0,0.0,0.0,1.0,1.0,1.0,1.0,0.0,1.0,0.0,0.0,1.0,0,0,0,0,0,0,0,0,0,1,0
train,vgr_train_storage_cycle_02,1.0,1.0,1.0,0.0,0.0,0.0,0.0,0.0,0.0,0.0,1.0,1.0,1.0,1.0,0.0,1.0,0.0,0.0,1.0,0,0,0,0,0,0,0,0,0,1,0
train,vgr_train_storage_cycle_02,1.0,1.0,1.0,0.0,0.0,0.0,0.0,0.0,0.0,0.0,1.0,1.0,1.0,1.0,0.0,1.0,0.0,0.0,0.0,0,0,0,0,0,0,0,0,0,1,101
train,vgr_train_storage_cycle_02,0.0,0.0,0.0,0.0,0.0,1.0,1.0,396.0,26.0,34.0,1.0,1.0,1.0,1.0,0.0,1.0,0.0,0.0,1.0,0,0,0,0,0,0,0,0,0,1,102
train,vgr_train_storage_cycle_02,0.0,0.0,0.0,0.0,0.0,1.0,1.0,1452.0,910.0,704.0,0.0,1.0,1.0,0.0,0.0,1.0,3250.0,7556.0,1.0,0,0,0,0,0,0,0,0,0,1,103
train,vgr_train_storage_cycle_02,0.0,0.0,0.0,0.0,0.0,1.0,1.0,2460.0,156.0,424.0,0.0,1.0,1.0,0.0,0.0,1.0,2887.0,7556.0,1.0,0,0,0,0,0,0,0,0,0,1,102
train,vgr_train_storage_cycle_02,0.0,0.0,0.0,0.0,0.0,1.0,1.0,1449.0,908.0,702.0,0.0,0.0,1.0,0.0,1.0,0.0,2802.0,19.0,1.0,0,0,0,0,0,0,0,0,0,1,104
train,vgr_train_storage_cycle_02,1.0,0.0,0.0,0.0,1.0,1.0,1.0,0.0,483.0,5348.0,0.0,1.0,0.0,0.0,1.0,0.0,2802.0,19.0,1.0,0,0,0,0,0,0,0,0,0,1,105
train,vgr_train_storage_cycle_02,0.0,0.0,0.0,0.0,0.0,0.0,0.0,398.0,608.0,5348.0,0.0,1.0,0.0,0.0,1.0,0.0,2802.0,19.0,1.0,0,0,0,0,0,0,0,0,0,1,0
train,vgr_train_storage_cycle_02,0.0,0.0,0.0,0.0,0.0,0.0,0.0,398.0,608.0,5348.0,0.0,0.0,1.0,0.0,1.0,0.0,2802.0,19.0,1.0,0,0,0,0,0,0,0,0,0,1,0
train,vgr_train_storage_cycle_02,0.0,0.0,0.0,0.0,0.0,0.0,0.0,398.0,608.0,5348.0,0.0,1.0,1.0,0.0,0.0,1.0,2883.0,7560.0,1.0,0,0,0,0,0,0,0,0,0,1,0
train,vgr_train_storage_cycle_02,0.0,0.0,0.0,0.0,0.0,0.0,0.0,398.0,608.0,5348.0,0.0,1.0,1.0,0.0,0.0,1.0,3252.0,7560.0,1.0,0,0,0,0,0,0,0,0,0,1,301
train,vgr_train_storage_cycle_02,1.0,1.0,1.0,0.0,0.0,0.0,0.0,0.0,0.0,0.0,1.0,1.0,1.0,1.0,0.0,1.0,0.0,0.0,1.0,1,0,0,0,0,0,0,0,0,0,0
train,vgr_train_storage_cycle_02,1.0,1.0,1.0,0.0,0.0,0.0,0.0,0.0,0.0,0.0,1.0,1.0,1.0,1.0,0.0,1.0,0.0,0.0,1.0,1,0,0,0,0,0,0,0,0,0,0
train,vgr_train_storage_cycle_02,1.0,1.0,1.0,0.0,0.0,0.0,0.0,0.0,0.0,0.0,1.0,1.0,1.0,1.0,0.0,1.0,0.0,0.0,1.0,1,0,0,0,0,0,0,0,0,0,0
train,vgr_train_storage_cycle_02,1.0,1.0,1.0,0.0,0.0,0.0,0.0,0.0,0.0,0.0,1.0,1.0,1.0,1.0,0.0,1.0,0.0,0.0,1.0,1,0,0,0,0,0,0,0,0,0,0
train,vgr_train_storage_cycle_02,1.0,1.0,1.0,0.0,0.0,0.0,0.0,0.0,0.0,0.0,1.0,1.0,1.0,1.0,0.0,1.0,0.0,0.0,1.0,1,0,0,0,0,0,0,0,0,0,0
train,vgr_train_storage_cycle_02,1.0,1.0,1.0,0.0,0.0,0.0,0.0,0.0,0.0,0.0,1.0,1.0,1.0,1.0,0.0,1.0,0.0,0.0,1.0,1,0,0,0,0,0,0,0,0,0,0
train,vgr_train_storage_cycle_02,1.0,1.0,1.0,0.0,0.0,0.0,0.0,0.0,0.0,0.0,1.0,1.0,1.0,1.0,0.0,1.0,0.0,0.0,0.0,1,0,0,0,0,0,0,0,0,0,0
train,vgr_train_storage_cycle_02,1.0,1.0,1.0,0.0,0.0,0.0,0.0,0.0,0.0,0.0,1.0,1.0,1.0,1.0,0.0,1.0,0.0,0.0,1.0,1,0,0,0,0,0,0,0,0,0,0
train,vgr_train_storage_cycle_02,1.0,1.0,1.0,0.0,0.0,0.0,0.0,0.0,0.0,0.0,1.0,1.0,1.0,1.0,0.0,1.0,0.0,0.0,1.0,1,0,0,0,0,0,0,0,0,0,0
train,vgr_train_storage_cycle_02,1.0,1.0,1.0,0.0,0.0,0.0,0.0,0.0,0.0,0.0,1.0,1.0,1.0,1.0,0.0,1.0,0.0,0.0,1.0,1,0,0,0,0,0,0,0,0,0,0
train,vgr_train_storage_cycle_02,1.0,1.0,1.0,0.0,0.0,0.0,0.0,0.0,0.0,0.0,1.0,1.0,1.0,1.0,0.0,1.0,0.0,0.0,1.0,1,0,0,0,0,0,0,0,0,0,0
train,vgr_train_storage_cycle_02,1.0,1.0,1.0,0.0,0.0,0.0,0.0,0.0,0.0,0.0,1.0,1.0,1.0,1.0,0.0,1.0,0.0,0.0,1.0,1,0,0,0,0,0,0,0,0,0,0
train,vgr_train_storage_cycle_02,1.0,1.0,1.0,0.0,0.0,0.0,0.0,0.0,0.0,0.0,1.0,1.0,1.0,1.0,0.0,1.0,0.0,0.0,1.0,1,0,0,0,0,0,0,0,0,0,0
train,vgr_train_storage_cycle_02,1.0,1.0,1.0,0.0,0.0,0.0,0.0,0.0,0.0,0.0,1.0,1.0,1.0,1.0,0.0,1.0,0.0,0.0,1.0,1,0,0,0,0,0,0,0,0,0,0
train,vgr_train_storage_cycle_02,1.0,1.0,1.0,0.0,0.0,0.0,0.0,0.0,0.0,0.0,1.0,1.0,1.0,1.0,0.0,1.0,0.0,0.0,0.0,1,0,0,0,0,0,0,0,0,0,0
train,vgr_train_storage_cycle_02,1.0,1.0,1.0,0.0,0.0,0.0,0.0,0.0,0.0,0.0,1.0,1.0,1.0,1.0,0.0,1.0,0.0,0.0,1.0,1,0,0,0,0,0,0,0,0,0,0
train,vgr_train_storage_cycle_02,1.0,1.0,1.0,0.0,0.0,0.0,0.0,0.0,0.0,0.0,1.0,1.0,1.0,1.0,0.0,1.0,0.0,0.0,1.0,1,0,0,0,0,0,0,0,0,0,0
train,vgr_train_storage_cycle_02,1.0,1.0,1.0,0.0,0.0,0.0,0.0,0.0,0.0,0.0,1.0,1.0,1.0,1.0,0.0,1.0,0.0,0.0,1.0,1,0,0,0,0,0,0,0,0,0,0
train,vgr_train_storage_cycle_02,1.0,1.0,1.0,0.0,0.0,0.0,0.0,0.0,0.0,0.0,1.0,1.0,1.0,1.0,0.0,1.0,0.0,0.0,1.0,1,0,0,0,0,0,0,0,0,0,0
train,vgr_train_storage_cycle_02,1.0,1.0,1.0,0.0,0.0,0.0,0.0,0.0,0.0,0.0,1.0,1.0,1.0,1.0,0.0,1.0,0.0,0.0,1.0,1,0,0,0,0,0,0,0,0,0,0
train,vgr_train_storage_cycle_02,1.0,1.0,1.0,0.0,0.0,0.0,0.0,0.0,0.0,0.0,1.0,1.0,1.0,1.0,0.0,1.0,0.0,0.0,1.0,1,0,0,0,0,0,0,0,0,0,0
train,vgr_train_storage_cycle_02,1.0,1.0,1.0,0.0,0.0,0.0,0.0,0.0,0.0,0.0,1.0,1.0,1.0,1.0,0.0,1.0,0.0,0.0,1.0,1,0,0,0,0,0,0,0,0,0,0
train,vgr_train_storage_cycle_02,1.0,1.0,1.0,0.0,0.0,0.0,0.0,0.0,0.0,0.0,1.0,1.0,1.0,1.0,0.0,1.0,0.0,0.0,1.0,1,0,0,0,0,0,0,0,0,0,0
train,vgr_train_storage_cycle_02,1.0,1.0,1.0,0.0,0.0,0.0,0.0,0.0,0.0,0.0,1.0,1.0,1.0,1.0,0.0,1.0,0.0,0.0,1.0,1,0,0,0,0,0,0,0,0,0,0
train,vgr_train_storage_cycle_02,1.0,1.0,1.0,0.0,0.0,0.0,0.0,0.0,0.0,0.0,1.0,1.0,1.0,1.0,0.0,1.0,0.0,0.0,1.0,1,0,0,0,0,0,0,0,0,0,0
train,vgr_train_storage_cycle_02,1.0,1.0,1.0,0.0,0.0,0.0,0.0,0.0,0.0,0.0,1.0,1.0,1.0,1.0,0.0,1.0,0.0,0.0,0.0,1,0,0,0,0,0,0,0,0,0,0
train,vgr_train_storage_cycle_02,1.0,1.0,1.0,0.0,0.0,0.0,0.0,0.0,0.0,0.0,1.0,1.0,1.0,1.0,0.0,1.0,0.0,0.0,1.0,1,0,0,0,0,0,0,0,0,0,0
train,vgr_train_storage_cycle_02,1.0,1.0,1.0,0.0,0.0,0.0,0.0,0.0,0.0,0.0,1.0,1.0,1.0,1.0,0.0,1.0,0.0,0.0,1.0,1,0,0,0,0,0,0,0,0,0,0
train,vgr_train_storage_cycle_02,1.0,1.0,1.0,0.0,0.0,0.0,0.0,0.0,0.0,0.0,1.0,1.0,1.0,1.0,0.0,1.0,0.0,0.0,1.0,1,0,0,0,0,0,0,0,0,0,0
train,vgr_train_storage_cycle_02,1.0,1.0,1.0,0.0,0.0,0.0,0.0,0.0,0.0,0.0,1.0,1.0,1.0,1.0,0.0,1.0,0.0,0.0,0.0,1,0,0,0,0,0,0,0,0,0,0
train,vgr_train_storage_cycle_02,1.0,1.0,1.0,0.0,0.0,0.0,0.0,0.0,0.0,0.0,1.0,1.0,1.0,1.0,0.0,1.0,0.0,0.0,1.0,1,0,0,0,0,0,0,0,0,0,0
train,vgr_train_storage_cycle_02,1.0,1.0,1.0,0.0,0.0,0.0,0.0,0.0,0.0,0.0,1.0,1.0,1.0,1.0,0.0,1.0,0.0,0.0,1.0,1,0,0,0,0,0,0,0,0,0,0
train,vgr_train_storage_cycle_02,1.0,1.0,1.0,0.0,0.0,0.0,0.0,0.0,0.0,0.0,1.0,1.0,1.0,1.0,0.0,1.0,0.0,0.0,1.0,1,0,0,0,0,0,0,0,0,0,0
train,vgr_train_storage_cycle_02,1.0,1.0,1.0,0.0,0.0,0.0,0.0,0.0,0.0,0.0,1.0,1.0,1.0,1.0,0.0,1.0,0.0,0.0,1.0,1,0,0,0,0,0,0,0,0,0,0
train,vgr_train_storage_cycle_02,1.0,1.0,1.0,0.0,0.0,0.0,0.0,0.0,0.0,0.0,1.0,1.0,1.0,1.0,0.0,1.0,0.0,0.0,1.0,1,0,0,0,0,0,0,0,0,0,0
train,vgr_train_storage_cycle_02,1.0,1.0,1.0,0.0,0.0,0.0,0.0,0.0,0.0,0.0,1.0,1.0,1.0,1.0,0.0,1.0,0.0,0.0,1.0,1,0,0,0,0,0,0,0,0,0,0
train,vgr_train_storage_cycle_02,1.0,1.0,1.0,0.0,0.0,0.0,0.0,0.0,0.0,0.0,1.0,1.0,1.0,1.0,0.0,1.0,0.0,0.0,1.0,1,0,0,0,0,0,0,0,0,0,0
train,vgr_train_storage_cycle_02,1.0,1.0,1.0,0.0,0.0,0.0,0.0,0.0,0.0,0.0,1.0,1.0,1.0,1.0,0.0,1.0,0.0,0.0,1.0,1,0,0,0,0,0,0,0,0,0,0
train,vgr_train_storage_cycle_02,1.0,1.0,1.0,0.0,0.0,0.0,0.0,0.0,0.0,0.0,1.0,1.0,1.0,1.0,0.0,1.0,0.0,0.0,1.0,1,0,0,0,0,0,0,0,0,0,0
train,vgr_train_storage_cycle_02,1.0,1.0,1.0,0.0,0.0,0.0,0.0,0.0,0.0,0.0,1.0,1.0,1.0,1.0,0.0,1.0,0.0,0.0,1.0,1,0,0,0,0,0,0,0,0,0,0
train,vgr_train_storage_cycle_02,1.0,1.0,1.0,0.0,0.0,0.0,0.0,0.0,0.0,0.0,1.0,1.0,1.0,1.0,0.0,1.0,0.0,0.0,1.0,1,0,0,0,0,0,0,0,0,0,0
train,vgr_train_storage_cycle_02,1.0,1.0,1.0,0.0,0.0,0.0,0.0,0.0,0.0,0.0,1.0,1.0,1.0,1.0,0.0,1.0,0.0,0.0,1.0,1,0,0,0,0,0,0,0,0,0,0
train,vgr_train_storage_cycle_02,1.0,1.0,1.0,0.0,0.0,0.0,0.0,0.0,0.0,0.0,1.0,1.0,1.0,1.0,0.0,1.0,0.0,0.0,1.0,1,0,0,0,0,0,0,0,0,0,0
train,vgr_train_storage_cycle_02,1.0,1.0,1.0,0.0,0.0,0.0,0.0,0.0,0.0,0.0,1.0,1.0,1.0,1.0,0.0,1.0,0.0,0.0,1.0,1,0,0,0,0,0,0,0,0,0,0
train,vgr_train_storage_cycle_02,1.0,1.0,1.0,0.0,0.0,0.0,0.0,0.0,0.0,0.0,1.0,1.0,1.0,1.0,0.0,1.0,0.0,0.0,1.0,1,0,0,0,0,0,0,0,0,0,0
train,vgr_train_storage_cycle_02,1.0,1.0,1.0,0.0,0.0,0.0,0.0,0.0,0.0,0.0,1.0,1.0,1.0,1.0,0.0,1.0,0.0,0.0,1.0,1,0,0,0,0,0,0,0,0,0,0
train,vgr_train_storage_cycle_02,1.0,1.0,1.0,0.0,0.0,0.0,0.0,0.0,0.0,0.0,1.0,1.0,1.0,1.0,0.0,1.0,0.0,0.0,1.0,1,0,0,0,0,0,0,0,0,0,0
train,vgr_train_storage_cycle_02,1.0,1.0,1.0,0.0,0.0,0.0,0.0,0.0,0.0,0.0,1.0,1.0,1.0,1.0,0.0,1.0,0.0,0.0,1.0,1,0,0,0,0,0,0,0,0,0,0
train,vgr_train_storage_cycle_02,1.0,1.0,1.0,0.0,0.0,0.0,0.0,0.0,0.0,0.0,1.0,1.0,1.0,1.0,0.0,1.0,0.0,0.0,1.0,1,0,0,0,0,0,0,0,0,0,0
train,vgr_train_storage_cycle_02,1.0,1.0,1.0,0.0,0.0,0.0,0.0,0.0,0.0,0.0,1.0,1.0,1.0,1.0,0.0,1.0,0.0,0.0,0.0,1,0,0,0,0,0,0,0,0,0,0
train,vgr_train_storage_cycle_02,1.0,1.0,1.0,0.0,0.0,0.0,0.0,0.0,0.0,0.0,1.0,1.0,1.0,1.0,0.0,1.0,0.0,0.0,1.0,1,0,0,0,0,0,0,0,0,0,0
train,vgr_train_storage_cycle_02,1.0,1.0,1.0,0.0,0.0,0.0,0.0,0.0,0.0,0.0,1.0,1.0,1.0,1.0,0.0,1.0,0.0,0.0,1.0,1,0,0,0,0,0,0,0,0,0,0
train,vgr_train_storage_cycle_02,1.0,1.0,1.0,0.0,0.0,0.0,0.0,0.0,0.0,0.0,1.0,1.0,1.0,1.0,0.0,1.0,0.0,0.0,1.0,1,0,0,0,0,0,0,0,0,0,0
train,vgr_train_storage_cycle_02,1.0,1.0,1.0,0.0,0.0,0.0,0.0,0.0,0.0,0.0,1.0,1.0,1.0,1.0,0.0,1.0,0.0,0.0,1.0,1,0,0,0,0,0,0,0,0,0,0
train,vgr_train_storage_cycle_02,1.0,1.0,1.0,0.0,0.0,0.0,0.0,0.0,0.0,0.0,1.0,1.0,1.0,1.0,0.0,1.0,0.0,0.0,1.0,1,0,0,0,0,0,0,0,0,0,0
train,vgr_train_storage_cycle_02,1.0,1.0,1.0,0.0,0.0,0.0,0.0,0.0,0.0,0.0,1.0,1.0,1.0,1.0,0.0,1.0,0.0,0.0,1.0,1,0,0,0,0,0,0,0,0,0,0
train,vgr_train_storage_cycle_02,1.0,1.0,1.0,0.0,0.0,0.0,0.0,0.0,0.0,0.0,1.0,1.0,1.0,1.0,0.0,1.0,0.0,0.0,1.0,1,0,0,0,0,0,0,0,0,0,0
train,vgr_train_storage_cycle_02,1.0,1.0,1.0,0.0,0.0,0.0,0.0,0.0,0.0,0.0,1.0,1.0,1.0,1.0,0.0,1.0,0.0,0.0,1.0,1,0,0,0,0,0,0,0,0,0,0
train,vgr_train_storage_cycle_02,1.0,1.0,1.0,0.0,0.0,0.0,0.0,0.0,0.0,0.0,1.0,1.0,1.0,1.0,0.0,1.0,0.0,0.0,1.0,1,0,0,0,0,0,0,0,0,0,0
train,vgr_train_storage_cycle_02,1.0,1.0,1.0,0.0,0.0,0.0,0.0,0.0,0.0,0.0,1.0,1.0,1.0,1.0,0.0,1.0,0.0,0.0,0.0,1,0,0,0,0,0,0,0,0,0,0
train,vgr_train_storage_cycle_02,1.0,1.0,1.0,0.0,0.0,0.0,0.0,0.0,0.0,0.0,1.0,1.0,1.0,1.0,0.0,1.0,0.0,0.0,1.0,1,0,0,0,0,0,0,0,0,0,0
train,vgr_train_storage_cycle_02,1.0,1.0,1.0,0.0,0.0,0.0,0.0,0.0,0.0,0.0,1.0,1.0,1.0,1.0,0.0,1.0,0.0,0.0,1.0,1,0,0,0,0,0,0,0,0,0,0
train,vgr_train_storage_cycle_02,1.0,1.0,1.0,0.0,0.0,0.0,0.0,0.0,0.0,0.0,1.0,1.0,1.0,1.0,0.0,1.0,0.0,0.0,1.0,1,0,0,0,0,0,0,0,0,0,0
train,vgr_train_storage_cycle_02,1.0,1.0,1.0,0.0,0.0,0.0,0.0,0.0,0.0,0.0,1.0,1.0,1.0,1.0,0.0,1.0,0.0,0.0,1.0,1,0,0,0,0,0,0,0,0,0,0
train,vgr_train_storage_cycle_02,1.0,1.0,1.0,0.0,0.0,0.0,0.0,0.0,0.0,0.0,1.0,1.0,1.0,1.0,0.0,1.0,0.0,0.0,1.0,1,0,0,0,0,0,0,0,0,0,0
train,vgr_train_storage_cycle_02,1.0,1.0,1.0,0.0,0.0,0.0,0.0,0.0,0.0,0.0,1.0,1.0,1.0,1.0,0.0,1.0,0.0,0.0,1.0,1,0,0,0,0,0,0,0,0,0,0
train,vgr_train_storage_cycle_02,1.0,1.0,1.0,0.0,0.0,0.0,0.0,0.0,0.0,0.0,1.0,1.0,1.0,1.0,0.0,1.0,0.0,0.0,1.0,1,0,0,0,0,0,0,0,0,0,0
train,vgr_train_storage_cycle_02,1.0,1.0,1.0,0.0,0.0,0.0,0.0,0.0,0.0,0.0,1.0,1.0,1.0,1.0,0.0,1.0,0.0,0.0,1.0,1,0,0,0,0,0,0,0,0,0,0
train,vgr_train_storage_cycle_02,1.0,1.0,1.0,0.0,0.0,0.0,0.0,0.0,0.0,0.0,1.0,1.0,1.0,1.0,0.0,1.0,0.0,0.0,0.0,1,0,0,0,0,0,0,0,0,0,0
train,vgr_train_storage_cycle_02,1.0,1.0,1.0,0.0,0.0,0.0,0.0,0.0,0.0,0.0,1.0,1.0,1.0,1.0,0.0,1.0,0.0,0.0,1.0,1,0,0,0,0,0,0,0,0,0,0
train,vgr_train_storage_cycle_02,1.0,1.0,1.0,0.0,0.0,0.0,0.0,0.0,0.0,0.0,1.0,1.0,1.0,1.0,0.0,1.0,0.0,0.0,1.0,1,0,0,0,0,0,0,0,0,0,0
train,vgr_train_storage_cycle_02,1.0,1.0,1.0,0.0,0.0,0.0,0.0,0.0,0.0,0.0,1.0,1.0,1.0,1.0,0.0,1.0,0.0,0.0,1.0,1,0,0,0,0,0,0,0,0,0,0
train,vgr_train_storage_cycle_02,1.0,1.0,1.0,0.0,0.0,0.0,0.0,0.0,0.0,0.0,1.0,1.0,1.0,1.0,0.0,1.0,0.0,0.0,1.0,1,0,0,0,0,0,0,0,0,0,0
train,vgr_train_storage_cycle_02,1.0,1.0,1.0,0.0,0.0,0.0,0.0,0.0,0.0,0.0,1.0,1.0,1.0,1.0,0.0,1.0,0.0,0.0,1.0,1,0,0,0,0,0,0,0,0,0,0
train,vgr_train_storage_cycle_02,1.0,1.0,1.0,0.0,0.0,0.0,0.0,0.0,0.0,0.0,1.0,1.0,1.0,1.0,0.0,1.0,0.0,0.0,1.0,1,0,0,0,0,0,0,0,0,0,0
train,vgr_train_storage_cycle_02,1.0,1.0,1.0,0.0,0.0,0.0,0.0,0.0,0.0,0.0,1.0,1.0,1.0,1.0,0.0,1.0,0.0,0.0,1.0,1,0,0,0,0,0,0,0,0,0,0
train,vgr_train_storage_cycle_02,1.0,1.0,1.0,0.0,0.0,0.0,0.0,0.0,0.0,0.0,1.0,1.0,1.0,1.0,0.0,1.0,0.0,0.0,1.0,1,0,0,0,0,0,0,0,0,0,0
train,vgr_train_storage_cycle_02,1.0,1.0,1.0,0.0,0.0,0.0,0.0,0.0,0.0,0.0,1.0,1.0,1.0,1.0,0.0,1.0,0.0,0.0,1.0,1,0,0,0,0,0,0,0,0,0,0
train,vgr_train_storage_cycle_02,1.0,1.0,1.0,0.0,0.0,0.0,0.0,0.0,0.0,0.0,1.0,1.0,1.0,1.0,0.0,1.0,0.0,0.0,1.0,1,0,0,0,0,0,0,0,0,0,0
train,vgr_train_storage_cycle_02,1.0,1.0,1.0,0.0,0.0,0.0,0.0,0.0,0.0,0.0,1.0,1.0,1.0,1.0,0.0,1.0,0.0,0.0,1.0,1,0,0,0,0,0,0,0,0,0,0
train,vgr_train_storage_cycle_02,1.0,1.0,1.0,0.0,0.0,0.0,0.0,0.0,0.0,0.0,1.0,1.0,1.0,1.0,0.0,1.0,0.0,0.0,1.0,1,0,0,0,0,0,0,0,0,0,0
train,vgr_train_storage_cycle_02,1.0,1.0,1.0,0.0,0.0,0.0,0.0,0.0,0.0,0.0,1.0,1.0,1.0,1.0,0.0,1.0,0.0,0.0,1.0,1,0,0,0,0,0,0,0,0,0,0
train,vgr_train_storage_cycle_02,1.0,1.0,1.0,0.0,0.0,0.0,0.0,0.0,0.0,0.0,1.0,1.0,1.0,1.0,0.0,1.0,0.0,0.0,0.0,1,0,0,0,0,0,0,0,0,0,0
train,vgr_train_storage_cycle_02,1.0,1.0,1.0,0.0,0.0,0.0,0.0,0.0,0.0,0.0,1.0,1.0,1.0,1.0,0.0,1.0,0.0,0.0,1.0,1,0,0,0,0,0,0,0,0,0,0
train,vgr_train_storage_cycle_02,1.0,1.0,1.0,0.0,0.0,0.0,0.0,0.0,0.0,0.0,1.0,1.0,1.0,1.0,0.0,1.0,0.0,0.0,1.0,1,0,0,0,0,0,0,0,0,0,0
train,vgr_train_storage_cycle_02,1.0,1.0,1.0,0.0,0.0,0.0,0.0,0.0,0.0,0.0,1.0,1.0,1.0,1.0,0.0,1.0,0.0,0.0,1.0,1,0,0,0,0,0,0,0,0,0,0
train,vgr_train_storage_cycle_02,1.0,1.0,1.0,0.0,0.0,0.0,0.0,0.0,0.0,0.0,1.0,1.0,1.0,1.0,0.0,1.0,0.0,0.0,1.0,1,0,0,0,0,0,0,0,0,0,0
train,vgr_train_storage_cycle_02,1.0,1.0,1.0,0.0,0.0,0.0,0.0,0.0,0.0,0.0,1.0,1.0,1.0,1.0,0.0,1.0,0.0,0.0,1.0,1,0,0,0,0,0,0,0,0,0,0
train,vgr_train_storage_cycle_02,1.0,1.0,1.0,0.0,0.0,0.0,0.0,0.0,0.0,0.0,1.0,1.0,1.0,1.0,0.0,1.0,0.0,0.0,1.0,1,0,0,0,0,0,0,0,0,0,0
train,vgr_train_storage_cycle_02,1.0,1.0,1.0,0.0,0.0,0.0,0.0,0.0,0.0,0.0,1.0,1.0,1.0,1.0,0.0,1.0,0.0,0.0,1.0,1,0,0,0,0,0,0,0,0,0,0
train,vgr_train_storage_cycle_02,1.0,1.0,1.0,0.0,0.0,0.0,0.0,0.0,0.0,0.0,1.0,1.0,1.0,1.0,0.0,1.0,0.0,0.0,1.0,1,0,0,0,0,0,0,0,0,0,0
train,vgr_train_storage_cycle_02,1.0,1.0,1.0,0.0,0.0,0.0,0.0,0.0,0.0,0.0,1.0,1.0,1.0,1.0,0.0,1.0,0.0,0.0,1.0,1,0,0,0,0,0,0,0,0,0,0
train,vgr_train_storage_cycle_02,1.0,1.0,1.0,0.0,0.0,0.0,0.0,0.0,0.0,0.0,1.0,1.0,1.0,1.0,0.0,1.0,0.0,0.0,1.0,1,0,0,0,0,0,0,0,0,0,0
train,vgr_train_storage_cycle_02,1.0,1.0,1.0,0.0,0.0,0.0,0.0,0.0,0.0,0.0,1.0,1.0,1.0,1.0,0.0,1.0,0.0,0.0,1.0,1,0,0,0,0,0,0,0,0,0,0
train,vgr_train_storage_cycle_02,1.0,1.0,1.0,0.0,0.0,0.0,0.0,0.0,0.0,0.0,1.0,1.0,1.0,1.0,0.0,1.0,0.0,0.0,0.0,1,0,0,0,0,0,0,0,0,0,0
train,vgr_train_storage_cycle_02,1.0,1.0,1.0,0.0,0.0,0.0,0.0,0.0,0.0,0.0,1.0,1.0,1.0,1.0,0.0,1.0,0.0,0.0,1.0,1,0,0,0,0,0,0,0,0,0,0
train,vgr_train_storage_cycle_02,1.0,1.0,1.0,0.0,0.0,0.0,0.0,0.0,0.0,0.0,1.0,1.0,1.0,1.0,0.0,1.0,0.0,0.0,1.0,1,0,0,0,0,0,0,0,0,0,0
train,vgr_train_storage_cycle_02,1.0,1.0,1.0,0.0,0.0,0.0,0.0,0.0,0.0,0.0,1.0,1.0,1.0,1.0,0.0,1.0,0.0,0.0,1.0,1,0,0,0,0,0,0,0,0,0,0
train,vgr_train_storage_cycle_02,1.0,1.0,1.0,0.0,0.0,0.0,0.0,0.0,0.0,0.0,1.0,1.0,1.0,1.0,0.0,1.0,0.0,0.0,1.0,1,0,0,0,0,0,0,0,0,0,0
train,vgr_train_storage_cycle_02,1.0,1.0,1.0,0.0,0.0,0.0,0.0,0.0,0.0,0.0,1.0,1.0,1.0,1.0,0.0,1.0,0.0,0.0,1.0,1,0,0,0,0,0,0,0,0,0,0
train,vgr_train_storage_cycle_02,1.0,1.0,1.0,0.0,0.0,0.0,0.0,0.0,0.0,0.0,1.0,1.0,1.0,1.0,0.0,1.0,0.0,0.0,1.0,1,0,0,0,0,0,0,0,0,0,0
train,vgr_train_storage_cycle_02,1.0,1.0,1.0,0.0,0.0,0.0,0.0,0.0,0.0,0.0,1.0,1.0,1.0,1.0,0.0,1.0,0.0,0.0,1.0,1,0,0,0,0,0,0,0,0,0,0
train,vgr_train_storage_cycle_02,1.0,1.0,1.0,0.0,0.0,0.0,0.0,0.0,0.0,0.0,1.0,1.0,1.0,1.0,0.0,1.0,0.0,0.0,1.0,1,0,0,0,0,0,0,0,0,0,0
train,vgr_train_storage_cycle_02,1.0,1.0,1.0,0.0,0.0,0.0,0.0,0.0,0.0,0.0,1.0,1.0,1.0,1.0,0.0,1.0,0.0,0.0,1.0,1,0,0,0,0,0,0,0,0,0,0
train,vgr_train_storage_cycle_02,1.0,1.0,1.0,0.0,0.0,0.0,0.0,0.0,0.0,0.0,1.0,1.0,1.0,1.0,0.0,1.0,0.0,0.0,0.0,1,0,0,0,0,0,0,0,0,0,0
train,vgr_train_storage_cycle_02,1.0,1.0,1.0,0.0,0.0,0.0,0.0,0.0,0.0,0.0,1.0,1.0,1.0,1.0,0.0,1.0,0.0,0.0,0.0,1,0,0,0,0,0,0,0,0,0,0
train,vgr_train_storage_cycle_02,1.0,1.0,1.0,0.0,0.0,0.0,0.0,0.0,0.0,0.0,1.0,1.0,1.0,1.0,0.0,1.0,0.0,0.0,0.0,1,0,0,0,0,0,0,0,0,0,0
train,vgr_train_storage_cycle_02,1.0,1.0,1.0,0.0,0.0,0.0,0.0,0.0,0.0,0.0,1.0,1.0,1.0,1.0,0.0,1.0,0.0,0.0,0.0,1,0,0,0,0,0,0,0,0,0,0
train,vgr_train_storage_cycle_02,1.0,1.0,1.0,0.0,0.0,0.0,0.0,0.0,0.0,0.0,1.0,1.0,1.0,1.0,0.0,1.0,0.0,0.0,0.0,1,0,0,0,0,0,0,0,0,0,0
train,vgr_train_storage_cycle_02,1.0,1.0,1.0,0.0,0.0,0.0,0.0,0.0,0.0,0.0,1.0,1.0,1.0,1.0,0.0,1.0,0.0,0.0,0.0,1,0,0,0,0,0,0,0,0,0,0
train,vgr_train_storage_cycle_02,1.0,1.0,1.0,0.0,0.0,0.0,0.0,0.0,0.0,0.0,1.0,1.0,1.0,1.0,0.0,1.0,0.0,0.0,0.0,1,0,0,0,0,0,0,0,0,0,0
train,vgr_train_storage_cycle_02,1.0,1.0,1.0,0.0,0.0,0.0,0.0,0.0,0.0,0.0,1.0,1.0,1.0,1.0,0.0,1.0,0.0,0.0,0.0,1,0,0,0,0,0,0,0,0,0,0
train,vgr_train_storage_cycle_02,1.0,1.0,1.0,0.0,0.0,0.0,0.0,0.0,0.0,0.0,1.0,1.0,1.0,1.0,0.0,1.0,0.0,0.0,0.0,1,0,0,0,0,0,0,0,0,0,0
train,vgr_train_storage_cycle_02,1.0,1.0,1.0,0.0,0.0,0.0,0.0,0.0,0.0,0.0,1.0,1.0,1.0,1.0,0.0,1.0,0.0,0.0,0.0,1,0,0,0,0,0,0,0,0,0,0
train,vgr_train_storage_cycle_02,1.0,1.0,1.0,0.0,0.0,0.0,0.0,0.0,0.0,0.0,1.0,1.0,1.0,1.0,0.0,1.0,0.0,0.0,0.0,1,0,0,0,0,0,0,0,0,0,0
train,vgr_train_storage_cycle_02,1.0,1.0,1.0,0.0,0.0,0.0,0.0,0.0,0.0,0.0,1.0,1.0,1.0,1.0,0.0,1.0,0.0,0.0,0.0,1,0,0,0,0,0,0,0,0,0,0
train,vgr_train_storage_cycle_02,1.0,1.0,1.0,0.0,0.0,0.0,0.0,0.0,0.0,0.0,1.0,1.0,1.0,1.0,0.0,1.0,0.0,0.0,0.0,1,0,0,0,0,0,0,0,0,0,0
train,vgr_train_storage_cycle_02,1.0,1.0,1.0,0.0,0.0,0.0,0.0,0.0,0.0,0.0,1.0,1.0,1.0,1.0,0.0,1.0,0.0,0.0,0.0,1,0,0,0,0,0,0,0,0,0,0
train,vgr_train_storage_cycle_02,1.0,1.0,1.0,0.0,0.0,0.0,0.0,0.0,0.0,0.0,1.0,1.0,1.0,1.0,0.0,1.0,0.0,0.0,0.0,1,0,0,0,0,0,0,0,0,0,0
train,vgr_train_storage_cycle_02,1.0,1.0,1.0,0.0,0.0,0.0,0.0,0.0,0.0,0.0,1.0,1.0,1.0,1.0,0.0,1.0,0.0,0.0,0.0,1,0,0,0,0,0,0,0,0,0,0
train,vgr_train_storage_cycle_02,1.0,1.0,1.0,0.0,0.0,0.0,0.0,0.0,0.0,0.0,1.0,1.0,1.0,1.0,0.0,1.0,0.0,0.0,0.0,1,0,0,0,0,0,0,0,0,0,0
train,vgr_train_storage_cycle_02,1.0,1.0,1.0,0.0,0.0,0.0,0.0,0.0,0.0,0.0,1.0,1.0,1.0,1.0,0.0,1.0,0.0,0.0,0.0,1,0,0,0,0,0,0,0,0,0,0
train,vgr_train_storage_cycle_02,1.0,1.0,1.0,0.0,0.0,0.0,0.0,0.0,0.0,0.0,1.0,1.0,1.0,1.0,0.0,1.0,0.0,0.0,0.0,1,0,0,0,0,0,0,0,0,0,0
train,vgr_train_storage_cycle_02,1.0,1.0,1.0,0.0,0.0,0.0,0.0,0.0,0.0,0.0,1.0,1.0,1.0,1.0,0.0,1.0,0.0,0.0,0.0,1,0,0,0,0,0,0,0,0,0,0
train,vgr_train_storage_cycle_02,1.0,1.0,1.0,0.0,0.0,0.0,0.0,0.0,0.0,0.0,1.0,1.0,1.0,1.0,0.0,1.0,0.0,0.0,0.0,1,0,0,0,0,0,0,0,0,0,0
train,vgr_train_storage_cycle_02,1.0,1.0,1.0,0.0,0.0,0.0,0.0,0.0,0.0,0.0,1.0,1.0,1.0,1.0,0.0,1.0,0.0,0.0,0.0,1,0,0,0,0,0,0,0,0,0,0
train,vgr_train_storage_cycle_02,1.0,1.0,1.0,0.0,0.0,0.0,0.0,0.0,0.0,0.0,1.0,1.0,1.0,1.0,0.0,1.0,0.0,0.0,0.0,1,0,0,0,0,0,0,0,0,0,0
train,vgr_train_storage_cycle_02,1.0,1.0,1.0,0.0,0.0,0.0,0.0,0.0,0.0,0.0,1.0,1.0,1.0,1.0,0.0,1.0,0.0,0.0,0.0,1,0,0,0,0,0,0,0,0,0,0
train,vgr_train_storage_cycle_02,1.0,1.0,1.0,0.0,0.0,0.0,0.0,0.0,0.0,0.0,1.0,1.0,1.0,1.0,0.0,1.0,0.0,0.0,0.0,1,0,0,0,0,0,0,0,0,0,0
train,vgr_train_storage_cycle_02,1.0,1.0,1.0,0.0,0.0,0.0,0.0,0.0,0.0,0.0,1.0,1.0,1.0,1.0,0.0,1.0,0.0,0.0,0.0,1,0,0,0,0,0,0,0,0,0,0
train,vgr_train_storage_cycle_02,1.0,1.0,1.0,0.0,0.0,0.0,0.0,0.0,0.0,0.0,1.0,1.0,1.0,1.0,0.0,1.0,0.0,0.0,0.0,1,0,0,0,0,0,0,0,0,0,0
train,vgr_train_storage_cycle_02,1.0,1.0,1.0,0.0,0.0,0.0,0.0,0.0,0.0,0.0,1.0,1.0,1.0,1.0,0.0,1.0,0.0,0.0,0.0,1,0,0,0,0,0,0,0,0,0,0
train,vgr_train_storage_cycle_02,1.0,1.0,1.0,0.0,0.0,0.0,0.0,0.0,0.0,0.0,1.0,1.0,1.0,1.0,0.0,1.0,0.0,0.0,0.0,1,0,0,0,0,0,0,0,0,0,0
train,vgr_train_storage_cycle_02,1.0,1.0,1.0,0.0,0.0,0.0,0.0,0.0,0.0,0.0,1.0,1.0,1.0,1.0,0.0,1.0,0.0,0.0,0.0,1,0,0,0,0,0,0,0,0,0,0
train,vgr_train_storage_cycle_02,0.0,0.0,0.0,0.0,0.0,1.0,1.0,396.0,26.0,33.0,1.0,1.0,1.0,1.0,0.0,1.0,0.0,0.0,1.0,1,0,0,0,0,0,0,0,0,0,0
train,vgr_train_storage_cycle_02,0.0,0.0,0.0,0.0,0.0,1.0,1.0,1451.0,908.0,704.0,0.0,1.0,1.0,0.0,0.0,1.0,3253.0,5199.0,1.0,1,0,0,0,0,0,0,0,0,0,0
train,vgr_train_storage_cycle_02,0.0,0.0,0.0,0.0,0.0,1.0,1.0,2458.0,156.0,423.0,0.0,1.0,1.0,0.0,0.0,1.0,2883.0,5199.0,1.0,1,0,0,0,0,0,0,0,0,0,0
train,vgr_train_storage_cycle_02,0.0,0.0,0.0,0.0,0.0,1.0,1.0,1448.0,908.0,703.0,0.0,0.0,1.0,0.0,1.0,0.0,2802.0,17.0,1.0,1,0,0,0,0,0,0,0,0,0,0
train,vgr_train_storage_cycle_02,1.0,0.0,0.0,0.0,0.0,1.0,1.0,0.0,604.0,5352.0,0.0,1.0,0.0,0.0,1.0,0.0,2802.0,17.0,1.0,1,0,0,0,0,0,0,0,0,0,0
train,vgr_train_storage_cycle_02,0.0,0.0,0.0,0.0,0.0,0.0,0.0,400.0,604.0,5352.0,0.0,1.0,0.0,0.0,1.0,0.0,2802.0,17.0,1.0,1,0,0,0,0,0,0,0,0,0,0
train,vgr_train_storage_cycle_02,0.0,0.0,0.0,0.0,0.0,0.0,0.0,400.0,604.0,5352.0,0.0,0.0,1.0,0.0,1.0,0.0,2802.0,17.0,1.0,1,0,0,0,0,0,0,0,0,0,0
train,vgr_train_storage_cycle_02,0.0,0.0,0.0,0.0,0.0,0.0,0.0,400.0,604.0,5352.0,0.0,1.0,1.0,0.0,0.0,1.0,2881.0,5198.0,1.0,1,0,0,0,0,0,0,0,0,0,0
train,vgr_train_storage_cycle_02,0.0,0.0,0.0,0.0,0.0,0.0,0.0,400.0,604.0,5352.0,0.0,1.0,1.0,0.0,0.0,1.0,3250.0,5198.0,1.0,1,0,0,0,0,0,0,0,0,0,0
train,vgr_train_storage_cycle_02,1.0,1.0,1.0,0.0,0.0,0.0,0.0,0.0,0.0,0.0,1.0,1.0,1.0,1.0,0.0,1.0,0.0,0.0,0.0,1,0,0,0,0,0,0,0,0,0,0
train,vgr_train_storage_cycle_02,1.0,1.0,1.0,0.0,0.0,0.0,0.0,0.0,0.0,0.0,1.0,1.0,1.0,1.0,0.0,1.0,0.0,0.0,0.0,1,0,0,0,0,0,0,0,0,0,0
train,vgr_train_storage_cycle_02,1.0,1.0,1.0,0.0,0.0,0.0,0.0,0.0,0.0,0.0,1.0,1.0,1.0,1.0,0.0,1.0,0.0,0.0,0.0,1,0,0,0,0,0,0,0,0,0,0
train,vgr_train_storage_cycle_02,1.0,1.0,1.0,0.0,0.0,0.0,0.0,0.0,0.0,0.0,1.0,1.0,1.0,1.0,0.0,1.0,0.0,0.0,0.0,1,0,0,0,0,0,0,0,0,0,0
train,vgr_train_storage_cycle_02,1.0,1.0,1.0,0.0,0.0,0.0,0.0,0.0,0.0,0.0,1.0,1.0,1.0,1.0,0.0,1.0,0.0,0.0,0.0,1,0,0,0,0,0,0,0,0,0,0
train,vgr_train_storage_cycle_02,1.0,1.0,1.0,0.0,0.0,0.0,0.0,0.0,0.0,0.0,1.0,1.0,1.0,1.0,0.0,1.0,0.0,0.0,0.0,1,0,0,0,0,0,0,0,0,0,0
train,vgr_train_storage_cycle_02,1.0,1.0,1.0,0.0,0.0,0.0,0.0,0.0,0.0,0.0,1.0,1.0,1.0,1.0,0.0,1.0,0.0,0.0,0.0,1,0,0,0,0,0,0,0,0,0,0
train,vgr_train_storage_cycle_02,1.0,1.0,1.0,0.0,0.0,0.0,0.0,0.0,0.0,0.0,1.0,1.0,1.0,1.0,0.0,1.0,0.0,0.0,0.0,1,0,0,0,0,0,0,0,0,0,0
train,vgr_train_storage_cycle_02,1.0,1.0,1.0,0.0,0.0,0.0,0.0,0.0,0.0,0.0,1.0,1.0,1.0,1.0,0.0,1.0,0.0,0.0,0.0,1,0,0,0,0,0,0,0,0,0,0
train,vgr_train_storage_cycle_02,1.0,1.0,1.0,0.0,0.0,0.0,0.0,0.0,0.0,0.0,1.0,1.0,1.0,1.0,0.0,1.0,0.0,0.0,0.0,1,0,0,0,0,0,0,0,0,0,0
train,vgr_train_storage_cycle_02,0.0,0.0,0.0,0.0,0.0,1.0,1.0,391.0,26.0,32.0,1.0,1.0,1.0,1.0,0.0,1.0,0.0,0.0,1.0,1,0,0,0,0,0,0,0,0,0,0
train,vgr_train_storage_cycle_02,0.0,0.0,0.0,0.0,0.0,1.0,1.0,1451.0,908.0,704.0,0.0,1.0,1.0,0.0,0.0,1.0,404.0,2869.0,1.0,1,0,0,0,0,0,0,0,0,0,0
train,vgr_train_storage_cycle_02,0.0,0.0,0.0,0.0,0.0,1.0,1.0,2453.0,160.0,428.0,0.0,1.0,1.0,0.0,0.0,1.0,37.0,2869.0,1.0,1,0,0,0,0,0,0,0,0,0,0
train,vgr_train_storage_cycle_02,0.0,0.0,0.0,0.0,0.0,1.0,1.0,1447.0,905.0,706.0,0.0,0.0,1.0,0.0,1.0,0.0,2799.0,16.0,1.0,1,0,0,0,0,0,0,0,0,0,0
train,vgr_train_storage_cycle_02,1.0,0.0,0.0,1.0,1.0,1.0,1.0,0.0,604.0,5348.0,0.0,1.0,0.0,0.0,1.0,0.0,2799.0,16.0,1.0,1,0,0,0,0,0,0,0,0,0,0
train,vgr_train_storage_cycle_02,0.0,0.0,0.0,0.0,0.0,0.0,0.0,398.0,604.0,5348.0,0.0,1.0,0.0,0.0,1.0,0.0,2799.0,16.0,1.0,1,0,0,0,0,0,0,0,0,0,0
train,vgr_train_storage_cycle_02,0.0,0.0,0.0,0.0,0.0,0.0,0.0,398.0,604.0,5348.0,0.0,0.0,1.0,0.0,1.0,0.0,2799.0,16.0,1.0,1,0,0,0,0,0,0,0,0,0,0
train,vgr_train_storage_cycle_02,0.0,0.0,0.0,0.0,0.0,0.0,0.0,398.0,604.0,5348.0,0.0,1.0,1.0,0.0,0.0,1.0,35.0,2870.0,1.0,1,0,0,0,0,0,0,0,0,0,0
train,vgr_train_storage_cycle_02,0.0,0.0,0.0,0.0,0.0,0.0,0.0,398.0,604.0,5348.0,0.0,1.0,1.0,0.0,0.0,1.0,402.0,2870.0,1.0,1,0,0,0,0,0,0,0,0,0,0
train,vgr_train_storage_cycle_03,1.0,1.0,1.0,0.0,0.0,0.0,0.0,0.0,0.0,0.0,1.0,1.0,1.0,1.0,0.0,1.0,0.0,0.0,1.0,0,1,0,0,0,0,0,0,0,0,0
train,vgr_train_storage_cycle_03,1.0,1.0,1.0,0.0,0.0,0.0,0.0,0.0,0.0,0.0,1.0,1.0,1.0,1.0,0.0,1.0,0.0,0.0,1.0,0,1,0,0,0,0,0,0,0,0,0
train,vgr_train_storage_cycle_03,1.0,1.0,1.0,0.0,0.0,0.0,0.0,0.0,0.0,0.0,1.0,1.0,1.0,1.0,0.0,1.0,0.0,0.0,1.0,0,1,0,0,0,0,0,0,0,0,0
train,vgr_train_storage_cycle_03,1.0,1.0,1.0,0.0,0.0,0.0,0.0,0.0,0.0,0.0,1.0,1.0,1.0,1.0,0.0,1.0,0.0,0.0,1.0,0,1,0,0,0,0,0,0,0,0,0
train,vgr_train_storage_cycle_03,1.0,1.0,1.0,0.0,0.0,0.0,0.0,0.0,0.0,0.0,1.0,1.0,1.0,1.0,0.0,1.0,0.0,0.0,1.0,0,1,0,0,0,0,0,0,0,0,0
train,vgr_train_storage_cycle_03,1.0,1.0,1.0,0.0,0.0,0.0,0.0,0.0,0.0,0.0,1.0,1.0,1.0,1.0,0.0,1.0,0.0,0.0,1.0,0,1,0,0,0,0,0,0,0,0,0
train,vgr_train_storage_cycle_03,1.0,1.0,1.0,0.0,0.0,0.0,0.0,0.0,0.0,0.0,1.0,1.0,1.0,1.0,0.0,1.0,0.0,0.0,1.0,0,1,0,0,0,0,0,0,0,0,0
train,vgr_train_storage_cycle_03,1.0,1.0,1.0,0.0,0.0,0.0,0.0,0.0,0.0,0.0,1.0,1.0,1.0,1.0,0.0,1.0,0.0,0.0,1.0,0,1,0,0,0,0,0,0,0,0,0
train,vgr_train_storage_cycle_03,1.0,1.0,1.0,0.0,0.0,0.0,0.0,0.0,0.0,0.0,1.0,1.0,1.0,1.0,0.0,1.0,0.0,0.0,1.0,0,1,0,0,0,0,0,0,0,0,0
train,vgr_train_storage_cycle_03,1.0,1.0,1.0,0.0,0.0,0.0,0.0,0.0,0.0,0.0,1.0,1.0,1.0,1.0,0.0,1.0,0.0,0.0,1.0,0,1,0,0,0,0,0,0,0,0,0
train,vgr_train_storage_cycle_03,1.0,1.0,1.0,0.0,0.0,0.0,0.0,0.0,0.0,0.0,1.0,1.0,1.0,1.0,0.0,1.0,0.0,0.0,0.0,0,1,0,0,0,0,0,0,0,0,101
train,vgr_train_storage_cycle_03,0.0,0.0,0.0,0.0,0.0,1.0,1.0,391.0,26.0,32.0,1.0,1.0,1.0,1.0,0.0,1.0,0.0,0.0,1.0,0,1,0,0,0,0,0,0,0,0,102
train,vgr_train_storage_cycle_03,0.0,0.0,0.0,0.0,0.0,1.0,1.0,1451.0,908.0,704.0,0.0,1.0,1.0,0.0,0.0,1.0,404.0,2869.0,1.0,0,1,0,0,0,0,0,0,0,0,103
train,vgr_train_storage_cycle_03,0.0,0.0,0.0,0.0,0.0,1.0,1.0,2453.0,160.0,428.0,0.0,1.0,1.0,0.0,0.0,1.0,37.0,2869.0,1.0,0,1,0,0,0,0,0,0,0,0,102
train,vgr_train_storage_cycle_03,0.0,0.0,0.0,0.0,0.0,1.0,1.0,1447.0,905.0,706.0,0.0,0.0,1.0,0.0,1.0,0.0,2799.0,16.0,1.0,0,1,0,0,0,0,0,0,0,0,104
train,vgr_train_storage_cycle_03,1.0,0.0,0.0,1.0,1.0,1.0,1.0,0.0,604.0,5348.0,0.0,1.0,0.0,0.0,1.0,0.0,2799.0,16.0,1.0,0,1,0,0,0,0,0,0,0,0,105
train,vgr_train_storage_cycle_03,0.0,0.0,0.0,0.0,0.0,0.0,0.0,398.0,604.0,5348.0,0.0,1.0,0.0,0.0,1.0,0.0,2799.0,16.0,1.0,0,1,0,0,0,0,0,0,0,0,0
train,vgr_train_storage_cycle_03,0.0,0.0,0.0,0.0,0.0,0.0,0.0,398.0,604.0,5348.0,0.0,0.0,1.0,0.0,1.0,0.0,2799.0,16.0,1.0,0,1,0,0,0,0,0,0,0,0,0
train,vgr_train_storage_cycle_03,0.0,0.0,0.0,0.0,0.0,0.0,0.0,398.0,604.0,5348.0,0.0,1.0,1.0,0.0,0.0,1.0,35.0,2870.0,1.0,0,1,0,0,0,0,0,0,0,0,0
train,vgr_train_storage_cycle_03,0.0,0.0,0.0,0.0,0.0,0.0,0.0,398.0,604.0,5348.0,0.0,1.0,1.0,0.0,0.0,1.0,402.0,2870.0,1.0,0,1,0,0,0,0,0,0,0,0,301
train,vgr_train_storage_cycle_03,1.0,1.0,1.0,0.0,0.0,0.0,0.0,0.0,0.0,0.0,1.0,1.0,1.0,1.0,0.0,1.0,0.0,0.0,1.0,0,0,1,0,0,0,0,0,0,0,0
train,vgr_train_storage_cycle_03,1.0,1.0,1.0,0.0,0.0,0.0,0.0,0.0,0.0,0.0,1.0,1.0,1.0,1.0,0.0,1.0,0.0,0.0,1.0,0,0,1,0,0,0,0,0,0,0,0
train,vgr_train_storage_cycle_03,1.0,1.0,1.0,0.0,0.0,0.0,0.0,0.0,0.0,0.0,1.0,1.0,1.0,1.0,0.0,1.0,0.0,0.0,1.0,0,0,1,0,0,0,0,0,0,0,0
train,vgr_train_storage_cycle_03,1.0,1.0,1.0,0.0,0.0,0.0,0.0,0.0,0.0,0.0,1.0,1.0,1.0,1.0,0.0,1.0,0.0,0.0,1.0,0,0,1,0,0,0,0,0,0,0,0
train,vgr_train_storage_cycle_03,1.0,1.0,1.0,0.0,0.0,0.0,0.0,0.0,0.0,0.0,1.0,1.0,1.0,1.0,0.0,1.0,0.0,0.0,1.0,0,0,1,0,0,0,0,0,0,0,0
train,vgr_train_storage_cycle_03,1.0,1.0,1.0,0.0,0.0,0.0,0.0,0.0,0.0,0.0,1.0,1.0,1.0,1.0,0.0,1.0,0.0,0.0,1.0,0,0,1,0,0,0,0,0,0,0,0
train,vgr_train_storage_cycle_03,1.0,1.0,1.0,0.0,0.0,0.0,0.0,0.0,0.0,0.0,1.0,1.0,1.0,1.0,0.0,1.0,0.0,0.0,1.0,0,0,1,0,0,0,0,0,0,0,0
train,vgr_train_storage_cycle_03,1.0,1.0,1.0,0.0,0.0,0.0,0.0,0.0,0.0,0.0,1.0,1.0,1.0,1.0,0.0,1.0,0.0,0.0,1.0,0,0,1,0,0,0,0,0,0,0,0
train,vgr_train_storage_cycle_03,1.0,1.0,1.0,0.0,0.0,0.0,0.0,0.0,0.0,0.0,1.0,1.0,1.0,1.0,0.0,1.0,0.0,0.0,1.0,0,0,1,0,0,0,0,0,0,0,0
train,vgr_train_storage_cycle_03,1.0,1.0,1.0,0.0,0.0,0.0,0.0,0.0,0.0,0.0,1.0,1.0,1.0,1.0,0.0,1.0,0.0,0.0,1.0,0,0,1,0,0,0,0,0,0,0,0
train,vgr_train_storage_cycle_03,1.0,1.0,1.0,0.0,0.0,0.0,0.0,0.0,0.0,0.0,1.0,1.0,1.0,1.0,0.0,1.0,0.0,0.0,0.0,0,0,1,0,0,0,0,0,0,0,101
train,vgr_train_storage_cycle_03,0.0,0.0,0.0,0.0,0.0,1.0,1.0,394.0,26.0,33.0,1.0,1.0,1.0,1.0,0.0,1.0,0.0,0.0,1.0,0,0,1,0,0,0,0,0,0,0,102
train,vgr_train_storage_cycle_03,0.0,0.0,0.0,0.0,0.0,1.0,1.0,1452.0,904.0,703.0,0.0,1.0,1.0,0.0,0.0,1.0,1753.0,2869.0,1.0,0,0,1,0,0,0,0,0,0,0,103
train,vgr_train_storage_cycle_03,0.0,0.0,0.0,0.0,0.0,1.0,1.0,2456.0,156.0,426.0,0.0,1.0,1.0,0.0,0.0,1.0,1382.0,2869.0,1.0,0,0,1,0,0,0,0,0,0,0,102
train,vgr_train_storage_cycle_03,0.0,0.0,0.0,0.0,0.0,1.0,1.0,1449.0,908.0,702.0,0.0,0.0,1.0,0.0,1.0,0.0,2804.0,16.0,1.0,0,0,1,0,0,0,0,0,0,0,104
train,vgr_train_storage_cycle_03,1.0,0.0,0.0,1.0,1.0,1.0,1.0,0.0,608.0,5348.0,0.0,1.0,0.0,0.0,1.0,0.0,2804.0,16.0,1.0,0,0,1,0,0,0,0,0,0,0,105
train,vgr_train_storage_cycle_03,0.0,0.0,0.0,0.0,0.0,0.0,0.0,403.0,608.0,5348.0,0.0,1.0,0.0,0.0,1.0,0.0,2804.0,16.0,1.0,0,0,1,0,0,0,0,0,0,0,0
train,vgr_train_storage_cycle_03,0.0,0.0,0.0,0.0,0.0,0.0,0.0,403.0,608.0,5348.0,0.0,0.0,1.0,0.0,1.0,0.0,2804.0,16.0,1.0,0,0,1,0,0,0,0,0,0,0,0
train,vgr_train_storage_cycle_03,0.0,0.0,0.0,0.0,0.0,0.0,0.0,403.0,608.0,5348.0,0.0,1.0,1.0,0.0,0.0,1.0,1385.0,2870.0,1.0,0,0,1,0,0,0,0,0,0,0,0
train,vgr_train_storage_cycle_03,0.0,0.0,0.0,0.0,0.0,0.0,0.0,403.0,608.0,5348.0,0.0,1.0,1.0,0.0,0.0,1.0,1748.0,2870.0,1.0,0,0,1,0,0,0,0,0,0,0,301
train,vgr_train_storage_cycle_03,1.0,1.0,1.0,0.0,0.0,0.0,0.0,0.0,0.0,0.0,1.0,1.0,1.0,1.0,0.0,1.0,0.0,0.0,1.0,0,0,0,1,0,0,0,0,0,0,0
train,vgr_train_storage_cycle_03,1.0,1.0,1.0,0.0,0.0,0.0,0.0,0.0,0.0,0.0,1.0,1.0,1.0,1.0,0.0,1.0,0.0,0.0,1.0,0,0,0,1,0,0,0,0,0,0,0
train,vgr_train_storage_cycle_03,1.0,1.0,1.0,0.0,0.0,0.0,0.0,0.0,0.0,0.0,1.0,1.0,1.0,1.0,0.0,1.0,0.0,0.0,1.0,0,0,0,1,0,0,0,0,0,0,0
train,vgr_train_storage_cycle_03,1.0,1.0,1.0,0.0,0.0,0.0,0.0,0.0,0.0,0.0,1.0,1.0,1.0,1.0,0.0,1.0,0.0,0.0,1.0,0,0,0,1,0,0,0,0,0,0,0
train,vgr_train_storage_cycle_03,1.0,1.0,1.0,0.0,0.0,0.0,0.0,0.0,0.0,0.0,1.0,1.0,1.0,1.0,0.0,1.0,0.0,0.0,1.0,0,0,0,1,0,0,0,0,0,0,0
train,vgr_train_storage_cycle_03,1.0,1.0,1.0,0.0,0.0,0.0,0.0,0.0,0.0,0.0,1.0,1.0,1.0,1.0,0.0,1.0,0.0,0.0,1.0,0,0,0,1,0,0,0,0,0,0,0
train,vgr_train_storage_cycle_03,1.0,1.0,1.0,0.0,0.0,0.0,0.0,0.0,0.0,0.0,1.0,1.0,1.0,1.0,0.0,1.0,0.0,0.0,1.0,0,0,0,1,0,0,0,0,0,0,0
train,vgr_train_storage_cycle_03,1.0,1.0,1.0,0.0,0.0,0.0,0.0,0.0,0.0,0.0,1.0,1.0,1.0,1.0,0.0,1.0,0.0,0.0,1.0,0,0,0,1,0,0,0,0,0,0,0
train,vgr_train_storage_cycle_03,1.0,1.0,1.0,0.0,0.0,0.0,0.0,0.0,0.0,0.0,1.0,1.0,1.0,1.0,0.0,1.0,0.0,0.0,1.0,0,0,0,1,0,0,0,0,0,0,0
train,vgr_train_storage_cycle_03,1.0,1.0,1.0,0.0,0.0,0.0,0.0,0.0,0.0,0.0,1.0,1.0,1.0,1.0,0.0,1.0,0.0,0.0,1.0,0,0,0,1,0,0,0,0,0,0,0
train,vgr_train_storage_cycle_03,1.0,1.0,1.0,0.0,0.0,0.0,0.0,0.0,0.0,0.0,1.0,1.0,1.0,1.0,0.0,1.0,0.0,0.0,1.0,0,0,0,1,0,0,0,0,0,0,0
train,vgr_train_storage_cycle_03,1.0,1.0,1.0,0.0,0.0,0.0,0.0,0.0,0.0,0.0,1.0,1.0,1.0,1.0,0.0,1.0,0.0,0.0,1.0,0,0,0,1,0,0,0,0,0,0,0
train,vgr_train_storage_cycle_03,1.0,1.0,1.0,0.0,0.0,0.0,0.0,0.0,0.0,0.0,1.0,1.0,1.0,1.0,0.0,1.0,0.0,0.0,1.0,0,0,0,1,0,0,0,0,0,0,0
train,vgr_train_storage_cycle_03,1.0,1.0,1.0,0.0,0.0,0.0,0.0,0.0,0.0,0.0,1.0,1.0,1.0,1.0,0.0,1.0,0.0,0.0,1.0,0,0,0,1,0,0,0,0,0,0,0
train,vgr_train_storage_cycle_03,1.0,1.0,1.0,0.0,0.0,0.0,0.0,0.0,0.0,0.0,1.0,1.0,1.0,1.0,0.0,1.0,0.0,0.0,1.0,0,0,0,1,0,0,0,0,0,0,0
train,vgr_train_storage_cycle_03,1.0,1.0,1.0,0.0,0.0,0.0,0.0,0.0,0.0,0.0,1.0,1.0,1.0,1.0,0.0,1.0,0.0,0.0,1.0,0,0,0,1,0,0,0,0,0,0,0
train,vgr_train_storage_cycle_03,1.0,1.0,1.0,0.0,0.0,0.0,0.0,0.0,0.0,0.0,1.0,1.0,1.0,1.0,0.0,1.0,0.0,0.0,1.0,0,0,0,1,0,0,0,0,0,0,0
train,vgr_train_storage_cycle_03,1.0,1.0,1.0,0.0,0.0,0.0,0.0,0.0,0.0,0.0,1.0,1.0,1.0,1.0,0.0,1.0,0.0,0.0,0.0,0,0,0,1,0,0,0,0,0,0,101
train,vgr_train_storage_cycle_03,0.0,0.0,0.0,0.0,0.0,1.0,1.0,397.0,25.0,33.0,1.0,1.0,1.0,1.0,0.0,1.0,0.0,0.0,1.0,0,0,0,1,0,0,0,0,0,0,102
train,vgr_train_storage_cycle_03,0.0,0.0,0.0,0.0,0.0,1.0,1.0,1449.0,905.0,702.0,0.0,1.0,1.0,0.0,0.0,1.0,3252.0,2869.0,1.0,0,0,0,1,0,0,0,0,0,0,103
train,vgr_train_storage_cycle_03,0.0,0.0,0.0,0.0,0.0,1.0,1.0,2455.0,152.0,426.0,0.0,1.0,1.0,0.0,0.0,1.0,2885.0,2869.0,1.0,0,0,0,1,0,0,0,0,0,0,102
train,vgr_train_storage_cycle_03,0.0,0.0,0.0,0.0,0.0,1.0,1.0,1448.0,910.0,704.0,0.0,0.0,1.0,0.0,1.0,0.0,2799.0,18.0,1.0,0,0,0,1,0,0,0,0,0,0,104
train,vgr_train_storage_cycle_03,1.0,0.0,0.0,1.0,1.0,1.0,1.0,0.0,604.0,5348.0,0.0,1.0,0.0,0.0,1.0,0.0,2799.0,18.0,1.0,0,0,0,1,0,0,0,0,0,0,105
train,vgr_train_storage_cycle_03,0.0,0.0,0.0,0.0,0.0,0.0,0.0,396.0,604.0,5348.0,0.0,1.0,0.0,0.0,1.0,0.0,2799.0,18.0,1.0,0,0,0,1,0,0,0,0,0,0,0
train,vgr_train_storage_cycle_03,0.0,0.0,0.0,0.0,0.0,0.0,0.0,396.0,604.0,5348.0,0.0,0.0,1.0,0.0,1.0,0.0,2799.0,18.0,1.0,0,0,0,1,0,0,0,0,0,0,0
train,vgr_train_storage_cycle_03,0.0,0.0,0.0,0.0,0.0,0.0,0.0,396.0,604.0,5348.0,0.0,1.0,1.0,0.0,0.0,1.0,2878.0,2870.0,1.0,0,0,0,1,0,0,0,0,0,0,0
train,vgr_train_storage_cycle_03,0.0,0.0,0.0,0.0,0.0,0.0,0.0,396.0,604.0,5348.0,0.0,1.0,1.0,0.0,0.0,1.0,3250.0,2870.0,1.0,0,0,0,1,0,0,0,0,0,0,301
train,vgr_train_storage_cycle_03,1.0,1.0,1.0,0.0,0.0,0.0,0.0,0.0,0.0,0.0,1.0,1.0,1.0,1.0,0.0,1.0,0.0,0.0,1.0,0,0,0,0,1,0,0,0,0,0,0
train,vgr_train_storage_cycle_03,1.0,1.0,1.0,0.0,0.0,0.0,0.0,0.0,0.0,0.0,1.0,1.0,1.0,1.0,0.0,1.0,0.0,0.0,1.0,0,0,0,0,1,0,0,0,0,0,0
train,vgr_train_storage_cycle_03,1.0,1.0,1.0,0.0,0.0,0.0,0.0,0.0,0.0,0.0,1.0,1.0,1.0,1.0,0.0,1.0,0.0,0.0,1.0,0,0,0,0,1,0,0,0,0,0,0
train,vgr_train_storage_cycle_03,1.0,1.0,1.0,0.0,0.0,0.0,0.0,0.0,0.0,0.0,1.0,1.0,1.0,1.0,0.0,1.0,0.0,0.0,1.0,0,0,0,0,1,0,0,0,0,0,0
train,vgr_train_storage_cycle_03,1.0,1.0,1.0,0.0,0.0,0.0,0.0,0.0,0.0,0.0,1.0,1.0,1.0,1.0,0.0,1.0,0.0,0.0,1.0,0,0,0,0,1,0,0,0,0,0,0
train,vgr_train_storage_cycle_03,1.0,1.0,1.0,0.0,0.0,0.0,0.0,0.0,0.0,0.0,1.0,1.0,1.0,1.0,0.0,1.0,0.0,0.0,1.0,0,0,0,0,1,0,0,0,0,0,0
train,vgr_train_storage_cycle_03,1.0,1.0,1.0,0.0,0.0,0.0,0.0,0.0,0.0,0.0,1.0,1.0,1.0,1.0,0.0,1.0,0.0,0.0,1.0,0,0,0,0,1,0,0,0,0,0,0
train,vgr_train_storage_cycle_03,1.0,1.0,1.0,0.0,0.0,0.0,0.0,0.0,0.0,0.0,1.0,1.0,1.0,1.0,0.0,1.0,0.0,0.0,1.0,0,0,0,0,1,0,0,0,0,0,0
train,vgr_train_storage_cycle_03,1.0,1.0,1.0,0.0,0.0,0.0,0.0,0.0,0.0,0.0,1.0,1.0,1.0,1.0,0.0,1.0,0.0,0.0,1.0,0,0,0,0,1,0,0,0,0,0,0
train,vgr_train_storage_cycle_03,1.0,1.0,1.0,0.0,0.0,0.0,0.0,0.0,0.0,0.0,1.0,1.0,1.0,1.0,0.0,1.0,0.0,0.0,1.0,0,0,0,0,1,0,0,0,0,0,0
train,vgr_train_storage_cycle_03,1.0,1.0,1.0,0.0,0.0,0.0,0.0,0.0,0.0,0.0,1.0,1.0,1.0,1.0,0.0,1.0,0.0,0.0,1.0,0,0,0,0,1,0,0,0,0,0,0
train,vgr_train_storage_cycle_03,1.0,1.0,1.0,0.0,0.0,0.0,0.0,0.0,0.0,0.0,1.0,1.0,1.0,1.0,0.0,1.0,0.0,0.0,1.0,0,0,0,0,1,0,0,0,0,0,0
train,vgr_train_storage_cycle_03,1.0,1.0,1.0,0.0,0.0,0.0,0.0,0.0,0.0,0.0,1.0,1.0,1.0,1.0,0.0,1.0,0.0,0.0,1.0,0,0,0,0,1,0,0,0,0,0,0
train,vgr_train_storage_cycle_03,1.0,1.0,1.0,0.0,0.0,0.0,0.0,0.0,0.0,0.0,1.0,1.0,1.0,1.0,0.0,1.0,0.0,0.0,0.0,0,0,0,0,1,0,0,0,0,0,101
train,vgr_train_storage_cycle_03,0.0,0.0,0.0,0.0,0.0,1.0,1.0,394.0,25.0,29.0,1.0,1.0,1.0,1.0,0.0,1.0,0.0,0.0,1.0,0,0,0,0,1,0,0,0,0,0,102
train,vgr_train_storage_cycle_03,0.0,0.0,0.0,0.0,0.0,1.0,1.0,1449.0,905.0,703.0,0.0,1.0,1.0,0.0,0.0,1.0,399.0,5199.0,1.0,0,0,0,0,1,0,0,0,0,0,103
train,vgr_train_storage_cycle_03,0.0,0.0,0.0,0.0,0.0,1.0,1.0,2454.0,157.0,424.0,0.0,1.0,1.0,0.0,0.0,1.0,32.0,5199.0,1.0,0,0,0,0,1,0,0,0,0,0,102
train,vgr_train_storage_cycle_03,0.0,0.0,0.0,0.0,0.0,1.0,1.0,1446.0,907.0,699.0,0.0,0.0,1.0,0.0,1.0,0.0,2803.0,17.0,1.0,0,0,0,0,1,0,0,0,0,0,104
train,vgr_train_storage_cycle_03,1.0,0.0,0.0,0.0,0.0,1.0,1.0,0.0,605.0,5349.0,0.0,1.0,0.0,0.0,1.0,0.0,2803.0,17.0,1.0,0,0,0,0,1,0,0,0,0,0,105
train,vgr_train_storage_cycle_03,0.0,0.0,0.0,0.0,0.0,0.0,0.0,400.0,605.0,5349.0,0.0,1.0,0.0,0.0,1.0,0.0,2803.0,17.0,1.0,0,0,0,0,1,0,0,0,0,0,0
train,vgr_train_storage_cycle_03,0.0,0.0,0.0,0.0,0.0,0.0,0.0,400.0,605.0,5349.0,0.0,0.0,1.0,0.0,1.0,0.0,2803.0,17.0,1.0,0,0,0,0,1,0,0,0,0,0,0
train,vgr_train_storage_cycle_03,0.0,0.0,0.0,0.0,0.0,0.0,0.0,400.0,605.0,5349.0,0.0,1.0,1.0,0.0,0.0,1.0,35.0,5199.0,1.0,0,0,0,0,1,0,0,0,0,0,0
train,vgr_train_storage_cycle_03,0.0,0.0,0.0,0.0,0.0,0.0,0.0,400.0,605.0,5349.0,0.0,1.0,1.0,0.0,0.0,1.0,401.0,5199.0,1.0,0,0,0,0,1,0,0,0,0,0,301
train,vgr_train_storage_cycle_03,1.0,1.0,1.0,0.0,0.0,0.0,0.0,0.0,0.0,0.0,1.0,1.0,1.0,1.0,0.0,1.0,0.0,0.0,1.0,0,0,0,0,0,1,0,0,0,0,0
train,vgr_train_storage_cycle_03,1.0,1.0,1.0,0.0,0.0,0.0,0.0,0.0,0.0,0.0,1.0,1.0,1.0,1.0,0.0,1.0,0.0,0.0,1.0,0,0,0,0,0,1,0,0,0,0,0
train,vgr_train_storage_cycle_03,1.0,1.0,1.0,0.0,0.0,0.0,0.0,0.0,0.0,0.0,1.0,1.0,1.0,1.0,0.0,1.0,0.0,0.0,1.0,0,0,0,0,0,1,0,0,0,0,0
train,vgr_train_storage_cycle_03,1.0,1.0,1.0,0.0,0.0,0.0,0.0,0.0,0.0,0.0,1.0,1.0,1.0,1.0,0.0,1.0,0.0,0.0,1.0,0,0,0,0,0,1,0,0,0,0,0
train,vgr_train_storage_cycle_03,1.0,1.0,1.0,0.0,0.0,0.0,0.0,0.0,0.0,0.0,1.0,1.0,1.0,1.0,0.0,1.0,0.0,0.0,1.0,0,0,0,0,0,1,0,0,0,0,0
train,vgr_train_storage_cycle_03,1.0,1.0,1.0,0.0,0.0,0.0,0.0,0.0,0.0,0.0,1.0,1.0,1.0,1.0,0.0,1.0,0.0,0.0,1.0,0,0,0,0,0,1,0,0,0,0,0
train,vgr_train_storage_cycle_03,1.0,1.0,1.0,0.0,0.0,0.0,0.0,0.0,0.0,0.0,1.0,1.0,1.0,1.0,0.0,1.0,0.0,0.0,1.0,0,0,0,0,0,1,0,0,0,0,0
train,vgr_train_storage_cycle_03,1.0,1.0,1.0,0.0,0.0,0.0,0.0,0.0,0.0,0.0,1.0,1.0,1.0,1.0,0.0,1.0,0.0,0.0,1.0,0,0,0,0,0,1,0,0,0,0,0
train,vgr_train_storage_cycle_03,1.0,1.0,1.0,0.0,0.0,0.0,0.0,0.0,0.0,0.0,1.0,1.0,1.0,1.0,0.0,1.0,0.0,0.0,1.0,0,0,0,0,0,1,0,0,0,0,0
train,vgr_train_storage_cycle_03,1.0,1.0,1.0,0.0,0.0,0.0,0.0,0.0,0.0,0.0,1.0,1.0,1.0,1.0,0.0,1.0,0.0,0.0,1.0,0,0,0,0,0,1,0,0,0,0,0
train,vgr_train_storage_cycle_03,1.0,1.0,1.0,0.0,0.0,0.0,0.0,0.0,0.0,0.0,1.0,1.0,1.0,1.0,0.0,1.0,0.0,0.0,1.0,0,0,0,0,0,1,0,0,0,0,0
train,vgr_train_storage_cycle_03,1.0,1.0,1.0,0.0,0.0,0.0,0.0,0.0,0.0,0.0,1.0,1.0,1.0,1.0,0.0,1.0,0.0,0.0,1.0,0,0,0,0,0,1,0,0,0,0,0
train,vgr_train_storage_cycle_03,1.0,1.0,1.0,0.0,0.0,0.0,0.0,0.0,0.0,0.0,1.0,1.0,1.0,1.0,0.0,1.0,0.0,0.0,1.0,0,0,0,0,0,1,0,0,0,0,0
train,vgr_train_storage_cycle_03,1.0,1.0,1.0,0.0,0.0,0.0,0.0,0.0,0.0,0.0,1.0,1.0,1.0,1.0,0.0,1.0,0.0,0.0,0.0,0,0,0,0,0,1,0,0,0,0,101
train,vgr_train_storage_cycle_03,0.0,0.0,0.0,0.0,0.0,1.0,1.0,395.0,25.0,32.0,1.0,1.0,1.0,1.0,0.0,1.0,0.0,0.0,1.0,0,0,0,0,0,1,0,0,0,0,102
train,vgr_train_storage_cycle_03,0.0,0.0,0.0,0.0,0.0,1.0,1.0,1448.0,905.0,704.0,0.0,1.0,1.0,0.0,0.0,1.0,1754.0,5201.0,1.0,0,0,0,0,0,1,0,0,0,0,103
train,vgr_train_storage_cycle_03,0.0,0.0,0.0,0.0,0.0,1.0,1.0,2462.0,157.0,426.0,0.0,1.0,1.0,0.0,0.0,1.0,1386.0,5201.0,1.0,0,0,0,0,0,1,0,0,0,0,102
train,vgr_train_storage_cycle_03,0.0,0.0,0.0,0.0,0.0,1.0,1.0,1448.0,903.0,706.0,0.0,0.0,1.0,0.0,1.0,0.0,2800.0,17.0,1.0,0,0,0,0,0,1,0,0,0,0,104
train,vgr_train_storage_cycle_03,1.0,0.0,0.0,0.0,0.0,1.0,1.0,0.0,607.0,5351.0,0.0,1.0,0.0,0.0,1.0,0.0,2800.0,17.0,1.0,0,0,0,0,0,1,0,0,0,0,105
train,vgr_train_storage_cycle_03,0.0,0.0,0.0,0.0,0.0,0.0,0.0,399.0,607.0,5351.0,0.0,1.0,0.0,0.0,1.0,0.0,2800.0,17.0,1.0,0,0,0,0,0,1,0,0,0,0,0
train,vgr_train_storage_cycle_03,0.0,0.0,0.0,0.0,0.0,0.0,0.0,399.0,607.0,5351.0,0.0,0.0,1.0,0.0,1.0,0.0,2800.0,17.0,1.0,0,0,0,0,0,1,0,0,0,0,0
train,vgr_train_storage_cycle_03,0.0,0.0,0.0,0.0,0.0,0.0,0.0,399.0,607.0,5351.0,0.0,1.0,1.0,0.0,0.0,1.0,1383.0,5198.0,1.0,0,0,0,0,0,1,0,0,0,0,0
train,vgr_train_storage_cycle_03,0.0,0.0,0.0,0.0,0.0,0.0,0.0,399.0,607.0,5351.0,0.0,1.0,1.0,0.0,0.0,1.0,1752.0,5198.0,1.0,0,0,0,0,0,1,0,0,0,0,301
train,vgr_train_storage_cycle_03,1.0,1.0,1.0,0.0,0.0,0.0,0.0,0.0,0.0,0.0,1.0,1.0,1.0,1.0,0.0,1.0,0.0,0.0,1.0,0,0,0,0,0,0,1,0,0,0,0
train,vgr_train_storage_cycle_03,1.0,1.0,1.0,0.0,0.0,0.0,0.0,0.0,0.0,0.0,1.0,1.0,1.0,1.0,0.0,1.0,0.0,0.0,1.0,0,0,0,0,0,0,1,0,0,0,0
train,vgr_train_storage_cycle_03,1.0,1.0,1.0,0.0,0.0,0.0,0.0,0.0,0.0,0.0,1.0,1.0,1.0,1.0,0.0,1.0,0.0,0.0,1.0,0,0,0,0,0,0,1,0,0,0,0
train,vgr_train_storage_cycle_03,1.0,1.0,1.0,0.0,0.0,0.0,0.0,0.0,0.0,0.0,1.0,1.0,1.0,1.0,0.0,1.0,0.0,0.0,1.0,0,0,0,0,0,0,1,0,0,0,0
train,vgr_train_storage_cycle_03,1.0,1.0,1.0,0.0,0.0,0.0,0.0,0.0,0.0,0.0,1.0,1.0,1.0,1.0,0.0,1.0,0.0,0.0,1.0,0,0,0,0,0,0,1,0,0,0,0
train,vgr_train_storage_cycle_03,1.0,1.0,1.0,0.0,0.0,0.0,0.0,0.0,0.0,0.0,1.0,1.0,1.0,1.0,0.0,1.0,0.0,0.0,1.0,0,0,0,0,0,0,1,0,0,0,0
train,vgr_train_storage_cycle_03,1.0,1.0,1.0,0.0,0.0,0.0,0.0,0.0,0.0,0.0,1.0,1.0,1.0,1.0,0.0,1.0,0.0,0.0,1.0,0,0,0,0,0,0,1,0,0,0,0
train,vgr_train_storage_cycle_03,1.0,1.0,1.0,0.0,0.0,0.0,0.0,0.0,0.0,0.0,1.0,1.0,1.0,1.0,0.0,1.0,0.0,0.0,1.0,0,0,0,0,0,0,1,0,0,0,0
train,vgr_train_storage_cycle_03,1.0,1.0,1.0,0.0,0.0,0.0,0.0,0.0,0.0,0.0,1.0,1.0,1.0,1.0,0.0,1.0,0.0,0.0,1.0,0,0,0,0,0,0,1,0,0,0,0
train,vgr_train_storage_cycle_03,1.0,1.0,1.0,0.0,0.0,0.0,0.0,0.0,0.0,0.0,1.0,1.0,1.0,1.0,0.0,1.0,0.0,0.0,1.0,0,0,0,0,0,0,1,0,0,0,0
train,vgr_train_storage_cycle_03,1.0,1.0,1.0,0.0,0.0,0.0,0.0,0.0,0.0,0.0,1.0,1.0,1.0,1.0,0.0,1.0,0.0,0.0,0.0,0,0,0,0,0,0,1,0,0,0,101
train,vgr_train_storage_cycle_03,0.0,0.0,0.0,0.0,0.0,1.0,1.0,396.0,26.0,33.0,1.0,1.0,1.0,1.0,0.0,1.0,0.0,0.0,1.0,0,0,0,0,0,0,1,0,0,0,102
train,vgr_train_storage_cycle_03,0.0,0.0,0.0,0.0,0.0,1.0,1.0,1451.0,908.0,704.0,0.0,1.0,1.0,0.0,0.0,1.0,3253.0,5199.0,1.0,0,0,0,0,0,0,1,0,0,0,103
train,vgr_train_storage_cycle_03,0.0,0.0,0.0,0.0,0.0,1.0,1.0,2458.0,156.0,423.0,0.0,1.0,1.0,0.0,0.0,1.0,2883.0,5199.0,1.0,0,0,0,0,0,0,1,0,0,0,102
train,vgr_train_storage_cycle_03,0.0,0.0,0.0,0.0,0.0,1.0,1.0,1448.0,908.0,703.0,0.0,0.0,1.0,0.0,1.0,0.0,2802.0,17.0,1.0,0,0,0,0,0,0,1,0,0,0,104
train,vgr_train_storage_cycle_03,1.0,0.0,0.0,0.0,0.0,1.0,1.0,0.0,604.0,5352.0,0.0,1.0,0.0,0.0,1.0,0.0,2802.0,17.0,1.0,0,0,0,0,0,0,1,0,0,0,105
train,vgr_train_storage_cycle_03,0.0,0.0,0.0,0.0,0.0,0.0,0.0,400.0,604.0,5352.0,0.0,1.0,0.0,0.0,1.0,0.0,2802.0,17.0,1.0,0,0,0,0,0,0,1,0,0,0,0
train,vgr_train_storage_cycle_03,0.0,0.0,0.0,0.0,0.0,0.0,0.0,400.0,604.0,5352.0,0.0,0.0,1.0,0.0,1.0,0.0,2802.0,17.0,1.0,0,0,0,0,0,0,1,0,0,0,0
train,vgr_train_storage_cycle_03,0.0,0.0,0.0,0.0,0.0,0.0,0.0,400.0,604.0,5352.0,0.0,1.0,1.0,0.0,0.0,1.0,2881.0,5198.0,1.0,0,0,0,0,0,0,1,0,0,0,0
train,vgr_train_storage_cycle_03,0.0,0.0,0.0,0.0,0.0,0.0,0.0,400.0,604.0,5352.0,0.0,1.0,1.0,0.0,0.0,1.0,3250.0,5198.0,1.0,0,0,0,0,0,0,1,0,0,0,301
train,vgr_train_storage_cycle_03,1.0,1.0,1.0,0.0,0.0,0.0,0.0,0.0,0.0,0.0,1.0,1.0,1.0,1.0,0.0,1.0,0.0,0.0,1.0,0,0,0,0,0,0,0,1,0,0,0
train,vgr_train_storage_cycle_03,1.0,1.0,1.0,0.0,0.0,0.0,0.0,0.0,0.0,0.0,1.0,1.0,1.0,1.0,0.0,1.0,0.0,0.0,1.0,0,0,0,0,0,0,0,1,0,0,0
train,vgr_train_storage_cycle_03,1.0,1.0,1.0,0.0,0.0,0.0,0.0,0.0,0.0,0.0,1.0,1.0,1.0,1.0,0.0,1.0,0.0,0.0,1.0,0,0,0,0,0,0,0,1,0,0,0
train,vgr_train_storage_cycle_03,1.0,1.0,1.0,0.0,0.0,0.0,0.0,0.0,0.0,0.0,1.0,1.0,1.0,1.0,0.0,1.0,0.0,0.0,1.0,0,0,0,0,0,0,0,1,0,0,0
train,vgr_train_storage_cycle_03,1.0,1.0,1.0,0.0,0.0,0.0,0.0,0.0,0.0,0.0,1.0,1.0,1.0,1.0,0.0,1.0,0.0,0.0,1.0,0,0,0,0,0,0,0,1,0,0,0
train,vgr_train_storage_cycle_03,1.0,1.0,1.0,0.0,0.0,0.0,0.0,0.0,0.0,0.0,1.0,1.0,1.0,1.0,0.0,1.0,0.0,0.0,1.0,0,0,0,0,0,0,0,1,0,0,0
train,vgr_train_storage_cycle_03,1.0,1.0,1.0,0.0,0.0,0.0,0.0,0.0,0.0,0.0,1.0,1.0,1.0,1.0,0.0,1.0,0.0,0.0,1.0,0,0,0,0,0,0,0,1,0,0,0
train,vgr_train_storage_cycle_03,1.0,1.0,1.0,0.0,0.0,0.0,0.0,0.0,0.0,0.0,1.0,1.0,1.0,1.0,0.0,1.0,0.0,0.0,1.0,0,0,0,0,0,0,0,1,0,0,0
train,vgr_train_storage_cycle_03,1.0,1.0,1.0,0.0,0.0,0.0,0.0,0.0,0.0,0.0,1.0,1.0,1.0,1.0,0.0,1.0,0.0,0.0,1.0,0,0,0,0,0,0,0,1,0,0,0
train,vgr_train_storage_cycle_03,1.0,1.0,1.0,0.0,0.0,0.0,0.0,0.0,0.0,0.0,1.0,1.0,1.0,1.0,0.0,1.0,0.0,0.0,1.0,0,0,0,0,0,0,0,1,0,0,0
train,vgr_train_storage_cycle_03,1.0,1.0,1.0,0.0,0.0,0.0,0.0,0.0,0.0,0.0,1.0,1.0,1.0,1.0,0.0,1.0,0.0,0.0,1.0,0,0,0,0,0,0,0,1,0,0,0
train,vgr_train_storage_cycle_03,1.0,1.0,1.0,0.0,0.0,0.0,0.0,0.0,0.0,0.0,1.0,1.0,1.0,1.0,0.0,1.0,0.0,0.0,1.0,0,0,0,0,0,0,0,1,0,0,0
train,vgr_train_storage_cycle_03,1.0,1.0,1.0,0.0,0.0,0.0,0.0,0.0,0.0,0.0,1.0,1.0,1.0,1.0,0.0,1.0,0.0,0.0,1.0,0,0,0,0,0,0,0,1,0,0,0
train,vgr_train_storage_cycle_03,1.0,1.0,1.0,0.0,0.0,0.0,0.0,0.0,0.0,0.0,1.0,1.0,1.0,1.0,0.0,1.0,0.0,0.0,1.0,0,0,0,0,0,0,0,1,0,0,0
train,vgr_train_storage_cycle_03,1.0,1.0,1.0,0.0,0.0,0.0,0.0,0.0,0.0,0.0,1.0,1.0,1.0,1.0,0.0,1.0,0.0,0.0,1.0,0,0,0,0,0,0,0,1,0,0,0
train,vgr_train_storage_cycle_03,1.0,1.0,1.0,0.0,0.0,0.0,0.0,0.0,0.0,0.0,1.0,1.0,1.0,1.0,0.0,1.0,0.0,0.0,1.0,0,0,0,0,0,0,0,1,0,0,0
train,vgr_train_storage_cycle_03,1.0,1.0,1.0,0.0,0.0,0.0,0.0,0.0,0.0,0.0,1.0,1.0,1.0,1.0,0.0,1.0,0.0,0.0,1.0,0,0,0,0,0,0,0,1,0,0,0
train,vgr_train_storage_cycle_03,1.0,1.0,1.0,0.0,0.0,0.0,0.0,0.0,0.0,0.0,1.0,1.0,1.0,1.0,0.0,1.0,0.0,0.0,1.0,0,0,0,0,0,0,0,1,0,0,0
train,vgr_train_storage_cycle_03,1.0,1.0,1.0,0.0,0.0,0.0,0.0,0.0,0.0,0.0,1.0,1.0,1.0,1.0,0.0,1.0,0.0,0.0,0.0,0,0,0,0,0,0,0,1,0,0,101
train,vgr_train_storage_cycle_03,0.0,0.0,0.0,0.0,0.0,1.0,1.0,398.0,26.0,33.0,1.0,1.0,1.0,1.0,0.0,1.0,0.0,0.0,1.0,0,0,0,0,0,0,0,1,0,0,102
train,vgr_train_storage_cycle_03,0.0,0.0,0.0,0.0,0.0,1.0,1.0,1453.0,906.0,705.0,0.0,1.0,1.0,0.0,0.0,1.0,399.0,7560.0,1.0,0,0,0,0,0,0,0,1,0,0,103
train,vgr_train_storage_cycle_03,0.0,0.0,0.0,0.0,0.0,1.0,1.0,2460.0,157.0,426.0,0.0,1.0,1.0,0.0,0.0,1.0,36.0,7560.0,1.0,0,0,0,0,0,0,0,1,0,0,102
train,vgr_train_storage_cycle_03,0.0,0.0,0.0,0.0,0.0,1.0,1.0,1450.0,909.0,700.0,0.0,0.0,1.0,0.0,1.0,0.0,2802.0,17.0,1.0,0,0,0,0,0,0,0,1,0,0,104
train,vgr_train_storage_cycle_03,1.0,0.0,0.0,0.0,0.0,1.0,1.0,0.0,603.0,5350.0,0.0,1.0,0.0,0.0,1.0,0.0,2802.0,17.0,1.0,0,0,0,0,0,0,0,1,0,0,105
train,vgr_train_storage_cycle_03,0.0,0.0,0.0,0.0,0.0,0.0,0.0,400.0,603.0,5350.0,0.0,1.0,0.0,0.0,1.0,0.0,2802.0,17.0,1.0,0,0,0,0,0,0,0,1,0,0,0
train,vgr_train_storage_cycle_03,0.0,0.0,0.0,0.0,0.0,0.0,0.0,400.0,603.0,5350.0,0.0,0.0,1.0,0.0,1.0,0.0,2802.0,17.0,1.0,0,0,0,0,0,0,0,1,0,0,0
train,vgr_train_storage_cycle_03,0.0,0.0,0.0,0.0,0.0,0.0,0.0,400.0,603.0,5350.0,0.0,1.0,1.0,0.0,0.0,1.0,34.0,7559.0,1.0,0,0,0,0,0,0,0,1,0,0,0
train,vgr_train_storage_cycle_03,0.0,0.0,0.0,0.0,0.0,0.0,0.0,400.0,603.0,5350.0,0.0,1.0,1.0,0.0,0.0,1.0,403.0,7559.0,1.0,0,0,0,0,0,0,0,1,0,0,301
train,vgr_train_storage_cycle_03,1.0,1.0,1.0,0.0,0.0,0.0,0.0,0.0,0.0,0.0,1.0,1.0,1.0,1.0,0.0,1.0,0.0,0.0,1.0,0,0,0,0,0,0,0,0,1,0,0
train,vgr_train_storage_cycle_03,1.0,1.0,1.0,0.0,0.0,0.0,0.0,0.0,0.0,0.0,1.0,1.0,1.0,1.0,0.0,1.0,0.0,0.0,1.0,0,0,0,0,0,0,0,0,1,0,0
train,vgr_train_storage_cycle_03,1.0,1.0,1.0,0.0,0.0,0.0,0.0,0.0,0.0,0.0,1.0,1.0,1.0,1.0,0.0,1.0,0.0,0.0,1.0,0,0,0,0,0,0,0,0,1,0,0
train,vgr_train_storage_cycle_03,1.0,1.0,1.0,0.0,0.0,0.0,0.0,0.0,0.0,0.0,1.0,1.0,1.0,1.0,0.0,1.0,0.0,0.0,1.0,0,0,0,0,0,0,0,0,1,0,0
train,vgr_train_storage_cycle_03,1.0,1.0,1.0,0.0,0.0,0.0,0.0,0.0,0.0,0.0,1.0,1.0,1.0,1.0,0.0,1.0,0.0,0.0,1.0,0,0,0,0,0,0,0,0,1,0,0
train,vgr_train_storage_cycle_03,1.0,1.0,1.0,0.0,0.0,0.0,0.0,0.0,0.0,0.0,1.0,1.0,1.0,1.0,0.0,1.0,0.0,0.0,1.0,0,0,0,0,0,0,0,0,1,0,0
train,vgr_train_storage_cycle_03,1.0,1.0,1.0,0.0,0.0,0.0,0.0,0.0,0.0,0.0,1.0,1.0,1.0,1.0,0.0,1.0,0.0,0.0,1.0,0,0,0,0,0,0,0,0,1,0,0
train,vgr_train_storage_cycle_03,1.0,1.0,1.0,0.0,0.0,0.0,0.0,0.0,0.0,0.0,1.0,1.0,1.0,1.0,0.0,1.0,0.0,0.0,1.0,0,0,0,0,0,0,0,0,1,0,0
train,vgr_train_storage_cycle_03,1.0,1.0,1.0,0.0,0.0,0.0,0.0,0.0,0.0,0.0,1.0,1.0,1.0,1.0,0.0,1.0,0.0,0.0,1.0,0,0,0,0,0,0,0,0,1,0,0
train,vgr_train_storage_cycle_03,1.0,1.0,1.0,0.0,0.0,0.0,0.0,0.0,0.0,0.0,1.0,1.0,1.0,1.0,0.0,1.0,0.0,0.0,1.0,0,0,0,0,0,0,0,0,1,0,0
train,vgr_train_storage_cycle_03,1.0,1.0,1.0,0.0,0.0,0.0,0.0,0.0,0.0,0.0,1.0,1.0,1.0,1.0,0.0,1.0,0.0,0.0,1.0,0,0,0,0,0,0,0,0,1,0,0
train,vgr_train_storage_cycle_03,1.0,1.0,1.0,0.0,0.0,0.0,0.0,0.0,0.0,0.0,1.0,1.0,1.0,1.0,0.0,1.0,0.0,0.0,1.0,0,0,0,0,0,0,0,0,1,0,0
train,vgr_train_storage_cycle_03,1.0,1.0,1.0,0.0,0.0,0.0,0.0,0.0,0.0,0.0,1.0,1.0,1.0,1.0,0.0,1.0,0.0,0.0,1.0,0,0,0,0,0,0,0,0,1,0,0
train,vgr_train_storage_cycle_03,1.0,1.0,1.0,0.0,0.0,0.0,0.0,0.0,0.0,0.0,1.0,1.0,1.0,1.0,0.0,1.0,0.0,0.0,1.0,0,0,0,0,0,0,0,0,1,0,0
train,vgr_train_storage_cycle_03,1.0,1.0,1.0,0.0,0.0,0.0,0.0,0.0,0.0,0.0,1.0,1.0,1.0,1.0,0.0,1.0,0.0,0.0,0.0,0,0,0,0,0,0,0,0,1,0,101
train,vgr_train_storage_cycle_03,0.0,0.0,0.0,0.0,0.0,1.0,1.0,390.0,26.0,32.0,1.0,1.0,1.0,1.0,0.0,1.0,0.0,0.0,1.0,0,0,0,0,0,0,0,0,1,0,102
train,vgr_train_storage_cycle_03,0.0,0.0,0.0,0.0,0.0,1.0,1.0,1447.0,906.0,700.0,0.0,1.0,1.0,0.0,0.0,1.0,1754.0,7559.0,1.0,0,0,0,0,0,0,0,0,1,0,103
train,vgr_train_storage_cycle_03,0.0,0.0,0.0,0.0,0.0,1.0,1.0,2456.0,156.0,424.0,0.0,1.0,1.0,0.0,0.0,1.0,1386.0,7559.0,1.0,0,0,0,0,0,0,0,0,1,0,102
train,vgr_train_storage_cycle_03,0.0,0.0,0.0,0.0,0.0,1.0,1.0,1446.0,904.0,703.0,0.0,0.0,1.0,0.0,1.0,0.0,2804.0,17.0,1.0,0,0,0,0,0,0,0,0,1,0,104
train,vgr_train_storage_cycle_03,1.0,0.0,0.0,0.0,0.0,1.0,1.0,0.0,606.0,5351.0,0.0,1.0,0.0,0.0,1.0,0.0,2804.0,17.0,1.0,0,0,0,0,0,0,0,0,1,0,105
train,vgr_train_storage_cycle_03,0.0,0.0,0.0,0.0,0.0,0.0,0.0,401.0,606.0,5351.0,0.0,1.0,0.0,0.0,1.0,0.0,2804.0,17.0,1.0,0,0,0,0,0,0,0,0,1,0,0
train,vgr_train_storage_cycle_03,0.0,0.0,0.0,0.0,0.0,0.0,0.0,401.0,606.0,5351.0,0.0,0.0,1.0,0.0,1.0,0.0,2804.0,17.0,1.0,0,0,0,0,0,0,0,0,1,0,0
train,vgr_train_storage_cycle_03,0.0,0.0,0.0,0.0,0.0,0.0,0.0,401.0,606.0,5351.0,0.0,1.0,1.0,0.0,0.0,1.0,1383.0,7559.0,1.0,0,0,0,0,0,0,0,0,1,0,0
train,vgr_train_storage_cycle_03,0.0,0.0,0.0,0.0,0.0,0.0,0.0,401.0,606.0,5351.0,0.0,1.0,1.0,0.0,0.0,1.0,1751.0,7559.0,1.0,0,0,0,0,0,0,0,0,1,0,301
train,vgr_train_storage_cycle_03,1.0,1.0,1.0,0.0,0.0,0.0,0.0,0.0,0.0,0.0,1.0,1.0,1.0,1.0,0.0,1.0,0.0,0.0,1.0,0,0,0,0,0,0,0,0,0,1,0
train,vgr_train_storage_cycle_03,1.0,1.0,1.0,0.0,0.0,0.0,0.0,0.0,0.0,0.0,1.0,1.0,1.0,1.0,0.0,1.0,0.0,0.0,1.0,0,0,0,0,0,0,0,0,0,1,0
train,vgr_train_storage_cycle_03,1.0,1.0,1.0,0.0,0.0,0.0,0.0,0.0,0.0,0.0,1.0,1.0,1.0,1.0,0.0,1.0,0.0,0.0,1.0,0,0,0,0,0,0,0,0,0,1,0
train,vgr_train_storage_cycle_03,1.0,1.0,1.0,0.0,0.0,0.0,0.0,0.0,0.0,0.0,1.0,1.0,1.0,1.0,0.0,1.0,0.0,0.0,1.0,0,0,0,0,0,0,0,0,0,1,0
train,vgr_train_storage_cycle_03,1.0,1.0,1.0,0.0,0.0,0.0,0.0,0.0,0.0,0.0,1.0,1.0,1.0,1.0,0.0,1.0,0.0,0.0,1.0,0,0,0,0,0,0,0,0,0,1,0
train,vgr_train_storage_cycle_03,1.0,1.0,1.0,0.0,0.0,0.0,0.0,0.0,0.0,0.0,1.0,1.0,1.0,1.0,0.0,1.0,0.0,0.0,1.0,0,0,0,0,0,0,0,0,0,1,0
train,vgr_train_storage_cycle_03,1.0,1.0,1.0,0.0,0.0,0.0,0.0,0.0,0.0,0.0,1.0,1.0,1.0,1.0,0.0,1.0,0.0,0.0,1.0,0,0,0,0,0,0,0,0,0,1,0
train,vgr_train_storage_cycle_03,1.0,1.0,1.0,0.0,0.0,0.0,0.0,0.0,0.0,0.0,1.0,1.0,1.0,1.0,0.0,1.0,0.0,0.0,0.0,0,0,0,0,0,0,0,0,0,1,101
train,vgr_train_storage_cycle_03,0.0,0.0,0.0,0.0,0.0,1.0,1.0,396.0,26.0,34.0,1.0,1.0,1.0,1.0,0.0,1.0,0.0,0.0,1.0,0,0,0,0,0,0,0,0,0,1,102
train,vgr_train_storage_cycle_03,0.0,0.0,0.0,0.0,0.0,1.0,1.0,1452.0,910.0,704.0,0.0,1.0,1.0,0.0,0.0,1.0,3250.0,7556.0,1.0,0,0,0,0,0,0,0,0,0,1,103
train,vgr_train_storage_cycle_03,0.0,0.0,0.0,0.0,0.0,1.0,1.0,2460.0,156.0,424.0,0.0,1.0,1.0,0.0,0.0,1.0,2887.0,7556.0,1.0,0,0,0,0,0,0,0,0,0,1,102
train,vgr_train_storage_cycle_03,0.0,0.0,0.0,0.0,0.0,1.0,1.0,1449.0,908.0,702.0,0.0,0.0,1.0,0.0,1.0,0.0,2802.0,19.0,1.0,0,0,0,0,0,0,0,0,0,1,104
train,vgr_train_storage_cycle_03,1.0,0.0,0.0,0.0,1.0,1.0,1.0,0.0,483.0,5348.0,0.0,1.0,0.0,0.0,1.0,0.0,2802.0,19.0,1.0,0,0,0,0,0,0,0,0,0,1,105
train,vgr_train_storage_cycle_03,0.0,0.0,0.0,0.0,0.0,0.0,0.0,398.0,608.0,5348.0,0.0,1.0,0.0,0.0,1.0,0.0,2802.0,19.0,1.0,0,0,0,0,0,0,0,0,0,1,0
train,vgr_train_storage_cycle_03,0.0,0.0,0.0,0.0,0.0,0.0,0.0,398.0,608.0,5348.0,0.0,0.0,1.0,0.0,1.0,0.0,2802.0,19.0,1.0,0,0,0,0,0,0,0,0,0,1,0
train,vgr_train_storage_cycle_03,0.0,0.0,0.0,0.0,0.0,0.0,0.0,398.0,608.0,5348.0,0.0,1.0,1.0,0.0,0.0,1.0,2883.0,7560.0,1.0,0,0,0,0,0,0,0,0,0,1,0
train,vgr_train_storage_cycle_03,0.0,0.0,0.0,0.0,0.0,0.0,0.0,398.0,608.0,5348.0,0.0,1.0,1.0,0.0,0.0,1.0,3252.0,7560.0,1.0,0,0,0,0,0,0,0,0,0,1,301
train,vgr_train_storage_cycle_03,1.0,1.0,1.0,0.0,0.0,0.0,0.0,0.0,0.0,0.0,1.0,1.0,1.0,1.0,0.0,1.0,0.0,0.0,1.0,1,0,0,0,0,0,0,0,0,0,0
train,vgr_train_storage_cycle_03,1.0,1.0,1.0,0.0,0.0,0.0,0.0,0.0,0.0,0.0,1.0,1.0,1.0,1.0,0.0,1.0,0.0,0.0,1.0,1,0,0,0,0,0,0,0,0,0,0
train,vgr_train_storage_cycle_03,1.0,1.0,1.0,0.0,0.0,0.0,0.0,0.0,0.0,0.0,1.0,1.0,1.0,1.0,0.0,1.0,0.0,0.0,1.0,1,0,0,0,0,0,0,0,0,0,0
train,vgr_train_storage_cycle_03,1.0,1.0,1.0,0.0,0.0,0.0,0.0,0.0,0.0,0.0,1.0,1.0,1.0,1.0,0.0,1.0,0.0,0.0,1.0,1,0,0,0,0,0,0,0,0,0,0
train,vgr_train_storage_cycle_03,1.0,1.0,1.0,0.0,0.0,0.0,0.0,0.0,0.0,0.0,1.0,1.0,1.0,1.0,0.0,1.0,0.0,0.0,1.0,1,0,0,0,0,0,0,0,0,0,0
train,vgr_train_storage_cycle_03,1.0,1.0,1.0,0.0,0.0,0.0,0.0,0.0,0.0,0.0,1.0,1.0,1.0,1.0,0.0,1.0,0.0,0.0,1.0,1,0,0,0,0,0,0,0,0,0,0
train,vgr_train_storage_cycle_03,1.0,1.0,1.0,0.0,0.0,0.0,0.0,0.0,0.0,0.0,1.0,1.0,1.0,1.0,0.0,1.0,0.0,0.0,1.0,1,0,0,0,0,0,0,0,0,0,0
train,vgr_train_storage_cycle_03,1.0,1.0,1.0,0.0,0.0,0.0,0.0,0.0,0.0,0.0,1.0,1.0,1.0,1.0,0.0,1.0,0.0,0.0,0.0,1,0,0,0,0,0,0,0,0,0,0
train,vgr_train_storage_cycle_03,1.0,1.0,1.0,0.0,0.0,0.0,0.0,0.0,0.0,0.0,1.0,1.0,1.0,1.0,0.0,1.0,0.0,0.0,1.0,1,0,0,0,0,0,0,0,0,0,0
train,vgr_train_storage_cycle_03,1.0,1.0,1.0,0.0,0.0,0.0,0.0,0.0,0.0,0.0,1.0,1.0,1.0,1.0,0.0,1.0,0.0,0.0,1.0,1,0,0,0,0,0,0,0,0,0,0
train,vgr_train_storage_cycle_03,1.0,1.0,1.0,0.0,0.0,0.0,0.0,0.0,0.0,0.0,1.0,1.0,1.0,1.0,0.0,1.0,0.0,0.0,1.0,1,0,0,0,0,0,0,0,0,0,0
train,vgr_train_storage_cycle_03,1.0,1.0,1.0,0.0,0.0,0.0,0.0,0.0,0.0,0.0,1.0,1.0,1.0,1.0,0.0,1.0,0.0,0.0,1.0,1,0,0,0,0,0,0,0,0,0,0
train,vgr_train_storage_cycle_03,1.0,1.0,1.0,0.0,0.0,0.0,0.0,0.0,0.0,0.0,1.0,1.0,1.0,1.0,0.0,1.0,0.0,0.0,1.0,1,0,0,0,0,0,0,0,0,0,0
train,vgr_train_storage_cycle_03,1.0,1.0,1.0,0.0,0.0,0.0,0.0,0.0,0.0,0.0,1.0,1.0,1.0,1.0,0.0,1.0,0.0,0.0,1.0,1,0,0,0,0,0,0,0,0,0,0
train,vgr_train_storage_cycle_03,1.0,1.0,1.0,0.0,0.0,0.0,0.0,0.0,0.0,0.0,1.0,1.0,1.0,1.0,0.0,1.0,0.0,0.0,1.0,1,0,0,0,0,0,0,0,0,0,0
train,vgr_train_storage_cycle_03,1.0,1.0,1.0,0.0,0.0,0.0,0.0,0.0,0.0,0.0,1.0,1.0,1.0,1.0,0.0,1.0,0.0,0.0,1.0,1,0,0,0,0,0,0,0,0,0,0
train,vgr_train_storage_cycle_03,1.0,1.0,1.0,0.0,0.0,0.0,0.0,0.0,0.0,0.0,1.0,1.0,1.0,1.0,0.0,1.0,0.0,0.0,1.0,1,0,0,0,0,0,0,0,0,0,0
train,vgr_train_storage_cycle_03,1.0,1.0,1.0,0.0,0.0,0.0,0.0,0.0,0.0,0.0,1.0,1.0,1.0,1.0,0.0,1.0,0.0,0.0,1.0,1,0,0,0,0,0,0,0,0,0,0
train,vgr_train_storage_cycle_03,1.0,1.0,1.0,0.0,0.0,0.0,0.0,0.0,0.0,0.0,1.0,1.0,1.0,1.0,0.0,1.0,0.0,0.0,1.0,1,0,0,0,0,0,0,0,0,0,0
train,vgr_train_storage_cycle_03,1.0,1.0,1.0,0.0,0.0,0.0,0.0,0.0,0.0,0.0,1.0,1.0,1.0,1.0,0.0,1.0,0.0,0.0,1.0,1,0,0,0,0,0,0,0,0,0,0
train,vgr_train_storage_cycle_03,1.0,1.0,1.0,0.0,0.0,0.0,0.0,0.0,0.0,0.0,1.0,1.0,1.0,1.0,0.0,1.0,0.0,0.0,1.0,1,0,0,0,0,0,0,0,0,0,0
train,vgr_train_storage_cycle_03,1.0,1.0,1.0,0.0,0.0,0.0,0.0,0.0,0.0,0.0,1.0,1.0,1.0,1.0,0.0,1.0,0.0,0.0,0.0,1,0,0,0,0,0,0,0,0,0,0
train,vgr_train_storage_cycle_03,1.0,1.0,1.0,0.0,0.0,0.0,0.0,0.0,0.0,0.0,1.0,1.0,1.0,1.0,0.0,1.0,0.0,0.0,1.0,1,0,0,0,0,0,0,0,0,0,0
train,vgr_train_storage_cycle_03,1.0,1.0,1.0,0.0,0.0,0.0,0.0,0.0,0.0,0.0,1.0,1.0,1.0,1.0,0.0,1.0,0.0,0.0,1.0,1,0,0,0,0,0,0,0,0,0,0
train,vgr_train_storage_cycle_03,1.0,1.0,1.0,0.0,0.0,0.0,0.0,0.0,0.0,0.0,1.0,1.0,1.0,1.0,0.0,1.0,0.0,0.0,1.0,1,0,0,0,0,0,0,0,0,0,0
train,vgr_train_storage_cycle_03,1.0,1.0,1.0,0.0,0.0,0.0,0.0,0.0,0.0,0.0,1.0,1.0,1.0,1.0,0.0,1.0,0.0,0.0,1.0,1,0,0,0,0,0,0,0,0,0,0
train,vgr_train_storage_cycle_03,1.0,1.0,1.0,0.0,0.0,0.0,0.0,0.0,0.0,0.0,1.0,1.0,1.0,1.0,0.0,1.0,0.0,0.0,1.0,1,0,0,0,0,0,0,0,0,0,0
train,vgr_train_storage_cycle_03,1.0,1.0,1.0,0.0,0.0,0.0,0.0,0.0,0.0,0.0,1.0,1.0,1.0,1.0,0.0,1.0,0.0,0.0,1.0,1,0,0,0,0,0,0,0,0,0,0
train,vgr_train_storage_cycle_03,1.0,1.0,1.0,0.0,0.0,0.0,0.0,0.0,0.0,0.0,1.0,1.0,1.0,1.0,0.0,1.0,0.0,0.0,1.0,1,0,0,0,0,0,0,0,0,0,0
train,vgr_train_storage_cycle_03,1.0,1.0,1.0,0.0,0.0,0.0,0.0,0.0,0.0,0.0,1.0,1.0,1.0,1.0,0.0,1.0,0.0,0.0,1.0,1,0,0,0,0,0,0,0,0,0,0
train,vgr_train_storage_cycle_03,1.0,1.0,1.0,0.0,0.0,0.0,0.0,0.0,0.0,0.0,1.0,1.0,1.0,1.0,0.0,1.0,0.0,0.0,1.0,1,0,0,0,0,0,0,0,0,0,0
train,vgr_train_storage_cycle_03,1.0,1.0,1.0,0.0,0.0,0.0,0.0,0.0,0.0,0.0,1.0,1.0,1.0,1.0,0.0,1.0,0.0,0.0,1.0,1,0,0,0,0,0,0,0,0,0,0
train,vgr_train_storage_cycle_03,1.0,1.0,1.0,0.0,0.0,0.0,0.0,0.0,0.0,0.0,1.0,1.0,1.0,1.0,0.0,1.0,0.0,0.0,1.0,1,0,0,0,0,0,0,0,0,0,0
train,vgr_train_storage_cycle_03,1.0,1.0,1.0,0.0,0.0,0.0,0.0,0.0,0.0,0.0,1.0,1.0,1.0,1.0,0.0,1.0,0.0,0.0,0.0,1,0,0,0,0,0,0,0,0,0,0
train,vgr_train_storage_cycle_03,1.0,1.0,1.0,0.0,0.0,0.0,0.0,0.0,0.0,0.0,1.0,1.0,1.0,1.0,0.0,1.0,0.0,0.0,1.0,1,0,0,0,0,0,0,0,0,0,0
train,vgr_train_storage_cycle_03,1.0,1.0,1.0,0.0,0.0,0.0,0.0,0.0,0.0,0.0,1.0,1.0,1.0,1.0,0.0,1.0,0.0,0.0,0.0,1,0,0,0,0,0,0,0,0,0,0
train,vgr_train_storage_cycle_03,1.0,1.0,1.0,0.0,0.0,0.0,0.0,0.0,0.0,0.0,1.0,1.0,1.0,1.0,0.0,1.0,0.0,0.0,1.0,1,0,0,0,0,0,0,0,0,0,0
train,vgr_train_storage_cycle_03,1.0,1.0,1.0,0.0,0.0,0.0,0.0,0.0,0.0,0.0,1.0,1.0,1.0,1.0,0.0,1.0,0.0,0.0,1.0,1,0,0,0,0,0,0,0,0,0,0
train,vgr_train_storage_cycle_03,1.0,1.0,1.0,0.0,0.0,0.0,0.0,0.0,0.0,0.0,1.0,1.0,1.0,1.0,0.0,1.0,0.0,0.0,1.0,1,0,0,0,0,0,0,0,0,0,0
train,vgr_train_storage_cycle_03,1.0,1.0,1.0,0.0,0.0,0.0,0.0,0.0,0.0,0.0,1.0,1.0,1.0,1.0,0.0,1.0,0.0,0.0,1.0,1,0,0,0,0,0,0,0,0,0,0
train,vgr_train_storage_cycle_03,1.0,1.0,1.0,0.0,0.0,0.0,0.0,0.0,0.0,0.0,1.0,1.0,1.0,1.0,0.0,1.0,0.0,0.0,1.0,1,0,0,0,0,0,0,0,0,0,0
train,vgr_train_storage_cycle_03,1.0,1.0,1.0,0.0,0.0,0.0,0.0,0.0,0.0,0.0,1.0,1.0,1.0,1.0,0.0,1.0,0.0,0.0,1.0,1,0,0,0,0,0,0,0,0,0,0
train,vgr_train_storage_cycle_03,1.0,1.0,1.0,0.0,0.0,0.0,0.0,0.0,0.0,0.0,1.0,1.0,1.0,1.0,0.0,1.0,0.0,0.0,1.0,1,0,0,0,0,0,0,0,0,0,0
train,vgr_train_storage_cycle_03,1.0,1.0,1.0,0.0,0.0,0.0,0.0,0.0,0.0,0.0,1.0,1.0,1.0,1.0,0.0,1.0,0.0,0.0,1.0,1,0,0,0,0,0,0,0,0,0,0
train,vgr_train_storage_cycle_03,1.0,1.0,1.0,0.0,0.0,0.0,0.0,0.0,0.0,0.0,1.0,1.0,1.0,1.0,0.0,1.0,0.0,0.0,1.0,1,0,0,0,0,0,0,0,0,0,0
train,vgr_train_storage_cycle_03,1.0,1.0,1.0,0.0,0.0,0.0,0.0,0.0,0.0,0.0,1.0,1.0,1.0,1.0,0.0,1.0,0.0,0.0,1.0,1,0,0,0,0,0,0,0,0,0,0
train,vgr_train_storage_cycle_03,1.0,1.0,1.0,0.0,0.0,0.0,0.0,0.0,0.0,0.0,1.0,1.0,1.0,1.0,0.0,1.0,0.0,0.0,1.0,1,0,0,0,0,0,0,0,0,0,0
train,vgr_train_storage_cycle_03,1.0,1.0,1.0,0.0,0.0,0.0,0.0,0.0,0.0,0.0,1.0,1.0,1.0,1.0,0.0,1.0,0.0,0.0,1.0,1,0,0,0,0,0,0,0,0,0,0
train,vgr_train_storage_cycle_03,1.0,1.0,1.0,0.0,0.0,0.0,0.0,0.0,0.0,0.0,1.0,1.0,1.0,1.0,0.0,1.0,0.0,0.0,1.0,1,0,0,0,0,0,0,0,0,0,0
train,vgr_train_storage_cycle_03,1.0,1.0,1.0,0.0,0.0,0.0,0.0,0.0,0.0,0.0,1.0,1.0,1.0,1.0,0.0,1.0,0.0,0.0,1.0,1,0,0,0,0,0,0,0,0,0,0
train,vgr_train_storage_cycle_03,1.0,1.0,1.0,0.0,0.0,0.0,0.0,0.0,0.0,0.0,1.0,1.0,1.0,1.0,0.0,1.0,0.0,0.0,1.0,1,0,0,0,0,0,0,0,0,0,0
train,vgr_train_storage_cycle_03,1.0,1.0,1.0,0.0,0.0,0.0,0.0,0.0,0.0,0.0,1.0,1.0,1.0,1.0,0.0,1.0,0.0,0.0,1.0,1,0,0,0,0,0,0,0,0,0,0
train,vgr_train_storage_cycle_03,1.0,1.0,1.0,0.0,0.0,0.0,0.0,0.0,0.0,0.0,1.0,1.0,1.0,1.0,0.0,1.0,0.0,0.0,1.0,1,0,0,0,0,0,0,0,0,0,0
train,vgr_train_storage_cycle_03,1.0,1.0,1.0,0.0,0.0,0.0,0.0,0.0,0.0,0.0,1.0,1.0,1.0,1.0,0.0,1.0,0.0,0.0,0.0,1,0,0,0,0,0,0,0,0,0,0
train,vgr_train_storage_cycle_03,1.0,1.0,1.0,0.0,0.0,0.0,0.0,0.0,0.0,0.0,1.0,1.0,1.0,1.0,0.0,1.0,0.0,0.0,1.0,1,0,0,0,0,0,0,0,0,0,0
train,vgr_train_storage_cycle_03,1.0,1.0,1.0,0.0,0.0,0.0,0.0,0.0,0.0,0.0,1.0,1.0,1.0,1.0,0.0,1.0,0.0,0.0,1.0,1,0,0,0,0,0,0,0,0,0,0
train,vgr_train_storage_cycle_03,1.0,1.0,1.0,0.0,0.0,0.0,0.0,0.0,0.0,0.0,1.0,1.0,1.0,1.0,0.0,1.0,0.0,0.0,1.0,1,0,0,0,0,0,0,0,0,0,0
train,vgr_train_storage_cycle_03,1.0,1.0,1.0,0.0,0.0,0.0,0.0,0.0,0.0,0.0,1.0,1.0,1.0,1.0,0.0,1.0,0.0,0.0,0.0,1,0,0,0,0,0,0,0,0,0,0
train,vgr_train_storage_cycle_03,1.0,1.0,1.0,0.0,0.0,0.0,0.0,0.0,0.0,0.0,1.0,1.0,1.0,1.0,0.0,1.0,0.0,0.0,1.0,1,0,0,0,0,0,0,0,0,0,0
train,vgr_train_storage_cycle_03,1.0,1.0,1.0,0.0,0.0,0.0,0.0,0.0,0.0,0.0,1.0,1.0,1.0,1.0,0.0,1.0,0.0,0.0,1.0,1,0,0,0,0,0,0,0,0,0,0
train,vgr_train_storage_cycle_03,1.0,1.0,1.0,0.0,0.0,0.0,0.0,0.0,0.0,0.0,1.0,1.0,1.0,1.0,0.0,1.0,0.0,0.0,1.0,1,0,0,0,0,0,0,0,0,0,0
train,vgr_train_storage_cycle_03,1.0,1.0,1.0,0.0,0.0,0.0,0.0,0.0,0.0,0.0,1.0,1.0,1.0,1.0,0.0,1.0,0.0,0.0,1.0,1,0,0,0,0,0,0,0,0,0,0
train,vgr_train_storage_cycle_03,1.0,1.0,1.0,0.0,0.0,0.0,0.0,0.0,0.0,0.0,1.0,1.0,1.0,1.0,0.0,1.0,0.0,0.0,1.0,1,0,0,0,0,0,0,0,0,0,0
train,vgr_train_storage_cycle_03,1.0,1.0,1.0,0.0,0.0,0.0,0.0,0.0,0.0,0.0,1.0,1.0,1.0,1.0,0.0,1.0,0.0,0.0,1.0,1,0,0,0,0,0,0,0,0,0,0
train,vgr_train_storage_cycle_03,1.0,1.0,1.0,0.0,0.0,0.0,0.0,0.0,0.0,0.0,1.0,1.0,1.0,1.0,0.0,1.0,0.0,0.0,1.0,1,0,0,0,0,0,0,0,0,0,0
train,vgr_train_storage_cycle_03,1.0,1.0,1.0,0.0,0.0,0.0,0.0,0.0,0.0,0.0,1.0,1.0,1.0,1.0,0.0,1.0,0.0,0.0,0.0,1,0,0,0,0,0,0,0,0,0,0
train,vgr_train_storage_cycle_03,1.0,1.0,1.0,0.0,0.0,0.0,0.0,0.0,0.0,0.0,1.0,1.0,1.0,1.0,0.0,1.0,0.0,0.0,1.0,1,0,0,0,0,0,0,0,0,0,0
train,vgr_train_storage_cycle_03,1.0,1.0,1.0,0.0,0.0,0.0,0.0,0.0,0.0,0.0,1.0,1.0,1.0,1.0,0.0,1.0,0.0,0.0,1.0,1,0,0,0,0,0,0,0,0,0,0
train,vgr_train_storage_cycle_03,1.0,1.0,1.0,0.0,0.0,0.0,0.0,0.0,0.0,0.0,1.0,1.0,1.0,1.0,0.0,1.0,0.0,0.0,1.0,1,0,0,0,0,0,0,0,0,0,0
train,vgr_train_storage_cycle_03,1.0,1.0,1.0,0.0,0.0,0.0,0.0,0.0,0.0,0.0,1.0,1.0,1.0,1.0,0.0,1.0,0.0,0.0,1.0,1,0,0,0,0,0,0,0,0,0,0
train,vgr_train_storage_cycle_03,1.0,1.0,1.0,0.0,0.0,0.0,0.0,0.0,0.0,0.0,1.0,1.0,1.0,1.0,0.0,1.0,0.0,0.0,1.0,1,0,0,0,0,0,0,0,0,0,0
train,vgr_train_storage_cycle_03,1.0,1.0,1.0,0.0,0.0,0.0,0.0,0.0,0.0,0.0,1.0,1.0,1.0,1.0,0.0,1.0,0.0,0.0,1.0,1,0,0,0,0,0,0,0,0,0,0
train,vgr_train_storage_cycle_03,1.0,1.0,1.0,0.0,0.0,0.0,0.0,0.0,0.0,0.0,1.0,1.0,1.0,1.0,0.0,1.0,0.0,0.0,1.0,1,0,0,0,0,0,0,0,0,0,0
train,vgr_train_storage_cycle_03,1.0,1.0,1.0,0.0,0.0,0.0,0.0,0.0,0.0,0.0,1.0,1.0,1.0,1.0,0.0,1.0,0.0,0.0,1.0,1,0,0,0,0,0,0,0,0,0,0
train,vgr_train_storage_cycle_03,1.0,1.0,1.0,0.0,0.0,0.0,0.0,0.0,0.0,0.0,1.0,1.0,1.0,1.0,0.0,1.0,0.0,0.0,1.0,1,0,0,0,0,0,0,0,0,0,0
train,vgr_train_storage_cycle_03,1.0,1.0,1.0,0.0,0.0,0.0,0.0,0.0,0.0,0.0,1.0,1.0,1.0,1.0,0.0,1.0,0.0,0.0,1.0,1,0,0,0,0,0,0,0,0,0,0
train,vgr_train_storage_cycle_03,1.0,1.0,1.0,0.0,0.0,0.0,0.0,0.0,0.0,0.0,1.0,1.0,1.0,1.0,0.0,1.0,0.0,0.0,1.0,1,0,0,0,0,0,0,0,0,0,0
train,vgr_train_storage_cycle_03,1.0,1.0,1.0,0.0,0.0,0.0,0.0,0.0,0.0,0.0,1.0,1.0,1.0,1.0,0.0,1.0,0.0,0.0,1.0,1,0,0,0,0,0,0,0,0,0,0
train,vgr_train_storage_cycle_03,1.0,1.0,1.0,0.0,0.0,0.0,0.0,0.0,0.0,0.0,1.0,1.0,1.0,1.0,0.0,1.0,0.0,0.0,0.0,1,0,0,0,0,0,0,0,0,0,0
train,vgr_train_storage_cycle_03,1.0,1.0,1.0,0.0,0.0,0.0,0.0,0.0,0.0,0.0,1.0,1.0,1.0,1.0,0.0,1.0,0.0,0.0,1.0,1,0,0,0,0,0,0,0,0,0,0
train,vgr_train_storage_cycle_03,1.0,1.0,1.0,0.0,0.0,0.0,0.0,0.0,0.0,0.0,1.0,1.0,1.0,1.0,0.0,1.0,0.0,0.0,1.0,1,0,0,0,0,0,0,0,0,0,0
train,vgr_train_storage_cycle_03,1.0,1.0,1.0,0.0,0.0,0.0,0.0,0.0,0.0,0.0,1.0,1.0,1.0,1.0,0.0,1.0,0.0,0.0,1.0,1,0,0,0,0,0,0,0,0,0,0
train,vgr_train_storage_cycle_03,1.0,1.0,1.0,0.0,0.0,0.0,0.0,0.0,0.0,0.0,1.0,1.0,1.0,1.0,0.0,1.0,0.0,0.0,1.0,1,0,0,0,0,0,0,0,0,0,0
train,vgr_train_storage_cycle_03,1.0,1.0,1.0,0.0,0.0,0.0,0.0,0.0,0.0,0.0,1.0,1.0,1.0,1.0,0.0,1.0,0.0,0.0,1.0,1,0,0,0,0,0,0,0,0,0,0
train,vgr_train_storage_cycle_03,1.0,1.0,1.0,0.0,0.0,0.0,0.0,0.0,0.0,0.0,1.0,1.0,1.0,1.0,0.0,1.0,0.0,0.0,1.0,1,0,0,0,0,0,0,0,0,0,0
train,vgr_train_storage_cycle_03,1.0,1.0,1.0,0.0,0.0,0.0,0.0,0.0,0.0,0.0,1.0,1.0,1.0,1.0,0.0,1.0,0.0,0.0,1.0,1,0,0,0,0,0,0,0,0,0,0
train,vgr_train_storage_cycle_03,1.0,1.0,1.0,0.0,0.0,0.0,0.0,0.0,0.0,0.0,1.0,1.0,1.0,1.0,0.0,1.0,0.0,0.0,1.0,1,0,0,0,0,0,0,0,0,0,0
train,vgr_train_storage_cycle_03,1.0,1.0,1.0,0.0,0.0,0.0,0.0,0.0,0.0,0.0,1.0,1.0,1.0,1.0,0.0,1.0,0.0,0.0,1.0,1,0,0,0,0,0,0,0,0,0,0
train,vgr_train_storage_cycle_03,1.0,1.0,1.0,0.0,0.0,0.0,0.0,0.0,0.0,0.0,1.0,1.0,1.0,1.0,0.0,1.0,0.0,0.0,1.0,1,0,0,0,0,0,0,0,0,0,0
train,vgr_train_storage_cycle_03,1.0,1.0,1.0,0.0,0.0,0.0,0.0,0.0,0.0,0.0,1.0,1.0,1.0,1.0,0.0,1.0,0.0,0.0,1.0,1,0,0,0,0,0,0,0,0,0,0
train,vgr_train_storage_cycle_03,1.0,1.0,1.0,0.0,0.0,0.0,0.0,0.0,0.0,0.0,1.0,1.0,1.0,1.0,0.0,1.0,0.0,0.0,1.0,1,0,0,0,0,0,0,0,0,0,0
train,vgr_train_storage_cycle_03,1.0,1.0,1.0,0.0,0.0,0.0,0.0,0.0,0.0,0.0,1.0,1.0,1.0,1.0,0.0,1.0,0.0,0.0,1.0,1,0,0,0,0,0,0,0,0,0,0
train,vgr_train_storage_cycle_03,1.0,1.0,1.0,0.0,0.0,0.0,0.0,0.0,0.0,0.0,1.0,1.0,1.0,1.0,0.0,1.0,0.0,0.0,1.0,1,0,0,0,0,0,0,0,0,0,0
train,vgr_train_storage_cycle_03,1.0,1.0,1.0,0.0,0.0,0.0,0.0,0.0,0.0,0.0,1.0,1.0,1.0,1.0,0.0,1.0,0.0,0.0,0.0,1,0,0,0,0,0,0,0,0,0,0
train,vgr_train_storage_cycle_03,1.0,1.0,1.0,0.0,0.0,0.0,0.0,0.0,0.0,0.0,1.0,1.0,1.0,1.0,0.0,1.0,0.0,0.0,1.0,1,0,0,0,0,0,0,0,0,0,0
train,vgr_train_storage_cycle_03,1.0,1.0,1.0,0.0,0.0,0.0,0.0,0.0,0.0,0.0,1.0,1.0,1.0,1.0,0.0,1.0,0.0,0.0,1.0,1,0,0,0,0,0,0,0,0,0,0
train,vgr_train_storage_cycle_03,1.0,1.0,1.0,0.0,0.0,0.0,0.0,0.0,0.0,0.0,1.0,1.0,1.0,1.0,0.0,1.0,0.0,0.0,1.0,1,0,0,0,0,0,0,0,0,0,0
train,vgr_train_storage_cycle_03,1.0,1.0,1.0,0.0,0.0,0.0,0.0,0.0,0.0,0.0,1.0,1.0,1.0,1.0,0.0,1.0,0.0,0.0,1.0,1,0,0,0,0,0,0,0,0,0,0
train,vgr_train_storage_cycle_03,1.0,1.0,1.0,0.0,0.0,0.0,0.0,0.0,0.0,0.0,1.0,1.0,1.0,1.0,0.0,1.0,0.0,0.0,1.0,1,0,0,0,0,0,0,0,0,0,0
train,vgr_train_storage_cycle_03,1.0,1.0,1.0,0.0,0.0,0.0,0.0,0.0,0.0,0.0,1.0,1.0,1.0,1.0,0.0,1.0,0.0,0.0,1.0,1,0,0,0,0,0,0,0,0,0,0
train,vgr_train_storage_cycle_03,1.0,1.0,1.0,0.0,0.0,0.0,0.0,0.0,0.0,0.0,1.0,1.0,1.0,1.0,0.0,1.0,0.0,0.0,1.0,1,0,0,0,0,0,0,0,0,0,0
train,vgr_train_storage_cycle_03,1.0,1.0,1.0,0.0,0.0,0.0,0.0,0.0,0.0,0.0,1.0,1.0,1.0,1.0,0.0,1.0,0.0,0.0,1.0,1,0,0,0,0,0,0,0,0,0,0
train,vgr_train_storage_cycle_03,1.0,1.0,1.0,0.0,0.0,0.0,0.0,0.0,0.0,0.0,1.0,1.0,1.0,1.0,0.0,1.0,0.0,0.0,1.0,1,0,0,0,0,0,0,0,0,0,0
train,vgr_train_storage_cycle_03,1.0,1.0,1.0,0.0,0.0,0.0,0.0,0.0,0.0,0.0,1.0,1.0,1.0,1.0,0.0,1.0,0.0,0.0,1.0,1,0,0,0,0,0,0,0,0,0,0
train,vgr_train_storage_cycle_03,1.0,1.0,1.0,0.0,0.0,0.0,0.0,0.0,0.0,0.0,1.0,1.0,1.0,1.0,0.0,1.0,0.0,0.0,1.0,1,0,0,0,0,0,0,0,0,0,0
train,vgr_train_storage_cycle_03,1.0,1.0,1.0,0.0,0.0,0.0,0.0,0.0,0.0,0.0,1.0,1.0,1.0,1.0,0.0,1.0,0.0,0.0,1.0,1,0,0,0,0,0,0,0,0,0,0
train,vgr_train_storage_cycle_03,1.0,1.0,1.0,0.0,0.0,0.0,0.0,0.0,0.0,0.0,1.0,1.0,1.0,1.0,0.0,1.0,0.0,0.0,1.0,1,0,0,0,0,0,0,0,0,0,0
train,vgr_train_storage_cycle_03,1.0,1.0,1.0,0.0,0.0,0.0,0.0,0.0,0.0,0.0,1.0,1.0,1.0,1.0,0.0,1.0,0.0,0.0,1.0,0,1,0,0,0,0,0,0,0,0,0
train,vgr_train_storage_cycle_03,1.0,1.0,1.0,0.0,0.0,0.0,0.0,0.0,0.0,0.0,1.0,1.0,1.0,1.0,0.0,1.0,0.0,0.0,1.0,0,1,0,0,0,0,0,0,0,0,0
train,vgr_train_storage_cycle_03,1.0,1.0,1.0,0.0,0.0,0.0,0.0,0.0,0.0,0.0,1.0,1.0,1.0,1.0,0.0,1.0,0.0,0.0,1.0,0,1,0,0,0,0,0,0,0,0,0
train,vgr_train_storage_cycle_03,1.0,1.0,1.0,0.0,0.0,0.0,0.0,0.0,0.0,0.0,1.0,1.0,1.0,1.0,0.0,1.0,0.0,0.0,1.0,0,1,0,0,0,0,0,0,0,0,0
train,vgr_train_storage_cycle_03,1.0,1.0,1.0,0.0,0.0,0.0,0.0,0.0,0.0,0.0,1.0,1.0,1.0,1.0,0.0,1.0,0.0,0.0,1.0,0,1,0,0,0,0,0,0,0,0,0
train,vgr_train_storage_cycle_03,1.0,1.0,1.0,0.0,0.0,0.0,0.0,0.0,0.0,0.0,1.0,1.0,1.0,1.0,0.0,1.0,0.0,0.0,1.0,0,1,0,0,0,0,0,0,0,0,0
train,vgr_train_storage_cycle_03,1.0,1.0,1.0,0.0,0.0,0.0,0.0,0.0,0.0,0.0,1.0,1.0,1.0,1.0,0.0,1.0,0.0,0.0,1.0,0,1,0,0,0,0,0,0,0,0,0
train,vgr_train_storage_cycle_03,1.0,1.0,1.0,0.0,0.0,0.0,0.0,0.0,0.0,0.0,1.0,1.0,1.0,1.0,0.0,1.0,0.0,0.0,1.0,0,1,0,0,0,0,0,0,0,0,0
train,vgr_train_storage_cycle_03,1.0,1.0,1.0,0.0,0.0,0.0,0.0,0.0,0.0,0.0,1.0,1.0,1.0,1.0,0.0,1.0,0.0,0.0,1.0,0,1,0,0,0,0,0,0,0,0,0
train,vgr_train_storage_cycle_03,1.0,1.0,1.0,0.0,0.0,0.0,0.0,0.0,0.0,0.0,1.0,1.0,1.0,1.0,0.0,1.0,0.0,0.0,1.0,0,1,0,0,0,0,0,0,0,0,0
train,vgr_train_storage_cycle_03,1.0,1.0,1.0,0.0,0.0,0.0,0.0,0.0,0.0,0.0,1.0,1.0,1.0,1.0,0.0,1.0,0.0,0.0,0.0,0,1,0,0,0,0,0,0,0,0,101
train,vgr_train_storage_cycle_03,0.0,0.0,0.0,0.0,0.0,1.0,1.0,391.0,26.0,32.0,1.0,1.0,1.0,1.0,0.0,1.0,0.0,0.0,1.0,0,1,0,0,0,0,0,0,0,0,102
train,vgr_train_storage_cycle_03,0.0,0.0,0.0,0.0,0.0,1.0,1.0,1451.0,908.0,704.0,0.0,1.0,1.0,0.0,0.0,1.0,404.0,2869.0,1.0,0,1,0,0,0,0,0,0,0,0,103
train,vgr_train_storage_cycle_03,0.0,0.0,0.0,0.0,0.0,1.0,1.0,2453.0,160.0,428.0,0.0,1.0,1.0,0.0,0.0,1.0,37.0,2869.0,1.0,0,1,0,0,0,0,0,0,0,0,102
train,vgr_train_storage_cycle_03,0.0,0.0,0.0,0.0,0.0,1.0,1.0,1447.0,905.0,706.0,0.0,0.0,1.0,0.0,1.0,0.0,2799.0,16.0,1.0,0,1,0,0,0,0,0,0,0,0,104
train,vgr_train_storage_cycle_03,1.0,0.0,0.0,1.0,1.0,1.0,1.0,0.0,604.0,5348.0,0.0,1.0,0.0,0.0,1.0,0.0,2799.0,16.0,1.0,0,1,0,0,0,0,0,0,0,0,105
train,vgr_train_storage_cycle_03,0.0,0.0,0.0,0.0,0.0,0.0,0.0,398.0,604.0,5348.0,0.0,1.0,0.0,0.0,1.0,0.0,2799.0,16.0,1.0,0,1,0,0,0,0,0,0,0,0,0
train,vgr_train_storage_cycle_03,0.0,0.0,0.0,0.0,0.0,0.0,0.0,398.0,604.0,5348.0,0.0,0.0,1.0,0.0,1.0,0.0,2799.0,16.0,1.0,0,1,0,0,0,0,0,0,0,0,0
train,vgr_train_storage_cycle_03,0.0,0.0,0.0,0.0,0.0,0.0,0.0,398.0,604.0,5348.0,0.0,1.0,1.0,0.0,0.0,1.0,35.0,2870.0,1.0,0,1,0,0,0,0,0,0,0,0,0
train,vgr_train_storage_cycle_03,0.0,0.0,0.0,0.0,0.0,0.0,0.0,398.0,604.0,5348.0,0.0,1.0,1.0,0.0,0.0,1.0,402.0,2870.0,1.0,0,1,0,0,0,0,0,0,0,0,301
train,vgr_train_storage_cycle_03,1.0,1.0,1.0,0.0,0.0,0.0,0.0,0.0,0.0,0.0,1.0,1.0,1.0,1.0,0.0,1.0,0.0,0.0,1.0,0,0,1,0,0,0,0,0,0,0,0
train,vgr_train_storage_cycle_03,1.0,1.0,1.0,0.0,0.0,0.0,0.0,0.0,0.0,0.0,1.0,1.0,1.0,1.0,0.0,1.0,0.0,0.0,1.0,0,0,1,0,0,0,0,0,0,0,0
train,vgr_train_storage_cycle_03,1.0,1.0,1.0,0.0,0.0,0.0,0.0,0.0,0.0,0.0,1.0,1.0,1.0,1.0,0.0,1.0,0.0,0.0,1.0,0,0,1,0,0,0,0,0,0,0,0
train,vgr_train_storage_cycle_03,1.0,1.0,1.0,0.0,0.0,0.0,0.0,0.0,0.0,0.0,1.0,1.0,1.0,1.0,0.0,1.0,0.0,0.0,1.0,0,0,1,0,0,0,0,0,0,0,0
train,vgr_train_storage_cycle_03,1.0,1.0,1.0,0.0,0.0,0.0,0.0,0.0,0.0,0.0,1.0,1.0,1.0,1.0,0.0,1.0,0.0,0.0,1.0,0,0,1,0,0,0,0,0,0,0,0
train,vgr_train_storage_cycle_03,1.0,1.0,1.0,0.0,0.0,0.0,0.0,0.0,0.0,0.0,1.0,1.0,1.0,1.0,0.0,1.0,0.0,0.0,1.0,0,0,1,0,0,0,0,0,0,0,0
train,vgr_train_storage_cycle_03,1.0,1.0,1.0,0.0,0.0,0.0,0.0,0.0,0.0,0.0,1.0,1.0,1.0,1.0,0.0,1.0,0.0,0.0,1.0,0,0,1,0,0,0,0,0,0,0,0
train,vgr_train_storage_cycle_03,1.0,1.0,1.0,0.0,0.0,0.0,0.0,0.0,0.0,0.0,1.0,1.0,1.0,1.0,0.0,1.0,0.0,0.0,1.0,0,0,1,0,0,0,0,0,0,0,0
train,vgr_train_storage_cycle_03,1.0,1.0,1.0,0.0,0.0,0.0,0.0,0.0,0.0,0.0,1.0,1.0,1.0,1.0,0.0,1.0,0.0,0.0,1.0,0,0,1,0,0,0,0,0,0,0,0
train,vgr_train_storage_cycle_03,1.0,1.0,1.0,0.0,0.0,0.0,0.0,0.0,0.0,0.0,1.0,1.0,1.0,1.0,0.0,1.0,0.0,0.0,1.0,0,0,1,0,0,0,0,0,0,0,0
train,vgr_train_storage_cycle_03,1.0,1.0,1.0,0.0,0.0,0.0,0.0,0.0,0.0,0.0,1.0,1.0,1.0,1.0,0.0,1.0,0.0,0.0,0.0,0,0,1,0,0,0,0,0,0,0,101
train,vgr_train_storage_cycle_03,0.0,0.0,0.0,0.0,0.0,1.0,1.0,394.0,26.0,33.0,1.0,1.0,1.0,1.0,0.0,1.0,0.0,0.0,1.0,0,0,1,0,0,0,0,0,0,0,102
train,vgr_train_storage_cycle_03,0.0,0.0,0.0,0.0,0.0,1.0,1.0,1452.0,904.0,703.0,0.0,1.0,1.0,0.0,0.0,1.0,1753.0,2869.0,1.0,0,0,1,0,0,0,0,0,0,0,103
train,vgr_train_storage_cycle_03,0.0,0.0,0.0,0.0,0.0,1.0,1.0,2456.0,156.0,426.0,0.0,1.0,1.0,0.0,0.0,1.0,1382.0,2869.0,1.0,0,0,1,0,0,0,0,0,0,0,102
train,vgr_train_storage_cycle_03,0.0,0.0,0.0,0.0,0.0,1.0,1.0,1449.0,908.0,702.0,0.0,0.0,1.0,0.0,1.0,0.0,2804.0,16.0,1.0,0,0,1,0,0,0,0,0,0,0,104
train,vgr_train_storage_cycle_03,1.0,0.0,0.0,1.0,1.0,1.0,1.0,0.0,608.0,5348.0,0.0,1.0,0.0,0.0,1.0,0.0,2804.0,16.0,1.0,0,0,1,0,0,0,0,0,0,0,105
train,vgr_train_storage_cycle_03,0.0,0.0,0.0,0.0,0.0,0.0,0.0,403.0,608.0,5348.0,0.0,1.0,0.0,0.0,1.0,0.0,2804.0,16.0,1.0,0,0,1,0,0,0,0,0,0,0,0
train,vgr_train_storage_cycle_03,0.0,0.0,0.0,0.0,0.0,0.0,0.0,403.0,608.0,5348.0,0.0,0.0,1.0,0.0,1.0,0.0,2804.0,16.0,1.0,0,0,1,0,0,0,0,0,0,0,0
train,vgr_train_storage_cycle_03,0.0,0.0,0.0,0.0,0.0,0.0,0.0,403.0,608.0,5348.0,0.0,1.0,1.0,0.0,0.0,1.0,1385.0,2870.0,1.0,0,0,1,0,0,0,0,0,0,0,0
train,vgr_train_storage_cycle_03,0.0,0.0,0.0,0.0,0.0,0.0,0.0,403.0,608.0,5348.0,0.0,1.0,1.0,0.0,0.0,1.0,1748.0,2870.0,1.0,0,0,1,0,0,0,0,0,0,0,301
train,vgr_train_storage_cycle_03,1.0,1.0,1.0,0.0,0.0,0.0,0.0,0.0,0.0,0.0,1.0,1.0,1.0,1.0,0.0,1.0,0.0,0.0,1.0,0,0,0,1,0,0,0,0,0,0,0
train,vgr_train_storage_cycle_03,1.0,1.0,1.0,0.0,0.0,0.0,0.0,0.0,0.0,0.0,1.0,1.0,1.0,1.0,0.0,1.0,0.0,0.0,1.0,0,0,0,1,0,0,0,0,0,0,0
train,vgr_train_storage_cycle_03,1.0,1.0,1.0,0.0,0.0,0.0,0.0,0.0,0.0,0.0,1.0,1.0,1.0,1.0,0.0,1.0,0.0,0.0,1.0,0,0,0,1,0,0,0,0,0,0,0
train,vgr_train_storage_cycle_03,1.0,1.0,1.0,0.0,0.0,0.0,0.0,0.0,0.0,0.0,1.0,1.0,1.0,1.0,0.0,1.0,0.0,0.0,1.0,0,0,0,1,0,0,0,0,0,0,0
train,vgr_train_storage_cycle_03,1.0,1.0,1.0,0.0,0.0,0.0,0.0,0.0,0.0,0.0,1.0,1.0,1.0,1.0,0.0,1.0,0.0,0.0,1.0,0,0,0,1,0,0,0,0,0,0,0
train,vgr_train_storage_cycle_03,1.0,1.0,1.0,0.0,0.0,0.0,0.0,0.0,0.0,0.0,1.0,1.0,1.0,1.0,0.0,1.0,0.0,0.0,1.0,0,0,0,1,0,0,0,0,0,0,0
train,vgr_train_storage_cycle_03,1.0,1.0,1.0,0.0,0.0,0.0,0.0,0.0,0.0,0.0,1.0,1.0,1.0,1.0,0.0,1.0,0.0,0.0,1.0,0,0,0,1,0,0,0,0,0,0,0
train,vgr_train_storage_cycle_03,1.0,1.0,1.0,0.0,0.0,0.0,0.0,0.0,0.0,0.0,1.0,1.0,1.0,1.0,0.0,1.0,0.0,0.0,1.0,0,0,0,1,0,0,0,0,0,0,0
train,vgr_train_storage_cycle_03,1.0,1.0,1.0,0.0,0.0,0.0,0.0,0.0,0.0,0.0,1.0,1.0,1.0,1.0,0.0,1.0,0.0,0.0,1.0,0,0,0,1,0,0,0,0,0,0,0
train,vgr_train_storage_cycle_03,1.0,1.0,1.0,0.0,0.0,0.0,0.0,0.0,0.0,0.0,1.0,1.0,1.0,1.0,0.0,1.0,0.0,0.0,1.0,0,0,0,1,0,0,0,0,0,0,0
train,vgr_train_storage_cycle_03,1.0,1.0,1.0,0.0,0.0,0.0,0.0,0.0,0.0,0.0,1.0,1.0,1.0,1.0,0.0,1.0,0.0,0.0,1.0,0,0,0,1,0,0,0,0,0,0,0
train,vgr_train_storage_cycle_03,1.0,1.0,1.0,0.0,0.0,0.0,0.0,0.0,0.0,0.0,1.0,1.0,1.0,1.0,0.0,1.0,0.0,0.0,1.0,0,0,0,1,0,0,0,0,0,0,0
train,vgr_train_storage_cycle_03,1.0,1.0,1.0,0.0,0.0,0.0,0.0,0.0,0.0,0.0,1.0,1.0,1.0,1.0,0.0,1.0,0.0,0.0,1.0,0,0,0,1,0,0,0,0,0,0,0
train,vgr_train_storage_cycle_03,1.0,1.0,1.0,0.0,0.0,0.0,0.0,0.0,0.0,0.0,1.0,1.0,1.0,1.0,0.0,1.0,0.0,0.0,1.0,0,0,0,1,0,0,0,0,0,0,0
train,vgr_train_storage_cycle_03,1.0,1.0,1.0,0.0,0.0,0.0,0.0,0.0,0.0,0.0,1.0,1.0,1.0,1.0,0.0,1.0,0.0,0.0,1.0,0,0,0,1,0,0,0,0,0,0,0
train,vgr_train_storage_cycle_03,1.0,1.0,1.0,0.0,0.0,0.0,0.0,0.0,0.0,0.0,1.0,1.0,1.0,1.0,0.0,1.0,0.0,0.0,1.0,0,0,0,1,0,0,0,0,0,0,0
train,vgr_train_storage_cycle_03,1.0,1.0,1.0,0.0,0.0,0.0,0.0,0.0,0.0,0.0,1.0,1.0,1.0,1.0,0.0,1.0,0.0,0.0,1.0,0,0,0,1,0,0,0,0,0,0,0
train,vgr_train_storage_cycle_03,1.0,1.0,1.0,0.0,0.0,0.0,0.0,0.0,0.0,0.0,1.0,1.0,1.0,1.0,0.0,1.0,0.0,0.0,0.0,0,0,0,1,0,0,0,0,0,0,101
train,vgr_train_storage_cycle_03,0.0,0.0,0.0,0.0,0.0,1.0,1.0,397.0,25.0,33.0,1.0,1.0,1.0,1.0,0.0,1.0,0.0,0.0,1.0,0,0,0,1,0,0,0,0,0,0,102
train,vgr_train_storage_cycle_03,0.0,0.0,0.0,0.0,0.0,1.0,1.0,1449.0,905.0,702.0,0.0,1.0,1.0,0.0,0.0,1.0,3252.0,2869.0,1.0,0,0,0,1,0,0,0,0,0,0,103
train,vgr_train_storage_cycle_03,0.0,0.0,0.0,0.0,0.0,1.0,1.0,2455.0,152.0,426.0,0.0,1.0,1.0,0.0,0.0,1.0,2885.0,2869.0,1.0,0,0,0,1,0,0,0,0,0,0,102
train,vgr_train_storage_cycle_03,0.0,0.0,0.0,0.0,0.0,1.0,1.0,1448.0,910.0,704.0,0.0,0.0,1.0,0.0,1.0,0.0,2799.0,18.0,1.0,0,0,0,1,0,0,0,0,0,0,104
train,vgr_train_storage_cycle_03,1.0,0.0,0.0,1.0,1.0,1.0,1.0,0.0,604.0,5348.0,0.0,1.0,0.0,0.0,1.0,0.0,2799.0,18.0,1.0,0,0,0,1,0,0,0,0,0,0,105
train,vgr_train_storage_cycle_03,0.0,0.0,0.0,0.0,0.0,0.0,0.0,396.0,604.0,5348.0,0.0,1.0,0.0,0.0,1.0,0.0,2799.0,18.0,1.0,0,0,0,1,0,0,0,0,0,0,0
train,vgr_train_storage_cycle_03,0.0,0.0,0.0,0.0,0.0,0.0,0.0,396.0,604.0,5348.0,0.0,0.0,1.0,0.0,1.0,0.0,2799.0,18.0,1.0,0,0,0,1,0,0,0,0,0,0,0
train,vgr_train_storage_cycle_03,0.0,0.0,0.0,0.0,0.0,0.0,0.0,396.0,604.0,5348.0,0.0,1.0,1.0,0.0,0.0,1.0,2878.0,2870.0,1.0,0,0,0,1,0,0,0,0,0,0,0
train,vgr_train_storage_cycle_03,0.0,0.0,0.0,0.0,0.0,0.0,0.0,396.0,604.0,5348.0,0.0,1.0,1.0,0.0,0.0,1.0,3250.0,2870.0,1.0,0,0,0,1,0,0,0,0,0,0,301
train,vgr_train_storage_cycle_03,1.0,1.0,1.0,0.0,0.0,0.0,0.0,0.0,0.0,0.0,1.0,1.0,1.0,1.0,0.0,1.0,0.0,0.0,1.0,0,0,0,0,1,0,0,0,0,0,0
train,vgr_train_storage_cycle_03,1.0,1.0,1.0,0.0,0.0,0.0,0.0,0.0,0.0,0.0,1.0,1.0,1.0,1.0,0.0,1.0,0.0,0.0,1.0,0,0,0,0,1,0,0,0,0,0,0
train,vgr_train_storage_cycle_03,1.0,1.0,1.0,0.0,0.0,0.0,0.0,0.0,0.0,0.0,1.0,1.0,1.0,1.0,0.0,1.0,0.0,0.0,1.0,0,0,0,0,1,0,0,0,0,0,0
train,vgr_train_storage_cycle_03,1.0,1.0,1.0,0.0,0.0,0.0,0.0,0.0,0.0,0.0,1.0,1.0,1.0,1.0,0.0,1.0,0.0,0.0,1.0,0,0,0,0,1,0,0,0,0,0,0
train,vgr_train_storage_cycle_03,1.0,1.0,1.0,0.0,0.0,0.0,0.0,0.0,0.0,0.0,1.0,1.0,1.0,1.0,0.0,1.0,0.0,0.0,1.0,0,0,0,0,1,0,0,0,0,0,0
train,vgr_train_storage_cycle_03,1.0,1.0,1.0,0.0,0.0,0.0,0.0,0.0,0.0,0.0,1.0,1.0,1.0,1.0,0.0,1.0,0.0,0.0,1.0,0,0,0,0,1,0,0,0,0,0,0
train,vgr_train_storage_cycle_03,1.0,1.0,1.0,0.0,0.0,0.0,0.0,0.0,0.0,0.0,1.0,1.0,1.0,1.0,0.0,1.0,0.0,0.0,1.0,0,0,0,0,1,0,0,0,0,0,0
train,vgr_train_storage_cycle_03,1.0,1.0,1.0,0.0,0.0,0.0,0.0,0.0,0.0,0.0,1.0,1.0,1.0,1.0,0.0,1.0,0.0,0.0,1.0,0,0,0,0,1,0,0,0,0,0,0
train,vgr_train_storage_cycle_03,1.0,1.0,1.0,0.0,0.0,0.0,0.0,0.0,0.0,0.0,1.0,1.0,1.0,1.0,0.0,1.0,0.0,0.0,1.0,0,0,0,0,1,0,0,0,0,0,0
train,vgr_train_storage_cycle_03,1.0,1.0,1.0,0.0,0.0,0.0,0.0,0.0,0.0,0.0,1.0,1.0,1.0,1.0,0.0,1.0,0.0,0.0,1.0,0,0,0,0,1,0,0,0,0,0,0
train,vgr_train_storage_cycle_03,1.0,1.0,1.0,0.0,0.0,0.0,0.0,0.0,0.0,0.0,1.0,1.0,1.0,1.0,0.0,1.0,0.0,0.0,1.0,0,0,0,0,1,0,0,0,0,0,0
train,vgr_train_storage_cycle_03,1.0,1.0,1.0,0.0,0.0,0.0,0.0,0.0,0.0,0.0,1.0,1.0,1.0,1.0,0.0,1.0,0.0,0.0,1.0,0,0,0,0,1,0,0,0,0,0,0
train,vgr_train_storage_cycle_03,1.0,1.0,1.0,0.0,0.0,0.0,0.0,0.0,0.0,0.0,1.0,1.0,1.0,1.0,0.0,1.0,0.0,0.0,1.0,0,0,0,0,1,0,0,0,0,0,0
train,vgr_train_storage_cycle_03,1.0,1.0,1.0,0.0,0.0,0.0,0.0,0.0,0.0,0.0,1.0,1.0,1.0,1.0,0.0,1.0,0.0,0.0,0.0,0,0,0,0,1,0,0,0,0,0,101
train,vgr_train_storage_cycle_03,0.0,0.0,0.0,0.0,0.0,1.0,1.0,394.0,25.0,29.0,1.0,1.0,1.0,1.0,0.0,1.0,0.0,0.0,1.0,0,0,0,0,1,0,0,0,0,0,102
train,vgr_train_storage_cycle_03,0.0,0.0,0.0,0.0,0.0,1.0,1.0,1449.0,905.0,703.0,0.0,1.0,1.0,0.0,0.0,1.0,399.0,5199.0,1.0,0,0,0,0,1,0,0,0,0,0,103
train,vgr_train_storage_cycle_03,0.0,0.0,0.0,0.0,0.0,1.0,1.0,2454.0,157.0,424.0,0.0,1.0,1.0,0.0,0.0,1.0,32.0,5199.0,1.0,0,0,0,0,1,0,0,0,0,0,102
train,vgr_train_storage_cycle_03,0.0,0.0,0.0,0.0,0.0,1.0,1.0,1446.0,907.0,699.0,0.0,0.0,1.0,0.0,1.0,0.0,2803.0,17.0,1.0,0,0,0,0,1,0,0,0,0,0,104
train,vgr_train_storage_cycle_03,1.0,0.0,0.0,0.0,0.0,1.0,1.0,0.0,605.0,5349.0,0.0,1.0,0.0,0.0,1.0,0.0,2803.0,17.0,1.0,0,0,0,0,1,0,0,0,0,0,105
train,vgr_train_storage_cycle_03,0.0,0.0,0.0,0.0,0.0,0.0,0.0,400.0,605.0,5349.0,0.0,1.0,0.0,0.0,1.0,0.0,2803.0,17.0,1.0,0,0,0,0,1,0,0,0,0,0,0
train,vgr_train_storage_cycle_03,0.0,0.0,0.0,0.0,0.0,0.0,0.0,400.0,605.0,5349.0,0.0,0.0,1.0,0.0,1.0,0.0,2803.0,17.0,1.0,0,0,0,0,1,0,0,0,0,0,0
train,vgr_train_storage_cycle_03,0.0,0.0,0.0,0.0,0.0,0.0,0.0,400.0,605.0,5349.0,0.0,1.0,1.0,0.0,0.0,1.0,35.0,5199.0,1.0,0,0,0,0,1,0,0,0,0,0,0
train,vgr_train_storage_cycle_03,0.0,0.0,0.0,0.0,0.0,0.0,0.0,400.0,605.0,5349.0,0.0,1.0,1.0,0.0,0.0,1.0,401.0,5199.0,1.0,0,0,0,0,1,0,0,0,0,0,301
train,vgr_train_storage_cycle_03,1.0,1.0,1.0,0.0,0.0,0.0,0.0,0.0,0.0,0.0,1.0,1.0,1.0,1.0,0.0,1.0,0.0,0.0,1.0,0,0,0,0,0,1,0,0,0,0,0
train,vgr_train_storage_cycle_03,1.0,1.0,1.0,0.0,0.0,0.0,0.0,0.0,0.0,0.0,1.0,1.0,1.0,1.0,0.0,1.0,0.0,0.0,1.0,0,0,0,0,0,1,0,0,0,0,0
train,vgr_train_storage_cycle_03,1.0,1.0,1.0,0.0,0.0,0.0,0.0,0.0,0.0,0.0,1.0,1.0,1.0,1.0,0.0,1.0,0.0,0.0,1.0,0,0,0,0,0,1,0,0,0,0,0
train,vgr_train_storage_cycle_03,1.0,1.0,1.0,0.0,0.0,0.0,0.0,0.0,0.0,0.0,1.0,1.0,1.0,1.0,0.0,1.0,0.0,0.0,1.0,0,0,0,0,0,1,0,0,0,0,0
train,vgr_train_storage_cycle_03,1.0,1.0,1.0,0.0,0.0,0.0,0.0,0.0,0.0,0.0,1.0,1.0,1.0,1.0,0.0,1.0,0.0,0.0,1.0,0,0,0,0,0,1,0,0,0,0,0
train,vgr_train_storage_cycle_03,1.0,1.0,1.0,0.0,0.0,0.0,0.0,0.0,0.0,0.0,1.0,1.0,1.0,1.0,0.0,1.0,0.0,0.0,1.0,0,0,0,0,0,1,0,0,0,0,0
train,vgr_train_storage_cycle_03,1.0,1.0,1.0,0.0,0.0,0.0,0.0,0.0,0.0,0.0,1.0,1.0,1.0,1.0,0.0,1.0,0.0,0.0,1.0,0,0,0,0,0,1,0,0,0,0,0
train,vgr_train_storage_cycle_03,1.0,1.0,1.0,0.0,0.0,0.0,0.0,0.0,0.0,0.0,1.0,1.0,1.0,1.0,0.0,1.0,0.0,0.0,1.0,0,0,0,0,0,1,0,0,0,0,0
train,vgr_train_storage_cycle_03,1.0,1.0,1.0,0.0,0.0,0.0,0.0,0.0,0.0,0.0,1.0,1.0,1.0,1.0,0.0,1.0,0.0,0.0,1.0,0,0,0,0,0,1,0,0,0,0,0
train,vgr_train_storage_cycle_03,1.0,1.0,1.0,0.0,0.0,0.0,0.0,0.0,0.0,0.0,1.0,1.0,1.0,1.0,0.0,1.0,0.0,0.0,1.0,0,0,0,0,0,1,0,0,0,0,0
train,vgr_train_storage_cycle_03,1.0,1.0,1.0,0.0,0.0,0.0,0.0,0.0,0.0,0.0,1.0,1.0,1.0,1.0,0.0,1.0,0.0,0.0,1.0,0,0,0,0,0,1,0,0,0,0,0
train,vgr_train_storage_cycle_03,1.0,1.0,1.0,0.0,0.0,0.0,0.0,0.0,0.0,0.0,1.0,1.0,1.0,1.0,0.0,1.0,0.0,0.0,1.0,0,0,0,0,0,1,0,0,0,0,0
train,vgr_train_storage_cycle_03,1.0,1.0,1.0,0.0,0.0,0.0,0.0,0.0,0.0,0.0,1.0,1.0,1.0,1.0,0.0,1.0,0.0,0.0,1.0,0,0,0,0,0,1,0,0,0,0,0
train,vgr_train_storage_cycle_03,1.0,1.0,1.0,0.0,0.0,0.0,0.0,0.0,0.0,0.0,1.0,1.0,1.0,1.0,0.0,1.0,0.0,0.0,0.0,0,0,0,0,0,1,0,0,0,0,101
train,vgr_train_storage_cycle_03,0.0,0.0,0.0,0.0,0.0,1.0,1.0,395.0,25.0,32.0,1.0,1.0,1.0,1.0,0.0,1.0,0.0,0.0,1.0,0,0,0,0,0,1,0,0,0,0,102
train,vgr_train_storage_cycle_03,0.0,0.0,0.0,0.0,0.0,1.0,1.0,1448.0,905.0,704.0,0.0,1.0,1.0,0.0,0.0,1.0,1754.0,5201.0,1.0,0,0,0,0,0,1,0,0,0,0,103
train,vgr_train_storage_cycle_03,0.0,0.0,0.0,0.0,0.0,1.0,1.0,2462.0,157.0,426.0,0.0,1.0,1.0,0.0,0.0,1.0,1386.0,5201.0,1.0,0,0,0,0,0,1,0,0,0,0,102
train,vgr_train_storage_cycle_03,0.0,0.0,0.0,0.0,0.0,1.0,1.0,1448.0,903.0,706.0,0.0,0.0,1.0,0.0,1.0,0.0,2800.0,17.0,1.0,0,0,0,0,0,1,0,0,0,0,104
train,vgr_train_storage_cycle_03,1.0,0.0,0.0,0.0,0.0,1.0,1.0,0.0,607.0,5351.0,0.0,1.0,0.0,0.0,1.0,0.0,2800.0,17.0,1.0,0,0,0,0,0,1,0,0,0,0,105
train,vgr_train_storage_cycle_03,0.0,0.0,0.0,0.0,0.0,0.0,0.0,399.0,607.0,5351.0,0.0,1.0,0.0,0.0,1.0,0.0,2800.0,17.0,1.0,0,0,0,0,0,1,0,0,0,0,0
train,vgr_train_storage_cycle_03,0.0,0.0,0.0,0.0,0.0,0.0,0.0,399.0,607.0,5351.0,0.0,0.0,1.0,0.0,1.0,0.0,2800.0,17.0,1.0,0,0,0,0,0,1,0,0,0,0,0
train,vgr_train_storage_cycle_03,0.0,0.0,0.0,0.0,0.0,0.0,0.0,399.0,607.0,5351.0,0.0,1.0,1.0,0.0,0.0,1.0,1383.0,5198.0,1.0,0,0,0,0,0,1,0,0,0,0,0
train,vgr_train_storage_cycle_03,0.0,0.0,0.0,0.0,0.0,0.0,0.0,399.0,607.0,5351.0,0.0,1.0,1.0,0.0,0.0,1.0,1752.0,5198.0,1.0,0,0,0,0,0,1,0,0,0,0,301
train,vgr_train_storage_cycle_03,1.0,1.0,1.0,0.0,0.0,0.0,0.0,0.0,0.0,0.0,1.0,1.0,1.0,1.0,0.0,1.0,0.0,0.0,1.0,0,0,0,0,0,0,1,0,0,0,0
train,vgr_train_storage_cycle_03,1.0,1.0,1.0,0.0,0.0,0.0,0.0,0.0,0.0,0.0,1.0,1.0,1.0,1.0,0.0,1.0,0.0,0.0,1.0,0,0,0,0,0,0,1,0,0,0,0
train,vgr_train_storage_cycle_03,1.0,1.0,1.0,0.0,0.0,0.0,0.0,0.0,0.0,0.0,1.0,1.0,1.0,1.0,0.0,1.0,0.0,0.0,1.0,0,0,0,0,0,0,1,0,0,0,0
train,vgr_train_storage_cycle_03,1.0,1.0,1.0,0.0,0.0,0.0,0.0,0.0,0.0,0.0,1.0,1.0,1.0,1.0,0.0,1.0,0.0,0.0,1.0,0,0,0,0,0,0,1,0,0,0,0
train,vgr_train_storage_cycle_03,1.0,1.0,1.0,0.0,0.0,0.0,0.0,0.0,0.0,0.0,1.0,1.0,1.0,1.0,0.0,1.0,0.0,0.0,1.0,0,0,0,0,0,0,1,0,0,0,0
train,vgr_train_storage_cycle_03,1.0,1.0,1.0,0.0,0.0,0.0,0.0,0.0,0.0,0.0,1.0,1.0,1.0,1.0,0.0,1.0,0.0,0.0,1.0,0,0,0,0,0,0,1,0,0,0,0
train,vgr_train_storage_cycle_03,1.0,1.0,1.0,0.0,0.0,0.0,0.0,0.0,0.0,0.0,1.0,1.0,1.0,1.0,0.0,1.0,0.0,0.0,1.0,0,0,0,0,0,0,1,0,0,0,0
train,vgr_train_storage_cycle_03,1.0,1.0,1.0,0.0,0.0,0.0,0.0,0.0,0.0,0.0,1.0,1.0,1.0,1.0,0.0,1.0,0.0,0.0,1.0,0,0,0,0,0,0,1,0,0,0,0
train,vgr_train_storage_cycle_03,1.0,1.0,1.0,0.0,0.0,0.0,0.0,0.0,0.0,0.0,1.0,1.0,1.0,1.0,0.0,1.0,0.0,0.0,1.0,0,0,0,0,0,0,1,0,0,0,0
train,vgr_train_storage_cycle_03,1.0,1.0,1.0,0.0,0.0,0.0,0.0,0.0,0.0,0.0,1.0,1.0,1.0,1.0,0.0,1.0,0.0,0.0,1.0,0,0,0,0,0,0,1,0,0,0,0
train,vgr_train_storage_cycle_03,1.0,1.0,1.0,0.0,0.0,0.0,0.0,0.0,0.0,0.0,1.0,1.0,1.0,1.0,0.0,1.0,0.0,0.0,0.0,0,0,0,0,0,0,1,0,0,0,101
train,vgr_train_storage_cycle_03,0.0,0.0,0.0,0.0,0.0,1.0,1.0,396.0,26.0,33.0,1.0,1.0,1.0,1.0,0.0,1.0,0.0,0.0,1.0,0,0,0,0,0,0,1,0,0,0,102
train,vgr_train_storage_cycle_03,0.0,0.0,0.0,0.0,0.0,1.0,1.0,1451.0,908.0,704.0,0.0,1.0,1.0,0.0,0.0,1.0,3253.0,5199.0,1.0,0,0,0,0,0,0,1,0,0,0,103
train,vgr_train_storage_cycle_03,0.0,0.0,0.0,0.0,0.0,1.0,1.0,2458.0,156.0,423.0,0.0,1.0,1.0,0.0,0.0,1.0,2883.0,5199.0,1.0,0,0,0,0,0,0,1,0,0,0,102
train,vgr_train_storage_cycle_03,0.0,0.0,0.0,0.0,0.0,1.0,1.0,1448.0,908.0,703.0,0.0,0.0,1.0,0.0,1.0,0.0,2802.0,17.0,1.0,0,0,0,0,0,0,1,0,0,0,104
train,vgr_train_storage_cycle_03,1.0,0.0,0.0,0.0,0.0,1.0,1.0,0.0,604.0,5352.0,0.0,1.0,0.0,0.0,1.0,0.0,2802.0,17.0,1.0,0,0,0,0,0,0,1,0,0,0,105
train,vgr_train_storage_cycle_03,0.0,0.0,0.0,0.0,0.0,0.0,0.0,400.0,604.0,5352.0,0.0,1.0,0.0,0.0,1.0,0.0,2802.0,17.0,1.0,0,0,0,0,0,0,1,0,0,0,0
train,vgr_train_storage_cycle_03,0.0,0.0,0.0,0.0,0.0,0.0,0.0,400.0,604.0,5352.0,0.0,0.0,1.0,0.0,1.0,0.0,2802.0,17.0,1.0,0,0,0,0,0,0,1,0,0,0,0
train,vgr_train_storage_cycle_03,0.0,0.0,0.0,0.0,0.0,0.0,0.0,400.0,604.0,5352.0,0.0,1.0,1.0,0.0,0.0,1.0,2881.0,5198.0,1.0,0,0,0,0,0,0,1,0,0,0,0
train,vgr_train_storage_cycle_03,0.0,0.0,0.0,0.0,0.0,0.0,0.0,400.0,604.0,5352.0,0.0,1.0,1.0,0.0,0.0,1.0,3250.0,5198.0,1.0,0,0,0,0,0,0,1,0,0,0,301
train,vgr_train_storage_cycle_03,1.0,1.0,1.0,0.0,0.0,0.0,0.0,0.0,0.0,0.0,1.0,1.0,1.0,1.0,0.0,1.0,0.0,0.0,1.0,0,0,0,0,0,0,0,1,0,0,0
train,vgr_train_storage_cycle_03,1.0,1.0,1.0,0.0,0.0,0.0,0.0,0.0,0.0,0.0,1.0,1.0,1.0,1.0,0.0,1.0,0.0,0.0,1.0,0,0,0,0,0,0,0,1,0,0,0
train,vgr_train_storage_cycle_03,1.0,1.0,1.0,0.0,0.0,0.0,0.0,0.0,0.0,0.0,1.0,1.0,1.0,1.0,0.0,1.0,0.0,0.0,1.0,0,0,0,0,0,0,0,1,0,0,0
train,vgr_train_storage_cycle_03,1.0,1.0,1.0,0.0,0.0,0.0,0.0,0.0,0.0,0.0,1.0,1.0,1.0,1.0,0.0,1.0,0.0,0.0,1.0,0,0,0,0,0,0,0,1,0,0,0
train,vgr_train_storage_cycle_03,1.0,1.0,1.0,0.0,0.0,0.0,0.0,0.0,0.0,0.0,1.0,1.0,1.0,1.0,0.0,1.0,0.0,0.0,1.0,0,0,0,0,0,0,0,1,0,0,0
train,vgr_train_storage_cycle_03,1.0,1.0,1.0,0.0,0.0,0.0,0.0,0.0,0.0,0.0,1.0,1.0,1.0,1.0,0.0,1.0,0.0,0.0,1.0,0,0,0,0,0,0,0,1,0,0,0
train,vgr_train_storage_cycle_03,1.0,1.0,1.0,0.0,0.0,0.0,0.0,0.0,0.0,0.0,1.0,1.0,1.0,1.0,0.0,1.0,0.0,0.0,1.0,0,0,0,0,0,0,0,1,0,0,0
train,vgr_train_storage_cycle_03,1.0,1.0,1.0,0.0,0.0,0.0,0.0,0.0,0.0,0.0,1.0,1.0,1.0,1.0,0.0,1.0,0.0,0.0,1.0,0,0,0,0,0,0,0,1,0,0,0
train,vgr_train_storage_cycle_03,1.0,1.0,1.0,0.0,0.0,0.0,0.0,0.0,0.0,0.0,1.0,1.0,1.0,1.0,0.0,1.0,0.0,0.0,1.0,0,0,0,0,0,0,0,1,0,0,0
train,vgr_train_storage_cycle_03,1.0,1.0,1.0,0.0,0.0,0.0,0.0,0.0,0.0,0.0,1.0,1.0,1.0,1.0,0.0,1.0,0.0,0.0,1.0,0,0,0,0,0,0,0,1,0,0,0
train,vgr_train_storage_cycle_03,1.0,1.0,1.0,0.0,0.0,0.0,0.0,0.0,0.0,0.0,1.0,1.0,1.0,1.0,0.0,1.0,0.0,0.0,1.0,0,0,0,0,0,0,0,1,0,0,0
train,vgr_train_storage_cycle_03,1.0,1.0,1.0,0.0,0.0,0.0,0.0,0.0,0.0,0.0,1.0,1.0,1.0,1.0,0.0,1.0,0.0,0.0,1.0,0,0,0,0,0,0,0,1,0,0,0
train,vgr_train_storage_cycle_03,1.0,1.0,1.0,0.0,0.0,0.0,0.0,0.0,0.0,0.0,1.0,1.0,1.0,1.0,0.0,1.0,0.0,0.0,1.0,0,0,0,0,0,0,0,1,0,0,0
train,vgr_train_storage_cycle_03,1.0,1.0,1.0,0.0,0.0,0.0,0.0,0.0,0.0,0.0,1.0,1.0,1.0,1.0,0.0,1.0,0.0,0.0,1.0,0,0,0,0,0,0,0,1,0,0,0
train,vgr_train_storage_cycle_03,1.0,1.0,1.0,0.0,0.0,0.0,0.0,0.0,0.0,0.0,1.0,1.0,1.0,1.0,0.0,1.0,0.0,0.0,1.0,0,0,0,0,0,0,0,1,0,0,0
train,vgr_train_storage_cycle_03,1.0,1.0,1.0,0.0,0.0,0.0,0.0,0.0,0.0,0.0,1.0,1.0,1.0,1.0,0.0,1.0,0.0,0.0,1.0,0,0,0,0,0,0,0,1,0,0,0
train,vgr_train_storage_cycle_03,1.0,1.0,1.0,0.0,0.0,0.0,0.0,0.0,0.0,0.0,1.0,1.0,1.0,1.0,0.0,1.0,0.0,0.0,1.0,0,0,0,0,0,0,0,1,0,0,0
train,vgr_train_storage_cycle_03,1.0,1.0,1.0,0.0,0.0,0.0,0.0,0.0,0.0,0.0,1.0,1.0,1.0,1.0,0.0,1.0,0.0,0.0,1.0,0,0,0,0,0,0,0,1,0,0,0
train,vgr_train_storage_cycle_03,1.0,1.0,1.0,0.0,0.0,0.0,0.0,0.0,0.0,0.0,1.0,1.0,1.0,1.0,0.0,1.0,0.0,0.0,0.0,0,0,0,0,0,0,0,1,0,0,101
train,vgr_train_storage_cycle_03,0.0,0.0,0.0,0.0,0.0,1.0,1.0,398.0,26.0,33.0,1.0,1.0,1.0,1.0,0.0,1.0,0.0,0.0,1.0,0,0,0,0,0,0,0,1,0,0,102
train,vgr_train_storage_cycle_03,0.0,0.0,0.0,0.0,0.0,1.0,1.0,1453.0,906.0,705.0,0.0,1.0,1.0,0.0,0.0,1.0,399.0,7560.0,1.0,0,0,0,0,0,0,0,1,0,0,103
train,vgr_train_storage_cycle_03,0.0,0.0,0.0,0.0,0.0,1.0,1.0,2460.0,157.0,426.0,0.0,1.0,1.0,0.0,0.0,1.0,36.0,7560.0,1.0,0,0,0,0,0,0,0,1,0,0,102
train,vgr_train_storage_cycle_03,0.0,0.0,0.0,0.0,0.0,1.0,1.0,1450.0,909.0,700.0,0.0,0.0,1.0,0.0,1.0,0.0,2802.0,17.0,1.0,0,0,0,0,0,0,0,1,0,0,104
train,vgr_train_storage_cycle_03,1.0,0.0,0.0,0.0,0.0,1.0,1.0,0.0,603.0,5350.0,0.0,1.0,0.0,0.0,1.0,0.0,2802.0,17.0,1.0,0,0,0,0,0,0,0,1,0,0,105
train,vgr_train_storage_cycle_03,0.0,0.0,0.0,0.0,0.0,0.0,0.0,400.0,603.0,5350.0,0.0,1.0,0.0,0.0,1.0,0.0,2802.0,17.0,1.0,0,0,0,0,0,0,0,1,0,0,0
train,vgr_train_storage_cycle_03,0.0,0.0,0.0,0.0,0.0,0.0,0.0,400.0,603.0,5350.0,0.0,0.0,1.0,0.0,1.0,0.0,2802.0,17.0,1.0,0,0,0,0,0,0,0,1,0,0,0
train,vgr_train_storage_cycle_03,0.0,0.0,0.0,0.0,0.0,0.0,0.0,400.0,603.0,5350.0,0.0,1.0,1.0,0.0,0.0,1.0,34.0,7559.0,1.0,0,0,0,0,0,0,0,1,0,0,0
train,vgr_train_storage_cycle_03,0.0,0.0,0.0,0.0,0.0,0.0,0.0,400.0,603.0,5350.0,0.0,1.0,1.0,0.0,0.0,1.0,403.0,7559.0,1.0,0,0,0,0,0,0,0,1,0,0,301
train,vgr_train_storage_cycle_03,1.0,1.0,1.0,0.0,0.0,0.0,0.0,0.0,0.0,0.0,1.0,1.0,1.0,1.0,0.0,1.0,0.0,0.0,1.0,0,0,0,0,0,0,0,0,1,0,0
train,vgr_train_storage_cycle_03,1.0,1.0,1.0,0.0,0.0,0.0,0.0,0.0,0.0,0.0,1.0,1.0,1.0,1.0,0.0,1.0,0.0,0.0,1.0,0,0,0,0,0,0,0,0,1,0,0
train,vgr_train_storage_cycle_03,1.0,1.0,1.0,0.0,0.0,0.0,0.0,0.0,0.0,0.0,1.0,1.0,1.0,1.0,0.0,1.0,0.0,0.0,1.0,0,0,0,0,0,0,0,0,1,0,0
train,vgr_train_storage_cycle_03,1.0,1.0,1.0,0.0,0.0,0.0,0.0,0.0,0.0,0.0,1.0,1.0,1.0,1.0,0.0,1.0,0.0,0.0,1.0,0,0,0,0,0,0,0,0,1,0,0
train,vgr_train_storage_cycle_03,1.0,1.0,1.0,0.0,0.0,0.0,0.0,0.0,0.0,0.0,1.0,1.0,1.0,1.0,0.0,1.0,0.0,0.0,1.0,0,0,0,0,0,0,0,0,1,0,0
train,vgr_train_storage_cycle_03,1.0,1.0,1.0,0.0,0.0,0.0,0.0,0.0,0.0,0.0,1.0,1.0,1.0,1.0,0.0,1.0,0.0,0.0,1.0,0,0,0,0,0,0,0,0,1,0,0
train,vgr_train_storage_cycle_03,1.0,1.0,1.0,0.0,0.0,0.0,0.0,0.0,0.0,0.0,1.0,1.0,1.0,1.0,0.0,1.0,0.0,0.0,1.0,0,0,0,0,0,0,0,0,1,0,0
train,vgr_train_storage_cycle_03,1.0,1.0,1.0,0.0,0.0,0.0,0.0,0.0,0.0,0.0,1.0,1.0,1.0,1.0,0.0,1.0,0.0,0.0,1.0,0,0,0,0,0,0,0,0,1,0,0
train,vgr_train_storage_cycle_03,1.0,1.0,1.0,0.0,0.0,0.0,0.0,0.0,0.0,0.0,1.0,1.0,1.0,1.0,0.0,1.0,0.0,0.0,1.0,0,0,0,0,0,0,0,0,1,0,0
train,vgr_train_storage_cycle_03,1.0,1.0,1.0,0.0,0.0,0.0,0.0,0.0,0.0,0.0,1.0,1.0,1.0,1.0,0.0,1.0,0.0,0.0,1.0,0,0,0,0,0,0,0,0,1,0,0
train,vgr_train_storage_cycle_03,1.0,1.0,1.0,0.0,0.0,0.0,0.0,0.0,0.0,0.0,1.0,1.0,1.0,1.0,0.0,1.0,0.0,0.0,1.0,0,0,0,0,0,0,0,0,1,0,0
train,vgr_train_storage_cycle_03,1.0,1.0,1.0,0.0,0.0,0.0,0.0,0.0,0.0,0.0,1.0,1.0,1.0,1.0,0.0,1.0,0.0,0.0,1.0,0,0,0,0,0,0,0,0,1,0,0
train,vgr_train_storage_cycle_03,1.0,1.0,1.0,0.0,0.0,0.0,0.0,0.0,0.0,0.0,1.0,1.0,1.0,1.0,0.0,1.0,0.0,0.0,1.0,0,0,0,0,0,0,0,0,1,0,0
train,vgr_train_storage_cycle_03,1.0,1.0,1.0,0.0,0.0,0.0,0.0,0.0,0.0,0.0,1.0,1.0,1.0,1.0,0.0,1.0,0.0,0.0,1.0,0,0,0,0,0,0,0,0,1,0,0
train,vgr_train_storage_cycle_03,1.0,1.0,1.0,0.0,0.0,0.0,0.0,0.0,0.0,0.0,1.0,1.0,1.0,1.0,0.0,1.0,0.0,0.0,0.0,0,0,0,0,0,0,0,0,1,0,101
train,vgr_train_storage_cycle_03,0.0,0.0,0.0,0.0,0.0,1.0,1.0,390.0,26.0,32.0,1.0,1.0,1.0,1.0,0.0,1.0,0.0,0.0,1.0,0,0,0,0,0,0,0,0,1,0,102
train,vgr_train_storage_cycle_03,0.0,0.0,0.0,0.0,0.0,1.0,1.0,1447.0,906.0,700.0,0.0,1.0,1.0,0.0,0.0,1.0,1754.0,7559.0,1.0,0,0,0,0,0,0,0,0,1,0,103
train,vgr_train_storage_cycle_03,0.0,0.0,0.0,0.0,0.0,1.0,1.0,2456.0,156.0,424.0,0.0,1.0,1.0,0.0,0.0,1.0,1386.0,7559.0,1.0,0,0,0,0,0,0,0,0,1,0,102
train,vgr_train_storage_cycle_03,0.0,0.0,0.0,0.0,0.0,1.0,1.0,1446.0,904.0,703.0,0.0,0.0,1.0,0.0,1.0,0.0,2804.0,17.0,1.0,0,0,0,0,0,0,0,0,1,0,104
train,vgr_train_storage_cycle_03,1.0,0.0,0.0,0.0,0.0,1.0,1.0,0.0,606.0,5351.0,0.0,1.0,0.0,0.0,1.0,0.0,2804.0,17.0,1.0,0,0,0,0,0,0,0,0,1,0,105
train,vgr_train_storage_cycle_03,0.0,0.0,0.0,0.0,0.0,0.0,0.0,401.0,606.0,5351.0,0.0,1.0,0.0,0.0,1.0,0.0,2804.0,17.0,1.0,0,0,0,0,0,0,0,0,1,0,0
train,vgr_train_storage_cycle_03,0.0,0.0,0.0,0.0,0.0,0.0,0.0,401.0,606.0,5351.0,0.0,0.0,1.0,0.0,1.0,0.0,2804.0,17.0,1.0,0,0,0,0,0,0,0,0,1,0,0
train,vgr_train_storage_cycle_03,0.0,0.0,0.0,0.0,0.0,0.0,0.0,401.0,606.0,5351.0,0.0,1.0,1.0,0.0,0.0,1.0,1383.0,7559.0,1.0,0,0,0,0,0,0,0,0,1,0,0
train,vgr_train_storage_cycle_03,0.0,0.0,0.0,0.0,0.0,0.0,0.0,401.0,606.0,5351.0,0.0,1.0,1.0,0.0,0.0,1.0,1751.0,7559.0,1.0,0,0,0,0,0,0,0,0,1,0,301
train,vgr_train_storage_cycle_03,1.0,1.0,1.0,0.0,0.0,0.0,0.0,0.0,0.0,0.0,1.0,1.0,1.0,1.0,0.0,1.0,0.0,0.0,1.0,0,0,0,0,0,0,0,0,0,1,0
train,vgr_train_storage_cycle_03,1.0,1.0,1.0,0.0,0.0,0.0,0.0,0.0,0.0,0.0,1.0,1.0,1.0,1.0,0.0,1.0,0.0,0.0,1.0,0,0,0,0,0,0,0,0,0,1,0
train,vgr_train_storage_cycle_03,1.0,1.0,1.0,0.0,0.0,0.0,0.0,0.0,0.0,0.0,1.0,1.0,1.0,1.0,0.0,1.0,0.0,0.0,1.0,0,0,0,0,0,0,0,0,0,1,0
train,vgr_train_storage_cycle_03,1.0,1.0,1.0,0.0,0.0,0.0,0.0,0.0,0.0,0.0,1.0,1.0,1.0,1.0,0.0,1.0,0.0,0.0,1.0,0,0,0,0,0,0,0,0,0,1,0
train,vgr_train_storage_cycle_03,1.0,1.0,1.0,0.0,0.0,0.0,0.0,0.0,0.0,0.0,1.0,1.0,1.0,1.0,0.0,1.0,0.0,0.0,1.0,0,0,0,0,0,0,0,0,0,1,0
train,vgr_train_storage_cycle_03,1.0,1.0,1.0,0.0,0.0,0.0,0.0,0.0,0.0,0.0,1.0,1.0,1.0,1.0,0.0,1.0,0.0,0.0,1.0,0,0,0,0,0,0,0,0,0,1,0
train,vgr_train_storage_cycle_03,1.0,1.0,1.0,0.0,0.0,0.0,0.0,0.0,0.0,0.0,1.0,1.0,1.0,1.0,0.0,1.0,0.0,0.0,1.0,0,0,0,0,0,0,0,0,0,1,0
train,vgr_train_storage_cycle_03,1.0,1.0,1.0,0.0,0.0,0.0,0.0,0.0,0.0,0.0,1.0,1.0,1.0,1.0,0.0,1.0,0.0,0.0,0.0,0,0,0,0,0,0,0,0,0,1,101
train,vgr_train_storage_cycle_03,0.0,0.0,0.0,0.0,0.0,1.0,1.0,396.0,26.0,34.0,1.0,1.0,1.0,1.0,0.0,1.0,0.0,0.0,1.0,0,0,0,0,0,0,0,0,0,1,102
train,vgr_train_storage_cycle_03,0.0,0.0,0.0,0.0,0.0,1.0,1.0,1452.0,910.0,704.0,0.0,1.0,1.0,0.0,0.0,1.0,3250.0,7556.0,1.0,0,0,0,0,0,0,0,0,0,1,103
train,vgr_train_storage_cycle_03,0.0,0.0,0.0,0.0,0.0,1.0,1.0,2460.0,156.0,424.0,0.0,1.0,1.0,0.0,0.0,1.0,2887.0,7556.0,1.0,0,0,0,0,0,0,0,0,0,1,102
train,vgr_train_storage_cycle_03,0.0,0.0,0.0,0.0,0.0,1.0,1.0,1449.0,908.0,702.0,0.0,0.0,1.0,0.0,1.0,0.0,2802.0,19.0,1.0,0,0,0,0,0,0,0,0,0,1,104
train,vgr_train_storage_cycle_03,1.0,0.0,0.0,0.0,1.0,1.0,1.0,0.0,483.0,5348.0,0.0,1.0,0.0,0.0,1.0,0.0,2802.0,19.0,1.0,0,0,0,0,0,0,0,0,0,1,105
train,vgr_train_storage_cycle_03,0.0,0.0,0.0,0.0,0.0,0.0,0.0,398.0,608.0,5348.0,0.0,1.0,0.0,0.0,1.0,0.0,2802.0,19.0,1.0,0,0,0,0,0,0,0,0,0,1,0
train,vgr_train_storage_cycle_03,0.0,0.0,0.0,0.0,0.0,0.0,0.0,398.0,608.0,5348.0,0.0,0.0,1.0,0.0,1.0,0.0,2802.0,19.0,1.0,0,0,0,0,0,0,0,0,0,1,0
train,vgr_train_storage_cycle_03,0.0,0.0,0.0,0.0,0.0,0.0,0.0,398.0,608.0,5348.0,0.0,1.0,1.0,0.0,0.0,1.0,2883.0,7560.0,1.0,0,0,0,0,0,0,0,0,0,1,0
train,vgr_train_storage_cycle_03,0.0,0.0,0.0,0.0,0.0,0.0,0.0,398.0,608.0,5348.0,0.0,1.0,1.0,0.0,0.0,1.0,3252.0,7560.0,1.0,0,0,0,0,0,0,0,0,0,1,301
train,vgr_train_storage_cycle_03,1.0,1.0,1.0,0.0,0.0,0.0,0.0,0.0,0.0,0.0,1.0,1.0,1.0,1.0,0.0,1.0,0.0,0.0,1.0,1,0,0,0,0,0,0,0,0,0,0
train,vgr_train_storage_cycle_03,1.0,1.0,1.0,0.0,0.0,0.0,0.0,0.0,0.0,0.0,1.0,1.0,1.0,1.0,0.0,1.0,0.0,0.0,1.0,1,0,0,0,0,0,0,0,0,0,0
train,vgr_train_storage_cycle_03,1.0,1.0,1.0,0.0,0.0,0.0,0.0,0.0,0.0,0.0,1.0,1.0,1.0,1.0,0.0,1.0,0.0,0.0,1.0,1,0,0,0,0,0,0,0,0,0,0
train,vgr_train_storage_cycle_03,1.0,1.0,1.0,0.0,0.0,0.0,0.0,0.0,0.0,0.0,1.0,1.0,1.0,1.0,0.0,1.0,0.0,0.0,1.0,1,0,0,0,0,0,0,0,0,0,0
train,vgr_train_storage_cycle_03,1.0,1.0,1.0,0.0,0.0,0.0,0.0,0.0,0.0,0.0,1.0,1.0,1.0,1.0,0.0,1.0,0.0,0.0,1.0,1,0,0,0,0,0,0,0,0,0,0
train,vgr_train_storage_cycle_03,1.0,1.0,1.0,0.0,0.0,0.0,0.0,0.0,0.0,0.0,1.0,1.0,1.0,1.0,0.0,1.0,0.0,0.0,1.0,1,0,0,0,0,0,0,0,0,0,0
train,vgr_train_storage_cycle_03,1.0,1.0,1.0,0.0,0.0,0.0,0.0,0.0,0.0,0.0,1.0,1.0,1.0,1.0,0.0,1.0,0.0,0.0,1.0,1,0,0,0,0,0,0,0,0,0,0
train,vgr_train_storage_cycle_03,1.0,1.0,1.0,0.0,0.0,0.0,0.0,0.0,0.0,0.0,1.0,1.0,1.0,1.0,0.0,1.0,0.0,0.0,0.0,1,0,0,0,0,0,0,0,0,0,0
train,vgr_train_storage_cycle_03,1.0,1.0,1.0,0.0,0.0,0.0,0.0,0.0,0.0,0.0,1.0,1.0,1.0,1.0,0.0,1.0,0.0,0.0,1.0,1,0,0,0,0,0,0,0,0,0,0
train,vgr_train_storage_cycle_03,1.0,1.0,1.0,0.0,0.0,0.0,0.0,0.0,0.0,0.0,1.0,1.0,1.0,1.0,0.0,1.0,0.0,0.0,1.0,1,0,0,0,0,0,0,0,0,0,0
train,vgr_train_storage_cycle_03,1.0,1.0,1.0,0.0,0.0,0.0,0.0,0.0,0.0,0.0,1.0,1.0,1.0,1.0,0.0,1.0,0.0,0.0,1.0,1,0,0,0,0,0,0,0,0,0,0
train,vgr_train_storage_cycle_03,1.0,1.0,1.0,0.0,0.0,0.0,0.0,0.0,0.0,0.0,1.0,1.0,1.0,1.0,0.0,1.0,0.0,0.0,1.0,1,0,0,0,0,0,0,0,0,0,0
train,vgr_train_storage_cycle_03,1.0,1.0,1.0,0.0,0.0,0.0,0.0,0.0,0.0,0.0,1.0,1.0,1.0,1.0,0.0,1.0,0.0,0.0,1.0,1,0,0,0,0,0,0,0,0,0,0
train,vgr_train_storage_cycle_03,1.0,1.0,1.0,0.0,0.0,0.0,0.0,0.0,0.0,0.0,1.0,1.0,1.0,1.0,0.0,1.0,0.0,0.0,1.0,1,0,0,0,0,0,0,0,0,0,0
train,vgr_train_storage_cycle_03,1.0,1.0,1.0,0.0,0.0,0.0,0.0,0.0,0.0,0.0,1.0,1.0,1.0,1.0,0.0,1.0,0.0,0.0,1.0,1,0,0,0,0,0,0,0,0,0,0
train,vgr_train_storage_cycle_03,1.0,1.0,1.0,0.0,0.0,0.0,0.0,0.0,0.0,0.0,1.0,1.0,1.0,1.0,0.0,1.0,0.0,0.0,1.0,1,0,0,0,0,0,0,0,0,0,0
train,vgr_train_storage_cycle_03,1.0,1.0,1.0,0.0,0.0,0.0,0.0,0.0,0.0,0.0,1.0,1.0,1.0,1.0,0.0,1.0,0.0,0.0,1.0,1,0,0,0,0,0,0,0,0,0,0
train,vgr_train_storage_cycle_03,1.0,1.0,1.0,0.0,0.0,0.0,0.0,0.0,0.0,0.0,1.0,1.0,1.0,1.0,0.0,1.0,0.0,0.0,1.0,1,0,0,0,0,0,0,0,0,0,0
train,vgr_train_storage_cycle_03,1.0,1.0,1.0,0.0,0.0,0.0,0.0,0.0,0.0,0.0,1.0,1.0,1.0,1.0,0.0,1.0,0.0,0.0,1.0,1,0,0,0,0,0,0,0,0,0,0
train,vgr_train_storage_cycle_03,1.0,1.0,1.0,0.0,0.0,0.0,0.0,0.0,0.0,0.0,1.0,1.0,1.0,1.0,0.0,1.0,0.0,0.0,1.0,1,0,0,0,0,0,0,0,0,0,0
train,vgr_train_storage_cycle_03,1.0,1.0,1.0,0.0,0.0,0.0,0.0,0.0,0.0,0.0,1.0,1.0,1.0,1.0,0.0,1.0,0.0,0.0,1.0,1,0,0,0,0,0,0,0,0,0,0
train,vgr_train_storage_cycle_03,1.0,1.0,1.0,0.0,0.0,0.0,0.0,0.0,0.0,0.0,1.0,1.0,1.0,1.0,0.0,1.0,0.0,0.0,0.0,1,0,0,0,0,0,0,0,0,0,0
train,vgr_train_storage_cycle_03,1.0,1.0,1.0,0.0,0.0,0.0,0.0,0.0,0.0,0.0,1.0,1.0,1.0,1.0,0.0,1.0,0.0,0.0,1.0,1,0,0,0,0,0,0,0,0,0,0
train,vgr_train_storage_cycle_03,1.0,1.0,1.0,0.0,0.0,0.0,0.0,0.0,0.0,0.0,1.0,1.0,1.0,1.0,0.0,1.0,0.0,0.0,1.0,1,0,0,0,0,0,0,0,0,0,0
train,vgr_train_storage_cycle_03,1.0,1.0,1.0,0.0,0.0,0.0,0.0,0.0,0.0,0.0,1.0,1.0,1.0,1.0,0.0,1.0,0.0,0.0,1.0,1,0,0,0,0,0,0,0,0,0,0
train,vgr_train_storage_cycle_03,1.0,1.0,1.0,0.0,0.0,0.0,0.0,0.0,0.0,0.0,1.0,1.0,1.0,1.0,0.0,1.0,0.0,0.0,1.0,1,0,0,0,0,0,0,0,0,0,0
train,vgr_train_storage_cycle_03,1.0,1.0,1.0,0.0,0.0,0.0,0.0,0.0,0.0,0.0,1.0,1.0,1.0,1.0,0.0,1.0,0.0,0.0,1.0,1,0,0,0,0,0,0,0,0,0,0
train,vgr_train_storage_cycle_03,1.0,1.0,1.0,0.0,0.0,0.0,0.0,0.0,0.0,0.0,1.0,1.0,1.0,1.0,0.0,1.0,0.0,0.0,1.0,1,0,0,0,0,0,0,0,0,0,0
train,vgr_train_storage_cycle_03,1.0,1.0,1.0,0.0,0.0,0.0,0.0,0.0,0.0,0.0,1.0,1.0,1.0,1.0,0.0,1.0,0.0,0.0,1.0,1,0,0,0,0,0,0,0,0,0,0
train,vgr_train_storage_cycle_03,1.0,1.0,1.0,0.0,0.0,0.0,0.0,0.0,0.0,0.0,1.0,1.0,1.0,1.0,0.0,1.0,0.0,0.0,1.0,1,0,0,0,0,0,0,0,0,0,0
train,vgr_train_storage_cycle_03,1.0,1.0,1.0,0.0,0.0,0.0,0.0,0.0,0.0,0.0,1.0,1.0,1.0,1.0,0.0,1.0,0.0,0.0,1.0,1,0,0,0,0,0,0,0,0,0,0
train,vgr_train_storage_cycle_03,1.0,1.0,1.0,0.0,0.0,0.0,0.0,0.0,0.0,0.0,1.0,1.0,1.0,1.0,0.0,1.0,0.0,0.0,1.0,1,0,0,0,0,0,0,0,0,0,0
train,vgr_train_storage_cycle_03,1.0,1.0,1.0,0.0,0.0,0.0,0.0,0.0,0.0,0.0,1.0,1.0,1.0,1.0,0.0,1.0,0.0,0.0,1.0,1,0,0,0,0,0,0,0,0,0,0
train,vgr_train_storage_cycle_03,1.0,1.0,1.0,0.0,0.0,0.0,0.0,0.0,0.0,0.0,1.0,1.0,1.0,1.0,0.0,1.0,0.0,0.0,0.0,1,0,0,0,0,0,0,0,0,0,0
train,vgr_train_storage_cycle_03,1.0,1.0,1.0,0.0,0.0,0.0,0.0,0.0,0.0,0.0,1.0,1.0,1.0,1.0,0.0,1.0,0.0,0.0,1.0,1,0,0,0,0,0,0,0,0,0,0
train,vgr_train_storage_cycle_03,1.0,1.0,1.0,0.0,0.0,0.0,0.0,0.0,0.0,0.0,1.0,1.0,1.0,1.0,0.0,1.0,0.0,0.0,0.0,1,0,0,0,0,0,0,0,0,0,0
train,vgr_train_storage_cycle_03,1.0,1.0,1.0,0.0,0.0,0.0,0.0,0.0,0.0,0.0,1.0,1.0,1.0,1.0,0.0,1.0,0.0,0.0,1.0,1,0,0,0,0,0,0,0,0,0,0
train,vgr_train_storage_cycle_03,1.0,1.0,1.0,0.0,0.0,0.0,0.0,0.0,0.0,0.0,1.0,1.0,1.0,1.0,0.0,1.0,0.0,0.0,1.0,1,0,0,0,0,0,0,0,0,0,0
train,vgr_train_storage_cycle_03,1.0,1.0,1.0,0.0,0.0,0.0,0.0,0.0,0.0,0.0,1.0,1.0,1.0,1.0,0.0,1.0,0.0,0.0,1.0,1,0,0,0,0,0,0,0,0,0,0
train,vgr_train_storage_cycle_03,1.0,1.0,1.0,0.0,0.0,0.0,0.0,0.0,0.0,0.0,1.0,1.0,1.0,1.0,0.0,1.0,0.0,0.0,1.0,1,0,0,0,0,0,0,0,0,0,0
train,vgr_train_storage_cycle_03,1.0,1.0,1.0,0.0,0.0,0.0,0.0,0.0,0.0,0.0,1.0,1.0,1.0,1.0,0.0,1.0,0.0,0.0,1.0,1,0,0,0,0,0,0,0,0,0,0
train,vgr_train_storage_cycle_03,1.0,1.0,1.0,0.0,0.0,0.0,0.0,0.0,0.0,0.0,1.0,1.0,1.0,1.0,0.0,1.0,0.0,0.0,1.0,1,0,0,0,0,0,0,0,0,0,0
train,vgr_train_storage_cycle_03,1.0,1.0,1.0,0.0,0.0,0.0,0.0,0.0,0.0,0.0,1.0,1.0,1.0,1.0,0.0,1.0,0.0,0.0,1.0,1,0,0,0,0,0,0,0,0,0,0
train,vgr_train_storage_cycle_03,1.0,1.0,1.0,0.0,0.0,0.0,0.0,0.0,0.0,0.0,1.0,1.0,1.0,1.0,0.0,1.0,0.0,0.0,1.0,1,0,0,0,0,0,0,0,0,0,0
train,vgr_train_storage_cycle_03,1.0,1.0,1.0,0.0,0.0,0.0,0.0,0.0,0.0,0.0,1.0,1.0,1.0,1.0,0.0,1.0,0.0,0.0,1.0,1,0,0,0,0,0,0,0,0,0,0
train,vgr_train_storage_cycle_03,1.0,1.0,1.0,0.0,0.0,0.0,0.0,0.0,0.0,0.0,1.0,1.0,1.0,1.0,0.0,1.0,0.0,0.0,1.0,1,0,0,0,0,0,0,0,0,0,0
train,vgr_train_storage_cycle_03,1.0,1.0,1.0,0.0,0.0,0.0,0.0,0.0,0.0,0.0,1.0,1.0,1.0,1.0,0.0,1.0,0.0,0.0,1.0,1,0,0,0,0,0,0,0,0,0,0
train,vgr_train_storage_cycle_03,1.0,1.0,1.0,0.0,0.0,0.0,0.0,0.0,0.0,0.0,1.0,1.0,1.0,1.0,0.0,1.0,0.0,0.0,1.0,1,0,0,0,0,0,0,0,0,0,0
train,vgr_train_storage_cycle_03,1.0,1.0,1.0,0.0,0.0,0.0,0.0,0.0,0.0,0.0,1.0,1.0,1.0,1.0,0.0,1.0,0.0,0.0,1.0,1,0,0,0,0,0,0,0,0,0,0
train,vgr_train_storage_cycle_03,1.0,1.0,1.0,0.0,0.0,0.0,0.0,0.0,0.0,0.0,1.0,1.0,1.0,1.0,0.0,1.0,0.0,0.0,1.0,1,0,0,0,0,0,0,0,0,0,0
train,vgr_train_storage_cycle_03,1.0,1.0,1.0,0.0,0.0,0.0,0.0,0.0,0.0,0.0,1.0,1.0,1.0,1.0,0.0,1.0,0.0,0.0,1.0,1,0,0,0,0,0,0,0,0,0,0
train,vgr_train_storage_cycle_03,1.0,1.0,1.0,0.0,0.0,0.0,0.0,0.0,0.0,0.0,1.0,1.0,1.0,1.0,0.0,1.0,0.0,0.0,1.0,1,0,0,0,0,0,0,0,0,0,0
train,vgr_train_storage_cycle_03,1.0,1.0,1.0,0.0,0.0,0.0,0.0,0.0,0.0,0.0,1.0,1.0,1.0,1.0,0.0,1.0,0.0,0.0,1.0,1,0,0,0,0,0,0,0,0,0,0
train,vgr_train_storage_cycle_03,1.0,1.0,1.0,0.0,0.0,0.0,0.0,0.0,0.0,0.0,1.0,1.0,1.0,1.0,0.0,1.0,0.0,0.0,0.0,1,0,0,0,0,0,0,0,0,0,0
train,vgr_train_storage_cycle_03,1.0,1.0,1.0,0.0,0.0,0.0,0.0,0.0,0.0,0.0,1.0,1.0,1.0,1.0,0.0,1.0,0.0,0.0,1.0,1,0,0,0,0,0,0,0,0,0,0
train,vgr_train_storage_cycle_03,1.0,1.0,1.0,0.0,0.0,0.0,0.0,0.0,0.0,0.0,1.0,1.0,1.0,1.0,0.0,1.0,0.0,0.0,1.0,1,0,0,0,0,0,0,0,0,0,0
train,vgr_train_storage_cycle_03,1.0,1.0,1.0,0.0,0.0,0.0,0.0,0.0,0.0,0.0,1.0,1.0,1.0,1.0,0.0,1.0,0.0,0.0,1.0,1,0,0,0,0,0,0,0,0,0,0
train,vgr_train_storage_cycle_03,1.0,1.0,1.0,0.0,0.0,0.0,0.0,0.0,0.0,0.0,1.0,1.0,1.0,1.0,0.0,1.0,0.0,0.0,0.0,1,0,0,0,0,0,0,0,0,0,0
train,vgr_train_storage_cycle_03,1.0,1.0,1.0,0.0,0.0,0.0,0.0,0.0,0.0,0.0,1.0,1.0,1.0,1.0,0.0,1.0,0.0,0.0,1.0,1,0,0,0,0,0,0,0,0,0,0
train,vgr_train_storage_cycle_03,1.0,1.0,1.0,0.0,0.0,0.0,0.0,0.0,0.0,0.0,1.0,1.0,1.0,1.0,0.0,1.0,0.0,0.0,1.0,1,0,0,0,0,0,0,0,0,0,0
train,vgr_train_storage_cycle_03,1.0,1.0,1.0,0.0,0.0,0.0,0.0,0.0,0.0,0.0,1.0,1.0,1.0,1.0,0.0,1.0,0.0,0.0,1.0,1,0,0,0,0,0,0,0,0,0,0
train,vgr_train_storage_cycle_03,1.0,1.0,1.0,0.0,0.0,0.0,0.0,0.0,0.0,0.0,1.0,1.0,1.0,1.0,0.0,1.0,0.0,0.0,1.0,1,0,0,0,0,0,0,0,0,0,0
train,vgr_train_storage_cycle_03,1.0,1.0,1.0,0.0,0.0,0.0,0.0,0.0,0.0,0.0,1.0,1.0,1.0,1.0,0.0,1.0,0.0,0.0,1.0,1,0,0,0,0,0,0,0,0,0,0
train,vgr_train_storage_cycle_03,1.0,1.0,1.0,0.0,0.0,0.0,0.0,0.0,0.0,0.0,1.0,1.0,1.0,1.0,0.0,1.0,0.0,0.0,1.0,1,0,0,0,0,0,0,0,0,0,0
train,vgr_train_storage_cycle_03,1.0,1.0,1.0,0.0,0.0,0.0,0.0,0.0,0.0,0.0,1.0,1.0,1.0,1.0,0.0,1.0,0.0,0.0,1.0,1,0,0,0,0,0,0,0,0,0,0
train,vgr_train_storage_cycle_03,1.0,1.0,1.0,0.0,0.0,0.0,0.0,0.0,0.0,0.0,1.0,1.0,1.0,1.0,0.0,1.0,0.0,0.0,0.0,1,0,0,0,0,0,0,0,0,0,0
train,vgr_train_storage_cycle_03,1.0,1.0,1.0,0.0,0.0,0.0,0.0,0.0,0.0,0.0,1.0,1.0,1.0,1.0,0.0,1.0,0.0,0.0,1.0,1,0,0,0,0,0,0,0,0,0,0
train,vgr_train_storage_cycle_03,1.0,1.0,1.0,0.0,0.0,0.0,0.0,0.0,0.0,0.0,1.0,1.0,1.0,1.0,0.0,1.0,0.0,0.0,1.0,1,0,0,0,0,0,0,0,0,0,0
train,vgr_train_storage_cycle_03,1.0,1.0,1.0,0.0,0.0,0.0,0.0,0.0,0.0,0.0,1.0,1.0,1.0,1.0,0.0,1.0,0.0,0.0,1.0,1,0,0,0,0,0,0,0,0,0,0
train,vgr_train_storage_cycle_03,1.0,1.0,1.0,0.0,0.0,0.0,0.0,0.0,0.0,0.0,1.0,1.0,1.0,1.0,0.0,1.0,0.0,0.0,1.0,1,0,0,0,0,0,0,0,0,0,0
train,vgr_train_storage_cycle_03,1.0,1.0,1.0,0.0,0.0,0.0,0.0,0.0,0.0,0.0,1.0,1.0,1.0,1.0,0.0,1.0,0.0,0.0,1.0,1,0,0,0,0,0,0,0,0,0,0
train,vgr_train_storage_cycle_03,1.0,1.0,1.0,0.0,0.0,0.0,0.0,0.0,0.0,0.0,1.0,1.0,1.0,1.0,0.0,1.0,0.0,0.0,1.0,1,0,0,0,0,0,0,0,0,0,0
train,vgr_train_storage_cycle_03,1.0,1.0,1.0,0.0,0.0,0.0,0.0,0.0,0.0,0.0,1.0,1.0,1.0,1.0,0.0,1.0,0.0,0.0,1.0,1,0,0,0,0,0,0,0,0,0,0
train,vgr_train_storage_cycle_03,1.0,1.0,1.0,0.0,0.0,0.0,0.0,0.0,0.0,0.0,1.0,1.0,1.0,1.0,0.0,1.0,0.0,0.0,1.0,1,0,0,0,0,0,0,0,0,0,0
train,vgr_train_storage_cycle_03,1.0,1.0,1.0,0.0,0.0,0.0,0.0,0.0,0.0,0.0,1.0,1.0,1.0,1.0,0.0,1.0,0.0,0.0,1.0,1,0,0,0,0,0,0,0,0,0,0
train,vgr_train_storage_cycle_03,1.0,1.0,1.0,0.0,0.0,0.0,0.0,0.0,0.0,0.0,1.0,1.0,1.0,1.0,0.0,1.0,0.0,0.0,1.0,1,0,0,0,0,0,0,0,0,0,0
train,vgr_train_storage_cycle_03,1.0,1.0,1.0,0.0,0.0,0.0,0.0,0.0,0.0,0.0,1.0,1.0,1.0,1.0,0.0,1.0,0.0,0.0,1.0,1,0,0,0,0,0,0,0,0,0,0
train,vgr_train_storage_cycle_03,1.0,1.0,1.0,0.0,0.0,0.0,0.0,0.0,0.0,0.0,1.0,1.0,1.0,1.0,0.0,1.0,0.0,0.0,1.0,1,0,0,0,0,0,0,0,0,0,0
train,vgr_train_storage_cycle_03,1.0,1.0,1.0,0.0,0.0,0.0,0.0,0.0,0.0,0.0,1.0,1.0,1.0,1.0,0.0,1.0,0.0,0.0,0.0,1,0,0,0,0,0,0,0,0,0,0
train,vgr_train_storage_cycle_03,1.0,1.0,1.0,0.0,0.0,0.0,0.0,0.0,0.0,0.0,1.0,1.0,1.0,1.0,0.0,1.0,0.0,0.0,1.0,1,0,0,0,0,0,0,0,0,0,0
train,vgr_train_storage_cycle_03,1.0,1.0,1.0,0.0,0.0,0.0,0.0,0.0,0.0,0.0,1.0,1.0,1.0,1.0,0.0,1.0,0.0,0.0,1.0,1,0,0,0,0,0,0,0,0,0,0
train,vgr_train_storage_cycle_03,1.0,1.0,1.0,0.0,0.0,0.0,0.0,0.0,0.0,0.0,1.0,1.0,1.0,1.0,0.0,1.0,0.0,0.0,1.0,1,0,0,0,0,0,0,0,0,0,0
train,vgr_train_storage_cycle_03,1.0,1.0,1.0,0.0,0.0,0.0,0.0,0.0,0.0,0.0,1.0,1.0,1.0,1.0,0.0,1.0,0.0,0.0,1.0,1,0,0,0,0,0,0,0,0,0,0
train,vgr_train_storage_cycle_03,1.0,1.0,1.0,0.0,0.0,0.0,0.0,0.0,0.0,0.0,1.0,1.0,1.0,1.0,0.0,1.0,0.0,0.0,1.0,1,0,0,0,0,0,0,0,0,0,0
train,vgr_train_storage_cycle_03,1.0,1.0,1.0,0.0,0.0,0.0,0.0,0.0,0.0,0.0,1.0,1.0,1.0,1.0,0.0,1.0,0.0,0.0,1.0,1,0,0,0,0,0,0,0,0,0,0
train,vgr_train_storage_cycle_03,1.0,1.0,1.0,0.0,0.0,0.0,0.0,0.0,0.0,0.0,1.0,1.0,1.0,1.0,0.0,1.0,0.0,0.0,1.0,1,0,0,0,0,0,0,0,0,0,0
train,vgr_train_storage_cycle_03,1.0,1.0,1.0,0.0,0.0,0.0,0.0,0.0,0.0,0.0,1.0,1.0,1.0,1.0,0.0,1.0,0.0,0.0,1.0,1,0,0,0,0,0,0,0,0,0,0
train,vgr_train_storage_cycle_03,1.0,1.0,1.0,0.0,0.0,0.0,0.0,0.0,0.0,0.0,1.0,1.0,1.0,1.0,0.0,1.0,0.0,0.0,1.0,1,0,0,0,0,0,0,0,0,0,0
train,vgr_train_storage_cycle_03,1.0,1.0,1.0,0.0,0.0,0.0,0.0,0.0,0.0,0.0,1.0,1.0,1.0,1.0,0.0,1.0,0.0,0.0,1.0,1,0,0,0,0,0,0,0,0,0,0
train,vgr_train_storage_cycle_03,1.0,1.0,1.0,0.0,0.0,0.0,0.0,0.0,0.0,0.0,1.0,1.0,1.0,1.0,0.0,1.0,0.0,0.0,1.0,1,0,0,0,0,0,0,0,0,0,0
train,vgr_train_storage_cycle_03,1.0,1.0,1.0,0.0,0.0,0.0,0.0,0.0,0.0,0.0,1.0,1.0,1.0,1.0,0.0,1.0,0.0,0.0,1.0,1,0,0,0,0,0,0,0,0,0,0
train,vgr_train_storage_cycle_03,1.0,1.0,1.0,0.0,0.0,0.0,0.0,0.0,0.0,0.0,1.0,1.0,1.0,1.0,0.0,1.0,0.0,0.0,1.0,1,0,0,0,0,0,0,0,0,0,0
train,vgr_train_storage_cycle_03,1.0,1.0,1.0,0.0,0.0,0.0,0.0,0.0,0.0,0.0,1.0,1.0,1.0,1.0,0.0,1.0,0.0,0.0,1.0,1,0,0,0,0,0,0,0,0,0,0
train,vgr_train_storage_cycle_03,1.0,1.0,1.0,0.0,0.0,0.0,0.0,0.0,0.0,0.0,1.0,1.0,1.0,1.0,0.0,1.0,0.0,0.0,0.0,1,0,0,0,0,0,0,0,0,0,0
train,vgr_train_storage_cycle_03,1.0,1.0,1.0,0.0,0.0,0.0,0.0,0.0,0.0,0.0,1.0,1.0,1.0,1.0,0.0,1.0,0.0,0.0,1.0,1,0,0,0,0,0,0,0,0,0,0
train,vgr_train_storage_cycle_03,1.0,1.0,1.0,0.0,0.0,0.0,0.0,0.0,0.0,0.0,1.0,1.0,1.0,1.0,0.0,1.0,0.0,0.0,1.0,1,0,0,0,0,0,0,0,0,0,0
train,vgr_train_storage_cycle_03,1.0,1.0,1.0,0.0,0.0,0.0,0.0,0.0,0.0,0.0,1.0,1.0,1.0,1.0,0.0,1.0,0.0,0.0,1.0,1,0,0,0,0,0,0,0,0,0,0
train,vgr_train_storage_cycle_03,1.0,1.0,1.0,0.0,0.0,0.0,0.0,0.0,0.0,0.0,1.0,1.0,1.0,1.0,0.0,1.0,0.0,0.0,1.0,1,0,0,0,0,0,0,0,0,0,0
train,vgr_train_storage_cycle_03,1.0,1.0,1.0,0.0,0.0,0.0,0.0,0.0,0.0,0.0,1.0,1.0,1.0,1.0,0.0,1.0,0.0,0.0,1.0,1,0,0,0,0,0,0,0,0,0,0
train,vgr_train_storage_cycle_03,1.0,1.0,1.0,0.0,0.0,0.0,0.0,0.0,0.0,0.0,1.0,1.0,1.0,1.0,0.0,1.0,0.0,0.0,1.0,1,0,0,0,0,0,0,0,0,0,0
train,vgr_train_storage_cycle_03,1.0,1.0,1.0,0.0,0.0,0.0,0.0,0.0,0.0,0.0,1.0,1.0,1.0,1.0,0.0,1.0,0.0,0.0,1.0,1,0,0,0,0,0,0,0,0,0,0
train,vgr_train_storage_cycle_03,1.0,1.0,1.0,0.0,0.0,0.0,0.0,0.0,0.0,0.0,1.0,1.0,1.0,1.0,0.0,1.0,0.0,0.0,1.0,1,0,0,0,0,0,0,0,0,0,0
train,vgr_train_storage_cycle_03,1.0,1.0,1.0,0.0,0.0,0.0,0.0,0.0,0.0,0.0,1.0,1.0,1.0,1.0,0.0,1.0,0.0,0.0,1.0,1,0,0,0,0,0,0,0,0,0,0
train,vgr_train_storage_cycle_03,1.0,1.0,1.0,0.0,0.0,0.0,0.0,0.0,0.0,0.0,1.0,1.0,1.0,1.0,0.0,1.0,0.0,0.0,1.0,1,0,0,0,0,0,0,0,0,0,0
train,vgr_train_storage_cycle_03,1.0,1.0,1.0,0.0,0.0,0.0,0.0,0.0,0.0,0.0,1.0,1.0,1.0,1.0,0.0,1.0,0.0,0.0,1.0,1,0,0,0,0,0,0,0,0,0,0
train,vgr_train_storage_cycle_03,1.0,1.0,1.0,0.0,0.0,0.0,0.0,0.0,0.0,0.0,1.0,1.0,1.0,1.0,0.0,1.0,0.0,0.0,1.0,1,0,0,0,0,0,0,0,0,0,0
train,vgr_train_storage_cycle_03,1.0,1.0,1.0,0.0,0.0,0.0,0.0,0.0,0.0,0.0,1.0,1.0,1.0,1.0,0.0,1.0,0.0,0.0,1.0,1,0,0,0,0,0,0,0,0,0,0
train,vgr_train_storage_cycle_03,1.0,1.0,1.0,0.0,0.0,0.0,0.0,0.0,0.0,0.0,1.0,1.0,1.0,1.0,0.0,1.0,0.0,0.0,1.0,0,1,0,0,0,0,0,0,0,0,0
train,vgr_train_storage_cycle_03,1.0,1.0,1.0,0.0,0.0,0.0,0.0,0.0,0.0,0.0,1.0,1.0,1.0,1.0,0.0,1.0,0.0,0.0,1.0,0,1,0,0,0,0,0,0,0,0,0
train,vgr_train_storage_cycle_03,1.0,1.0,1.0,0.0,0.0,0.0,0.0,0.0,0.0,0.0,1.0,1.0,1.0,1.0,0.0,1.0,0.0,0.0,1.0,0,1,0,0,0,0,0,0,0,0,0
train,vgr_train_storage_cycle_03,1.0,1.0,1.0,0.0,0.0,0.0,0.0,0.0,0.0,0.0,1.0,1.0,1.0,1.0,0.0,1.0,0.0,0.0,1.0,0,1,0,0,0,0,0,0,0,0,0
train,vgr_train_storage_cycle_03,1.0,1.0,1.0,0.0,0.0,0.0,0.0,0.0,0.0,0.0,1.0,1.0,1.0,1.0,0.0,1.0,0.0,0.0,1.0,0,1,0,0,0,0,0,0,0,0,0
train,vgr_train_storage_cycle_03,1.0,1.0,1.0,0.0,0.0,0.0,0.0,0.0,0.0,0.0,1.0,1.0,1.0,1.0,0.0,1.0,0.0,0.0,1.0,0,1,0,0,0,0,0,0,0,0,0
train,vgr_train_storage_cycle_03,1.0,1.0,1.0,0.0,0.0,0.0,0.0,0.0,0.0,0.0,1.0,1.0,1.0,1.0,0.0,1.0,0.0,0.0,1.0,0,1,0,0,0,0,0,0,0,0,0
train,vgr_train_storage_cycle_03,1.0,1.0,1.0,0.0,0.0,0.0,0.0,0.0,0.0,0.0,1.0,1.0,1.0,1.0,0.0,1.0,0.0,0.0,1.0,0,1,0,0,0,0,0,0,0,0,0
train,vgr_train_storage_cycle_03,1.0,1.0,1.0,0.0,0.0,0.0,0.0,0.0,0.0,0.0,1.0,1.0,1.0,1.0,0.0,1.0,0.0,0.0,1.0,0,1,0,0,0,0,0,0,0,0,0
train,vgr_train_storage_cycle_03,1.0,1.0,1.0,0.0,0.0,0.0,0.0,0.0,0.0,0.0,1.0,1.0,1.0,1.0,0.0,1.0,0.0,0.0,1.0,0,1,0,0,0,0,0,0,0,0,0
train,vgr_train_storage_cycle_03,1.0,1.0,1.0,0.0,0.0,0.0,0.0,0.0,0.0,0.0,1.0,1.0,1.0,1.0,0.0,1.0,0.0,0.0,0.0,0,1,0,0,0,0,0,0,0,0,101
train,vgr_train_storage_cycle_03,0.0,0.0,0.0,0.0,0.0,1.0,1.0,391.0,26.0,32.0,1.0,1.0,1.0,1.0,0.0,1.0,0.0,0.0,1.0,0,1,0,0,0,0,0,0,0,0,102
train,vgr_train_storage_cycle_03,0.0,0.0,0.0,0.0,0.0,1.0,1.0,1451.0,908.0,704.0,0.0,1.0,1.0,0.0,0.0,1.0,404.0,2869.0,1.0,0,1,0,0,0,0,0,0,0,0,103
train,vgr_train_storage_cycle_03,0.0,0.0,0.0,0.0,0.0,1.0,1.0,2453.0,160.0,428.0,0.0,1.0,1.0,0.0,0.0,1.0,37.0,2869.0,1.0,0,1,0,0,0,0,0,0,0,0,102
train,vgr_train_storage_cycle_03,0.0,0.0,0.0,0.0,0.0,1.0,1.0,1447.0,905.0,706.0,0.0,0.0,1.0,0.0,1.0,0.0,2799.0,16.0,1.0,0,1,0,0,0,0,0,0,0,0,104
train,vgr_train_storage_cycle_03,1.0,0.0,0.0,1.0,1.0,1.0,1.0,0.0,604.0,5348.0,0.0,1.0,0.0,0.0,1.0,0.0,2799.0,16.0,1.0,0,1,0,0,0,0,0,0,0,0,105
train,vgr_train_storage_cycle_03,0.0,0.0,0.0,0.0,0.0,0.0,0.0,398.0,604.0,5348.0,0.0,1.0,0.0,0.0,1.0,0.0,2799.0,16.0,1.0,0,1,0,0,0,0,0,0,0,0,0
train,vgr_train_storage_cycle_03,0.0,0.0,0.0,0.0,0.0,0.0,0.0,398.0,604.0,5348.0,0.0,0.0,1.0,0.0,1.0,0.0,2799.0,16.0,1.0,0,1,0,0,0,0,0,0,0,0,0
train,vgr_train_storage_cycle_03,0.0,0.0,0.0,0.0,0.0,0.0,0.0,398.0,604.0,5348.0,0.0,1.0,1.0,0.0,0.0,1.0,35.0,2870.0,1.0,0,1,0,0,0,0,0,0,0,0,0
train,vgr_train_storage_cycle_03,0.0,0.0,0.0,0.0,0.0,0.0,0.0,398.0,604.0,5348.0,0.0,1.0,1.0,0.0,0.0,1.0,402.0,2870.0,1.0,0,1,0,0,0,0,0,0,0,0,301
train,vgr_train_storage_cycle_03,1.0,1.0,1.0,0.0,0.0,0.0,0.0,0.0,0.0,0.0,1.0,1.0,1.0,1.0,0.0,1.0,0.0,0.0,1.0,0,0,1,0,0,0,0,0,0,0,0
train,vgr_train_storage_cycle_03,1.0,1.0,1.0,0.0,0.0,0.0,0.0,0.0,0.0,0.0,1.0,1.0,1.0,1.0,0.0,1.0,0.0,0.0,1.0,0,0,1,0,0,0,0,0,0,0,0
train,vgr_train_storage_cycle_03,1.0,1.0,1.0,0.0,0.0,0.0,0.0,0.0,0.0,0.0,1.0,1.0,1.0,1.0,0.0,1.0,0.0,0.0,1.0,0,0,1,0,0,0,0,0,0,0,0
train,vgr_train_storage_cycle_03,1.0,1.0,1.0,0.0,0.0,0.0,0.0,0.0,0.0,0.0,1.0,1.0,1.0,1.0,0.0,1.0,0.0,0.0,1.0,0,0,1,0,0,0,0,0,0,0,0
train,vgr_train_storage_cycle_03,1.0,1.0,1.0,0.0,0.0,0.0,0.0,0.0,0.0,0.0,1.0,1.0,1.0,1.0,0.0,1.0,0.0,0.0,1.0,0,0,1,0,0,0,0,0,0,0,0
train,vgr_train_storage_cycle_03,1.0,1.0,1.0,0.0,0.0,0.0,0.0,0.0,0.0,0.0,1.0,1.0,1.0,1.0,0.0,1.0,0.0,0.0,1.0,0,0,1,0,0,0,0,0,0,0,0
train,vgr_train_storage_cycle_03,1.0,1.0,1.0,0.0,0.0,0.0,0.0,0.0,0.0,0.0,1.0,1.0,1.0,1.0,0.0,1.0,0.0,0.0,1.0,0,0,1,0,0,0,0,0,0,0,0
train,vgr_train_storage_cycle_03,1.0,1.0,1.0,0.0,0.0,0.0,0.0,0.0,0.0,0.0,1.0,1.0,1.0,1.0,0.0,1.0,0.0,0.0,1.0,0,0,1,0,0,0,0,0,0,0,0
train,vgr_train_storage_cycle_03,1.0,1.0,1.0,0.0,0.0,0.0,0.0,0.0,0.0,0.0,1.0,1.0,1.0,1.0,0.0,1.0,0.0,0.0,1.0,0,0,1,0,0,0,0,0,0,0,0
train,vgr_train_storage_cycle_03,1.0,1.0,1.0,0.0,0.0,0.0,0.0,0.0,0.0,0.0,1.0,1.0,1.0,1.0,0.0,1.0,0.0,0.0,1.0,0,0,1,0,0,0,0,0,0,0,0
train,vgr_train_storage_cycle_03,1.0,1.0,1.0,0.0,0.0,0.0,0.0,0.0,0.0,0.0,1.0,1.0,1.0,1.0,0.0,1.0,0.0,0.0,0.0,0,0,1,0,0,0,0,0,0,0,101
train,vgr_train_storage_cycle_03,0.0,0.0,0.0,0.0,0.0,1.0,1.0,394.0,26.0,33.0,1.0,1.0,1.0,1.0,0.0,1.0,0.0,0.0,1.0,0,0,1,0,0,0,0,0,0,0,102
train,vgr_train_storage_cycle_03,0.0,0.0,0.0,0.0,0.0,1.0,1.0,1452.0,904.0,703.0,0.0,1.0,1.0,0.0,0.0,1.0,1753.0,2869.0,1.0,0,0,1,0,0,0,0,0,0,0,103
train,vgr_train_storage_cycle_03,0.0,0.0,0.0,0.0,0.0,1.0,1.0,2456.0,156.0,426.0,0.0,1.0,1.0,0.0,0.0,1.0,1382.0,2869.0,1.0,0,0,1,0,0,0,0,0,0,0,102
train,vgr_train_storage_cycle_03,0.0,0.0,0.0,0.0,0.0,1.0,1.0,1449.0,908.0,702.0,0.0,0.0,1.0,0.0,1.0,0.0,2804.0,16.0,1.0,0,0,1,0,0,0,0,0,0,0,104
train,vgr_train_storage_cycle_03,1.0,0.0,0.0,1.0,1.0,1.0,1.0,0.0,608.0,5348.0,0.0,1.0,0.0,0.0,1.0,0.0,2804.0,16.0,1.0,0,0,1,0,0,0,0,0,0,0,105
train,vgr_train_storage_cycle_03,0.0,0.0,0.0,0.0,0.0,0.0,0.0,403.0,608.0,5348.0,0.0,1.0,0.0,0.0,1.0,0.0,2804.0,16.0,1.0,0,0,1,0,0,0,0,0,0,0,0
train,vgr_train_storage_cycle_03,0.0,0.0,0.0,0.0,0.0,0.0,0.0,403.0,608.0,5348.0,0.0,0.0,1.0,0.0,1.0,0.0,2804.0,16.0,1.0,0,0,1,0,0,0,0,0,0,0,0
train,vgr_train_storage_cycle_03,0.0,0.0,0.0,0.0,0.0,0.0,0.0,403.0,608.0,5348.0,0.0,1.0,1.0,0.0,0.0,1.0,1385.0,2870.0,1.0,0,0,1,0,0,0,0,0,0,0,0
train,vgr_train_storage_cycle_03,0.0,0.0,0.0,0.0,0.0,0.0,0.0,403.0,608.0,5348.0,0.0,1.0,1.0,0.0,0.0,1.0,1748.0,2870.0,1.0,0,0,1,0,0,0,0,0,0,0,301
train,vgr_train_storage_cycle_03,1.0,1.0,1.0,0.0,0.0,0.0,0.0,0.0,0.0,0.0,1.0,1.0,1.0,1.0,0.0,1.0,0.0,0.0,1.0,0,0,0,1,0,0,0,0,0,0,0
train,vgr_train_storage_cycle_03,1.0,1.0,1.0,0.0,0.0,0.0,0.0,0.0,0.0,0.0,1.0,1.0,1.0,1.0,0.0,1.0,0.0,0.0,1.0,0,0,0,1,0,0,0,0,0,0,0
train,vgr_train_storage_cycle_03,1.0,1.0,1.0,0.0,0.0,0.0,0.0,0.0,0.0,0.0,1.0,1.0,1.0,1.0,0.0,1.0,0.0,0.0,1.0,0,0,0,1,0,0,0,0,0,0,0
train,vgr_train_storage_cycle_03,1.0,1.0,1.0,0.0,0.0,0.0,0.0,0.0,0.0,0.0,1.0,1.0,1.0,1.0,0.0,1.0,0.0,0.0,1.0,0,0,0,1,0,0,0,0,0,0,0
train,vgr_train_storage_cycle_03,1.0,1.0,1.0,0.0,0.0,0.0,0.0,0.0,0.0,0.0,1.0,1.0,1.0,1.0,0.0,1.0,0.0,0.0,1.0,0,0,0,1,0,0,0,0,0,0,0
train,vgr_train_storage_cycle_03,1.0,1.0,1.0,0.0,0.0,0.0,0.0,0.0,0.0,0.0,1.0,1.0,1.0,1.0,0.0,1.0,0.0,0.0,1.0,0,0,0,1,0,0,0,0,0,0,0
train,vgr_train_storage_cycle_03,1.0,1.0,1.0,0.0,0.0,0.0,0.0,0.0,0.0,0.0,1.0,1.0,1.0,1.0,0.0,1.0,0.0,0.0,1.0,0,0,0,1,0,0,0,0,0,0,0
train,vgr_train_storage_cycle_03,1.0,1.0,1.0,0.0,0.0,0.0,0.0,0.0,0.0,0.0,1.0,1.0,1.0,1.0,0.0,1.0,0.0,0.0,1.0,0,0,0,1,0,0,0,0,0,0,0
train,vgr_train_storage_cycle_03,1.0,1.0,1.0,0.0,0.0,0.0,0.0,0.0,0.0,0.0,1.0,1.0,1.0,1.0,0.0,1.0,0.0,0.0,1.0,0,0,0,1,0,0,0,0,0,0,0
train,vgr_train_storage_cycle_03,1.0,1.0,1.0,0.0,0.0,0.0,0.0,0.0,0.0,0.0,1.0,1.0,1.0,1.0,0.0,1.0,0.0,0.0,1.0,0,0,0,1,0,0,0,0,0,0,0
train,vgr_train_storage_cycle_03,1.0,1.0,1.0,0.0,0.0,0.0,0.0,0.0,0.0,0.0,1.0,1.0,1.0,1.0,0.0,1.0,0.0,0.0,1.0,0,0,0,1,0,0,0,0,0,0,0
train,vgr_train_storage_cycle_03,1.0,1.0,1.0,0.0,0.0,0.0,0.0,0.0,0.0,0.0,1.0,1.0,1.0,1.0,0.0,1.0,0.0,0.0,1.0,0,0,0,1,0,0,0,0,0,0,0
train,vgr_train_storage_cycle_03,1.0,1.0,1.0,0.0,0.0,0.0,0.0,0.0,0.0,0.0,1.0,1.0,1.0,1.0,0.0,1.0,0.0,0.0,1.0,0,0,0,1,0,0,0,0,0,0,0
train,vgr_train_storage_cycle_03,1.0,1.0,1.0,0.0,0.0,0.0,0.0,0.0,0.0,0.0,1.0,1.0,1.0,1.0,0.0,1.0,0.0,0.0,1.0,0,0,0,1,0,0,0,0,0,0,0
train,vgr_train_storage_cycle_03,1.0,1.0,1.0,0.0,0.0,0.0,0.0,0.0,0.0,0.0,1.0,1.0,1.0,1.0,0.0,1.0,0.0,0.0,1.0,0,0,0,1,0,0,0,0,0,0,0
train,vgr_train_storage_cycle_03,1.0,1.0,1.0,0.0,0.0,0.0,0.0,0.0,0.0,0.0,1.0,1.0,1.0,1.0,0.0,1.0,0.0,0.0,1.0,0,0,0,1,0,0,0,0,0,0,0
train,vgr_train_storage_cycle_03,1.0,1.0,1.0,0.0,0.0,0.0,0.0,0.0,0.0,0.0,1.0,1.0,1.0,1.0,0.0,1.0,0.0,0.0,1.0,0,0,0,1,0,0,0,0,0,0,0
train,vgr_train_storage_cycle_03,1.0,1.0,1.0,0.0,0.0,0.0,0.0,0.0,0.0,0.0,1.0,1.0,1.0,1.0,0.0,1.0,0.0,0.0,0.0,0,0,0,1,0,0,0,0,0,0,101
train,vgr_train_storage_cycle_03,0.0,0.0,0.0,0.0,0.0,1.0,1.0,397.0,25.0,33.0,1.0,1.0,1.0,1.0,0.0,1.0,0.0,0.0,1.0,0,0,0,1,0,0,0,0,0,0,102
train,vgr_train_storage_cycle_03,0.0,0.0,0.0,0.0,0.0,1.0,1.0,1449.0,905.0,702.0,0.0,1.0,1.0,0.0,0.0,1.0,3252.0,2869.0,1.0,0,0,0,1,0,0,0,0,0,0,103
train,vgr_train_storage_cycle_03,0.0,0.0,0.0,0.0,0.0,1.0,1.0,2455.0,152.0,426.0,0.0,1.0,1.0,0.0,0.0,1.0,2885.0,2869.0,1.0,0,0,0,1,0,0,0,0,0,0,102
train,vgr_train_storage_cycle_03,0.0,0.0,0.0,0.0,0.0,1.0,1.0,1448.0,910.0,704.0,0.0,0.0,1.0,0.0,1.0,0.0,2799.0,18.0,1.0,0,0,0,1,0,0,0,0,0,0,104
train,vgr_train_storage_cycle_03,1.0,0.0,0.0,1.0,1.0,1.0,1.0,0.0,604.0,5348.0,0.0,1.0,0.0,0.0,1.0,0.0,2799.0,18.0,1.0,0,0,0,1,0,0,0,0,0,0,105
train,vgr_train_storage_cycle_03,0.0,0.0,0.0,0.0,0.0,0.0,0.0,396.0,604.0,5348.0,0.0,1.0,0.0,0.0,1.0,0.0,2799.0,18.0,1.0,0,0,0,1,0,0,0,0,0,0,0
train,vgr_train_storage_cycle_03,0.0,0.0,0.0,0.0,0.0,0.0,0.0,396.0,604.0,5348.0,0.0,0.0,1.0,0.0,1.0,0.0,2799.0,18.0,1.0,0,0,0,1,0,0,0,0,0,0,0
train,vgr_train_storage_cycle_03,0.0,0.0,0.0,0.0,0.0,0.0,0.0,396.0,604.0,5348.0,0.0,1.0,1.0,0.0,0.0,1.0,2878.0,2870.0,1.0,0,0,0,1,0,0,0,0,0,0,0
train,vgr_train_storage_cycle_03,0.0,0.0,0.0,0.0,0.0,0.0,0.0,396.0,604.0,5348.0,0.0,1.0,1.0,0.0,0.0,1.0,3250.0,2870.0,1.0,0,0,0,1,0,0,0,0,0,0,301
train,vgr_train_storage_cycle_03,1.0,1.0,1.0,0.0,0.0,0.0,0.0,0.0,0.0,0.0,1.0,1.0,1.0,1.0,0.0,1.0,0.0,0.0,1.0,0,0,0,0,1,0,0,0,0,0,0
train,vgr_train_storage_cycle_03,1.0,1.0,1.0,0.0,0.0,0.0,0.0,0.0,0.0,0.0,1.0,1.0,1.0,1.0,0.0,1.0,0.0,0.0,1.0,0,0,0,0,1,0,0,0,0,0,0
train,vgr_train_storage_cycle_03,1.0,1.0,1.0,0.0,0.0,0.0,0.0,0.0,0.0,0.0,1.0,1.0,1.0,1.0,0.0,1.0,0.0,0.0,1.0,0,0,0,0,1,0,0,0,0,0,0
train,vgr_train_storage_cycle_03,1.0,1.0,1.0,0.0,0.0,0.0,0.0,0.0,0.0,0.0,1.0,1.0,1.0,1.0,0.0,1.0,0.0,0.0,1.0,0,0,0,0,1,0,0,0,0,0,0
train,vgr_train_storage_cycle_03,1.0,1.0,1.0,0.0,0.0,0.0,0.0,0.0,0.0,0.0,1.0,1.0,1.0,1.0,0.0,1.0,0.0,0.0,1.0,0,0,0,0,1,0,0,0,0,0,0
train,vgr_train_storage_cycle_03,1.0,1.0,1.0,0.0,0.0,0.0,0.0,0.0,0.0,0.0,1.0,1.0,1.0,1.0,0.0,1.0,0.0,0.0,1.0,0,0,0,0,1,0,0,0,0,0,0
train,vgr_train_storage_cycle_03,1.0,1.0,1.0,0.0,0.0,0.0,0.0,0.0,0.0,0.0,1.0,1.0,1.0,1.0,0.0,1.0,0.0,0.0,1.0,0,0,0,0,1,0,0,0,0,0,0
train,vgr_train_storage_cycle_03,1.0,1.0,1.0,0.0,0.0,0.0,0.0,0.0,0.0,0.0,1.0,1.0,1.0,1.0,0.0,1.0,0.0,0.0,1.0,0,0,0,0,1,0,0,0,0,0,0
train,vgr_train_storage_cycle_03,1.0,1.0,1.0,0.0,0.0,0.0,0.0,0.0,0.0,0.0,1.0,1.0,1.0,1.0,0.0,1.0,0.0,0.0,1.0,0,0,0,0,1,0,0,0,0,0,0
train,vgr_train_storage_cycle_03,1.0,1.0,1.0,0.0,0.0,0.0,0.0,0.0,0.0,0.0,1.0,1.0,1.0,1.0,0.0,1.0,0.0,0.0,1.0,0,0,0,0,1,0,0,0,0,0,0
train,vgr_train_storage_cycle_03,1.0,1.0,1.0,0.0,0.0,0.0,0.0,0.0,0.0,0.0,1.0,1.0,1.0,1.0,0.0,1.0,0.0,0.0,1.0,0,0,0,0,1,0,0,0,0,0,0
train,vgr_train_storage_cycle_03,1.0,1.0,1.0,0.0,0.0,0.0,0.0,0.0,0.0,0.0,1.0,1.0,1.0,1.0,0.0,1.0,0.0,0.0,1.0,0,0,0,0,1,0,0,0,0,0,0
train,vgr_train_storage_cycle_03,1.0,1.0,1.0,0.0,0.0,0.0,0.0,0.0,0.0,0.0,1.0,1.0,1.0,1.0,0.0,1.0,0.0,0.0,1.0,0,0,0,0,1,0,0,0,0,0,0
train,vgr_train_storage_cycle_03,1.0,1.0,1.0,0.0,0.0,0.0,0.0,0.0,0.0,0.0,1.0,1.0,1.0,1.0,0.0,1.0,0.0,0.0,0.0,0,0,0,0,1,0,0,0,0,0,101
train,vgr_train_storage_cycle_03,0.0,0.0,0.0,0.0,0.0,1.0,1.0,394.0,25.0,29.0,1.0,1.0,1.0,1.0,0.0,1.0,0.0,0.0,1.0,0,0,0,0,1,0,0,0,0,0,102
train,vgr_train_storage_cycle_03,0.0,0.0,0.0,0.0,0.0,1.0,1.0,1449.0,905.0,703.0,0.0,1.0,1.0,0.0,0.0,1.0,399.0,5199.0,1.0,0,0,0,0,1,0,0,0,0,0,103
train,vgr_train_storage_cycle_03,0.0,0.0,0.0,0.0,0.0,1.0,1.0,2454.0,157.0,424.0,0.0,1.0,1.0,0.0,0.0,1.0,32.0,5199.0,1.0,0,0,0,0,1,0,0,0,0,0,102
train,vgr_train_storage_cycle_03,0.0,0.0,0.0,0.0,0.0,1.0,1.0,1446.0,907.0,699.0,0.0,0.0,1.0,0.0,1.0,0.0,2803.0,17.0,1.0,0,0,0,0,1,0,0,0,0,0,104
train,vgr_train_storage_cycle_03,1.0,0.0,0.0,0.0,0.0,1.0,1.0,0.0,605.0,5349.0,0.0,1.0,0.0,0.0,1.0,0.0,2803.0,17.0,1.0,0,0,0,0,1,0,0,0,0,0,105
train,vgr_train_storage_cycle_03,0.0,0.0,0.0,0.0,0.0,0.0,0.0,400.0,605.0,5349.0,0.0,1.0,0.0,0.0,1.0,0.0,2803.0,17.0,1.0,0,0,0,0,1,0,0,0,0,0,0
train,vgr_train_storage_cycle_03,0.0,0.0,0.0,0.0,0.0,0.0,0.0,400.0,605.0,5349.0,0.0,0.0,1.0,0.0,1.0,0.0,2803.0,17.0,1.0,0,0,0,0,1,0,0,0,0,0,0
train,vgr_train_storage_cycle_03,0.0,0.0,0.0,0.0,0.0,0.0,0.0,400.0,605.0,5349.0,0.0,1.0,1.0,0.0,0.0,1.0,35.0,5199.0,1.0,0,0,0,0,1,0,0,0,0,0,0
train,vgr_train_storage_cycle_03,0.0,0.0,0.0,0.0,0.0,0.0,0.0,400.0,605.0,5349.0,0.0,1.0,1.0,0.0,0.0,1.0,401.0,5199.0,1.0,0,0,0,0,1,0,0,0,0,0,301
train,vgr_train_storage_cycle_03,1.0,1.0,1.0,0.0,0.0,0.0,0.0,0.0,0.0,0.0,1.0,1.0,1.0,1.0,0.0,1.0,0.0,0.0,1.0,0,0,0,0,0,1,0,0,0,0,0
train,vgr_train_storage_cycle_03,1.0,1.0,1.0,0.0,0.0,0.0,0.0,0.0,0.0,0.0,1.0,1.0,1.0,1.0,0.0,1.0,0.0,0.0,1.0,0,0,0,0,0,1,0,0,0,0,0
train,vgr_train_storage_cycle_03,1.0,1.0,1.0,0.0,0.0,0.0,0.0,0.0,0.0,0.0,1.0,1.0,1.0,1.0,0.0,1.0,0.0,0.0,1.0,0,0,0,0,0,1,0,0,0,0,0
train,vgr_train_storage_cycle_03,1.0,1.0,1.0,0.0,0.0,0.0,0.0,0.0,0.0,0.0,1.0,1.0,1.0,1.0,0.0,1.0,0.0,0.0,1.0,0,0,0,0,0,1,0,0,0,0,0
train,vgr_train_storage_cycle_03,1.0,1.0,1.0,0.0,0.0,0.0,0.0,0.0,0.0,0.0,1.0,1.0,1.0,1.0,0.0,1.0,0.0,0.0,1.0,0,0,0,0,0,1,0,0,0,0,0
train,vgr_train_storage_cycle_03,1.0,1.0,1.0,0.0,0.0,0.0,0.0,0.0,0.0,0.0,1.0,1.0,1.0,1.0,0.0,1.0,0.0,0.0,1.0,0,0,0,0,0,1,0,0,0,0,0
train,vgr_train_storage_cycle_03,1.0,1.0,1.0,0.0,0.0,0.0,0.0,0.0,0.0,0.0,1.0,1.0,1.0,1.0,0.0,1.0,0.0,0.0,1.0,0,0,0,0,0,1,0,0,0,0,0
train,vgr_train_storage_cycle_03,1.0,1.0,1.0,0.0,0.0,0.0,0.0,0.0,0.0,0.0,1.0,1.0,1.0,1.0,0.0,1.0,0.0,0.0,1.0,0,0,0,0,0,1,0,0,0,0,0
train,vgr_train_storage_cycle_03,1.0,1.0,1.0,0.0,0.0,0.0,0.0,0.0,0.0,0.0,1.0,1.0,1.0,1.0,0.0,1.0,0.0,0.0,1.0,0,0,0,0,0,1,0,0,0,0,0
train,vgr_train_storage_cycle_03,1.0,1.0,1.0,0.0,0.0,0.0,0.0,0.0,0.0,0.0,1.0,1.0,1.0,1.0,0.0,1.0,0.0,0.0,1.0,0,0,0,0,0,1,0,0,0,0,0
train,vgr_train_storage_cycle_03,1.0,1.0,1.0,0.0,0.0,0.0,0.0,0.0,0.0,0.0,1.0,1.0,1.0,1.0,0.0,1.0,0.0,0.0,1.0,0,0,0,0,0,1,0,0,0,0,0
train,vgr_train_storage_cycle_03,1.0,1.0,1.0,0.0,0.0,0.0,0.0,0.0,0.0,0.0,1.0,1.0,1.0,1.0,0.0,1.0,0.0,0.0,1.0,0,0,0,0,0,1,0,0,0,0,0
train,vgr_train_storage_cycle_03,1.0,1.0,1.0,0.0,0.0,0.0,0.0,0.0,0.0,0.0,1.0,1.0,1.0,1.0,0.0,1.0,0.0,0.0,1.0,0,0,0,0,0,1,0,0,0,0,0
train,vgr_train_storage_cycle_03,1.0,1.0,1.0,0.0,0.0,0.0,0.0,0.0,0.0,0.0,1.0,1.0,1.0,1.0,0.0,1.0,0.0,0.0,0.0,0,0,0,0,0,1,0,0,0,0,101
train,vgr_train_storage_cycle_03,0.0,0.0,0.0,0.0,0.0,1.0,1.0,395.0,25.0,32.0,1.0,1.0,1.0,1.0,0.0,1.0,0.0,0.0,1.0,0,0,0,0,0,1,0,0,0,0,102
train,vgr_train_storage_cycle_03,0.0,0.0,0.0,0.0,0.0,1.0,1.0,1448.0,905.0,704.0,0.0,1.0,1.0,0.0,0.0,1.0,1754.0,5201.0,1.0,0,0,0,0,0,1,0,0,0,0,103
train,vgr_train_storage_cycle_03,0.0,0.0,0.0,0.0,0.0,1.0,1.0,2462.0,157.0,426.0,0.0,1.0,1.0,0.0,0.0,1.0,1386.0,5201.0,1.0,0,0,0,0,0,1,0,0,0,0,102
train,vgr_train_storage_cycle_03,0.0,0.0,0.0,0.0,0.0,1.0,1.0,1448.0,903.0,706.0,0.0,0.0,1.0,0.0,1.0,0.0,2800.0,17.0,1.0,0,0,0,0,0,1,0,0,0,0,104
train,vgr_train_storage_cycle_03,1.0,0.0,0.0,0.0,0.0,1.0,1.0,0.0,607.0,5351.0,0.0,1.0,0.0,0.0,1.0,0.0,2800.0,17.0,1.0,0,0,0,0,0,1,0,0,0,0,105
train,vgr_train_storage_cycle_03,0.0,0.0,0.0,0.0,0.0,0.0,0.0,399.0,607.0,5351.0,0.0,1.0,0.0,0.0,1.0,0.0,2800.0,17.0,1.0,0,0,0,0,0,1,0,0,0,0,0
train,vgr_train_storage_cycle_03,0.0,0.0,0.0,0.0,0.0,0.0,0.0,399.0,607.0,5351.0,0.0,0.0,1.0,0.0,1.0,0.0,2800.0,17.0,1.0,0,0,0,0,0,1,0,0,0,0,0
train,vgr_train_storage_cycle_03,0.0,0.0,0.0,0.0,0.0,0.0,0.0,399.0,607.0,5351.0,0.0,1.0,1.0,0.0,0.0,1.0,1383.0,5198.0,1.0,0,0,0,0,0,1,0,0,0,0,0
train,vgr_train_storage_cycle_03,0.0,0.0,0.0,0.0,0.0,0.0,0.0,399.0,607.0,5351.0,0.0,1.0,1.0,0.0,0.0,1.0,1752.0,5198.0,1.0,0,0,0,0,0,1,0,0,0,0,301
train,vgr_train_storage_cycle_03,1.0,1.0,1.0,0.0,0.0,0.0,0.0,0.0,0.0,0.0,1.0,1.0,1.0,1.0,0.0,1.0,0.0,0.0,1.0,0,0,0,0,0,0,1,0,0,0,0
train,vgr_train_storage_cycle_03,1.0,1.0,1.0,0.0,0.0,0.0,0.0,0.0,0.0,0.0,1.0,1.0,1.0,1.0,0.0,1.0,0.0,0.0,1.0,0,0,0,0,0,0,1,0,0,0,0
train,vgr_train_storage_cycle_03,1.0,1.0,1.0,0.0,0.0,0.0,0.0,0.0,0.0,0.0,1.0,1.0,1.0,1.0,0.0,1.0,0.0,0.0,1.0,0,0,0,0,0,0,1,0,0,0,0
train,vgr_train_storage_cycle_03,1.0,1.0,1.0,0.0,0.0,0.0,0.0,0.0,0.0,0.0,1.0,1.0,1.0,1.0,0.0,1.0,0.0,0.0,1.0,0,0,0,0,0,0,1,0,0,0,0
train,vgr_train_storage_cycle_03,1.0,1.0,1.0,0.0,0.0,0.0,0.0,0.0,0.0,0.0,1.0,1.0,1.0,1.0,0.0,1.0,0.0,0.0,1.0,0,0,0,0,0,0,1,0,0,0,0
train,vgr_train_storage_cycle_03,1.0,1.0,1.0,0.0,0.0,0.0,0.0,0.0,0.0,0.0,1.0,1.0,1.0,1.0,0.0,1.0,0.0,0.0,1.0,0,0,0,0,0,0,1,0,0,0,0
train,vgr_train_storage_cycle_03,1.0,1.0,1.0,0.0,0.0,0.0,0.0,0.0,0.0,0.0,1.0,1.0,1.0,1.0,0.0,1.0,0.0,0.0,1.0,0,0,0,0,0,0,1,0,0,0,0
train,vgr_train_storage_cycle_03,1.0,1.0,1.0,0.0,0.0,0.0,0.0,0.0,0.0,0.0,1.0,1.0,1.0,1.0,0.0,1.0,0.0,0.0,1.0,0,0,0,0,0,0,1,0,0,0,0
train,vgr_train_storage_cycle_03,1.0,1.0,1.0,0.0,0.0,0.0,0.0,0.0,0.0,0.0,1.0,1.0,1.0,1.0,0.0,1.0,0.0,0.0,1.0,0,0,0,0,0,0,1,0,0,0,0
train,vgr_train_storage_cycle_03,1.0,1.0,1.0,0.0,0.0,0.0,0.0,0.0,0.0,0.0,1.0,1.0,1.0,1.0,0.0,1.0,0.0,0.0,1.0,0,0,0,0,0,0,1,0,0,0,0
train,vgr_train_storage_cycle_03,1.0,1.0,1.0,0.0,0.0,0.0,0.0,0.0,0.0,0.0,1.0,1.0,1.0,1.0,0.0,1.0,0.0,0.0,0.0,0,0,0,0,0,0,1,0,0,0,101
train,vgr_train_storage_cycle_03,0.0,0.0,0.0,0.0,0.0,1.0,1.0,396.0,26.0,33.0,1.0,1.0,1.0,1.0,0.0,1.0,0.0,0.0,1.0,0,0,0,0,0,0,1,0,0,0,102
train,vgr_train_storage_cycle_03,0.0,0.0,0.0,0.0,0.0,1.0,1.0,1451.0,908.0,704.0,0.0,1.0,1.0,0.0,0.0,1.0,3253.0,5199.0,1.0,0,0,0,0,0,0,1,0,0,0,103
train,vgr_train_storage_cycle_03,0.0,0.0,0.0,0.0,0.0,1.0,1.0,2458.0,156.0,423.0,0.0,1.0,1.0,0.0,0.0,1.0,2883.0,5199.0,1.0,0,0,0,0,0,0,1,0,0,0,102
train,vgr_train_storage_cycle_03,0.0,0.0,0.0,0.0,0.0,1.0,1.0,1448.0,908.0,703.0,0.0,0.0,1.0,0.0,1.0,0.0,2802.0,17.0,1.0,0,0,0,0,0,0,1,0,0,0,104
train,vgr_train_storage_cycle_03,1.0,0.0,0.0,0.0,0.0,1.0,1.0,0.0,604.0,5352.0,0.0,1.0,0.0,0.0,1.0,0.0,2802.0,17.0,1.0,0,0,0,0,0,0,1,0,0,0,105
train,vgr_train_storage_cycle_03,0.0,0.0,0.0,0.0,0.0,0.0,0.0,400.0,604.0,5352.0,0.0,1.0,0.0,0.0,1.0,0.0,2802.0,17.0,1.0,0,0,0,0,0,0,1,0,0,0,0
train,vgr_train_storage_cycle_03,0.0,0.0,0.0,0.0,0.0,0.0,0.0,400.0,604.0,5352.0,0.0,0.0,1.0,0.0,1.0,0.0,2802.0,17.0,1.0,0,0,0,0,0,0,1,0,0,0,0
train,vgr_train_storage_cycle_03,0.0,0.0,0.0,0.0,0.0,0.0,0.0,400.0,604.0,5352.0,0.0,1.0,1.0,0.0,0.0,1.0,2881.0,5198.0,1.0,0,0,0,0,0,0,1,0,0,0,0
train,vgr_train_storage_cycle_03,0.0,0.0,0.0,0.0,0.0,0.0,0.0,400.0,604.0,5352.0,0.0,1.0,1.0,0.0,0.0,1.0,3250.0,5198.0,1.0,0,0,0,0,0,0,1,0,0,0,301
train,vgr_train_storage_cycle_03,1.0,1.0,1.0,0.0,0.0,0.0,0.0,0.0,0.0,0.0,1.0,1.0,1.0,1.0,0.0,1.0,0.0,0.0,1.0,0,0,0,0,0,0,0,1,0,0,0
train,vgr_train_storage_cycle_03,1.0,1.0,1.0,0.0,0.0,0.0,0.0,0.0,0.0,0.0,1.0,1.0,1.0,1.0,0.0,1.0,0.0,0.0,1.0,0,0,0,0,0,0,0,1,0,0,0
train,vgr_train_storage_cycle_03,1.0,1.0,1.0,0.0,0.0,0.0,0.0,0.0,0.0,0.0,1.0,1.0,1.0,1.0,0.0,1.0,0.0,0.0,1.0,0,0,0,0,0,0,0,1,0,0,0
train,vgr_train_storage_cycle_03,1.0,1.0,1.0,0.0,0.0,0.0,0.0,0.0,0.0,0.0,1.0,1.0,1.0,1.0,0.0,1.0,0.0,0.0,1.0,0,0,0,0,0,0,0,1,0,0,0
train,vgr_train_storage_cycle_03,1.0,1.0,1.0,0.0,0.0,0.0,0.0,0.0,0.0,0.0,1.0,1.0,1.0,1.0,0.0,1.0,0.0,0.0,1.0,0,0,0,0,0,0,0,1,0,0,0
train,vgr_train_storage_cycle_03,1.0,1.0,1.0,0.0,0.0,0.0,0.0,0.0,0.0,0.0,1.0,1.0,1.0,1.0,0.0,1.0,0.0,0.0,1.0,0,0,0,0,0,0,0,1,0,0,0
train,vgr_train_storage_cycle_03,1.0,1.0,1.0,0.0,0.0,0.0,0.0,0.0,0.0,0.0,1.0,1.0,1.0,1.0,0.0,1.0,0.0,0.0,1.0,0,0,0,0,0,0,0,1,0,0,0
train,vgr_train_storage_cycle_03,1.0,1.0,1.0,0.0,0.0,0.0,0.0,0.0,0.0,0.0,1.0,1.0,1.0,1.0,0.0,1.0,0.0,0.0,1.0,0,0,0,0,0,0,0,1,0,0,0
train,vgr_train_storage_cycle_03,1.0,1.0,1.0,0.0,0.0,0.0,0.0,0.0,0.0,0.0,1.0,1.0,1.0,1.0,0.0,1.0,0.0,0.0,1.0,0,0,0,0,0,0,0,1,0,0,0
train,vgr_train_storage_cycle_03,1.0,1.0,1.0,0.0,0.0,0.0,0.0,0.0,0.0,0.0,1.0,1.0,1.0,1.0,0.0,1.0,0.0,0.0,1.0,0,0,0,0,0,0,0,1,0,0,0
train,vgr_train_storage_cycle_03,1.0,1.0,1.0,0.0,0.0,0.0,0.0,0.0,0.0,0.0,1.0,1.0,1.0,1.0,0.0,1.0,0.0,0.0,1.0,0,0,0,0,0,0,0,1,0,0,0
train,vgr_train_storage_cycle_03,1.0,1.0,1.0,0.0,0.0,0.0,0.0,0.0,0.0,0.0,1.0,1.0,1.0,1.0,0.0,1.0,0.0,0.0,1.0,0,0,0,0,0,0,0,1,0,0,0
train,vgr_train_storage_cycle_03,1.0,1.0,1.0,0.0,0.0,0.0,0.0,0.0,0.0,0.0,1.0,1.0,1.0,1.0,0.0,1.0,0.0,0.0,1.0,0,0,0,0,0,0,0,1,0,0,0
train,vgr_train_storage_cycle_03,1.0,1.0,1.0,0.0,0.0,0.0,0.0,0.0,0.0,0.0,1.0,1.0,1.0,1.0,0.0,1.0,0.0,0.0,1.0,0,0,0,0,0,0,0,1,0,0,0
train,vgr_train_storage_cycle_03,1.0,1.0,1.0,0.0,0.0,0.0,0.0,0.0,0.0,0.0,1.0,1.0,1.0,1.0,0.0,1.0,0.0,0.0,1.0,0,0,0,0,0,0,0,1,0,0,0
train,vgr_train_storage_cycle_03,1.0,1.0,1.0,0.0,0.0,0.0,0.0,0.0,0.0,0.0,1.0,1.0,1.0,1.0,0.0,1.0,0.0,0.0,1.0,0,0,0,0,0,0,0,1,0,0,0
train,vgr_train_storage_cycle_03,1.0,1.0,1.0,0.0,0.0,0.0,0.0,0.0,0.0,0.0,1.0,1.0,1.0,1.0,0.0,1.0,0.0,0.0,1.0,0,0,0,0,0,0,0,1,0,0,0
train,vgr_train_storage_cycle_03,1.0,1.0,1.0,0.0,0.0,0.0,0.0,0.0,0.0,0.0,1.0,1.0,1.0,1.0,0.0,1.0,0.0,0.0,1.0,0,0,0,0,0,0,0,1,0,0,0
train,vgr_train_storage_cycle_03,1.0,1.0,1.0,0.0,0.0,0.0,0.0,0.0,0.0,0.0,1.0,1.0,1.0,1.0,0.0,1.0,0.0,0.0,0.0,0,0,0,0,0,0,0,1,0,0,101
train,vgr_train_storage_cycle_03,0.0,0.0,0.0,0.0,0.0,1.0,1.0,398.0,26.0,33.0,1.0,1.0,1.0,1.0,0.0,1.0,0.0,0.0,1.0,0,0,0,0,0,0,0,1,0,0,102
train,vgr_train_storage_cycle_03,0.0,0.0,0.0,0.0,0.0,1.0,1.0,1453.0,906.0,705.0,0.0,1.0,1.0,0.0,0.0,1.0,399.0,7560.0,1.0,0,0,0,0,0,0,0,1,0,0,103
train,vgr_train_storage_cycle_03,0.0,0.0,0.0,0.0,0.0,1.0,1.0,2460.0,157.0,426.0,0.0,1.0,1.0,0.0,0.0,1.0,36.0,7560.0,1.0,0,0,0,0,0,0,0,1,0,0,102
train,vgr_train_storage_cycle_03,0.0,0.0,0.0,0.0,0.0,1.0,1.0,1450.0,909.0,700.0,0.0,0.0,1.0,0.0,1.0,0.0,2802.0,17.0,1.0,0,0,0,0,0,0,0,1,0,0,104
train,vgr_train_storage_cycle_03,1.0,0.0,0.0,0.0,0.0,1.0,1.0,0.0,603.0,5350.0,0.0,1.0,0.0,0.0,1.0,0.0,2802.0,17.0,1.0,0,0,0,0,0,0,0,1,0,0,105
train,vgr_train_storage_cycle_03,0.0,0.0,0.0,0.0,0.0,0.0,0.0,400.0,603.0,5350.0,0.0,1.0,0.0,0.0,1.0,0.0,2802.0,17.0,1.0,0,0,0,0,0,0,0,1,0,0,0
train,vgr_train_storage_cycle_03,0.0,0.0,0.0,0.0,0.0,0.0,0.0,400.0,603.0,5350.0,0.0,0.0,1.0,0.0,1.0,0.0,2802.0,17.0,1.0,0,0,0,0,0,0,0,1,0,0,0
train,vgr_train_storage_cycle_03,0.0,0.0,0.0,0.0,0.0,0.0,0.0,400.0,603.0,5350.0,0.0,1.0,1.0,0.0,0.0,1.0,34.0,7559.0,1.0,0,0,0,0,0,0,0,1,0,0,0
train,vgr_train_storage_cycle_03,0.0,0.0,0.0,0.0,0.0,0.0,0.0,400.0,603.0,5350.0,0.0,1.0,1.0,0.0,0.0,1.0,403.0,7559.0,1.0,0,0,0,0,0,0,0,1,0,0,301
train,vgr_train_storage_cycle_03,1.0,1.0,1.0,0.0,0.0,0.0,0.0,0.0,0.0,0.0,1.0,1.0,1.0,1.0,0.0,1.0,0.0,0.0,1.0,0,0,0,0,0,0,0,0,1,0,0
train,vgr_train_storage_cycle_03,1.0,1.0,1.0,0.0,0.0,0.0,0.0,0.0,0.0,0.0,1.0,1.0,1.0,1.0,0.0,1.0,0.0,0.0,1.0,0,0,0,0,0,0,0,0,1,0,0
train,vgr_train_storage_cycle_03,1.0,1.0,1.0,0.0,0.0,0.0,0.0,0.0,0.0,0.0,1.0,1.0,1.0,1.0,0.0,1.0,0.0,0.0,1.0,0,0,0,0,0,0,0,0,1,0,0
train,vgr_train_storage_cycle_03,1.0,1.0,1.0,0.0,0.0,0.0,0.0,0.0,0.0,0.0,1.0,1.0,1.0,1.0,0.0,1.0,0.0,0.0,1.0,0,0,0,0,0,0,0,0,1,0,0
train,vgr_train_storage_cycle_03,1.0,1.0,1.0,0.0,0.0,0.0,0.0,0.0,0.0,0.0,1.0,1.0,1.0,1.0,0.0,1.0,0.0,0.0,1.0,0,0,0,0,0,0,0,0,1,0,0
train,vgr_train_storage_cycle_03,1.0,1.0,1.0,0.0,0.0,0.0,0.0,0.0,0.0,0.0,1.0,1.0,1.0,1.0,0.0,1.0,0.0,0.0,1.0,0,0,0,0,0,0,0,0,1,0,0
train,vgr_train_storage_cycle_03,1.0,1.0,1.0,0.0,0.0,0.0,0.0,0.0,0.0,0.0,1.0,1.0,1.0,1.0,0.0,1.0,0.0,0.0,1.0,0,0,0,0,0,0,0,0,1,0,0
train,vgr_train_storage_cycle_03,1.0,1.0,1.0,0.0,0.0,0.0,0.0,0.0,0.0,0.0,1.0,1.0,1.0,1.0,0.0,1.0,0.0,0.0,1.0,0,0,0,0,0,0,0,0,1,0,0
train,vgr_train_storage_cycle_03,1.0,1.0,1.0,0.0,0.0,0.0,0.0,0.0,0.0,0.0,1.0,1.0,1.0,1.0,0.0,1.0,0.0,0.0,1.0,0,0,0,0,0,0,0,0,1,0,0
train,vgr_train_storage_cycle_03,1.0,1.0,1.0,0.0,0.0,0.0,0.0,0.0,0.0,0.0,1.0,1.0,1.0,1.0,0.0,1.0,0.0,0.0,1.0,0,0,0,0,0,0,0,0,1,0,0
train,vgr_train_storage_cycle_03,1.0,1.0,1.0,0.0,0.0,0.0,0.0,0.0,0.0,0.0,1.0,1.0,1.0,1.0,0.0,1.0,0.0,0.0,1.0,0,0,0,0,0,0,0,0,1,0,0
train,vgr_train_storage_cycle_03,1.0,1.0,1.0,0.0,0.0,0.0,0.0,0.0,0.0,0.0,1.0,1.0,1.0,1.0,0.0,1.0,0.0,0.0,1.0,0,0,0,0,0,0,0,0,1,0,0
train,vgr_train_storage_cycle_03,1.0,1.0,1.0,0.0,0.0,0.0,0.0,0.0,0.0,0.0,1.0,1.0,1.0,1.0,0.0,1.0,0.0,0.0,1.0,0,0,0,0,0,0,0,0,1,0,0
train,vgr_train_storage_cycle_03,1.0,1.0,1.0,0.0,0.0,0.0,0.0,0.0,0.0,0.0,1.0,1.0,1.0,1.0,0.0,1.0,0.0,0.0,1.0,0,0,0,0,0,0,0,0,1,0,0
train,vgr_train_storage_cycle_03,1.0,1.0,1.0,0.0,0.0,0.0,0.0,0.0,0.0,0.0,1.0,1.0,1.0,1.0,0.0,1.0,0.0,0.0,0.0,0,0,0,0,0,0,0,0,1,0,101
train,vgr_train_storage_cycle_03,0.0,0.0,0.0,0.0,0.0,1.0,1.0,390.0,26.0,32.0,1.0,1.0,1.0,1.0,0.0,1.0,0.0,0.0,1.0,0,0,0,0,0,0,0,0,1,0,102
train,vgr_train_storage_cycle_03,0.0,0.0,0.0,0.0,0.0,1.0,1.0,1447.0,906.0,700.0,0.0,1.0,1.0,0.0,0.0,1.0,1754.0,7559.0,1.0,0,0,0,0,0,0,0,0,1,0,103
train,vgr_train_storage_cycle_03,0.0,0.0,0.0,0.0,0.0,1.0,1.0,2456.0,156.0,424.0,0.0,1.0,1.0,0.0,0.0,1.0,1386.0,7559.0,1.0,0,0,0,0,0,0,0,0,1,0,102
train,vgr_train_storage_cycle_03,0.0,0.0,0.0,0.0,0.0,1.0,1.0,1446.0,904.0,703.0,0.0,0.0,1.0,0.0,1.0,0.0,2804.0,17.0,1.0,0,0,0,0,0,0,0,0,1,0,104
train,vgr_train_storage_cycle_03,1.0,0.0,0.0,0.0,0.0,1.0,1.0,0.0,606.0,5351.0,0.0,1.0,0.0,0.0,1.0,0.0,2804.0,17.0,1.0,0,0,0,0,0,0,0,0,1,0,105
train,vgr_train_storage_cycle_03,0.0,0.0,0.0,0.0,0.0,0.0,0.0,401.0,606.0,5351.0,0.0,1.0,0.0,0.0,1.0,0.0,2804.0,17.0,1.0,0,0,0,0,0,0,0,0,1,0,0
train,vgr_train_storage_cycle_03,0.0,0.0,0.0,0.0,0.0,0.0,0.0,401.0,606.0,5351.0,0.0,0.0,1.0,0.0,1.0,0.0,2804.0,17.0,1.0,0,0,0,0,0,0,0,0,1,0,0
train,vgr_train_storage_cycle_03,0.0,0.0,0.0,0.0,0.0,0.0,0.0,401.0,606.0,5351.0,0.0,1.0,1.0,0.0,0.0,1.0,1383.0,7559.0,1.0,0,0,0,0,0,0,0,0,1,0,0
train,vgr_train_storage_cycle_03,0.0,0.0,0.0,0.0,0.0,0.0,0.0,401.0,606.0,5351.0,0.0,1.0,1.0,0.0,0.0,1.0,1751.0,7559.0,1.0,0,0,0,0,0,0,0,0,1,0,301
train,vgr_train_storage_cycle_03,1.0,1.0,1.0,0.0,0.0,0.0,0.0,0.0,0.0,0.0,1.0,1.0,1.0,1.0,0.0,1.0,0.0,0.0,1.0,0,0,0,0,0,0,0,0,0,1,0
train,vgr_train_storage_cycle_03,1.0,1.0,1.0,0.0,0.0,0.0,0.0,0.0,0.0,0.0,1.0,1.0,1.0,1.0,0.0,1.0,0.0,0.0,1.0,0,0,0,0,0,0,0,0,0,1,0
train,vgr_train_storage_cycle_03,1.0,1.0,1.0,0.0,0.0,0.0,0.0,0.0,0.0,0.0,1.0,1.0,1.0,1.0,0.0,1.0,0.0,0.0,1.0,0,0,0,0,0,0,0,0,0,1,0
train,vgr_train_storage_cycle_03,1.0,1.0,1.0,0.0,0.0,0.0,0.0,0.0,0.0,0.0,1.0,1.0,1.0,1.0,0.0,1.0,0.0,0.0,1.0,0,0,0,0,0,0,0,0,0,1,0
train,vgr_train_storage_cycle_03,1.0,1.0,1.0,0.0,0.0,0.0,0.0,0.0,0.0,0.0,1.0,1.0,1.0,1.0,0.0,1.0,0.0,0.0,1.0,0,0,0,0,0,0,0,0,0,1,0
train,vgr_train_storage_cycle_03,1.0,1.0,1.0,0.0,0.0,0.0,0.0,0.0,0.0,0.0,1.0,1.0,1.0,1.0,0.0,1.0,0.0,0.0,1.0,0,0,0,0,0,0,0,0,0,1,0
train,vgr_train_storage_cycle_03,1.0,1.0,1.0,0.0,0.0,0.0,0.0,0.0,0.0,0.0,1.0,1.0,1.0,1.0,0.0,1.0,0.0,0.0,1.0,0,0,0,0,0,0,0,0,0,1,0
train,vgr_train_storage_cycle_03,1.0,1.0,1.0,0.0,0.0,0.0,0.0,0.0,0.0,0.0,1.0,1.0,1.0,1.0,0.0,1.0,0.0,0.0,0.0,0,0,0,0,0,0,0,0,0,1,101
train,vgr_train_storage_cycle_03,0.0,0.0,0.0,0.0,0.0,1.0,1.0,396.0,26.0,34.0,1.0,1.0,1.0,1.0,0.0,1.0,0.0,0.0,1.0,0,0,0,0,0,0,0,0,0,1,102
train,vgr_train_storage_cycle_03,0.0,0.0,0.0,0.0,0.0,1.0,1.0,1452.0,910.0,704.0,0.0,1.0,1.0,0.0,0.0,1.0,3250.0,7556.0,1.0,0,0,0,0,0,0,0,0,0,1,103
train,vgr_train_storage_cycle_03,0.0,0.0,0.0,0.0,0.0,1.0,1.0,2460.0,156.0,424.0,0.0,1.0,1.0,0.0,0.0,1.0,2887.0,7556.0,1.0,0,0,0,0,0,0,0,0,0,1,102
train,vgr_train_storage_cycle_03,0.0,0.0,0.0,0.0,0.0,1.0,1.0,1449.0,908.0,702.0,0.0,0.0,1.0,0.0,1.0,0.0,2802.0,19.0,1.0,0,0,0,0,0,0,0,0,0,1,104
train,vgr_train_storage_cycle_03,1.0,0.0,0.0,0.0,1.0,1.0,1.0,0.0,483.0,5348.0,0.0,1.0,0.0,0.0,1.0,0.0,2802.0,19.0,1.0,0,0,0,0,0,0,0,0,0,1,105
train,vgr_train_storage_cycle_03,0.0,0.0,0.0,0.0,0.0,0.0,0.0,398.0,608.0,5348.0,0.0,1.0,0.0,0.0,1.0,0.0,2802.0,19.0,1.0,0,0,0,0,0,0,0,0,0,1,0
train,vgr_train_storage_cycle_03,0.0,0.0,0.0,0.0,0.0,0.0,0.0,398.0,608.0,5348.0,0.0,0.0,1.0,0.0,1.0,0.0,2802.0,19.0,1.0,0,0,0,0,0,0,0,0,0,1,0
train,vgr_train_storage_cycle_03,0.0,0.0,0.0,0.0,0.0,0.0,0.0,398.0,608.0,5348.0,0.0,1.0,1.0,0.0,0.0,1.0,2883.0,7560.0,1.0,0,0,0,0,0,0,0,0,0,1,0
train,vgr_train_storage_cycle_03,0.0,0.0,0.0,0.0,0.0,0.0,0.0,398.0,608.0,5348.0,0.0,1.0,1.0,0.0,0.0,1.0,3252.0,7560.0,1.0,0,0,0,0,0,0,0,0,0,1,301
train,vgr_train_storage_cycle_03,1.0,1.0,1.0,0.0,0.0,0.0,0.0,0.0,0.0,0.0,1.0,1.0,1.0,1.0,0.0,1.0,0.0,0.0,1.0,1,0,0,0,0,0,0,0,0,0,0
train,vgr_train_storage_cycle_03,1.0,1.0,1.0,0.0,0.0,0.0,0.0,0.0,0.0,0.0,1.0,1.0,1.0,1.0,0.0,1.0,0.0,0.0,1.0,1,0,0,0,0,0,0,0,0,0,0
train,vgr_train_storage_cycle_03,1.0,1.0,1.0,0.0,0.0,0.0,0.0,0.0,0.0,0.0,1.0,1.0,1.0,1.0,0.0,1.0,0.0,0.0,1.0,1,0,0,0,0,0,0,0,0,0,0
train,vgr_train_storage_cycle_03,1.0,1.0,1.0,0.0,0.0,0.0,0.0,0.0,0.0,0.0,1.0,1.0,1.0,1.0,0.0,1.0,0.0,0.0,1.0,1,0,0,0,0,0,0,0,0,0,0
train,vgr_train_storage_cycle_03,1.0,1.0,1.0,0.0,0.0,0.0,0.0,0.0,0.0,0.0,1.0,1.0,1.0,1.0,0.0,1.0,0.0,0.0,1.0,1,0,0,0,0,0,0,0,0,0,0
train,vgr_train_storage_cycle_03,1.0,1.0,1.0,0.0,0.0,0.0,0.0,0.0,0.0,0.0,1.0,1.0,1.0,1.0,0.0,1.0,0.0,0.0,1.0,1,0,0,0,0,0,0,0,0,0,0
train,vgr_train_storage_cycle_03,1.0,1.0,1.0,0.0,0.0,0.0,0.0,0.0,0.0,0.0,1.0,1.0,1.0,1.0,0.0,1.0,0.0,0.0,1.0,1,0,0,0,0,0,0,0,0,0,0
train,vgr_train_storage_cycle_03,1.0,1.0,1.0,0.0,0.0,0.0,0.0,0.0,0.0,0.0,1.0,1.0,1.0,1.0,0.0,1.0,0.0,0.0,0.0,1,0,0,0,0,0,0,0,0,0,0
train,vgr_train_storage_cycle_03,1.0,1.0,1.0,0.0,0.0,0.0,0.0,0.0,0.0,0.0,1.0,1.0,1.0,1.0,0.0,1.0,0.0,0.0,1.0,1,0,0,0,0,0,0,0,0,0,0
train,vgr_train_storage_cycle_03,1.0,1.0,1.0,0.0,0.0,0.0,0.0,0.0,0.0,0.0,1.0,1.0,1.0,1.0,0.0,1.0,0.0,0.0,1.0,1,0,0,0,0,0,0,0,0,0,0
train,vgr_train_storage_cycle_03,1.0,1.0,1.0,0.0,0.0,0.0,0.0,0.0,0.0,0.0,1.0,1.0,1.0,1.0,0.0,1.0,0.0,0.0,1.0,1,0,0,0,0,0,0,0,0,0,0
train,vgr_train_storage_cycle_03,1.0,1.0,1.0,0.0,0.0,0.0,0.0,0.0,0.0,0.0,1.0,1.0,1.0,1.0,0.0,1.0,0.0,0.0,1.0,1,0,0,0,0,0,0,0,0,0,0
train,vgr_train_storage_cycle_03,1.0,1.0,1.0,0.0,0.0,0.0,0.0,0.0,0.0,0.0,1.0,1.0,1.0,1.0,0.0,1.0,0.0,0.0,1.0,1,0,0,0,0,0,0,0,0,0,0
train,vgr_train_storage_cycle_03,1.0,1.0,1.0,0.0,0.0,0.0,0.0,0.0,0.0,0.0,1.0,1.0,1.0,1.0,0.0,1.0,0.0,0.0,1.0,1,0,0,0,0,0,0,0,0,0,0
train,vgr_train_storage_cycle_03,1.0,1.0,1.0,0.0,0.0,0.0,0.0,0.0,0.0,0.0,1.0,1.0,1.0,1.0,0.0,1.0,0.0,0.0,1.0,1,0,0,0,0,0,0,0,0,0,0
train,vgr_train_storage_cycle_03,1.0,1.0,1.0,0.0,0.0,0.0,0.0,0.0,0.0,0.0,1.0,1.0,1.0,1.0,0.0,1.0,0.0,0.0,1.0,1,0,0,0,0,0,0,0,0,0,0
train,vgr_train_storage_cycle_03,1.0,1.0,1.0,0.0,0.0,0.0,0.0,0.0,0.0,0.0,1.0,1.0,1.0,1.0,0.0,1.0,0.0,0.0,1.0,1,0,0,0,0,0,0,0,0,0,0
train,vgr_train_storage_cycle_03,1.0,1.0,1.0,0.0,0.0,0.0,0.0,0.0,0.0,0.0,1.0,1.0,1.0,1.0,0.0,1.0,0.0,0.0,1.0,1,0,0,0,0,0,0,0,0,0,0
train,vgr_train_storage_cycle_03,1.0,1.0,1.0,0.0,0.0,0.0,0.0,0.0,0.0,0.0,1.0,1.0,1.0,1.0,0.0,1.0,0.0,0.0,1.0,1,0,0,0,0,0,0,0,0,0,0
train,vgr_train_storage_cycle_03,1.0,1.0,1.0,0.0,0.0,0.0,0.0,0.0,0.0,0.0,1.0,1.0,1.0,1.0,0.0,1.0,0.0,0.0,1.0,1,0,0,0,0,0,0,0,0,0,0
train,vgr_train_storage_cycle_03,1.0,1.0,1.0,0.0,0.0,0.0,0.0,0.0,0.0,0.0,1.0,1.0,1.0,1.0,0.0,1.0,0.0,0.0,1.0,1,0,0,0,0,0,0,0,0,0,0
train,vgr_train_storage_cycle_03,1.0,1.0,1.0,0.0,0.0,0.0,0.0,0.0,0.0,0.0,1.0,1.0,1.0,1.0,0.0,1.0,0.0,0.0,0.0,1,0,0,0,0,0,0,0,0,0,0
train,vgr_train_storage_cycle_03,1.0,1.0,1.0,0.0,0.0,0.0,0.0,0.0,0.0,0.0,1.0,1.0,1.0,1.0,0.0,1.0,0.0,0.0,1.0,1,0,0,0,0,0,0,0,0,0,0
train,vgr_train_storage_cycle_03,1.0,1.0,1.0,0.0,0.0,0.0,0.0,0.0,0.0,0.0,1.0,1.0,1.0,1.0,0.0,1.0,0.0,0.0,1.0,1,0,0,0,0,0,0,0,0,0,0
train,vgr_train_storage_cycle_03,1.0,1.0,1.0,0.0,0.0,0.0,0.0,0.0,0.0,0.0,1.0,1.0,1.0,1.0,0.0,1.0,0.0,0.0,1.0,1,0,0,0,0,0,0,0,0,0,0
train,vgr_train_storage_cycle_03,1.0,1.0,1.0,0.0,0.0,0.0,0.0,0.0,0.0,0.0,1.0,1.0,1.0,1.0,0.0,1.0,0.0,0.0,1.0,1,0,0,0,0,0,0,0,0,0,0
train,vgr_train_storage_cycle_03,1.0,1.0,1.0,0.0,0.0,0.0,0.0,0.0,0.0,0.0,1.0,1.0,1.0,1.0,0.0,1.0,0.0,0.0,1.0,1,0,0,0,0,0,0,0,0,0,0
train,vgr_train_storage_cycle_03,1.0,1.0,1.0,0.0,0.0,0.0,0.0,0.0,0.0,0.0,1.0,1.0,1.0,1.0,0.0,1.0,0.0,0.0,1.0,1,0,0,0,0,0,0,0,0,0,0
train,vgr_train_storage_cycle_03,1.0,1.0,1.0,0.0,0.0,0.0,0.0,0.0,0.0,0.0,1.0,1.0,1.0,1.0,0.0,1.0,0.0,0.0,1.0,1,0,0,0,0,0,0,0,0,0,0
train,vgr_train_storage_cycle_03,1.0,1.0,1.0,0.0,0.0,0.0,0.0,0.0,0.0,0.0,1.0,1.0,1.0,1.0,0.0,1.0,0.0,0.0,1.0,1,0,0,0,0,0,0,0,0,0,0
train,vgr_train_storage_cycle_03,1.0,1.0,1.0,0.0,0.0,0.0,0.0,0.0,0.0,0.0,1.0,1.0,1.0,1.0,0.0,1.0,0.0,0.0,1.0,1,0,0,0,0,0,0,0,0,0,0
train,vgr_train_storage_cycle_03,1.0,1.0,1.0,0.0,0.0,0.0,0.0,0.0,0.0,0.0,1.0,1.0,1.0,1.0,0.0,1.0,0.0,0.0,1.0,1,0,0,0,0,0,0,0,0,0,0
train,vgr_train_storage_cycle_03,1.0,1.0,1.0,0.0,0.0,0.0,0.0,0.0,0.0,0.0,1.0,1.0,1.0,1.0,0.0,1.0,0.0,0.0,1.0,1,0,0,0,0,0,0,0,0,0,0
train,vgr_train_storage_cycle_03,1.0,1.0,1.0,0.0,0.0,0.0,0.0,0.0,0.0,0.0,1.0,1.0,1.0,1.0,0.0,1.0,0.0,0.0,0.0,1,0,0,0,0,0,0,0,0,0,0
train,vgr_train_storage_cycle_03,1.0,1.0,1.0,0.0,0.0,0.0,0.0,0.0,0.0,0.0,1.0,1.0,1.0,1.0,0.0,1.0,0.0,0.0,1.0,1,0,0,0,0,0,0,0,0,0,0
train,vgr_train_storage_cycle_03,1.0,1.0,1.0,0.0,0.0,0.0,0.0,0.0,0.0,0.0,1.0,1.0,1.0,1.0,0.0,1.0,0.0,0.0,0.0,1,0,0,0,0,0,0,0,0,0,0
train,vgr_train_storage_cycle_03,1.0,1.0,1.0,0.0,0.0,0.0,0.0,0.0,0.0,0.0,1.0,1.0,1.0,1.0,0.0,1.0,0.0,0.0,1.0,1,0,0,0,0,0,0,0,0,0,0
train,vgr_train_storage_cycle_03,1.0,1.0,1.0,0.0,0.0,0.0,0.0,0.0,0.0,0.0,1.0,1.0,1.0,1.0,0.0,1.0,0.0,0.0,1.0,1,0,0,0,0,0,0,0,0,0,0
train,vgr_train_storage_cycle_03,1.0,1.0,1.0,0.0,0.0,0.0,0.0,0.0,0.0,0.0,1.0,1.0,1.0,1.0,0.0,1.0,0.0,0.0,1.0,1,0,0,0,0,0,0,0,0,0,0
train,vgr_train_storage_cycle_03,1.0,1.0,1.0,0.0,0.0,0.0,0.0,0.0,0.0,0.0,1.0,1.0,1.0,1.0,0.0,1.0,0.0,0.0,1.0,1,0,0,0,0,0,0,0,0,0,0
train,vgr_train_storage_cycle_03,1.0,1.0,1.0,0.0,0.0,0.0,0.0,0.0,0.0,0.0,1.0,1.0,1.0,1.0,0.0,1.0,0.0,0.0,1.0,1,0,0,0,0,0,0,0,0,0,0
train,vgr_train_storage_cycle_03,1.0,1.0,1.0,0.0,0.0,0.0,0.0,0.0,0.0,0.0,1.0,1.0,1.0,1.0,0.0,1.0,0.0,0.0,1.0,1,0,0,0,0,0,0,0,0,0,0
train,vgr_train_storage_cycle_03,1.0,1.0,1.0,0.0,0.0,0.0,0.0,0.0,0.0,0.0,1.0,1.0,1.0,1.0,0.0,1.0,0.0,0.0,1.0,1,0,0,0,0,0,0,0,0,0,0
train,vgr_train_storage_cycle_03,1.0,1.0,1.0,0.0,0.0,0.0,0.0,0.0,0.0,0.0,1.0,1.0,1.0,1.0,0.0,1.0,0.0,0.0,1.0,1,0,0,0,0,0,0,0,0,0,0
train,vgr_train_storage_cycle_03,1.0,1.0,1.0,0.0,0.0,0.0,0.0,0.0,0.0,0.0,1.0,1.0,1.0,1.0,0.0,1.0,0.0,0.0,1.0,1,0,0,0,0,0,0,0,0,0,0
train,vgr_train_storage_cycle_03,1.0,1.0,1.0,0.0,0.0,0.0,0.0,0.0,0.0,0.0,1.0,1.0,1.0,1.0,0.0,1.0,0.0,0.0,1.0,1,0,0,0,0,0,0,0,0,0,0
train,vgr_train_storage_cycle_03,1.0,1.0,1.0,0.0,0.0,0.0,0.0,0.0,0.0,0.0,1.0,1.0,1.0,1.0,0.0,1.0,0.0,0.0,1.0,1,0,0,0,0,0,0,0,0,0,0
train,vgr_train_storage_cycle_03,1.0,1.0,1.0,0.0,0.0,0.0,0.0,0.0,0.0,0.0,1.0,1.0,1.0,1.0,0.0,1.0,0.0,0.0,1.0,1,0,0,0,0,0,0,0,0,0,0
train,vgr_train_storage_cycle_03,1.0,1.0,1.0,0.0,0.0,0.0,0.0,0.0,0.0,0.0,1.0,1.0,1.0,1.0,0.0,1.0,0.0,0.0,1.0,1,0,0,0,0,0,0,0,0,0,0
train,vgr_train_storage_cycle_03,1.0,1.0,1.0,0.0,0.0,0.0,0.0,0.0,0.0,0.0,1.0,1.0,1.0,1.0,0.0,1.0,0.0,0.0,1.0,1,0,0,0,0,0,0,0,0,0,0
train,vgr_train_storage_cycle_03,1.0,1.0,1.0,0.0,0.0,0.0,0.0,0.0,0.0,0.0,1.0,1.0,1.0,1.0,0.0,1.0,0.0,0.0,1.0,1,0,0,0,0,0,0,0,0,0,0
train,vgr_train_storage_cycle_03,1.0,1.0,1.0,0.0,0.0,0.0,0.0,0.0,0.0,0.0,1.0,1.0,1.0,1.0,0.0,1.0,0.0,0.0,1.0,1,0,0,0,0,0,0,0,0,0,0
train,vgr_train_storage_cycle_03,1.0,1.0,1.0,0.0,0.0,0.0,0.0,0.0,0.0,0.0,1.0,1.0,1.0,1.0,0.0,1.0,0.0,0.0,1.0,1,0,0,0,0,0,0,0,0,0,0
train,vgr_train_storage_cycle_03,1.0,1.0,1.0,0.0,0.0,0.0,0.0,0.0,0.0,0.0,1.0,1.0,1.0,1.0,0.0,1.0,0.0,0.0,0.0,1,0,0,0,0,0,0,0,0,0,0
train,vgr_train_storage_cycle_03,1.0,1.0,1.0,0.0,0.0,0.0,0.0,0.0,0.0,0.0,1.0,1.0,1.0,1.0,0.0,1.0,0.0,0.0,1.0,1,0,0,0,0,0,0,0,0,0,0
train,vgr_train_storage_cycle_03,1.0,1.0,1.0,0.0,0.0,0.0,0.0,0.0,0.0,0.0,1.0,1.0,1.0,1.0,0.0,1.0,0.0,0.0,1.0,1,0,0,0,0,0,0,0,0,0,0
train,vgr_train_storage_cycle_03,1.0,1.0,1.0,0.0,0.0,0.0,0.0,0.0,0.0,0.0,1.0,1.0,1.0,1.0,0.0,1.0,0.0,0.0,1.0,1,0,0,0,0,0,0,0,0,0,0
train,vgr_train_storage_cycle_03,1.0,1.0,1.0,0.0,0.0,0.0,0.0,0.0,0.0,0.0,1.0,1.0,1.0,1.0,0.0,1.0,0.0,0.0,0.0,1,0,0,0,0,0,0,0,0,0,0
train,vgr_train_storage_cycle_03,1.0,1.0,1.0,0.0,0.0,0.0,0.0,0.0,0.0,0.0,1.0,1.0,1.0,1.0,0.0,1.0,0.0,0.0,1.0,1,0,0,0,0,0,0,0,0,0,0
train,vgr_train_storage_cycle_03,1.0,1.0,1.0,0.0,0.0,0.0,0.0,0.0,0.0,0.0,1.0,1.0,1.0,1.0,0.0,1.0,0.0,0.0,1.0,1,0,0,0,0,0,0,0,0,0,0
train,vgr_train_storage_cycle_03,1.0,1.0,1.0,0.0,0.0,0.0,0.0,0.0,0.0,0.0,1.0,1.0,1.0,1.0,0.0,1.0,0.0,0.0,1.0,1,0,0,0,0,0,0,0,0,0,0
train,vgr_train_storage_cycle_03,1.0,1.0,1.0,0.0,0.0,0.0,0.0,0.0,0.0,0.0,1.0,1.0,1.0,1.0,0.0,1.0,0.0,0.0,1.0,1,0,0,0,0,0,0,0,0,0,0
train,vgr_train_storage_cycle_03,1.0,1.0,1.0,0.0,0.0,0.0,0.0,0.0,0.0,0.0,1.0,1.0,1.0,1.0,0.0,1.0,0.0,0.0,1.0,1,0,0,0,0,0,0,0,0,0,0
train,vgr_train_storage_cycle_03,1.0,1.0,1.0,0.0,0.0,0.0,0.0,0.0,0.0,0.0,1.0,1.0,1.0,1.0,0.0,1.0,0.0,0.0,1.0,1,0,0,0,0,0,0,0,0,0,0
train,vgr_train_storage_cycle_03,1.0,1.0,1.0,0.0,0.0,0.0,0.0,0.0,0.0,0.0,1.0,1.0,1.0,1.0,0.0,1.0,0.0,0.0,1.0,1,0,0,0,0,0,0,0,0,0,0
train,vgr_train_storage_cycle_03,1.0,1.0,1.0,0.0,0.0,0.0,0.0,0.0,0.0,0.0,1.0,1.0,1.0,1.0,0.0,1.0,0.0,0.0,0.0,1,0,0,0,0,0,0,0,0,0,0
train,vgr_train_storage_cycle_03,1.0,1.0,1.0,0.0,0.0,0.0,0.0,0.0,0.0,0.0,1.0,1.0,1.0,1.0,0.0,1.0,0.0,0.0,1.0,1,0,0,0,0,0,0,0,0,0,0
train,vgr_train_storage_cycle_03,1.0,1.0,1.0,0.0,0.0,0.0,0.0,0.0,0.0,0.0,1.0,1.0,1.0,1.0,0.0,1.0,0.0,0.0,1.0,1,0,0,0,0,0,0,0,0,0,0
train,vgr_train_storage_cycle_03,1.0,1.0,1.0,0.0,0.0,0.0,0.0,0.0,0.0,0.0,1.0,1.0,1.0,1.0,0.0,1.0,0.0,0.0,1.0,1,0,0,0,0,0,0,0,0,0,0
train,vgr_train_storage_cycle_03,1.0,1.0,1.0,0.0,0.0,0.0,0.0,0.0,0.0,0.0,1.0,1.0,1.0,1.0,0.0,1.0,0.0,0.0,1.0,1,0,0,0,0,0,0,0,0,0,0
train,vgr_train_storage_cycle_03,1.0,1.0,1.0,0.0,0.0,0.0,0.0,0.0,0.0,0.0,1.0,1.0,1.0,1.0,0.0,1.0,0.0,0.0,1.0,1,0,0,0,0,0,0,0,0,0,0
train,vgr_train_storage_cycle_03,1.0,1.0,1.0,0.0,0.0,0.0,0.0,0.0,0.0,0.0,1.0,1.0,1.0,1.0,0.0,1.0,0.0,0.0,1.0,1,0,0,0,0,0,0,0,0,0,0
train,vgr_train_storage_cycle_03,1.0,1.0,1.0,0.0,0.0,0.0,0.0,0.0,0.0,0.0,1.0,1.0,1.0,1.0,0.0,1.0,0.0,0.0,1.0,1,0,0,0,0,0,0,0,0,0,0
train,vgr_train_storage_cycle_03,1.0,1.0,1.0,0.0,0.0,0.0,0.0,0.0,0.0,0.0,1.0,1.0,1.0,1.0,0.0,1.0,0.0,0.0,1.0,1,0,0,0,0,0,0,0,0,0,0
train,vgr_train_storage_cycle_03,1.0,1.0,1.0,0.0,0.0,0.0,0.0,0.0,0.0,0.0,1.0,1.0,1.0,1.0,0.0,1.0,0.0,0.0,1.0,1,0,0,0,0,0,0,0,0,0,0
train,vgr_train_storage_cycle_03,1.0,1.0,1.0,0.0,0.0,0.0,0.0,0.0,0.0,0.0,1.0,1.0,1.0,1.0,0.0,1.0,0.0,0.0,1.0,1,0,0,0,0,0,0,0,0,0,0
train,vgr_train_storage_cycle_03,1.0,1.0,1.0,0.0,0.0,0.0,0.0,0.0,0.0,0.0,1.0,1.0,1.0,1.0,0.0,1.0,0.0,0.0,1.0,1,0,0,0,0,0,0,0,0,0,0
train,vgr_train_storage_cycle_03,1.0,1.0,1.0,0.0,0.0,0.0,0.0,0.0,0.0,0.0,1.0,1.0,1.0,1.0,0.0,1.0,0.0,0.0,1.0,1,0,0,0,0,0,0,0,0,0,0
train,vgr_train_storage_cycle_03,1.0,1.0,1.0,0.0,0.0,0.0,0.0,0.0,0.0,0.0,1.0,1.0,1.0,1.0,0.0,1.0,0.0,0.0,0.0,1,0,0,0,0,0,0,0,0,0,0
train,vgr_train_storage_cycle_03,1.0,1.0,1.0,0.0,0.0,0.0,0.0,0.0,0.0,0.0,1.0,1.0,1.0,1.0,0.0,1.0,0.0,0.0,1.0,1,0,0,0,0,0,0,0,0,0,0
train,vgr_train_storage_cycle_03,1.0,1.0,1.0,0.0,0.0,0.0,0.0,0.0,0.0,0.0,1.0,1.0,1.0,1.0,0.0,1.0,0.0,0.0,1.0,1,0,0,0,0,0,0,0,0,0,0
train,vgr_train_storage_cycle_03,1.0,1.0,1.0,0.0,0.0,0.0,0.0,0.0,0.0,0.0,1.0,1.0,1.0,1.0,0.0,1.0,0.0,0.0,1.0,1,0,0,0,0,0,0,0,0,0,0
train,vgr_train_storage_cycle_03,1.0,1.0,1.0,0.0,0.0,0.0,0.0,0.0,0.0,0.0,1.0,1.0,1.0,1.0,0.0,1.0,0.0,0.0,1.0,1,0,0,0,0,0,0,0,0,0,0
train,vgr_train_storage_cycle_03,1.0,1.0,1.0,0.0,0.0,0.0,0.0,0.0,0.0,0.0,1.0,1.0,1.0,1.0,0.0,1.0,0.0,0.0,1.0,1,0,0,0,0,0,0,0,0,0,0
train,vgr_train_storage_cycle_03,1.0,1.0,1.0,0.0,0.0,0.0,0.0,0.0,0.0,0.0,1.0,1.0,1.0,1.0,0.0,1.0,0.0,0.0,1.0,1,0,0,0,0,0,0,0,0,0,0
train,vgr_train_storage_cycle_03,1.0,1.0,1.0,0.0,0.0,0.0,0.0,0.0,0.0,0.0,1.0,1.0,1.0,1.0,0.0,1.0,0.0,0.0,1.0,1,0,0,0,0,0,0,0,0,0,0
train,vgr_train_storage_cycle_03,1.0,1.0,1.0,0.0,0.0,0.0,0.0,0.0,0.0,0.0,1.0,1.0,1.0,1.0,0.0,1.0,0.0,0.0,1.0,1,0,0,0,0,0,0,0,0,0,0
train,vgr_train_storage_cycle_03,1.0,1.0,1.0,0.0,0.0,0.0,0.0,0.0,0.0,0.0,1.0,1.0,1.0,1.0,0.0,1.0,0.0,0.0,1.0,1,0,0,0,0,0,0,0,0,0,0
train,vgr_train_storage_cycle_03,1.0,1.0,1.0,0.0,0.0,0.0,0.0,0.0,0.0,0.0,1.0,1.0,1.0,1.0,0.0,1.0,0.0,0.0,1.0,1,0,0,0,0,0,0,0,0,0,0
train,vgr_train_storage_cycle_03,1.0,1.0,1.0,0.0,0.0,0.0,0.0,0.0,0.0,0.0,1.0,1.0,1.0,1.0,0.0,1.0,0.0,0.0,1.0,1,0,0,0,0,0,0,0,0,0,0
train,vgr_train_storage_cycle_03,1.0,1.0,1.0,0.0,0.0,0.0,0.0,0.0,0.0,0.0,1.0,1.0,1.0,1.0,0.0,1.0,0.0,0.0,1.0,1,0,0,0,0,0,0,0,0,0,0
train,vgr_train_storage_cycle_03,1.0,1.0,1.0,0.0,0.0,0.0,0.0,0.0,0.0,0.0,1.0,1.0,1.0,1.0,0.0,1.0,0.0,0.0,1.0,1,0,0,0,0,0,0,0,0,0,0
train,vgr_train_storage_cycle_03,1.0,1.0,1.0,0.0,0.0,0.0,0.0,0.0,0.0,0.0,1.0,1.0,1.0,1.0,0.0,1.0,0.0,0.0,1.0,1,0,0,0,0,0,0,0,0,0,0
train,vgr_train_storage_cycle_03,1.0,1.0,1.0,0.0,0.0,0.0,0.0,0.0,0.0,0.0,1.0,1.0,1.0,1.0,0.0,1.0,0.0,0.0,0.0,1,0,0,0,0,0,0,0,0,0,0
train,vgr_train_storage_cycle_03,1.0,1.0,1.0,0.0,0.0,0.0,0.0,0.0,0.0,0.0,1.0,1.0,1.0,1.0,0.0,1.0,0.0,0.0,1.0,1,0,0,0,0,0,0,0,0,0,0
train,vgr_train_storage_cycle_03,1.0,1.0,1.0,0.0,0.0,0.0,0.0,0.0,0.0,0.0,1.0,1.0,1.0,1.0,0.0,1.0,0.0,0.0,1.0,1,0,0,0,0,0,0,0,0,0,0
train,vgr_train_storage_cycle_03,1.0,1.0,1.0,0.0,0.0,0.0,0.0,0.0,0.0,0.0,1.0,1.0,1.0,1.0,0.0,1.0,0.0,0.0,1.0,1,0,0,0,0,0,0,0,0,0,0
train,vgr_train_storage_cycle_03,1.0,1.0,1.0,0.0,0.0,0.0,0.0,0.0,0.0,0.0,1.0,1.0,1.0,1.0,0.0,1.0,0.0,0.0,1.0,1,0,0,0,0,0,0,0,0,0,0
train,vgr_train_storage_cycle_03,1.0,1.0,1.0,0.0,0.0,0.0,0.0,0.0,0.0,0.0,1.0,1.0,1.0,1.0,0.0,1.0,0.0,0.0,1.0,1,0,0,0,0,0,0,0,0,0,0
train,vgr_train_storage_cycle_03,1.0,1.0,1.0,0.0,0.0,0.0,0.0,0.0,0.0,0.0,1.0,1.0,1.0,1.0,0.0,1.0,0.0,0.0,1.0,1,0,0,0,0,0,0,0,0,0,0
train,vgr_train_storage_cycle_03,1.0,1.0,1.0,0.0,0.0,0.0,0.0,0.0,0.0,0.0,1.0,1.0,1.0,1.0,0.0,1.0,0.0,0.0,1.0,1,0,0,0,0,0,0,0,0,0,0
train,vgr_train_storage_cycle_03,1.0,1.0,1.0,0.0,0.0,0.0,0.0,0.0,0.0,0.0,1.0,1.0,1.0,1.0,0.0,1.0,0.0,0.0,1.0,1,0,0,0,0,0,0,0,0,0,0
train,vgr_train_storage_cycle_03,1.0,1.0,1.0,0.0,0.0,0.0,0.0,0.0,0.0,0.0,1.0,1.0,1.0,1.0,0.0,1.0,0.0,0.0,1.0,1,0,0,0,0,0,0,0,0,0,0
train,vgr_train_storage_cycle_03,1.0,1.0,1.0,0.0,0.0,0.0,0.0,0.0,0.0,0.0,1.0,1.0,1.0,1.0,0.0,1.0,0.0,0.0,1.0,1,0,0,0,0,0,0,0,0,0,0
train,vgr_train_storage_cycle_03,1.0,1.0,1.0,0.0,0.0,0.0,0.0,0.0,0.0,0.0,1.0,1.0,1.0,1.0,0.0,1.0,0.0,0.0,1.0,1,0,0,0,0,0,0,0,0,0,0
train,vgr_train_storage_cycle_03,1.0,1.0,1.0,0.0,0.0,0.0,0.0,0.0,0.0,0.0,1.0,1.0,1.0,1.0,0.0,1.0,0.0,0.0,1.0,1,0,0,0,0,0,0,0,0,0,0
train,vgr_train_storage_cycle_03,1.0,1.0,1.0,0.0,0.0,0.0,0.0,0.0,0.0,0.0,1.0,1.0,1.0,1.0,0.0,1.0,0.0,0.0,1.0,1,0,0,0,0,0,0,0,0,0,0
train,vgr_train_storage_cycle_03,1.0,1.0,1.0,0.0,0.0,0.0,0.0,0.0,0.0,0.0,1.0,1.0,1.0,1.0,0.0,1.0,0.0,0.0,0.0,1,0,0,0,0,0,0,0,0,0,0
train,vgr_train_storage_cycle_03,1.0,1.0,1.0,0.0,0.0,0.0,0.0,0.0,0.0,0.0,1.0,1.0,1.0,1.0,0.0,1.0,0.0,0.0,0.0,1,0,0,0,0,0,0,0,0,0,0
train,vgr_train_storage_cycle_03,1.0,1.0,1.0,0.0,0.0,0.0,0.0,0.0,0.0,0.0,1.0,1.0,1.0,1.0,0.0,1.0,0.0,0.0,0.0,1,0,0,0,0,0,0,0,0,0,0
train,vgr_train_storage_cycle_03,1.0,1.0,1.0,0.0,0.0,0.0,0.0,0.0,0.0,0.0,1.0,1.0,1.0,1.0,0.0,1.0,0.0,0.0,0.0,1,0,0,0,0,0,0,0,0,0,0
train,vgr_train_storage_cycle_03,1.0,1.0,1.0,0.0,0.0,0.0,0.0,0.0,0.0,0.0,1.0,1.0,1.0,1.0,0.0,1.0,0.0,0.0,0.0,1,0,0,0,0,0,0,0,0,0,0
train,vgr_train_storage_cycle_03,1.0,1.0,1.0,0.0,0.0,0.0,0.0,0.0,0.0,0.0,1.0,1.0,1.0,1.0,0.0,1.0,0.0,0.0,0.0,1,0,0,0,0,0,0,0,0,0,0
train,vgr_train_storage_cycle_03,1.0,1.0,1.0,0.0,0.0,0.0,0.0,0.0,0.0,0.0,1.0,1.0,1.0,1.0,0.0,1.0,0.0,0.0,0.0,1,0,0,0,0,0,0,0,0,0,0
train,vgr_train_storage_cycle_03,1.0,1.0,1.0,0.0,0.0,0.0,0.0,0.0,0.0,0.0,1.0,1.0,1.0,1.0,0.0,1.0,0.0,0.0,0.0,1,0,0,0,0,0,0,0,0,0,0
train,vgr_train_storage_cycle_03,1.0,1.0,1.0,0.0,0.0,0.0,0.0,0.0,0.0,0.0,1.0,1.0,1.0,1.0,0.0,1.0,0.0,0.0,0.0,1,0,0,0,0,0,0,0,0,0,0
train,vgr_train_storage_cycle_03,1.0,1.0,1.0,0.0,0.0,0.0,0.0,0.0,0.0,0.0,1.0,1.0,1.0,1.0,0.0,1.0,0.0,0.0,0.0,1,0,0,0,0,0,0,0,0,0,0
train,vgr_train_storage_cycle_03,1.0,1.0,1.0,0.0,0.0,0.0,0.0,0.0,0.0,0.0,1.0,1.0,1.0,1.0,0.0,1.0,0.0,0.0,0.0,1,0,0,0,0,0,0,0,0,0,0
train,vgr_train_storage_cycle_03,1.0,1.0,1.0,0.0,0.0,0.0,0.0,0.0,0.0,0.0,1.0,1.0,1.0,1.0,0.0,1.0,0.0,0.0,0.0,1,0,0,0,0,0,0,0,0,0,0
train,vgr_train_storage_cycle_03,1.0,1.0,1.0,0.0,0.0,0.0,0.0,0.0,0.0,0.0,1.0,1.0,1.0,1.0,0.0,1.0,0.0,0.0,0.0,1,0,0,0,0,0,0,0,0,0,0
train,vgr_train_storage_cycle_03,1.0,1.0,1.0,0.0,0.0,0.0,0.0,0.0,0.0,0.0,1.0,1.0,1.0,1.0,0.0,1.0,0.0,0.0,0.0,1,0,0,0,0,0,0,0,0,0,0
train,vgr_train_storage_cycle_03,1.0,1.0,1.0,0.0,0.0,0.0,0.0,0.0,0.0,0.0,1.0,1.0,1.0,1.0,0.0,1.0,0.0,0.0,0.0,1,0,0,0,0,0,0,0,0,0,0
train,vgr_train_storage_cycle_03,1.0,1.0,1.0,0.0,0.0,0.0,0.0,0.0,0.0,0.0,1.0,1.0,1.0,1.0,0.0,1.0,0.0,0.0,0.0,1,0,0,0,0,0,0,0,0,0,0
train,vgr_train_storage_cycle_03,1.0,1.0,1.0,0.0,0.0,0.0,0.0,0.0,0.0,0.0,1.0,1.0,1.0,1.0,0.0,1.0,0.0,0.0,0.0,1,0,0,0,0,0,0,0,0,0,0
train,vgr_train_storage_cycle_03,1.0,1.0,1.0,0.0,0.0,0.0,0.0,0.0,0.0,0.0,1.0,1.0,1.0,1.0,0.0,1.0,0.0,0.0,0.0,1,0,0,0,0,0,0,0,0,0,0
train,vgr_train_storage_cycle_03,1.0,1.0,1.0,0.0,0.0,0.0,0.0,0.0,0.0,0.0,1.0,1.0,1.0,1.0,0.0,1.0,0.0,0.0,0.0,1,0,0,0,0,0,0,0,0,0,0
train,vgr_train_storage_cycle_03,1.0,1.0,1.0,0.0,0.0,0.0,0.0,0.0,0.0,0.0,1.0,1.0,1.0,1.0,0.0,1.0,0.0,0.0,0.0,1,0,0,0,0,0,0,0,0,0,0
train,vgr_train_storage_cycle_03,1.0,1.0,1.0,0.0,0.0,0.0,0.0,0.0,0.0,0.0,1.0,1.0,1.0,1.0,0.0,1.0,0.0,0.0,0.0,1,0,0,0,0,0,0,0,0,0,0
train,vgr_train_storage_cycle_03,1.0,1.0,1.0,0.0,0.0,0.0,0.0,0.0,0.0,0.0,1.0,1.0,1.0,1.0,0.0,1.0,0.0,0.0,0.0,1,0,0,0,0,0,0,0,0,0,0
train,vgr_train_storage_cycle_03,1.0,1.0,1.0,0.0,0.0,0.0,0.0,0.0,0.0,0.0,1.0,1.0,1.0,1.0,0.0,1.0,0.0,0.0,0.0,1,0,0,0,0,0,0,0,0,0,0
train,vgr_train_storage_cycle_03,1.0,1.0,1.0,0.0,0.0,0.0,0.0,0.0,0.0,0.0,1.0,1.0,1.0,1.0,0.0,1.0,0.0,0.0,0.0,1,0,0,0,0,0,0,0,0,0,0
train,vgr_train_storage_cycle_03,1.0,1.0,1.0,0.0,0.0,0.0,0.0,0.0,0.0,0.0,1.0,1.0,1.0,1.0,0.0,1.0,0.0,0.0,0.0,1,0,0,0,0,0,0,0,0,0,0
train,vgr_train_storage_cycle_03,1.0,1.0,1.0,0.0,0.0,0.0,0.0,0.0,0.0,0.0,1.0,1.0,1.0,1.0,0.0,1.0,0.0,0.0,0.0,1,0,0,0,0,0,0,0,0,0,0
train,vgr_train_storage_cycle_03,1.0,1.0,1.0,0.0,0.0,0.0,0.0,0.0,0.0,0.0,1.0,1.0,1.0,1.0,0.0,1.0,0.0,0.0,0.0,1,0,0,0,0,0,0,0,0,0,0
train,vgr_train_storage_cycle_03,1.0,1.0,1.0,0.0,0.0,0.0,0.0,0.0,0.0,0.0,1.0,1.0,1.0,1.0,0.0,1.0,0.0,0.0,0.0,1,0,0,0,0,0,0,0,0,0,0
train,vgr_train_storage_cycle_03,1.0,1.0,1.0,0.0,0.0,0.0,0.0,0.0,0.0,0.0,1.0,1.0,1.0,1.0,0.0,1.0,0.0,0.0,0.0,1,0,0,0,0,0,0,0,0,0,0
train,vgr_train_storage_cycle_03,1.0,1.0,1.0,0.0,0.0,0.0,0.0,0.0,0.0,0.0,1.0,1.0,1.0,1.0,0.0,1.0,0.0,0.0,0.0,1,0,0,0,0,0,0,0,0,0,0
train,vgr_train_storage_cycle_03,0.0,0.0,0.0,0.0,0.0,1.0,1.0,397.0,25.0,33.0,1.0,1.0,1.0,1.0,0.0,1.0,0.0,0.0,1.0,1,0,0,0,0,0,0,0,0,0,0
train,vgr_train_storage_cycle_03,0.0,0.0,0.0,0.0,0.0,1.0,1.0,1449.0,905.0,702.0,0.0,1.0,1.0,0.0,0.0,1.0,3252.0,2869.0,1.0,1,0,0,0,0,0,0,0,0,0,0
train,vgr_train_storage_cycle_03,0.0,0.0,0.0,0.0,0.0,1.0,1.0,2455.0,152.0,426.0,0.0,1.0,1.0,0.0,0.0,1.0,2885.0,2869.0,1.0,1,0,0,0,0,0,0,0,0,0,0
train,vgr_train_storage_cycle_03,0.0,0.0,0.0,0.0,0.0,1.0,1.0,1448.0,910.0,704.0,0.0,0.0,1.0,0.0,1.0,0.0,2799.0,18.0,1.0,1,0,0,0,0,0,0,0,0,0,0
train,vgr_train_storage_cycle_03,1.0,0.0,0.0,1.0,1.0,1.0,1.0,0.0,604.0,5348.0,0.0,1.0,0.0,0.0,1.0,0.0,2799.0,18.0,1.0,1,0,0,0,0,0,0,0,0,0,0
train,vgr_train_storage_cycle_03,0.0,0.0,0.0,0.0,0.0,0.0,0.0,396.0,604.0,5348.0,0.0,1.0,0.0,0.0,1.0,0.0,2799.0,18.0,1.0,1,0,0,0,0,0,0,0,0,0,0
train,vgr_train_storage_cycle_03,0.0,0.0,0.0,0.0,0.0,0.0,0.0,396.0,604.0,5348.0,0.0,0.0,1.0,0.0,1.0,0.0,2799.0,18.0,1.0,1,0,0,0,0,0,0,0,0,0,0
train,vgr_train_storage_cycle_03,0.0,0.0,0.0,0.0,0.0,0.0,0.0,396.0,604.0,5348.0,0.0,1.0,1.0,0.0,0.0,1.0,2878.0,2870.0,1.0,1,0,0,0,0,0,0,0,0,0,0
train,vgr_train_storage_cycle_03,0.0,0.0,0.0,0.0,0.0,0.0,0.0,396.0,604.0,5348.0,0.0,1.0,1.0,0.0,0.0,1.0,3250.0,2870.0,1.0,1,0,0,0,0,0,0,0,0,0,0
train,vgr_train_storage_cycle_04,1.0,1.0,1.0,0.0,0.0,0.0,0.0,0.0,0.0,0.0,1.0,1.0,1.0,1.0,0.0,1.0,0.0,0.0,1.0,0,1,0,0,0,0,0,0,0,0,0
train,vgr_train_storage_cycle_04,1.0,1.0,1.0,0.0,0.0,0.0,0.0,0.0,0.0,0.0,1.0,1.0,1.0,1.0,0.0,1.0,0.0,0.0,1.0,0,1,0,0,0,0,0,0,0,0,0
train,vgr_train_storage_cycle_04,1.0,1.0,1.0,0.0,0.0,0.0,0.0,0.0,0.0,0.0,1.0,1.0,1.0,1.0,0.0,1.0,0.0,0.0,1.0,0,1,0,0,0,0,0,0,0,0,0
train,vgr_train_storage_cycle_04,1.0,1.0,1.0,0.0,0.0,0.0,0.0,0.0,0.0,0.0,1.0,1.0,1.0,1.0,0.0,1.0,0.0,0.0,1.0,0,1,0,0,0,0,0,0,0,0,0
train,vgr_train_storage_cycle_04,1.0,1.0,1.0,0.0,0.0,0.0,0.0,0.0,0.0,0.0,1.0,1.0,1.0,1.0,0.0,1.0,0.0,0.0,1.0,0,1,0,0,0,0,0,0,0,0,0
train,vgr_train_storage_cycle_04,1.0,1.0,1.0,0.0,0.0,0.0,0.0,0.0,0.0,0.0,1.0,1.0,1.0,1.0,0.0,1.0,0.0,0.0,1.0,0,1,0,0,0,0,0,0,0,0,0
train,vgr_train_storage_cycle_04,1.0,1.0,1.0,0.0,0.0,0.0,0.0,0.0,0.0,0.0,1.0,1.0,1.0,1.0,0.0,1.0,0.0,0.0,1.0,0,1,0,0,0,0,0,0,0,0,0
train,vgr_train_storage_cycle_04,1.0,1.0,1.0,0.0,0.0,0.0,0.0,0.0,0.0,0.0,1.0,1.0,1.0,1.0,0.0,1.0,0.0,0.0,1.0,0,1,0,0,0,0,0,0,0,0,0
train,vgr_train_storage_cycle_04,1.0,1.0,1.0,0.0,0.0,0.0,0.0,0.0,0.0,0.0,1.0,1.0,1.0,1.0,0.0,1.0,0.0,0.0,1.0,0,1,0,0,0,0,0,0,0,0,0
train,vgr_train_storage_cycle_04,1.0,1.0,1.0,0.0,0.0,0.0,0.0,0.0,0.0,0.0,1.0,1.0,1.0,1.0,0.0,1.0,0.0,0.0,1.0,0,1,0,0,0,0,0,0,0,0,0
train,vgr_train_storage_cycle_04,1.0,1.0,1.0,0.0,0.0,0.0,0.0,0.0,0.0,0.0,1.0,1.0,1.0,1.0,0.0,1.0,0.0,0.0,0.0,0,1,0,0,0,0,0,0,0,0,101
train,vgr_train_storage_cycle_04,0.0,0.0,0.0,0.0,0.0,1.0,1.0,391.0,26.0,32.0,1.0,1.0,1.0,1.0,0.0,1.0,0.0,0.0,1.0,0,1,0,0,0,0,0,0,0,0,102
train,vgr_train_storage_cycle_04,0.0,0.0,0.0,0.0,0.0,1.0,1.0,1451.0,908.0,704.0,0.0,1.0,1.0,0.0,0.0,1.0,404.0,2869.0,1.0,0,1,0,0,0,0,0,0,0,0,103
train,vgr_train_storage_cycle_04,0.0,0.0,0.0,0.0,0.0,1.0,1.0,2453.0,160.0,428.0,0.0,1.0,1.0,0.0,0.0,1.0,37.0,2869.0,1.0,0,1,0,0,0,0,0,0,0,0,102
train,vgr_train_storage_cycle_04,0.0,0.0,0.0,0.0,0.0,1.0,1.0,1447.0,905.0,706.0,0.0,0.0,1.0,0.0,1.0,0.0,2799.0,16.0,1.0,0,1,0,0,0,0,0,0,0,0,104
train,vgr_train_storage_cycle_04,1.0,0.0,0.0,1.0,1.0,1.0,1.0,0.0,604.0,5348.0,0.0,1.0,0.0,0.0,1.0,0.0,2799.0,16.0,1.0,0,1,0,0,0,0,0,0,0,0,105
train,vgr_train_storage_cycle_04,0.0,0.0,0.0,0.0,0.0,0.0,0.0,398.0,604.0,5348.0,0.0,1.0,0.0,0.0,1.0,0.0,2799.0,16.0,1.0,0,1,0,0,0,0,0,0,0,0,0
train,vgr_train_storage_cycle_04,0.0,0.0,0.0,0.0,0.0,0.0,0.0,398.0,604.0,5348.0,0.0,0.0,1.0,0.0,1.0,0.0,2799.0,16.0,1.0,0,1,0,0,0,0,0,0,0,0,0
train,vgr_train_storage_cycle_04,0.0,0.0,0.0,0.0,0.0,0.0,0.0,398.0,604.0,5348.0,0.0,1.0,1.0,0.0,0.0,1.0,35.0,2870.0,1.0,0,1,0,0,0,0,0,0,0,0,0
train,vgr_train_storage_cycle_04,0.0,0.0,0.0,0.0,0.0,0.0,0.0,398.0,604.0,5348.0,0.0,1.0,1.0,0.0,0.0,1.0,402.0,2870.0,1.0,0,1,0,0,0,0,0,0,0,0,301
train,vgr_train_storage_cycle_04,1.0,1.0,1.0,0.0,0.0,0.0,0.0,0.0,0.0,0.0,1.0,1.0,1.0,1.0,0.0,1.0,0.0,0.0,1.0,0,0,1,0,0,0,0,0,0,0,0
train,vgr_train_storage_cycle_04,1.0,1.0,1.0,0.0,0.0,0.0,0.0,0.0,0.0,0.0,1.0,1.0,1.0,1.0,0.0,1.0,0.0,0.0,1.0,0,0,1,0,0,0,0,0,0,0,0
train,vgr_train_storage_cycle_04,1.0,1.0,1.0,0.0,0.0,0.0,0.0,0.0,0.0,0.0,1.0,1.0,1.0,1.0,0.0,1.0,0.0,0.0,1.0,0,0,1,0,0,0,0,0,0,0,0
train,vgr_train_storage_cycle_04,1.0,1.0,1.0,0.0,0.0,0.0,0.0,0.0,0.0,0.0,1.0,1.0,1.0,1.0,0.0,1.0,0.0,0.0,1.0,0,0,1,0,0,0,0,0,0,0,0
train,vgr_train_storage_cycle_04,1.0,1.0,1.0,0.0,0.0,0.0,0.0,0.0,0.0,0.0,1.0,1.0,1.0,1.0,0.0,1.0,0.0,0.0,1.0,0,0,1,0,0,0,0,0,0,0,0
train,vgr_train_storage_cycle_04,1.0,1.0,1.0,0.0,0.0,0.0,0.0,0.0,0.0,0.0,1.0,1.0,1.0,1.0,0.0,1.0,0.0,0.0,1.0,0,0,1,0,0,0,0,0,0,0,0
train,vgr_train_storage_cycle_04,1.0,1.0,1.0,0.0,0.0,0.0,0.0,0.0,0.0,0.0,1.0,1.0,1.0,1.0,0.0,1.0,0.0,0.0,1.0,0,0,1,0,0,0,0,0,0,0,0
train,vgr_train_storage_cycle_04,1.0,1.0,1.0,0.0,0.0,0.0,0.0,0.0,0.0,0.0,1.0,1.0,1.0,1.0,0.0,1.0,0.0,0.0,1.0,0,0,1,0,0,0,0,0,0,0,0
train,vgr_train_storage_cycle_04,1.0,1.0,1.0,0.0,0.0,0.0,0.0,0.0,0.0,0.0,1.0,1.0,1.0,1.0,0.0,1.0,0.0,0.0,1.0,0,0,1,0,0,0,0,0,0,0,0
train,vgr_train_storage_cycle_04,1.0,1.0,1.0,0.0,0.0,0.0,0.0,0.0,0.0,0.0,1.0,1.0,1.0,1.0,0.0,1.0,0.0,0.0,1.0,0,0,1,0,0,0,0,0,0,0,0
train,vgr_train_storage_cycle_04,1.0,1.0,1.0,0.0,0.0,0.0,0.0,0.0,0.0,0.0,1.0,1.0,1.0,1.0,0.0,1.0,0.0,0.0,1.0,0,0,1,0,0,0,0,0,0,0,0
train,vgr_train_storage_cycle_04,1.0,1.0,1.0,0.0,0.0,0.0,0.0,0.0,0.0,0.0,1.0,1.0,1.0,1.0,0.0,1.0,0.0,0.0,1.0,0,0,1,0,0,0,0,0,0,0,0
train,vgr_train_storage_cycle_04,1.0,1.0,1.0,0.0,0.0,0.0,0.0,0.0,0.0,0.0,1.0,1.0,1.0,1.0,0.0,1.0,0.0,0.0,1.0,0,0,1,0,0,0,0,0,0,0,0
train,vgr_train_storage_cycle_04,1.0,1.0,1.0,0.0,0.0,0.0,0.0,0.0,0.0,0.0,1.0,1.0,1.0,1.0,0.0,1.0,0.0,0.0,0.0,0,0,1,0,0,0,0,0,0,0,101
train,vgr_train_storage_cycle_04,0.0,0.0,0.0,0.0,0.0,1.0,1.0,394.0,26.0,33.0,1.0,1.0,1.0,1.0,0.0,1.0,0.0,0.0,1.0,0,0,1,0,0,0,0,0,0,0,102
train,vgr_train_storage_cycle_04,0.0,0.0,0.0,0.0,0.0,1.0,1.0,1452.0,904.0,703.0,0.0,1.0,1.0,0.0,0.0,1.0,1753.0,2869.0,1.0,0,0,1,0,0,0,0,0,0,0,103
train,vgr_train_storage_cycle_04,0.0,0.0,0.0,0.0,0.0,1.0,1.0,2456.0,156.0,426.0,0.0,1.0,1.0,0.0,0.0,1.0,1382.0,2869.0,1.0,0,0,1,0,0,0,0,0,0,0,102
train,vgr_train_storage_cycle_04,0.0,0.0,0.0,0.0,0.0,1.0,1.0,1449.0,908.0,702.0,0.0,0.0,1.0,0.0,1.0,0.0,2804.0,16.0,1.0,0,0,1,0,0,0,0,0,0,0,104
train,vgr_train_storage_cycle_04,1.0,0.0,0.0,1.0,1.0,1.0,1.0,0.0,608.0,5348.0,0.0,1.0,0.0,0.0,1.0,0.0,2804.0,16.0,1.0,0,0,1,0,0,0,0,0,0,0,105
train,vgr_train_storage_cycle_04,0.0,0.0,0.0,0.0,0.0,0.0,0.0,403.0,608.0,5348.0,0.0,1.0,0.0,0.0,1.0,0.0,2804.0,16.0,1.0,0,0,1,0,0,0,0,0,0,0,0
train,vgr_train_storage_cycle_04,0.0,0.0,0.0,0.0,0.0,0.0,0.0,403.0,608.0,5348.0,0.0,0.0,1.0,0.0,1.0,0.0,2804.0,16.0,1.0,0,0,1,0,0,0,0,0,0,0,0
train,vgr_train_storage_cycle_04,0.0,0.0,0.0,0.0,0.0,0.0,0.0,403.0,608.0,5348.0,0.0,1.0,1.0,0.0,0.0,1.0,1385.0,2870.0,1.0,0,0,1,0,0,0,0,0,0,0,0
train,vgr_train_storage_cycle_04,0.0,0.0,0.0,0.0,0.0,0.0,0.0,403.0,608.0,5348.0,0.0,1.0,1.0,0.0,0.0,1.0,1748.0,2870.0,1.0,0,0,1,0,0,0,0,0,0,0,301
train,vgr_train_storage_cycle_04,1.0,1.0,1.0,0.0,0.0,0.0,0.0,0.0,0.0,0.0,1.0,1.0,1.0,1.0,0.0,1.0,0.0,0.0,1.0,0,0,0,1,0,0,0,0,0,0,0
train,vgr_train_storage_cycle_04,1.0,1.0,1.0,0.0,0.0,0.0,0.0,0.0,0.0,0.0,1.0,1.0,1.0,1.0,0.0,1.0,0.0,0.0,1.0,0,0,0,1,0,0,0,0,0,0,0
train,vgr_train_storage_cycle_04,1.0,1.0,1.0,0.0,0.0,0.0,0.0,0.0,0.0,0.0,1.0,1.0,1.0,1.0,0.0,1.0,0.0,0.0,1.0,0,0,0,1,0,0,0,0,0,0,0
train,vgr_train_storage_cycle_04,1.0,1.0,1.0,0.0,0.0,0.0,0.0,0.0,0.0,0.0,1.0,1.0,1.0,1.0,0.0,1.0,0.0,0.0,1.0,0,0,0,1,0,0,0,0,0,0,0
train,vgr_train_storage_cycle_04,1.0,1.0,1.0,0.0,0.0,0.0,0.0,0.0,0.0,0.0,1.0,1.0,1.0,1.0,0.0,1.0,0.0,0.0,1.0,0,0,0,1,0,0,0,0,0,0,0
train,vgr_train_storage_cycle_04,1.0,1.0,1.0,0.0,0.0,0.0,0.0,0.0,0.0,0.0,1.0,1.0,1.0,1.0,0.0,1.0,0.0,0.0,1.0,0,0,0,1,0,0,0,0,0,0,0
train,vgr_train_storage_cycle_04,1.0,1.0,1.0,0.0,0.0,0.0,0.0,0.0,0.0,0.0,1.0,1.0,1.0,1.0,0.0,1.0,0.0,0.0,1.0,0,0,0,1,0,0,0,0,0,0,0
train,vgr_train_storage_cycle_04,1.0,1.0,1.0,0.0,0.0,0.0,0.0,0.0,0.0,0.0,1.0,1.0,1.0,1.0,0.0,1.0,0.0,0.0,1.0,0,0,0,1,0,0,0,0,0,0,0
train,vgr_train_storage_cycle_04,1.0,1.0,1.0,0.0,0.0,0.0,0.0,0.0,0.0,0.0,1.0,1.0,1.0,1.0,0.0,1.0,0.0,0.0,1.0,0,0,0,1,0,0,0,0,0,0,0
train,vgr_train_storage_cycle_04,1.0,1.0,1.0,0.0,0.0,0.0,0.0,0.0,0.0,0.0,1.0,1.0,1.0,1.0,0.0,1.0,0.0,0.0,0.0,0,0,0,1,0,0,0,0,0,0,101
train,vgr_train_storage_cycle_04,0.0,0.0,0.0,0.0,0.0,1.0,1.0,397.0,25.0,33.0,1.0,1.0,1.0,1.0,0.0,1.0,0.0,0.0,1.0,0,0,0,1,0,0,0,0,0,0,102
train,vgr_train_storage_cycle_04,0.0,0.0,0.0,0.0,0.0,1.0,1.0,1449.0,905.0,702.0,0.0,1.0,1.0,0.0,0.0,1.0,3252.0,2869.0,1.0,0,0,0,1,0,0,0,0,0,0,103
train,vgr_train_storage_cycle_04,0.0,0.0,0.0,0.0,0.0,1.0,1.0,2455.0,152.0,426.0,0.0,1.0,1.0,0.0,0.0,1.0,2885.0,2869.0,1.0,0,0,0,1,0,0,0,0,0,0,102
train,vgr_train_storage_cycle_04,0.0,0.0,0.0,0.0,0.0,1.0,1.0,1448.0,910.0,704.0,0.0,0.0,1.0,0.0,1.0,0.0,2799.0,18.0,1.0,0,0,0,1,0,0,0,0,0,0,104
train,vgr_train_storage_cycle_04,1.0,0.0,0.0,1.0,1.0,1.0,1.0,0.0,604.0,5348.0,0.0,1.0,0.0,0.0,1.0,0.0,2799.0,18.0,1.0,0,0,0,1,0,0,0,0,0,0,105
train,vgr_train_storage_cycle_04,0.0,0.0,0.0,0.0,0.0,0.0,0.0,396.0,604.0,5348.0,0.0,1.0,0.0,0.0,1.0,0.0,2799.0,18.0,1.0,0,0,0,1,0,0,0,0,0,0,0
train,vgr_train_storage_cycle_04,0.0,0.0,0.0,0.0,0.0,0.0,0.0,396.0,604.0,5348.0,0.0,0.0,1.0,0.0,1.0,0.0,2799.0,18.0,1.0,0,0,0,1,0,0,0,0,0,0,0
train,vgr_train_storage_cycle_04,0.0,0.0,0.0,0.0,0.0,0.0,0.0,396.0,604.0,5348.0,0.0,1.0,1.0,0.0,0.0,1.0,2878.0,2870.0,1.0,0,0,0,1,0,0,0,0,0,0,0
train,vgr_train_storage_cycle_04,0.0,0.0,0.0,0.0,0.0,0.0,0.0,396.0,604.0,5348.0,0.0,1.0,1.0,0.0,0.0,1.0,3250.0,2870.0,1.0,0,0,0,1,0,0,0,0,0,0,301
train,vgr_train_storage_cycle_04,1.0,1.0,1.0,0.0,0.0,0.0,0.0,0.0,0.0,0.0,1.0,1.0,1.0,1.0,0.0,1.0,0.0,0.0,1.0,0,0,0,0,1,0,0,0,0,0,0
train,vgr_train_storage_cycle_04,1.0,1.0,1.0,0.0,0.0,0.0,0.0,0.0,0.0,0.0,1.0,1.0,1.0,1.0,0.0,1.0,0.0,0.0,1.0,0,0,0,0,1,0,0,0,0,0,0
train,vgr_train_storage_cycle_04,1.0,1.0,1.0,0.0,0.0,0.0,0.0,0.0,0.0,0.0,1.0,1.0,1.0,1.0,0.0,1.0,0.0,0.0,1.0,0,0,0,0,1,0,0,0,0,0,0
train,vgr_train_storage_cycle_04,1.0,1.0,1.0,0.0,0.0,0.0,0.0,0.0,0.0,0.0,1.0,1.0,1.0,1.0,0.0,1.0,0.0,0.0,1.0,0,0,0,0,1,0,0,0,0,0,0
train,vgr_train_storage_cycle_04,1.0,1.0,1.0,0.0,0.0,0.0,0.0,0.0,0.0,0.0,1.0,1.0,1.0,1.0,0.0,1.0,0.0,0.0,1.0,0,0,0,0,1,0,0,0,0,0,0
train,vgr_train_storage_cycle_04,1.0,1.0,1.0,0.0,0.0,0.0,0.0,0.0,0.0,0.0,1.0,1.0,1.0,1.0,0.0,1.0,0.0,0.0,1.0,0,0,0,0,1,0,0,0,0,0,0
train,vgr_train_storage_cycle_04,1.0,1.0,1.0,0.0,0.0,0.0,0.0,0.0,0.0,0.0,1.0,1.0,1.0,1.0,0.0,1.0,0.0,0.0,1.0,0,0,0,0,1,0,0,0,0,0,0
train,vgr_train_storage_cycle_04,1.0,1.0,1.0,0.0,0.0,0.0,0.0,0.0,0.0,0.0,1.0,1.0,1.0,1.0,0.0,1.0,0.0,0.0,1.0,0,0,0,0,1,0,0,0,0,0,0
train,vgr_train_storage_cycle_04,1.0,1.0,1.0,0.0,0.0,0.0,0.0,0.0,0.0,0.0,1.0,1.0,1.0,1.0,0.0,1.0,0.0,0.0,1.0,0,0,0,0,1,0,0,0,0,0,0
train,vgr_train_storage_cycle_04,1.0,1.0,1.0,0.0,0.0,0.0,0.0,0.0,0.0,0.0,1.0,1.0,1.0,1.0,0.0,1.0,0.0,0.0,1.0,0,0,0,0,1,0,0,0,0,0,0
train,vgr_train_storage_cycle_04,1.0,1.0,1.0,0.0,0.0,0.0,0.0,0.0,0.0,0.0,1.0,1.0,1.0,1.0,0.0,1.0,0.0,0.0,1.0,0,0,0,0,1,0,0,0,0,0,0
train,vgr_train_storage_cycle_04,1.0,1.0,1.0,0.0,0.0,0.0,0.0,0.0,0.0,0.0,1.0,1.0,1.0,1.0,0.0,1.0,0.0,0.0,1.0,0,0,0,0,1,0,0,0,0,0,0
train,vgr_train_storage_cycle_04,1.0,1.0,1.0,0.0,0.0,0.0,0.0,0.0,0.0,0.0,1.0,1.0,1.0,1.0,0.0,1.0,0.0,0.0,1.0,0,0,0,0,1,0,0,0,0,0,0
train,vgr_train_storage_cycle_04,1.0,1.0,1.0,0.0,0.0,0.0,0.0,0.0,0.0,0.0,1.0,1.0,1.0,1.0,0.0,1.0,0.0,0.0,1.0,0,0,0,0,1,0,0,0,0,0,0
train,vgr_train_storage_cycle_04,1.0,1.0,1.0,0.0,0.0,0.0,0.0,0.0,0.0,0.0,1.0,1.0,1.0,1.0,0.0,1.0,0.0,0.0,1.0,0,0,0,0,1,0,0,0,0,0,0
train,vgr_train_storage_cycle_04,1.0,1.0,1.0,0.0,0.0,0.0,0.0,0.0,0.0,0.0,1.0,1.0,1.0,1.0,0.0,1.0,0.0,0.0,1.0,0,0,0,0,1,0,0,0,0,0,0
train,vgr_train_storage_cycle_04,1.0,1.0,1.0,0.0,0.0,0.0,0.0,0.0,0.0,0.0,1.0,1.0,1.0,1.0,0.0,1.0,0.0,0.0,0.0,0,0,0,0,1,0,0,0,0,0,101
train,vgr_train_storage_cycle_04,0.0,0.0,0.0,0.0,0.0,1.0,1.0,394.0,25.0,29.0,1.0,1.0,1.0,1.0,0.0,1.0,0.0,0.0,1.0,0,0,0,0,1,0,0,0,0,0,102
train,vgr_train_storage_cycle_04,0.0,0.0,0.0,0.0,0.0,1.0,1.0,1449.0,905.0,703.0,0.0,1.0,1.0,0.0,0.0,1.0,399.0,5199.0,1.0,0,0,0,0,1,0,0,0,0,0,103
train,vgr_train_storage_cycle_04,0.0,0.0,0.0,0.0,0.0,1.0,1.0,2454.0,157.0,424.0,0.0,1.0,1.0,0.0,0.0,1.0,32.0,5199.0,1.0,0,0,0,0,1,0,0,0,0,0,102
train,vgr_train_storage_cycle_04,0.0,0.0,0.0,0.0,0.0,1.0,1.0,1446.0,907.0,699.0,0.0,0.0,1.0,0.0,1.0,0.0,2803.0,17.0,1.0,0,0,0,0,1,0,0,0,0,0,104
train,vgr_train_storage_cycle_04,1.0,0.0,0.0,0.0,0.0,1.0,1.0,0.0,605.0,5349.0,0.0,1.0,0.0,0.0,1.0,0.0,2803.0,17.0,1.0,0,0,0,0,1,0,0,0,0,0,105
train,vgr_train_storage_cycle_04,0.0,0.0,0.0,0.0,0.0,0.0,0.0,400.0,605.0,5349.0,0.0,1.0,0.0,0.0,1.0,0.0,2803.0,17.0,1.0,0,0,0,0,1,0,0,0,0,0,0
train,vgr_train_storage_cycle_04,0.0,0.0,0.0,0.0,0.0,0.0,0.0,400.0,605.0,5349.0,0.0,0.0,1.0,0.0,1.0,0.0,2803.0,17.0,1.0,0,0,0,0,1,0,0,0,0,0,0
train,vgr_train_storage_cycle_04,0.0,0.0,0.0,0.0,0.0,0.0,0.0,400.0,605.0,5349.0,0.0,1.0,1.0,0.0,0.0,1.0,35.0,5199.0,1.0,0,0,0,0,1,0,0,0,0,0,0
train,vgr_train_storage_cycle_04,0.0,0.0,0.0,0.0,0.0,0.0,0.0,400.0,605.0,5349.0,0.0,1.0,1.0,0.0,0.0,1.0,401.0,5199.0,1.0,0,0,0,0,1,0,0,0,0,0,301
train,vgr_train_storage_cycle_04,1.0,1.0,1.0,0.0,0.0,0.0,0.0,0.0,0.0,0.0,1.0,1.0,1.0,1.0,0.0,1.0,0.0,0.0,1.0,0,0,0,0,0,1,0,0,0,0,0
train,vgr_train_storage_cycle_04,1.0,1.0,1.0,0.0,0.0,0.0,0.0,0.0,0.0,0.0,1.0,1.0,1.0,1.0,0.0,1.0,0.0,0.0,1.0,0,0,0,0,0,1,0,0,0,0,0
train,vgr_train_storage_cycle_04,1.0,1.0,1.0,0.0,0.0,0.0,0.0,0.0,0.0,0.0,1.0,1.0,1.0,1.0,0.0,1.0,0.0,0.0,1.0,0,0,0,0,0,1,0,0,0,0,0
train,vgr_train_storage_cycle_04,1.0,1.0,1.0,0.0,0.0,0.0,0.0,0.0,0.0,0.0,1.0,1.0,1.0,1.0,0.0,1.0,0.0,0.0,1.0,0,0,0,0,0,1,0,0,0,0,0
train,vgr_train_storage_cycle_04,1.0,1.0,1.0,0.0,0.0,0.0,0.0,0.0,0.0,0.0,1.0,1.0,1.0,1.0,0.0,1.0,0.0,0.0,0.0,0,0,0,0,0,1,0,0,0,0,101
train,vgr_train_storage_cycle_04,0.0,0.0,0.0,0.0,0.0,1.0,1.0,395.0,25.0,32.0,1.0,1.0,1.0,1.0,0.0,1.0,0.0,0.0,1.0,0,0,0,0,0,1,0,0,0,0,102
train,vgr_train_storage_cycle_04,0.0,0.0,0.0,0.0,0.0,1.0,1.0,1448.0,905.0,704.0,0.0,1.0,1.0,0.0,0.0,1.0,1754.0,5201.0,1.0,0,0,0,0,0,1,0,0,0,0,103
train,vgr_train_storage_cycle_04,0.0,0.0,0.0,0.0,0.0,1.0,1.0,2462.0,157.0,426.0,0.0,1.0,1.0,0.0,0.0,1.0,1386.0,5201.0,1.0,0,0,0,0,0,1,0,0,0,0,102
train,vgr_train_storage_cycle_04,0.0,0.0,0.0,0.0,0.0,1.0,1.0,1448.0,903.0,706.0,0.0,0.0,1.0,0.0,1.0,0.0,2800.0,17.0,1.0,0,0,0,0,0,1,0,0,0,0,104
train,vgr_train_storage_cycle_04,1.0,0.0,0.0,0.0,0.0,1.0,1.0,0.0,607.0,5351.0,0.0,1.0,0.0,0.0,1.0,0.0,2800.0,17.0,1.0,0,0,0,0,0,1,0,0,0,0,105
train,vgr_train_storage_cycle_04,0.0,0.0,0.0,0.0,0.0,0.0,0.0,399.0,607.0,5351.0,0.0,1.0,0.0,0.0,1.0,0.0,2800.0,17.0,1.0,0,0,0,0,0,1,0,0,0,0,0
train,vgr_train_storage_cycle_04,0.0,0.0,0.0,0.0,0.0,0.0,0.0,399.0,607.0,5351.0,0.0,0.0,1.0,0.0,1.0,0.0,2800.0,17.0,1.0,0,0,0,0,0,1,0,0,0,0,0
train,vgr_train_storage_cycle_04,0.0,0.0,0.0,0.0,0.0,0.0,0.0,399.0,607.0,5351.0,0.0,1.0,1.0,0.0,0.0,1.0,1383.0,5198.0,1.0,0,0,0,0,0,1,0,0,0,0,0
train,vgr_train_storage_cycle_04,0.0,0.0,0.0,0.0,0.0,0.0,0.0,399.0,607.0,5351.0,0.0,1.0,1.0,0.0,0.0,1.0,1752.0,5198.0,1.0,0,0,0,0,0,1,0,0,0,0,301
train,vgr_train_storage_cycle_04,1.0,1.0,1.0,0.0,0.0,0.0,0.0,0.0,0.0,0.0,1.0,1.0,1.0,1.0,0.0,1.0,0.0,0.0,1.0,0,0,0,0,0,0,1,0,0,0,0
train,vgr_train_storage_cycle_04,1.0,1.0,1.0,0.0,0.0,0.0,0.0,0.0,0.0,0.0,1.0,1.0,1.0,1.0,0.0,1.0,0.0,0.0,1.0,0,0,0,0,0,0,1,0,0,0,0
train,vgr_train_storage_cycle_04,1.0,1.0,1.0,0.0,0.0,0.0,0.0,0.0,0.0,0.0,1.0,1.0,1.0,1.0,0.0,1.0,0.0,0.0,1.0,0,0,0,0,0,0,1,0,0,0,0
train,vgr_train_storage_cycle_04,1.0,1.0,1.0,0.0,0.0,0.0,0.0,0.0,0.0,0.0,1.0,1.0,1.0,1.0,0.0,1.0,0.0,0.0,1.0,0,0,0,0,0,0,1,0,0,0,0
train,vgr_train_storage_cycle_04,1.0,1.0,1.0,0.0,0.0,0.0,0.0,0.0,0.0,0.0,1.0,1.0,1.0,1.0,0.0,1.0,0.0,0.0,1.0,0,0,0,0,0,0,1,0,0,0,0
train,vgr_train_storage_cycle_04,1.0,1.0,1.0,0.0,0.0,0.0,0.0,0.0,0.0,0.0,1.0,1.0,1.0,1.0,0.0,1.0,0.0,0.0,1.0,0,0,0,0,0,0,1,0,0,0,0
train,vgr_train_storage_cycle_04,1.0,1.0,1.0,0.0,0.0,0.0,0.0,0.0,0.0,0.0,1.0,1.0,1.0,1.0,0.0,1.0,0.0,0.0,0.0,0,0,0,0,0,0,1,0,0,0,101
train,vgr_train_storage_cycle_04,0.0,0.0,0.0,0.0,0.0,1.0,1.0,396.0,26.0,33.0,1.0,1.0,1.0,1.0,0.0,1.0,0.0,0.0,1.0,0,0,0,0,0,0,1,0,0,0,102
train,vgr_train_storage_cycle_04,0.0,0.0,0.0,0.0,0.0,1.0,1.0,1451.0,908.0,704.0,0.0,1.0,1.0,0.0,0.0,1.0,3253.0,5199.0,1.0,0,0,0,0,0,0,1,0,0,0,103
train,vgr_train_storage_cycle_04,0.0,0.0,0.0,0.0,0.0,1.0,1.0,2458.0,156.0,423.0,0.0,1.0,1.0,0.0,0.0,1.0,2883.0,5199.0,1.0,0,0,0,0,0,0,1,0,0,0,102
train,vgr_train_storage_cycle_04,0.0,0.0,0.0,0.0,0.0,1.0,1.0,1448.0,908.0,703.0,0.0,0.0,1.0,0.0,1.0,0.0,2802.0,17.0,1.0,0,0,0,0,0,0,1,0,0,0,104
train,vgr_train_storage_cycle_04,1.0,0.0,0.0,0.0,0.0,1.0,1.0,0.0,604.0,5352.0,0.0,1.0,0.0,0.0,1.0,0.0,2802.0,17.0,1.0,0,0,0,0,0,0,1,0,0,0,105
train,vgr_train_storage_cycle_04,0.0,0.0,0.0,0.0,0.0,0.0,0.0,400.0,604.0,5352.0,0.0,1.0,0.0,0.0,1.0,0.0,2802.0,17.0,1.0,0,0,0,0,0,0,1,0,0,0,0
train,vgr_train_storage_cycle_04,0.0,0.0,0.0,0.0,0.0,0.0,0.0,400.0,604.0,5352.0,0.0,0.0,1.0,0.0,1.0,0.0,2802.0,17.0,1.0,0,0,0,0,0,0,1,0,0,0,0
train,vgr_train_storage_cycle_04,0.0,0.0,0.0,0.0,0.0,0.0,0.0,400.0,604.0,5352.0,0.0,1.0,1.0,0.0,0.0,1.0,2881.0,5198.0,1.0,0,0,0,0,0,0,1,0,0,0,0
train,vgr_train_storage_cycle_04,0.0,0.0,0.0,0.0,0.0,0.0,0.0,400.0,604.0,5352.0,0.0,1.0,1.0,0.0,0.0,1.0,3250.0,5198.0,1.0,0,0,0,0,0,0,1,0,0,0,301
train,vgr_train_storage_cycle_04,1.0,1.0,1.0,0.0,0.0,0.0,0.0,0.0,0.0,0.0,1.0,1.0,1.0,1.0,0.0,1.0,0.0,0.0,1.0,0,0,0,0,0,0,0,1,0,0,0
train,vgr_train_storage_cycle_04,1.0,1.0,1.0,0.0,0.0,0.0,0.0,0.0,0.0,0.0,1.0,1.0,1.0,1.0,0.0,1.0,0.0,0.0,1.0,0,0,0,0,0,0,0,1,0,0,0
train,vgr_train_storage_cycle_04,1.0,1.0,1.0,0.0,0.0,0.0,0.0,0.0,0.0,0.0,1.0,1.0,1.0,1.0,0.0,1.0,0.0,0.0,1.0,0,0,0,0,0,0,0,1,0,0,0
train,vgr_train_storage_cycle_04,1.0,1.0,1.0,0.0,0.0,0.0,0.0,0.0,0.0,0.0,1.0,1.0,1.0,1.0,0.0,1.0,0.0,0.0,1.0,0,0,0,0,0,0,0,1,0,0,0
train,vgr_train_storage_cycle_04,1.0,1.0,1.0,0.0,0.0,0.0,0.0,0.0,0.0,0.0,1.0,1.0,1.0,1.0,0.0,1.0,0.0,0.0,1.0,0,0,0,0,0,0,0,1,0,0,0
train,vgr_train_storage_cycle_04,1.0,1.0,1.0,0.0,0.0,0.0,0.0,0.0,0.0,0.0,1.0,1.0,1.0,1.0,0.0,1.0,0.0,0.0,1.0,0,0,0,0,0,0,0,1,0,0,0
train,vgr_train_storage_cycle_04,1.0,1.0,1.0,0.0,0.0,0.0,0.0,0.0,0.0,0.0,1.0,1.0,1.0,1.0,0.0,1.0,0.0,0.0,1.0,0,0,0,0,0,0,0,1,0,0,0
train,vgr_train_storage_cycle_04,1.0,1.0,1.0,0.0,0.0,0.0,0.0,0.0,0.0,0.0,1.0,1.0,1.0,1.0,0.0,1.0,0.0,0.0,1.0,0,0,0,0,0,0,0,1,0,0,0
train,vgr_train_storage_cycle_04,1.0,1.0,1.0,0.0,0.0,0.0,0.0,0.0,0.0,0.0,1.0,1.0,1.0,1.0,0.0,1.0,0.0,0.0,1.0,0,0,0,0,0,0,0,1,0,0,0
train,vgr_train_storage_cycle_04,1.0,1.0,1.0,0.0,0.0,0.0,0.0,0.0,0.0,0.0,1.0,1.0,1.0,1.0,0.0,1.0,0.0,0.0,1.0,0,0,0,0,0,0,0,1,0,0,0
train,vgr_train_storage_cycle_04,1.0,1.0,1.0,0.0,0.0,0.0,0.0,0.0,0.0,0.0,1.0,1.0,1.0,1.0,0.0,1.0,0.0,0.0,1.0,0,0,0,0,0,0,0,1,0,0,0
train,vgr_train_storage_cycle_04,1.0,1.0,1.0,0.0,0.0,0.0,0.0,0.0,0.0,0.0,1.0,1.0,1.0,1.0,0.0,1.0,0.0,0.0,1.0,0,0,0,0,0,0,0,1,0,0,0
train,vgr_train_storage_cycle_04,1.0,1.0,1.0,0.0,0.0,0.0,0.0,0.0,0.0,0.0,1.0,1.0,1.0,1.0,0.0,1.0,0.0,0.0,1.0,0,0,0,0,0,0,0,1,0,0,0
train,vgr_train_storage_cycle_04,1.0,1.0,1.0,0.0,0.0,0.0,0.0,0.0,0.0,0.0,1.0,1.0,1.0,1.0,0.0,1.0,0.0,0.0,1.0,0,0,0,0,0,0,0,1,0,0,0
train,vgr_train_storage_cycle_04,1.0,1.0,1.0,0.0,0.0,0.0,0.0,0.0,0.0,0.0,1.0,1.0,1.0,1.0,0.0,1.0,0.0,0.0,1.0,0,0,0,0,0,0,0,1,0,0,0
train,vgr_train_storage_cycle_04,1.0,1.0,1.0,0.0,0.0,0.0,0.0,0.0,0.0,0.0,1.0,1.0,1.0,1.0,0.0,1.0,0.0,0.0,0.0,0,0,0,0,0,0,0,1,0,0,101
train,vgr_train_storage_cycle_04,0.0,0.0,0.0,0.0,0.0,1.0,1.0,398.0,26.0,33.0,1.0,1.0,1.0,1.0,0.0,1.0,0.0,0.0,1.0,0,0,0,0,0,0,0,1,0,0,102
train,vgr_train_storage_cycle_04,0.0,0.0,0.0,0.0,0.0,1.0,1.0,1453.0,906.0,705.0,0.0,1.0,1.0,0.0,0.0,1.0,399.0,7560.0,1.0,0,0,0,0,0,0,0,1,0,0,103
train,vgr_train_storage_cycle_04,0.0,0.0,0.0,0.0,0.0,1.0,1.0,2460.0,157.0,426.0,0.0,1.0,1.0,0.0,0.0,1.0,36.0,7560.0,1.0,0,0,0,0,0,0,0,1,0,0,102
train,vgr_train_storage_cycle_04,0.0,0.0,0.0,0.0,0.0,1.0,1.0,1450.0,909.0,700.0,0.0,0.0,1.0,0.0,1.0,0.0,2802.0,17.0,1.0,0,0,0,0,0,0,0,1,0,0,104
train,vgr_train_storage_cycle_04,1.0,0.0,0.0,0.0,0.0,1.0,1.0,0.0,603.0,5350.0,0.0,1.0,0.0,0.0,1.0,0.0,2802.0,17.0,1.0,0,0,0,0,0,0,0,1,0,0,105
train,vgr_train_storage_cycle_04,0.0,0.0,0.0,0.0,0.0,0.0,0.0,400.0,603.0,5350.0,0.0,1.0,0.0,0.0,1.0,0.0,2802.0,17.0,1.0,0,0,0,0,0,0,0,1,0,0,0
train,vgr_train_storage_cycle_04,0.0,0.0,0.0,0.0,0.0,0.0,0.0,400.0,603.0,5350.0,0.0,0.0,1.0,0.0,1.0,0.0,2802.0,17.0,1.0,0,0,0,0,0,0,0,1,0,0,0
train,vgr_train_storage_cycle_04,0.0,0.0,0.0,0.0,0.0,0.0,0.0,400.0,603.0,5350.0,0.0,1.0,1.0,0.0,0.0,1.0,34.0,7559.0,1.0,0,0,0,0,0,0,0,1,0,0,0
train,vgr_train_storage_cycle_04,0.0,0.0,0.0,0.0,0.0,0.0,0.0,400.0,603.0,5350.0,0.0,1.0,1.0,0.0,0.0,1.0,403.0,7559.0,1.0,0,0,0,0,0,0,0,1,0,0,301
train,vgr_train_storage_cycle_04,1.0,1.0,1.0,0.0,0.0,0.0,0.0,0.0,0.0,0.0,1.0,1.0,1.0,1.0,0.0,1.0,0.0,0.0,1.0,0,0,0,0,0,0,0,0,1,0,0
train,vgr_train_storage_cycle_04,1.0,1.0,1.0,0.0,0.0,0.0,0.0,0.0,0.0,0.0,1.0,1.0,1.0,1.0,0.0,1.0,0.0,0.0,1.0,0,0,0,0,0,0,0,0,1,0,0
train,vgr_train_storage_cycle_04,1.0,1.0,1.0,0.0,0.0,0.0,0.0,0.0,0.0,0.0,1.0,1.0,1.0,1.0,0.0,1.0,0.0,0.0,1.0,0,0,0,0,0,0,0,0,1,0,0
train,vgr_train_storage_cycle_04,1.0,1.0,1.0,0.0,0.0,0.0,0.0,0.0,0.0,0.0,1.0,1.0,1.0,1.0,0.0,1.0,0.0,0.0,1.0,0,0,0,0,0,0,0,0,1,0,0
train,vgr_train_storage_cycle_04,1.0,1.0,1.0,0.0,0.0,0.0,0.0,0.0,0.0,0.0,1.0,1.0,1.0,1.0,0.0,1.0,0.0,0.0,1.0,0,0,0,0,0,0,0,0,1,0,0
train,vgr_train_storage_cycle_04,1.0,1.0,1.0,0.0,0.0,0.0,0.0,0.0,0.0,0.0,1.0,1.0,1.0,1.0,0.0,1.0,0.0,0.0,1.0,0,0,0,0,0,0,0,0,1,0,0
train,vgr_train_storage_cycle_04,1.0,1.0,1.0,0.0,0.0,0.0,0.0,0.0,0.0,0.0,1.0,1.0,1.0,1.0,0.0,1.0,0.0,0.0,1.0,0,0,0,0,0,0,0,0,1,0,0
train,vgr_train_storage_cycle_04,1.0,1.0,1.0,0.0,0.0,0.0,0.0,0.0,0.0,0.0,1.0,1.0,1.0,1.0,0.0,1.0,0.0,0.0,1.0,0,0,0,0,0,0,0,0,1,0,0
train,vgr_train_storage_cycle_04,1.0,1.0,1.0,0.0,0.0,0.0,0.0,0.0,0.0,0.0,1.0,1.0,1.0,1.0,0.0,1.0,0.0,0.0,1.0,0,0,0,0,0,0,0,0,1,0,0
train,vgr_train_storage_cycle_04,1.0,1.0,1.0,0.0,0.0,0.0,0.0,0.0,0.0,0.0,1.0,1.0,1.0,1.0,0.0,1.0,0.0,0.0,1.0,0,0,0,0,0,0,0,0,1,0,0
train,vgr_train_storage_cycle_04,1.0,1.0,1.0,0.0,0.0,0.0,0.0,0.0,0.0,0.0,1.0,1.0,1.0,1.0,0.0,1.0,0.0,0.0,1.0,0,0,0,0,0,0,0,0,1,0,0
train,vgr_train_storage_cycle_04,1.0,1.0,1.0,0.0,0.0,0.0,0.0,0.0,0.0,0.0,1.0,1.0,1.0,1.0,0.0,1.0,0.0,0.0,1.0,0,0,0,0,0,0,0,0,1,0,0
train,vgr_train_storage_cycle_04,1.0,1.0,1.0,0.0,0.0,0.0,0.0,0.0,0.0,0.0,1.0,1.0,1.0,1.0,0.0,1.0,0.0,0.0,1.0,0,0,0,0,0,0,0,0,1,0,0
train,vgr_train_storage_cycle_04,1.0,1.0,1.0,0.0,0.0,0.0,0.0,0.0,0.0,0.0,1.0,1.0,1.0,1.0,0.0,1.0,0.0,0.0,1.0,0,0,0,0,0,0,0,0,1,0,0
train,vgr_train_storage_cycle_04,1.0,1.0,1.0,0.0,0.0,0.0,0.0,0.0,0.0,0.0,1.0,1.0,1.0,1.0,0.0,1.0,0.0,0.0,1.0,0,0,0,0,0,0,0,0,1,0,0
train,vgr_train_storage_cycle_04,1.0,1.0,1.0,0.0,0.0,0.0,0.0,0.0,0.0,0.0,1.0,1.0,1.0,1.0,0.0,1.0,0.0,0.0,1.0,0,0,0,0,0,0,0,0,1,0,0
train,vgr_train_storage_cycle_04,1.0,1.0,1.0,0.0,0.0,0.0,0.0,0.0,0.0,0.0,1.0,1.0,1.0,1.0,0.0,1.0,0.0,0.0,1.0,0,0,0,0,0,0,0,0,1,0,0
train,vgr_train_storage_cycle_04,1.0,1.0,1.0,0.0,0.0,0.0,0.0,0.0,0.0,0.0,1.0,1.0,1.0,1.0,0.0,1.0,0.0,0.0,0.0,0,0,0,0,0,0,0,0,1,0,101
train,vgr_train_storage_cycle_04,0.0,0.0,0.0,0.0,0.0,1.0,1.0,390.0,26.0,32.0,1.0,1.0,1.0,1.0,0.0,1.0,0.0,0.0,1.0,0,0,0,0,0,0,0,0,1,0,102
train,vgr_train_storage_cycle_04,0.0,0.0,0.0,0.0,0.0,1.0,1.0,1447.0,906.0,700.0,0.0,1.0,1.0,0.0,0.0,1.0,1754.0,7559.0,1.0,0,0,0,0,0,0,0,0,1,0,103
train,vgr_train_storage_cycle_04,0.0,0.0,0.0,0.0,0.0,1.0,1.0,2456.0,156.0,424.0,0.0,1.0,1.0,0.0,0.0,1.0,1386.0,7559.0,1.0,0,0,0,0,0,0,0,0,1,0,102
train,vgr_train_storage_cycle_04,0.0,0.0,0.0,0.0,0.0,1.0,1.0,1446.0,904.0,703.0,0.0,0.0,1.0,0.0,1.0,0.0,2804.0,17.0,1.0,0,0,0,0,0,0,0,0,1,0,104
train,vgr_train_storage_cycle_04,1.0,0.0,0.0,0.0,0.0,1.0,1.0,0.0,606.0,5351.0,0.0,1.0,0.0,0.0,1.0,0.0,2804.0,17.0,1.0,0,0,0,0,0,0,0,0,1,0,105
train,vgr_train_storage_cycle_04,0.0,0.0,0.0,0.0,0.0,0.0,0.0,401.0,606.0,5351.0,0.0,1.0,0.0,0.0,1.0,0.0,2804.0,17.0,1.0,0,0,0,0,0,0,0,0,1,0,0
train,vgr_train_storage_cycle_04,0.0,0.0,0.0,0.0,0.0,0.0,0.0,401.0,606.0,5351.0,0.0,0.0,1.0,0.0,1.0,0.0,2804.0,17.0,1.0,0,0,0,0,0,0,0,0,1,0,0
train,vgr_train_storage_cycle_04,0.0,0.0,0.0,0.0,0.0,0.0,0.0,401.0,606.0,5351.0,0.0,1.0,1.0,0.0,0.0,1.0,1383.0,7559.0,1.0,0,0,0,0,0,0,0,0,1,0,0
train,vgr_train_storage_cycle_04,0.0,0.0,0.0,0.0,0.0,0.0,0.0,401.0,606.0,5351.0,0.0,1.0,1.0,0.0,0.0,1.0,1751.0,7559.0,1.0,0,0,0,0,0,0,0,0,1,0,301
train,vgr_train_storage_cycle_04,1.0,1.0,1.0,0.0,0.0,0.0,0.0,0.0,0.0,0.0,1.0,1.0,1.0,1.0,0.0,1.0,0.0,0.0,1.0,0,0,0,0,0,0,0,0,0,1,0
train,vgr_train_storage_cycle_04,1.0,1.0,1.0,0.0,0.0,0.0,0.0,0.0,0.0,0.0,1.0,1.0,1.0,1.0,0.0,1.0,0.0,0.0,1.0,0,0,0,0,0,0,0,0,0,1,0
train,vgr_train_storage_cycle_04,1.0,1.0,1.0,0.0,0.0,0.0,0.0,0.0,0.0,0.0,1.0,1.0,1.0,1.0,0.0,1.0,0.0,0.0,1.0,0,0,0,0,0,0,0,0,0,1,0
train,vgr_train_storage_cycle_04,1.0,1.0,1.0,0.0,0.0,0.0,0.0,0.0,0.0,0.0,1.0,1.0,1.0,1.0,0.0,1.0,0.0,0.0,1.0,0,0,0,0,0,0,0,0,0,1,0
train,vgr_train_storage_cycle_04,1.0,1.0,1.0,0.0,0.0,0.0,0.0,0.0,0.0,0.0,1.0,1.0,1.0,1.0,0.0,1.0,0.0,0.0,1.0,0,0,0,0,0,0,0,0,0,1,0
train,vgr_train_storage_cycle_04,1.0,1.0,1.0,0.0,0.0,0.0,0.0,0.0,0.0,0.0,1.0,1.0,1.0,1.0,0.0,1.0,0.0,0.0,1.0,0,0,0,0,0,0,0,0,0,1,0
train,vgr_train_storage_cycle_04,1.0,1.0,1.0,0.0,0.0,0.0,0.0,0.0,0.0,0.0,1.0,1.0,1.0,1.0,0.0,1.0,0.0,0.0,1.0,0,0,0,0,0,0,0,0,0,1,0
train,vgr_train_storage_cycle_04,1.0,1.0,1.0,0.0,0.0,0.0,0.0,0.0,0.0,0.0,1.0,1.0,1.0,1.0,0.0,1.0,0.0,0.0,1.0,0,0,0,0,0,0,0,0,0,1,0
train,vgr_train_storage_cycle_04,1.0,1.0,1.0,0.0,0.0,0.0,0.0,0.0,0.0,0.0,1.0,1.0,1.0,1.0,0.0,1.0,0.0,0.0,1.0,0,0,0,0,0,0,0,0,0,1,0
train,vgr_train_storage_cycle_04,1.0,1.0,1.0,0.0,0.0,0.0,0.0,0.0,0.0,0.0,1.0,1.0,1.0,1.0,0.0,1.0,0.0,0.0,1.0,0,0,0,0,0,0,0,0,0,1,0
train,vgr_train_storage_cycle_04,1.0,1.0,1.0,0.0,0.0,0.0,0.0,0.0,0.0,0.0,1.0,1.0,1.0,1.0,0.0,1.0,0.0,0.0,1.0,0,0,0,0,0,0,0,0,0,1,0
train,vgr_train_storage_cycle_04,1.0,1.0,1.0,0.0,0.0,0.0,0.0,0.0,0.0,0.0,1.0,1.0,1.0,1.0,0.0,1.0,0.0,0.0,1.0,0,0,0,0,0,0,0,0,0,1,0
train,vgr_train_storage_cycle_04,1.0,1.0,1.0,0.0,0.0,0.0,0.0,0.0,0.0,0.0,1.0,1.0,1.0,1.0,0.0,1.0,0.0,0.0,1.0,0,0,0,0,0,0,0,0,0,1,0
train,vgr_train_storage_cycle_04,1.0,1.0,1.0,0.0,0.0,0.0,0.0,0.0,0.0,0.0,1.0,1.0,1.0,1.0,0.0,1.0,0.0,0.0,1.0,0,0,0,0,0,0,0,0,0,1,0
train,vgr_train_storage_cycle_04,1.0,1.0,1.0,0.0,0.0,0.0,0.0,0.0,0.0,0.0,1.0,1.0,1.0,1.0,0.0,1.0,0.0,0.0,1.0,0,0,0,0,0,0,0,0,0,1,0
train,vgr_train_storage_cycle_04,1.0,1.0,1.0,0.0,0.0,0.0,0.0,0.0,0.0,0.0,1.0,1.0,1.0,1.0,0.0,1.0,0.0,0.0,1.0,0,0,0,0,0,0,0,0,0,1,0
train,vgr_train_storage_cycle_04,1.0,1.0,1.0,0.0,0.0,0.0,0.0,0.0,0.0,0.0,1.0,1.0,1.0,1.0,0.0,1.0,0.0,0.0,1.0,0,0,0,0,0,0,0,0,0,1,0
train,vgr_train_storage_cycle_04,1.0,1.0,1.0,0.0,0.0,0.0,0.0,0.0,0.0,0.0,1.0,1.0,1.0,1.0,0.0,1.0,0.0,0.0,0.0,0,0,0,0,0,0,0,0,0,1,101
train,vgr_train_storage_cycle_04,0.0,0.0,0.0,0.0,0.0,1.0,1.0,396.0,26.0,34.0,1.0,1.0,1.0,1.0,0.0,1.0,0.0,0.0,1.0,0,0,0,0,0,0,0,0,0,1,102
train,vgr_train_storage_cycle_04,0.0,0.0,0.0,0.0,0.0,1.0,1.0,1452.0,910.0,704.0,0.0,1.0,1.0,0.0,0.0,1.0,3250.0,7556.0,1.0,0,0,0,0,0,0,0,0,0,1,103
train,vgr_train_storage_cycle_04,0.0,0.0,0.0,0.0,0.0,1.0,1.0,2460.0,156.0,424.0,0.0,1.0,1.0,0.0,0.0,1.0,2887.0,7556.0,1.0,0,0,0,0,0,0,0,0,0,1,102
train,vgr_train_storage_cycle_04,0.0,0.0,0.0,0.0,0.0,1.0,1.0,1449.0,908.0,702.0,0.0,0.0,1.0,0.0,1.0,0.0,2802.0,19.0,1.0,0,0,0,0,0,0,0,0,0,1,104
train,vgr_train_storage_cycle_04,1.0,0.0,0.0,0.0,1.0,1.0,1.0,0.0,483.0,5348.0,0.0,1.0,0.0,0.0,1.0,0.0,2802.0,19.0,1.0,0,0,0,0,0,0,0,0,0,1,105
train,vgr_train_storage_cycle_04,0.0,0.0,0.0,0.0,0.0,0.0,0.0,398.0,608.0,5348.0,0.0,1.0,0.0,0.0,1.0,0.0,2802.0,19.0,1.0,0,0,0,0,0,0,0,0,0,1,0
train,vgr_train_storage_cycle_04,0.0,0.0,0.0,0.0,0.0,0.0,0.0,398.0,608.0,5348.0,0.0,0.0,1.0,0.0,1.0,0.0,2802.0,19.0,1.0,0,0,0,0,0,0,0,0,0,1,0
train,vgr_train_storage_cycle_04,0.0,0.0,0.0,0.0,0.0,0.0,0.0,398.0,608.0,5348.0,0.0,1.0,1.0,0.0,0.0,1.0,2883.0,7560.0,1.0,0,0,0,0,0,0,0,0,0,1,0
train,vgr_train_storage_cycle_04,0.0,0.0,0.0,0.0,0.0,0.0,0.0,398.0,608.0,5348.0,0.0,1.0,1.0,0.0,0.0,1.0,3252.0,7560.0,1.0,0,0,0,0,0,0,0,0,0,1,301
train,vgr_train_storage_cycle_04,1.0,1.0,1.0,0.0,0.0,0.0,0.0,0.0,0.0,0.0,1.0,1.0,1.0,1.0,0.0,1.0,0.0,0.0,1.0,1,0,0,0,0,0,0,0,0,0,0
train,vgr_train_storage_cycle_04,1.0,1.0,1.0,0.0,0.0,0.0,0.0,0.0,0.0,0.0,1.0,1.0,1.0,1.0,0.0,1.0,0.0,0.0,1.0,1,0,0,0,0,0,0,0,0,0,0
train,vgr_train_storage_cycle_04,1.0,1.0,1.0,0.0,0.0,0.0,0.0,0.0,0.0,0.0,1.0,1.0,1.0,1.0,0.0,1.0,0.0,0.0,1.0,1,0,0,0,0,0,0,0,0,0,0
train,vgr_train_storage_cycle_04,1.0,1.0,1.0,0.0,0.0,0.0,0.0,0.0,0.0,0.0,1.0,1.0,1.0,1.0,0.0,1.0,0.0,0.0,1.0,1,0,0,0,0,0,0,0,0,0,0
train,vgr_train_storage_cycle_04,1.0,1.0,1.0,0.0,0.0,0.0,0.0,0.0,0.0,0.0,1.0,1.0,1.0,1.0,0.0,1.0,0.0,0.0,1.0,1,0,0,0,0,0,0,0,0,0,0
train,vgr_train_storage_cycle_04,1.0,1.0,1.0,0.0,0.0,0.0,0.0,0.0,0.0,0.0,1.0,1.0,1.0,1.0,0.0,1.0,0.0,0.0,1.0,1,0,0,0,0,0,0,0,0,0,0
train,vgr_train_storage_cycle_04,1.0,1.0,1.0,0.0,0.0,0.0,0.0,0.0,0.0,0.0,1.0,1.0,1.0,1.0,0.0,1.0,0.0,0.0,1.0,1,0,0,0,0,0,0,0,0,0,0
train,vgr_train_storage_cycle_04,1.0,1.0,1.0,0.0,0.0,0.0,0.0,0.0,0.0,0.0,1.0,1.0,1.0,1.0,0.0,1.0,0.0,0.0,1.0,1,0,0,0,0,0,0,0,0,0,0
train,vgr_train_storage_cycle_04,1.0,1.0,1.0,0.0,0.0,0.0,0.0,0.0,0.0,0.0,1.0,1.0,1.0,1.0,0.0,1.0,0.0,0.0,1.0,1,0,0,0,0,0,0,0,0,0,0
train,vgr_train_storage_cycle_04,1.0,1.0,1.0,0.0,0.0,0.0,0.0,0.0,0.0,0.0,1.0,1.0,1.0,1.0,0.0,1.0,0.0,0.0,1.0,1,0,0,0,0,0,0,0,0,0,0
train,vgr_train_storage_cycle_04,1.0,1.0,1.0,0.0,0.0,0.0,0.0,0.0,0.0,0.0,1.0,1.0,1.0,1.0,0.0,1.0,0.0,0.0,1.0,1,0,0,0,0,0,0,0,0,0,0
train,vgr_train_storage_cycle_04,1.0,1.0,1.0,0.0,0.0,0.0,0.0,0.0,0.0,0.0,1.0,1.0,1.0,1.0,0.0,1.0,0.0,0.0,1.0,1,0,0,0,0,0,0,0,0,0,0
train,vgr_train_storage_cycle_04,1.0,1.0,1.0,0.0,0.0,0.0,0.0,0.0,0.0,0.0,1.0,1.0,1.0,1.0,0.0,1.0,0.0,0.0,1.0,1,0,0,0,0,0,0,0,0,0,0
train,vgr_train_storage_cycle_04,1.0,1.0,1.0,0.0,0.0,0.0,0.0,0.0,0.0,0.0,1.0,1.0,1.0,1.0,0.0,1.0,0.0,0.0,1.0,1,0,0,0,0,0,0,0,0,0,0
train,vgr_train_storage_cycle_04,1.0,1.0,1.0,0.0,0.0,0.0,0.0,0.0,0.0,0.0,1.0,1.0,1.0,1.0,0.0,1.0,0.0,0.0,1.0,1,0,0,0,0,0,0,0,0,0,0
train,vgr_train_storage_cycle_04,1.0,1.0,1.0,0.0,0.0,0.0,0.0,0.0,0.0,0.0,1.0,1.0,1.0,1.0,0.0,1.0,0.0,0.0,1.0,1,0,0,0,0,0,0,0,0,0,0
train,vgr_train_storage_cycle_04,1.0,1.0,1.0,0.0,0.0,0.0,0.0,0.0,0.0,0.0,1.0,1.0,1.0,1.0,0.0,1.0,0.0,0.0,0.0,1,0,0,0,0,0,0,0,0,0,0
train,vgr_train_storage_cycle_04,1.0,1.0,1.0,0.0,0.0,0.0,0.0,0.0,0.0,0.0,1.0,1.0,1.0,1.0,0.0,1.0,0.0,0.0,1.0,1,0,0,0,0,0,0,0,0,0,0
train,vgr_train_storage_cycle_04,1.0,1.0,1.0,0.0,0.0,0.0,0.0,0.0,0.0,0.0,1.0,1.0,1.0,1.0,0.0,1.0,0.0,0.0,1.0,1,0,0,0,0,0,0,0,0,0,0
train,vgr_train_storage_cycle_04,1.0,1.0,1.0,0.0,0.0,0.0,0.0,0.0,0.0,0.0,1.0,1.0,1.0,1.0,0.0,1.0,0.0,0.0,1.0,1,0,0,0,0,0,0,0,0,0,0
train,vgr_train_storage_cycle_04,1.0,1.0,1.0,0.0,0.0,0.0,0.0,0.0,0.0,0.0,1.0,1.0,1.0,1.0,0.0,1.0,0.0,0.0,1.0,1,0,0,0,0,0,0,0,0,0,0
train,vgr_train_storage_cycle_04,1.0,1.0,1.0,0.0,0.0,0.0,0.0,0.0,0.0,0.0,1.0,1.0,1.0,1.0,0.0,1.0,0.0,0.0,1.0,1,0,0,0,0,0,0,0,0,0,0
train,vgr_train_storage_cycle_04,1.0,1.0,1.0,0.0,0.0,0.0,0.0,0.0,0.0,0.0,1.0,1.0,1.0,1.0,0.0,1.0,0.0,0.0,1.0,1,0,0,0,0,0,0,0,0,0,0
train,vgr_train_storage_cycle_04,1.0,1.0,1.0,0.0,0.0,0.0,0.0,0.0,0.0,0.0,1.0,1.0,1.0,1.0,0.0,1.0,0.0,0.0,1.0,1,0,0,0,0,0,0,0,0,0,0
train,vgr_train_storage_cycle_04,1.0,1.0,1.0,0.0,0.0,0.0,0.0,0.0,0.0,0.0,1.0,1.0,1.0,1.0,0.0,1.0,0.0,0.0,1.0,1,0,0,0,0,0,0,0,0,0,0
train,vgr_train_storage_cycle_04,1.0,1.0,1.0,0.0,0.0,0.0,0.0,0.0,0.0,0.0,1.0,1.0,1.0,1.0,0.0,1.0,0.0,0.0,1.0,1,0,0,0,0,0,0,0,0,0,0
train,vgr_train_storage_cycle_04,1.0,1.0,1.0,0.0,0.0,0.0,0.0,0.0,0.0,0.0,1.0,1.0,1.0,1.0,0.0,1.0,0.0,0.0,1.0,1,0,0,0,0,0,0,0,0,0,0
train,vgr_train_storage_cycle_04,1.0,1.0,1.0,0.0,0.0,0.0,0.0,0.0,0.0,0.0,1.0,1.0,1.0,1.0,0.0,1.0,0.0,0.0,1.0,1,0,0,0,0,0,0,0,0,0,0
train,vgr_train_storage_cycle_04,1.0,1.0,1.0,0.0,0.0,0.0,0.0,0.0,0.0,0.0,1.0,1.0,1.0,1.0,0.0,1.0,0.0,0.0,1.0,1,0,0,0,0,0,0,0,0,0,0
train,vgr_train_storage_cycle_04,1.0,1.0,1.0,0.0,0.0,0.0,0.0,0.0,0.0,0.0,1.0,1.0,1.0,1.0,0.0,1.0,0.0,0.0,1.0,1,0,0,0,0,0,0,0,0,0,0
train,vgr_train_storage_cycle_04,1.0,1.0,1.0,0.0,0.0,0.0,0.0,0.0,0.0,0.0,1.0,1.0,1.0,1.0,0.0,1.0,0.0,0.0,1.0,1,0,0,0,0,0,0,0,0,0,0
train,vgr_train_storage_cycle_04,1.0,1.0,1.0,0.0,0.0,0.0,0.0,0.0,0.0,0.0,1.0,1.0,1.0,1.0,0.0,1.0,0.0,0.0,1.0,1,0,0,0,0,0,0,0,0,0,0
train,vgr_train_storage_cycle_04,1.0,1.0,1.0,0.0,0.0,0.0,0.0,0.0,0.0,0.0,1.0,1.0,1.0,1.0,0.0,1.0,0.0,0.0,1.0,1,0,0,0,0,0,0,0,0,0,0
train,vgr_train_storage_cycle_04,1.0,1.0,1.0,0.0,0.0,0.0,0.0,0.0,0.0,0.0,1.0,1.0,1.0,1.0,0.0,1.0,0.0,0.0,0.0,1,0,0,0,0,0,0,0,0,0,0
train,vgr_train_storage_cycle_04,1.0,1.0,1.0,0.0,0.0,0.0,0.0,0.0,0.0,0.0,1.0,1.0,1.0,1.0,0.0,1.0,0.0,0.0,1.0,1,0,0,0,0,0,0,0,0,0,0
train,vgr_train_storage_cycle_04,1.0,1.0,1.0,0.0,0.0,0.0,0.0,0.0,0.0,0.0,1.0,1.0,1.0,1.0,0.0,1.0,0.0,0.0,1.0,1,0,0,0,0,0,0,0,0,0,0
train,vgr_train_storage_cycle_04,1.0,1.0,1.0,0.0,0.0,0.0,0.0,0.0,0.0,0.0,1.0,1.0,1.0,1.0,0.0,1.0,0.0,0.0,1.0,1,0,0,0,0,0,0,0,0,0,0
train,vgr_train_storage_cycle_04,1.0,1.0,1.0,0.0,0.0,0.0,0.0,0.0,0.0,0.0,1.0,1.0,1.0,1.0,0.0,1.0,0.0,0.0,1.0,1,0,0,0,0,0,0,0,0,0,0
train,vgr_train_storage_cycle_04,1.0,1.0,1.0,0.0,0.0,0.0,0.0,0.0,0.0,0.0,1.0,1.0,1.0,1.0,0.0,1.0,0.0,0.0,1.0,1,0,0,0,0,0,0,0,0,0,0
train,vgr_train_storage_cycle_04,1.0,1.0,1.0,0.0,0.0,0.0,0.0,0.0,0.0,0.0,1.0,1.0,1.0,1.0,0.0,1.0,0.0,0.0,1.0,1,0,0,0,0,0,0,0,0,0,0
train,vgr_train_storage_cycle_04,1.0,1.0,1.0,0.0,0.0,0.0,0.0,0.0,0.0,0.0,1.0,1.0,1.0,1.0,0.0,1.0,0.0,0.0,1.0,1,0,0,0,0,0,0,0,0,0,0
train,vgr_train_storage_cycle_04,1.0,1.0,1.0,0.0,0.0,0.0,0.0,0.0,0.0,0.0,1.0,1.0,1.0,1.0,0.0,1.0,0.0,0.0,1.0,1,0,0,0,0,0,0,0,0,0,0
train,vgr_train_storage_cycle_04,1.0,1.0,1.0,0.0,0.0,0.0,0.0,0.0,0.0,0.0,1.0,1.0,1.0,1.0,0.0,1.0,0.0,0.0,1.0,1,0,0,0,0,0,0,0,0,0,0
train,vgr_train_storage_cycle_04,1.0,1.0,1.0,0.0,0.0,0.0,0.0,0.0,0.0,0.0,1.0,1.0,1.0,1.0,0.0,1.0,0.0,0.0,0.0,1,0,0,0,0,0,0,0,0,0,0
train,vgr_train_storage_cycle_04,1.0,1.0,1.0,0.0,0.0,0.0,0.0,0.0,0.0,0.0,1.0,1.0,1.0,1.0,0.0,1.0,0.0,0.0,1.0,1,0,0,0,0,0,0,0,0,0,0
train,vgr_train_storage_cycle_04,1.0,1.0,1.0,0.0,0.0,0.0,0.0,0.0,0.0,0.0,1.0,1.0,1.0,1.0,0.0,1.0,0.0,0.0,1.0,1,0,0,0,0,0,0,0,0,0,0
train,vgr_train_storage_cycle_04,1.0,1.0,1.0,0.0,0.0,0.0,0.0,0.0,0.0,0.0,1.0,1.0,1.0,1.0,0.0,1.0,0.0,0.0,1.0,1,0,0,0,0,0,0,0,0,0,0
train,vgr_train_storage_cycle_04,1.0,1.0,1.0,0.0,0.0,0.0,0.0,0.0,0.0,0.0,1.0,1.0,1.0,1.0,0.0,1.0,0.0,0.0,1.0,1,0,0,0,0,0,0,0,0,0,0
train,vgr_train_storage_cycle_04,1.0,1.0,1.0,0.0,0.0,0.0,0.0,0.0,0.0,0.0,1.0,1.0,1.0,1.0,0.0,1.0,0.0,0.0,1.0,1,0,0,0,0,0,0,0,0,0,0
train,vgr_train_storage_cycle_04,1.0,1.0,1.0,0.0,0.0,0.0,0.0,0.0,0.0,0.0,1.0,1.0,1.0,1.0,0.0,1.0,0.0,0.0,1.0,1,0,0,0,0,0,0,0,0,0,0
train,vgr_train_storage_cycle_04,1.0,1.0,1.0,0.0,0.0,0.0,0.0,0.0,0.0,0.0,1.0,1.0,1.0,1.0,0.0,1.0,0.0,0.0,1.0,1,0,0,0,0,0,0,0,0,0,0
train,vgr_train_storage_cycle_04,1.0,1.0,1.0,0.0,0.0,0.0,0.0,0.0,0.0,0.0,1.0,1.0,1.0,1.0,0.0,1.0,0.0,0.0,1.0,1,0,0,0,0,0,0,0,0,0,0
train,vgr_train_storage_cycle_04,1.0,1.0,1.0,0.0,0.0,0.0,0.0,0.0,0.0,0.0,1.0,1.0,1.0,1.0,0.0,1.0,0.0,0.0,1.0,1,0,0,0,0,0,0,0,0,0,0
train,vgr_train_storage_cycle_04,1.0,1.0,1.0,0.0,0.0,0.0,0.0,0.0,0.0,0.0,1.0,1.0,1.0,1.0,0.0,1.0,0.0,0.0,1.0,1,0,0,0,0,0,0,0,0,0,0
train,vgr_train_storage_cycle_04,1.0,1.0,1.0,0.0,0.0,0.0,0.0,0.0,0.0,0.0,1.0,1.0,1.0,1.0,0.0,1.0,0.0,0.0,1.0,1,0,0,0,0,0,0,0,0,0,0
train,vgr_train_storage_cycle_04,1.0,1.0,1.0,0.0,0.0,0.0,0.0,0.0,0.0,0.0,1.0,1.0,1.0,1.0,0.0,1.0,0.0,0.0,1.0,1,0,0,0,0,0,0,0,0,0,0
train,vgr_train_storage_cycle_04,1.0,1.0,1.0,0.0,0.0,0.0,0.0,0.0,0.0,0.0,1.0,1.0,1.0,1.0,0.0,1.0,0.0,0.0,1.0,1,0,0,0,0,0,0,0,0,0,0
train,vgr_train_storage_cycle_04,1.0,1.0,1.0,0.0,0.0,0.0,0.0,0.0,0.0,0.0,1.0,1.0,1.0,1.0,0.0,1.0,0.0,0.0,1.0,1,0,0,0,0,0,0,0,0,0,0
train,vgr_train_storage_cycle_04,1.0,1.0,1.0,0.0,0.0,0.0,0.0,0.0,0.0,0.0,1.0,1.0,1.0,1.0,0.0,1.0,0.0,0.0,1.0,1,0,0,0,0,0,0,0,0,0,0
train,vgr_train_storage_cycle_04,1.0,1.0,1.0,0.0,0.0,0.0,0.0,0.0,0.0,0.0,1.0,1.0,1.0,1.0,0.0,1.0,0.0,0.0,1.0,1,0,0,0,0,0,0,0,0,0,0
train,vgr_train_storage_cycle_04,1.0,1.0,1.0,0.0,0.0,0.0,0.0,0.0,0.0,0.0,1.0,1.0,1.0,1.0,0.0,1.0,0.0,0.0,1.0,1,0,0,0,0,0,0,0,0,0,0
train,vgr_train_storage_cycle_04,1.0,1.0,1.0,0.0,0.0,0.0,0.0,0.0,0.0,0.0,1.0,1.0,1.0,1.0,0.0,1.0,0.0,0.0,0.0,1,0,0,0,0,0,0,0,0,0,0
train,vgr_train_storage_cycle_04,1.0,1.0,1.0,0.0,0.0,0.0,0.0,0.0,0.0,0.0,1.0,1.0,1.0,1.0,0.0,1.0,0.0,0.0,1.0,1,0,0,0,0,0,0,0,0,0,0
train,vgr_train_storage_cycle_04,1.0,1.0,1.0,0.0,0.0,0.0,0.0,0.0,0.0,0.0,1.0,1.0,1.0,1.0,0.0,1.0,0.0,0.0,1.0,1,0,0,0,0,0,0,0,0,0,0
train,vgr_train_storage_cycle_04,1.0,1.0,1.0,0.0,0.0,0.0,0.0,0.0,0.0,0.0,1.0,1.0,1.0,1.0,0.0,1.0,0.0,0.0,1.0,1,0,0,0,0,0,0,0,0,0,0
train,vgr_train_storage_cycle_04,1.0,1.0,1.0,0.0,0.0,0.0,0.0,0.0,0.0,0.0,1.0,1.0,1.0,1.0,0.0,1.0,0.0,0.0,1.0,1,0,0,0,0,0,0,0,0,0,0
train,vgr_train_storage_cycle_04,1.0,1.0,1.0,0.0,0.0,0.0,0.0,0.0,0.0,0.0,1.0,1.0,1.0,1.0,0.0,1.0,0.0,0.0,0.0,1,0,0,0,0,0,0,0,0,0,0
train,vgr_train_storage_cycle_04,1.0,1.0,1.0,0.0,0.0,0.0,0.0,0.0,0.0,0.0,1.0,1.0,1.0,1.0,0.0,1.0,0.0,0.0,1.0,1,0,0,0,0,0,0,0,0,0,0
train,vgr_train_storage_cycle_04,1.0,1.0,1.0,0.0,0.0,0.0,0.0,0.0,0.0,0.0,1.0,1.0,1.0,1.0,0.0,1.0,0.0,0.0,1.0,1,0,0,0,0,0,0,0,0,0,0
train,vgr_train_storage_cycle_04,1.0,1.0,1.0,0.0,0.0,0.0,0.0,0.0,0.0,0.0,1.0,1.0,1.0,1.0,0.0,1.0,0.0,0.0,1.0,1,0,0,0,0,0,0,0,0,0,0
train,vgr_train_storage_cycle_04,1.0,1.0,1.0,0.0,0.0,0.0,0.0,0.0,0.0,0.0,1.0,1.0,1.0,1.0,0.0,1.0,0.0,0.0,1.0,1,0,0,0,0,0,0,0,0,0,0
train,vgr_train_storage_cycle_04,1.0,1.0,1.0,0.0,0.0,0.0,0.0,0.0,0.0,0.0,1.0,1.0,1.0,1.0,0.0,1.0,0.0,0.0,1.0,1,0,0,0,0,0,0,0,0,0,0
train,vgr_train_storage_cycle_04,1.0,1.0,1.0,0.0,0.0,0.0,0.0,0.0,0.0,0.0,1.0,1.0,1.0,1.0,0.0,1.0,0.0,0.0,1.0,1,0,0,0,0,0,0,0,0,0,0
train,vgr_train_storage_cycle_04,1.0,1.0,1.0,0.0,0.0,0.0,0.0,0.0,0.0,0.0,1.0,1.0,1.0,1.0,0.0,1.0,0.0,0.0,1.0,1,0,0,0,0,0,0,0,0,0,0
train,vgr_train_storage_cycle_04,1.0,1.0,1.0,0.0,0.0,0.0,0.0,0.0,0.0,0.0,1.0,1.0,1.0,1.0,0.0,1.0,0.0,0.0,1.0,1,0,0,0,0,0,0,0,0,0,0
train,vgr_train_storage_cycle_04,1.0,1.0,1.0,0.0,0.0,0.0,0.0,0.0,0.0,0.0,1.0,1.0,1.0,1.0,0.0,1.0,0.0,0.0,1.0,1,0,0,0,0,0,0,0,0,0,0
train,vgr_train_storage_cycle_04,1.0,1.0,1.0,0.0,0.0,0.0,0.0,0.0,0.0,0.0,1.0,1.0,1.0,1.0,0.0,1.0,0.0,0.0,0.0,1,0,0,0,0,0,0,0,0,0,0
train,vgr_train_storage_cycle_04,1.0,1.0,1.0,0.0,0.0,0.0,0.0,0.0,0.0,0.0,1.0,1.0,1.0,1.0,0.0,1.0,0.0,0.0,1.0,1,0,0,0,0,0,0,0,0,0,0
train,vgr_train_storage_cycle_04,1.0,1.0,1.0,0.0,0.0,0.0,0.0,0.0,0.0,0.0,1.0,1.0,1.0,1.0,0.0,1.0,0.0,0.0,1.0,1,0,0,0,0,0,0,0,0,0,0
train,vgr_train_storage_cycle_04,1.0,1.0,1.0,0.0,0.0,0.0,0.0,0.0,0.0,0.0,1.0,1.0,1.0,1.0,0.0,1.0,0.0,0.0,1.0,1,0,0,0,0,0,0,0,0,0,0
train,vgr_train_storage_cycle_04,1.0,1.0,1.0,0.0,0.0,0.0,0.0,0.0,0.0,0.0,1.0,1.0,1.0,1.0,0.0,1.0,0.0,0.0,1.0,1,0,0,0,0,0,0,0,0,0,0
train,vgr_train_storage_cycle_04,1.0,1.0,1.0,0.0,0.0,0.0,0.0,0.0,0.0,0.0,1.0,1.0,1.0,1.0,0.0,1.0,0.0,0.0,1.0,1,0,0,0,0,0,0,0,0,0,0
train,vgr_train_storage_cycle_04,1.0,1.0,1.0,0.0,0.0,0.0,0.0,0.0,0.0,0.0,1.0,1.0,1.0,1.0,0.0,1.0,0.0,0.0,1.0,1,0,0,0,0,0,0,0,0,0,0
train,vgr_train_storage_cycle_04,1.0,1.0,1.0,0.0,0.0,0.0,0.0,0.0,0.0,0.0,1.0,1.0,1.0,1.0,0.0,1.0,0.0,0.0,1.0,1,0,0,0,0,0,0,0,0,0,0
train,vgr_train_storage_cycle_04,1.0,1.0,1.0,0.0,0.0,0.0,0.0,0.0,0.0,0.0,1.0,1.0,1.0,1.0,0.0,1.0,0.0,0.0,1.0,1,0,0,0,0,0,0,0,0,0,0
train,vgr_train_storage_cycle_04,1.0,1.0,1.0,0.0,0.0,0.0,0.0,0.0,0.0,0.0,1.0,1.0,1.0,1.0,0.0,1.0,0.0,0.0,1.0,1,0,0,0,0,0,0,0,0,0,0
train,vgr_train_storage_cycle_04,1.0,1.0,1.0,0.0,0.0,0.0,0.0,0.0,0.0,0.0,1.0,1.0,1.0,1.0,0.0,1.0,0.0,0.0,1.0,1,0,0,0,0,0,0,0,0,0,0
train,vgr_train_storage_cycle_04,1.0,1.0,1.0,0.0,0.0,0.0,0.0,0.0,0.0,0.0,1.0,1.0,1.0,1.0,0.0,1.0,0.0,0.0,1.0,1,0,0,0,0,0,0,0,0,0,0
train,vgr_train_storage_cycle_04,1.0,1.0,1.0,0.0,0.0,0.0,0.0,0.0,0.0,0.0,1.0,1.0,1.0,1.0,0.0,1.0,0.0,0.0,0.0,1,0,0,0,0,0,0,0,0,0,0
train,vgr_train_storage_cycle_04,1.0,1.0,1.0,0.0,0.0,0.0,0.0,0.0,0.0,0.0,1.0,1.0,1.0,1.0,0.0,1.0,0.0,0.0,1.0,1,0,0,0,0,0,0,0,0,0,0
train,vgr_train_storage_cycle_04,1.0,1.0,1.0,0.0,0.0,0.0,0.0,0.0,0.0,0.0,1.0,1.0,1.0,1.0,0.0,1.0,0.0,0.0,1.0,1,0,0,0,0,0,0,0,0,0,0
train,vgr_train_storage_cycle_04,1.0,1.0,1.0,0.0,0.0,0.0,0.0,0.0,0.0,0.0,1.0,1.0,1.0,1.0,0.0,1.0,0.0,0.0,1.0,1,0,0,0,0,0,0,0,0,0,0
train,vgr_train_storage_cycle_04,1.0,1.0,1.0,0.0,0.0,0.0,0.0,0.0,0.0,0.0,1.0,1.0,1.0,1.0,0.0,1.0,0.0,0.0,1.0,1,0,0,0,0,0,0,0,0,0,0
train,vgr_train_storage_cycle_04,1.0,1.0,1.0,0.0,0.0,0.0,0.0,0.0,0.0,0.0,1.0,1.0,1.0,1.0,0.0,1.0,0.0,0.0,0.0,1,0,0,0,0,0,0,0,0,0,0
train,vgr_train_storage_cycle_04,1.0,1.0,1.0,0.0,0.0,0.0,0.0,0.0,0.0,0.0,1.0,1.0,1.0,1.0,0.0,1.0,0.0,0.0,1.0,1,0,0,0,0,0,0,0,0,0,0
train,vgr_train_storage_cycle_04,1.0,1.0,1.0,0.0,0.0,0.0,0.0,0.0,0.0,0.0,1.0,1.0,1.0,1.0,0.0,1.0,0.0,0.0,1.0,1,0,0,0,0,0,0,0,0,0,0
train,vgr_train_storage_cycle_04,1.0,1.0,1.0,0.0,0.0,0.0,0.0,0.0,0.0,0.0,1.0,1.0,1.0,1.0,0.0,1.0,0.0,0.0,1.0,1,0,0,0,0,0,0,0,0,0,0
train,vgr_train_storage_cycle_04,1.0,1.0,1.0,0.0,0.0,0.0,0.0,0.0,0.0,0.0,1.0,1.0,1.0,1.0,0.0,1.0,0.0,0.0,1.0,1,0,0,0,0,0,0,0,0,0,0
train,vgr_train_storage_cycle_04,1.0,1.0,1.0,0.0,0.0,0.0,0.0,0.0,0.0,0.0,1.0,1.0,1.0,1.0,0.0,1.0,0.0,0.0,1.0,1,0,0,0,0,0,0,0,0,0,0
train,vgr_train_storage_cycle_04,1.0,1.0,1.0,0.0,0.0,0.0,0.0,0.0,0.0,0.0,1.0,1.0,1.0,1.0,0.0,1.0,0.0,0.0,1.0,1,0,0,0,0,0,0,0,0,0,0
train,vgr_train_storage_cycle_04,1.0,1.0,1.0,0.0,0.0,0.0,0.0,0.0,0.0,0.0,1.0,1.0,1.0,1.0,0.0,1.0,0.0,0.0,1.0,1,0,0,0,0,0,0,0,0,0,0
train,vgr_train_storage_cycle_04,1.0,1.0,1.0,0.0,0.0,0.0,0.0,0.0,0.0,0.0,1.0,1.0,1.0,1.0,0.0,1.0,0.0,0.0,1.0,1,0,0,0,0,0,0,0,0,0,0
train,vgr_train_storage_cycle_04,1.0,1.0,1.0,0.0,0.0,0.0,0.0,0.0,0.0,0.0,1.0,1.0,1.0,1.0,0.0,1.0,0.0,0.0,1.0,1,0,0,0,0,0,0,0,0,0,0
train,vgr_train_storage_cycle_04,1.0,1.0,1.0,0.0,0.0,0.0,0.0,0.0,0.0,0.0,1.0,1.0,1.0,1.0,0.0,1.0,0.0,0.0,1.0,1,0,0,0,0,0,0,0,0,0,0
train,vgr_train_storage_cycle_04,1.0,1.0,1.0,0.0,0.0,0.0,0.0,0.0,0.0,0.0,1.0,1.0,1.0,1.0,0.0,1.0,0.0,0.0,1.0,1,0,0,0,0,0,0,0,0,0,0
train,vgr_train_storage_cycle_04,1.0,1.0,1.0,0.0,0.0,0.0,0.0,0.0,0.0,0.0,1.0,1.0,1.0,1.0,0.0,1.0,0.0,0.0,1.0,1,0,0,0,0,0,0,0,0,0,0
train,vgr_train_storage_cycle_04,1.0,1.0,1.0,0.0,0.0,0.0,0.0,0.0,0.0,0.0,1.0,1.0,1.0,1.0,0.0,1.0,0.0,0.0,1.0,1,0,0,0,0,0,0,0,0,0,0
train,vgr_train_storage_cycle_04,1.0,1.0,1.0,0.0,0.0,0.0,0.0,0.0,0.0,0.0,1.0,1.0,1.0,1.0,0.0,1.0,0.0,0.0,1.0,1,0,0,0,0,0,0,0,0,0,0
train,vgr_train_storage_cycle_04,1.0,1.0,1.0,0.0,0.0,0.0,0.0,0.0,0.0,0.0,1.0,1.0,1.0,1.0,0.0,1.0,0.0,0.0,0.0,1,0,0,0,0,0,0,0,0,0,0
train,vgr_train_storage_cycle_04,1.0,1.0,1.0,0.0,0.0,0.0,0.0,0.0,0.0,0.0,1.0,1.0,1.0,1.0,0.0,1.0,0.0,0.0,1.0,1,0,0,0,0,0,0,0,0,0,0
train,vgr_train_storage_cycle_04,1.0,1.0,1.0,0.0,0.0,0.0,0.0,0.0,0.0,0.0,1.0,1.0,1.0,1.0,0.0,1.0,0.0,0.0,1.0,1,0,0,0,0,0,0,0,0,0,0
train,vgr_train_storage_cycle_04,1.0,1.0,1.0,0.0,0.0,0.0,0.0,0.0,0.0,0.0,1.0,1.0,1.0,1.0,0.0,1.0,0.0,0.0,1.0,1,0,0,0,0,0,0,0,0,0,0
train,vgr_train_storage_cycle_04,1.0,1.0,1.0,0.0,0.0,0.0,0.0,0.0,0.0,0.0,1.0,1.0,1.0,1.0,0.0,1.0,0.0,0.0,1.0,1,0,0,0,0,0,0,0,0,0,0
train,vgr_train_storage_cycle_04,1.0,1.0,1.0,0.0,0.0,0.0,0.0,0.0,0.0,0.0,1.0,1.0,1.0,1.0,0.0,1.0,0.0,0.0,1.0,1,0,0,0,0,0,0,0,0,0,0
train,vgr_train_storage_cycle_04,1.0,1.0,1.0,0.0,0.0,0.0,0.0,0.0,0.0,0.0,1.0,1.0,1.0,1.0,0.0,1.0,0.0,0.0,1.0,1,0,0,0,0,0,0,0,0,0,0
train,vgr_train_storage_cycle_04,1.0,1.0,1.0,0.0,0.0,0.0,0.0,0.0,0.0,0.0,1.0,1.0,1.0,1.0,0.0,1.0,0.0,0.0,1.0,1,0,0,0,0,0,0,0,0,0,0
train,vgr_train_storage_cycle_04,1.0,1.0,1.0,0.0,0.0,0.0,0.0,0.0,0.0,0.0,1.0,1.0,1.0,1.0,0.0,1.0,0.0,0.0,1.0,1,0,0,0,0,0,0,0,0,0,0
train,vgr_train_storage_cycle_04,1.0,1.0,1.0,0.0,0.0,0.0,0.0,0.0,0.0,0.0,1.0,1.0,1.0,1.0,0.0,1.0,0.0,0.0,1.0,1,0,0,0,0,0,0,0,0,0,0
train,vgr_train_storage_cycle_04,1.0,1.0,1.0,0.0,0.0,0.0,0.0,0.0,0.0,0.0,1.0,1.0,1.0,1.0,0.0,1.0,0.0,0.0,1.0,1,0,0,0,0,0,0,0,0,0,0
train,vgr_train_storage_cycle_04,1.0,1.0,1.0,0.0,0.0,0.0,0.0,0.0,0.0,0.0,1.0,1.0,1.0,1.0,0.0,1.0,0.0,0.0,1.0,1,0,0,0,0,0,0,0,0,0,0
train,vgr_train_storage_cycle_04,1.0,1.0,1.0,0.0,0.0,0.0,0.0,0.0,0.0,0.0,1.0,1.0,1.0,1.0,0.0,1.0,0.0,0.0,1.0,1,0,0,0,0,0,0,0,0,0,0
train,vgr_train_storage_cycle_04,1.0,1.0,1.0,0.0,0.0,0.0,0.0,0.0,0.0,0.0,1.0,1.0,1.0,1.0,0.0,1.0,0.0,0.0,1.0,1,0,0,0,0,0,0,0,0,0,0
train,vgr_train_storage_cycle_04,1.0,1.0,1.0,0.0,0.0,0.0,0.0,0.0,0.0,0.0,1.0,1.0,1.0,1.0,0.0,1.0,0.0,0.0,1.0,1,0,0,0,0,0,0,0,0,0,0
train,vgr_train_storage_cycle_04,1.0,1.0,1.0,0.0,0.0,0.0,0.0,0.0,0.0,0.0,1.0,1.0,1.0,1.0,0.0,1.0,0.0,0.0,1.0,1,0,0,0,0,0,0,0,0,0,0
train,vgr_train_storage_cycle_04,1.0,1.0,1.0,0.0,0.0,0.0,0.0,0.0,0.0,0.0,1.0,1.0,1.0,1.0,0.0,1.0,0.0,0.0,1.0,1,0,0,0,0,0,0,0,0,0,0
train,vgr_train_storage_cycle_04,1.0,1.0,1.0,0.0,0.0,0.0,0.0,0.0,0.0,0.0,1.0,1.0,1.0,1.0,0.0,1.0,0.0,0.0,1.0,1,0,0,0,0,0,0,0,0,0,0
train,vgr_train_storage_cycle_04,1.0,1.0,1.0,0.0,0.0,0.0,0.0,0.0,0.0,0.0,1.0,1.0,1.0,1.0,0.0,1.0,0.0,0.0,1.0,1,0,0,0,0,0,0,0,0,0,0
train,vgr_train_storage_cycle_04,1.0,1.0,1.0,0.0,0.0,0.0,0.0,0.0,0.0,0.0,1.0,1.0,1.0,1.0,0.0,1.0,0.0,0.0,1.0,1,0,0,0,0,0,0,0,0,0,0
train,vgr_train_storage_cycle_04,1.0,1.0,1.0,0.0,0.0,0.0,0.0,0.0,0.0,0.0,1.0,1.0,1.0,1.0,0.0,1.0,0.0,0.0,1.0,0,1,0,0,0,0,0,0,0,0,0
train,vgr_train_storage_cycle_04,1.0,1.0,1.0,0.0,0.0,0.0,0.0,0.0,0.0,0.0,1.0,1.0,1.0,1.0,0.0,1.0,0.0,0.0,1.0,0,1,0,0,0,0,0,0,0,0,0
train,vgr_train_storage_cycle_04,1.0,1.0,1.0,0.0,0.0,0.0,0.0,0.0,0.0,0.0,1.0,1.0,1.0,1.0,0.0,1.0,0.0,0.0,1.0,0,1,0,0,0,0,0,0,0,0,0
train,vgr_train_storage_cycle_04,1.0,1.0,1.0,0.0,0.0,0.0,0.0,0.0,0.0,0.0,1.0,1.0,1.0,1.0,0.0,1.0,0.0,0.0,1.0,0,1,0,0,0,0,0,0,0,0,0
train,vgr_train_storage_cycle_04,1.0,1.0,1.0,0.0,0.0,0.0,0.0,0.0,0.0,0.0,1.0,1.0,1.0,1.0,0.0,1.0,0.0,0.0,1.0,0,1,0,0,0,0,0,0,0,0,0
train,vgr_train_storage_cycle_04,1.0,1.0,1.0,0.0,0.0,0.0,0.0,0.0,0.0,0.0,1.0,1.0,1.0,1.0,0.0,1.0,0.0,0.0,1.0,0,1,0,0,0,0,0,0,0,0,0
train,vgr_train_storage_cycle_04,1.0,1.0,1.0,0.0,0.0,0.0,0.0,0.0,0.0,0.0,1.0,1.0,1.0,1.0,0.0,1.0,0.0,0.0,1.0,0,1,0,0,0,0,0,0,0,0,0
train,vgr_train_storage_cycle_04,1.0,1.0,1.0,0.0,0.0,0.0,0.0,0.0,0.0,0.0,1.0,1.0,1.0,1.0,0.0,1.0,0.0,0.0,1.0,0,1,0,0,0,0,0,0,0,0,0
train,vgr_train_storage_cycle_04,1.0,1.0,1.0,0.0,0.0,0.0,0.0,0.0,0.0,0.0,1.0,1.0,1.0,1.0,0.0,1.0,0.0,0.0,1.0,0,1,0,0,0,0,0,0,0,0,0
train,vgr_train_storage_cycle_04,1.0,1.0,1.0,0.0,0.0,0.0,0.0,0.0,0.0,0.0,1.0,1.0,1.0,1.0,0.0,1.0,0.0,0.0,1.0,0,1,0,0,0,0,0,0,0,0,0
train,vgr_train_storage_cycle_04,1.0,1.0,1.0,0.0,0.0,0.0,0.0,0.0,0.0,0.0,1.0,1.0,1.0,1.0,0.0,1.0,0.0,0.0,0.0,0,1,0,0,0,0,0,0,0,0,101
train,vgr_train_storage_cycle_04,0.0,0.0,0.0,0.0,0.0,1.0,1.0,391.0,26.0,32.0,1.0,1.0,1.0,1.0,0.0,1.0,0.0,0.0,1.0,0,1,0,0,0,0,0,0,0,0,102
train,vgr_train_storage_cycle_04,0.0,0.0,0.0,0.0,0.0,1.0,1.0,1451.0,908.0,704.0,0.0,1.0,1.0,0.0,0.0,1.0,404.0,2869.0,1.0,0,1,0,0,0,0,0,0,0,0,103
train,vgr_train_storage_cycle_04,0.0,0.0,0.0,0.0,0.0,1.0,1.0,2453.0,160.0,428.0,0.0,1.0,1.0,0.0,0.0,1.0,37.0,2869.0,1.0,0,1,0,0,0,0,0,0,0,0,102
train,vgr_train_storage_cycle_04,0.0,0.0,0.0,0.0,0.0,1.0,1.0,1447.0,905.0,706.0,0.0,0.0,1.0,0.0,1.0,0.0,2799.0,16.0,1.0,0,1,0,0,0,0,0,0,0,0,104
train,vgr_train_storage_cycle_04,1.0,0.0,0.0,1.0,1.0,1.0,1.0,0.0,604.0,5348.0,0.0,1.0,0.0,0.0,1.0,0.0,2799.0,16.0,1.0,0,1,0,0,0,0,0,0,0,0,105
train,vgr_train_storage_cycle_04,0.0,0.0,0.0,0.0,0.0,0.0,0.0,398.0,604.0,5348.0,0.0,1.0,0.0,0.0,1.0,0.0,2799.0,16.0,1.0,0,1,0,0,0,0,0,0,0,0,0
train,vgr_train_storage_cycle_04,0.0,0.0,0.0,0.0,0.0,0.0,0.0,398.0,604.0,5348.0,0.0,0.0,1.0,0.0,1.0,0.0,2799.0,16.0,1.0,0,1,0,0,0,0,0,0,0,0,0
train,vgr_train_storage_cycle_04,0.0,0.0,0.0,0.0,0.0,0.0,0.0,398.0,604.0,5348.0,0.0,1.0,1.0,0.0,0.0,1.0,35.0,2870.0,1.0,0,1,0,0,0,0,0,0,0,0,0
train,vgr_train_storage_cycle_04,0.0,0.0,0.0,0.0,0.0,0.0,0.0,398.0,604.0,5348.0,0.0,1.0,1.0,0.0,0.0,1.0,402.0,2870.0,1.0,0,1,0,0,0,0,0,0,0,0,301
train,vgr_train_storage_cycle_04,1.0,1.0,1.0,0.0,0.0,0.0,0.0,0.0,0.0,0.0,1.0,1.0,1.0,1.0,0.0,1.0,0.0,0.0,1.0,0,0,1,0,0,0,0,0,0,0,0
train,vgr_train_storage_cycle_04,1.0,1.0,1.0,0.0,0.0,0.0,0.0,0.0,0.0,0.0,1.0,1.0,1.0,1.0,0.0,1.0,0.0,0.0,1.0,0,0,1,0,0,0,0,0,0,0,0
train,vgr_train_storage_cycle_04,1.0,1.0,1.0,0.0,0.0,0.0,0.0,0.0,0.0,0.0,1.0,1.0,1.0,1.0,0.0,1.0,0.0,0.0,1.0,0,0,1,0,0,0,0,0,0,0,0
train,vgr_train_storage_cycle_04,1.0,1.0,1.0,0.0,0.0,0.0,0.0,0.0,0.0,0.0,1.0,1.0,1.0,1.0,0.0,1.0,0.0,0.0,1.0,0,0,1,0,0,0,0,0,0,0,0
train,vgr_train_storage_cycle_04,1.0,1.0,1.0,0.0,0.0,0.0,0.0,0.0,0.0,0.0,1.0,1.0,1.0,1.0,0.0,1.0,0.0,0.0,1.0,0,0,1,0,0,0,0,0,0,0,0
train,vgr_train_storage_cycle_04,1.0,1.0,1.0,0.0,0.0,0.0,0.0,0.0,0.0,0.0,1.0,1.0,1.0,1.0,0.0,1.0,0.0,0.0,1.0,0,0,1,0,0,0,0,0,0,0,0
train,vgr_train_storage_cycle_04,1.0,1.0,1.0,0.0,0.0,0.0,0.0,0.0,0.0,0.0,1.0,1.0,1.0,1.0,0.0,1.0,0.0,0.0,1.0,0,0,1,0,0,0,0,0,0,0,0
train,vgr_train_storage_cycle_04,1.0,1.0,1.0,0.0,0.0,0.0,0.0,0.0,0.0,0.0,1.0,1.0,1.0,1.0,0.0,1.0,0.0,0.0,1.0,0,0,1,0,0,0,0,0,0,0,0
train,vgr_train_storage_cycle_04,1.0,1.0,1.0,0.0,0.0,0.0,0.0,0.0,0.0,0.0,1.0,1.0,1.0,1.0,0.0,1.0,0.0,0.0,1.0,0,0,1,0,0,0,0,0,0,0,0
train,vgr_train_storage_cycle_04,1.0,1.0,1.0,0.0,0.0,0.0,0.0,0.0,0.0,0.0,1.0,1.0,1.0,1.0,0.0,1.0,0.0,0.0,1.0,0,0,1,0,0,0,0,0,0,0,0
train,vgr_train_storage_cycle_04,1.0,1.0,1.0,0.0,0.0,0.0,0.0,0.0,0.0,0.0,1.0,1.0,1.0,1.0,0.0,1.0,0.0,0.0,1.0,0,0,1,0,0,0,0,0,0,0,0
train,vgr_train_storage_cycle_04,1.0,1.0,1.0,0.0,0.0,0.0,0.0,0.0,0.0,0.0,1.0,1.0,1.0,1.0,0.0,1.0,0.0,0.0,1.0,0,0,1,0,0,0,0,0,0,0,0
train,vgr_train_storage_cycle_04,1.0,1.0,1.0,0.0,0.0,0.0,0.0,0.0,0.0,0.0,1.0,1.0,1.0,1.0,0.0,1.0,0.0,0.0,1.0,0,0,1,0,0,0,0,0,0,0,0
train,vgr_train_storage_cycle_04,1.0,1.0,1.0,0.0,0.0,0.0,0.0,0.0,0.0,0.0,1.0,1.0,1.0,1.0,0.0,1.0,0.0,0.0,0.0,0,0,1,0,0,0,0,0,0,0,101
train,vgr_train_storage_cycle_04,0.0,0.0,0.0,0.0,0.0,1.0,1.0,394.0,26.0,33.0,1.0,1.0,1.0,1.0,0.0,1.0,0.0,0.0,1.0,0,0,1,0,0,0,0,0,0,0,102
train,vgr_train_storage_cycle_04,0.0,0.0,0.0,0.0,0.0,1.0,1.0,1452.0,904.0,703.0,0.0,1.0,1.0,0.0,0.0,1.0,1753.0,2869.0,1.0,0,0,1,0,0,0,0,0,0,0,103
train,vgr_train_storage_cycle_04,0.0,0.0,0.0,0.0,0.0,1.0,1.0,2456.0,156.0,426.0,0.0,1.0,1.0,0.0,0.0,1.0,1382.0,2869.0,1.0,0,0,1,0,0,0,0,0,0,0,102
train,vgr_train_storage_cycle_04,0.0,0.0,0.0,0.0,0.0,1.0,1.0,1449.0,908.0,702.0,0.0,0.0,1.0,0.0,1.0,0.0,2804.0,16.0,1.0,0,0,1,0,0,0,0,0,0,0,104
train,vgr_train_storage_cycle_04,1.0,0.0,0.0,1.0,1.0,1.0,1.0,0.0,608.0,5348.0,0.0,1.0,0.0,0.0,1.0,0.0,2804.0,16.0,1.0,0,0,1,0,0,0,0,0,0,0,105
train,vgr_train_storage_cycle_04,0.0,0.0,0.0,0.0,0.0,0.0,0.0,403.0,608.0,5348.0,0.0,1.0,0.0,0.0,1.0,0.0,2804.0,16.0,1.0,0,0,1,0,0,0,0,0,0,0,0
train,vgr_train_storage_cycle_04,0.0,0.0,0.0,0.0,0.0,0.0,0.0,403.0,608.0,5348.0,0.0,0.0,1.0,0.0,1.0,0.0,2804.0,16.0,1.0,0,0,1,0,0,0,0,0,0,0,0
train,vgr_train_storage_cycle_04,0.0,0.0,0.0,0.0,0.0,0.0,0.0,403.0,608.0,5348.0,0.0,1.0,1.0,0.0,0.0,1.0,1385.0,2870.0,1.0,0,0,1,0,0,0,0,0,0,0,0
train,vgr_train_storage_cycle_04,0.0,0.0,0.0,0.0,0.0,0.0,0.0,403.0,608.0,5348.0,0.0,1.0,1.0,0.0,0.0,1.0,1748.0,2870.0,1.0,0,0,1,0,0,0,0,0,0,0,301
train,vgr_train_storage_cycle_04,1.0,1.0,1.0,0.0,0.0,0.0,0.0,0.0,0.0,0.0,1.0,1.0,1.0,1.0,0.0,1.0,0.0,0.0,1.0,0,0,0,1,0,0,0,0,0,0,0
train,vgr_train_storage_cycle_04,1.0,1.0,1.0,0.0,0.0,0.0,0.0,0.0,0.0,0.0,1.0,1.0,1.0,1.0,0.0,1.0,0.0,0.0,1.0,0,0,0,1,0,0,0,0,0,0,0
train,vgr_train_storage_cycle_04,1.0,1.0,1.0,0.0,0.0,0.0,0.0,0.0,0.0,0.0,1.0,1.0,1.0,1.0,0.0,1.0,0.0,0.0,1.0,0,0,0,1,0,0,0,0,0,0,0
train,vgr_train_storage_cycle_04,1.0,1.0,1.0,0.0,0.0,0.0,0.0,0.0,0.0,0.0,1.0,1.0,1.0,1.0,0.0,1.0,0.0,0.0,1.0,0,0,0,1,0,0,0,0,0,0,0
train,vgr_train_storage_cycle_04,1.0,1.0,1.0,0.0,0.0,0.0,0.0,0.0,0.0,0.0,1.0,1.0,1.0,1.0,0.0,1.0,0.0,0.0,1.0,0,0,0,1,0,0,0,0,0,0,0
train,vgr_train_storage_cycle_04,1.0,1.0,1.0,0.0,0.0,0.0,0.0,0.0,0.0,0.0,1.0,1.0,1.0,1.0,0.0,1.0,0.0,0.0,1.0,0,0,0,1,0,0,0,0,0,0,0
train,vgr_train_storage_cycle_04,1.0,1.0,1.0,0.0,0.0,0.0,0.0,0.0,0.0,0.0,1.0,1.0,1.0,1.0,0.0,1.0,0.0,0.0,1.0,0,0,0,1,0,0,0,0,0,0,0
train,vgr_train_storage_cycle_04,1.0,1.0,1.0,0.0,0.0,0.0,0.0,0.0,0.0,0.0,1.0,1.0,1.0,1.0,0.0,1.0,0.0,0.0,1.0,0,0,0,1,0,0,0,0,0,0,0
train,vgr_train_storage_cycle_04,1.0,1.0,1.0,0.0,0.0,0.0,0.0,0.0,0.0,0.0,1.0,1.0,1.0,1.0,0.0,1.0,0.0,0.0,1.0,0,0,0,1,0,0,0,0,0,0,0
train,vgr_train_storage_cycle_04,1.0,1.0,1.0,0.0,0.0,0.0,0.0,0.0,0.0,0.0,1.0,1.0,1.0,1.0,0.0,1.0,0.0,0.0,0.0,0,0,0,1,0,0,0,0,0,0,101
train,vgr_train_storage_cycle_04,0.0,0.0,0.0,0.0,0.0,1.0,1.0,397.0,25.0,33.0,1.0,1.0,1.0,1.0,0.0,1.0,0.0,0.0,1.0,0,0,0,1,0,0,0,0,0,0,102
train,vgr_train_storage_cycle_04,0.0,0.0,0.0,0.0,0.0,1.0,1.0,1449.0,905.0,702.0,0.0,1.0,1.0,0.0,0.0,1.0,3252.0,2869.0,1.0,0,0,0,1,0,0,0,0,0,0,103
train,vgr_train_storage_cycle_04,0.0,0.0,0.0,0.0,0.0,1.0,1.0,2455.0,152.0,426.0,0.0,1.0,1.0,0.0,0.0,1.0,2885.0,2869.0,1.0,0,0,0,1,0,0,0,0,0,0,102
train,vgr_train_storage_cycle_04,0.0,0.0,0.0,0.0,0.0,1.0,1.0,1448.0,910.0,704.0,0.0,0.0,1.0,0.0,1.0,0.0,2799.0,18.0,1.0,0,0,0,1,0,0,0,0,0,0,104
train,vgr_train_storage_cycle_04,1.0,0.0,0.0,1.0,1.0,1.0,1.0,0.0,604.0,5348.0,0.0,1.0,0.0,0.0,1.0,0.0,2799.0,18.0,1.0,0,0,0,1,0,0,0,0,0,0,105
train,vgr_train_storage_cycle_04,0.0,0.0,0.0,0.0,0.0,0.0,0.0,396.0,604.0,5348.0,0.0,1.0,0.0,0.0,1.0,0.0,2799.0,18.0,1.0,0,0,0,1,0,0,0,0,0,0,0
train,vgr_train_storage_cycle_04,0.0,0.0,0.0,0.0,0.0,0.0,0.0,396.0,604.0,5348.0,0.0,0.0,1.0,0.0,1.0,0.0,2799.0,18.0,1.0,0,0,0,1,0,0,0,0,0,0,0
train,vgr_train_storage_cycle_04,0.0,0.0,0.0,0.0,0.0,0.0,0.0,396.0,604.0,5348.0,0.0,1.0,1.0,0.0,0.0,1.0,2878.0,2870.0,1.0,0,0,0,1,0,0,0,0,0,0,0
train,vgr_train_storage_cycle_04,0.0,0.0,0.0,0.0,0.0,0.0,0.0,396.0,604.0,5348.0,0.0,1.0,1.0,0.0,0.0,1.0,3250.0,2870.0,1.0,0,0,0,1,0,0,0,0,0,0,301
train,vgr_train_storage_cycle_04,1.0,1.0,1.0,0.0,0.0,0.0,0.0,0.0,0.0,0.0,1.0,1.0,1.0,1.0,0.0,1.0,0.0,0.0,1.0,0,0,0,0,1,0,0,0,0,0,0
train,vgr_train_storage_cycle_04,1.0,1.0,1.0,0.0,0.0,0.0,0.0,0.0,0.0,0.0,1.0,1.0,1.0,1.0,0.0,1.0,0.0,0.0,1.0,0,0,0,0,1,0,0,0,0,0,0
train,vgr_train_storage_cycle_04,1.0,1.0,1.0,0.0,0.0,0.0,0.0,0.0,0.0,0.0,1.0,1.0,1.0,1.0,0.0,1.0,0.0,0.0,1.0,0,0,0,0,1,0,0,0,0,0,0
train,vgr_train_storage_cycle_04,1.0,1.0,1.0,0.0,0.0,0.0,0.0,0.0,0.0,0.0,1.0,1.0,1.0,1.0,0.0,1.0,0.0,0.0,1.0,0,0,0,0,1,0,0,0,0,0,0
train,vgr_train_storage_cycle_04,1.0,1.0,1.0,0.0,0.0,0.0,0.0,0.0,0.0,0.0,1.0,1.0,1.0,1.0,0.0,1.0,0.0,0.0,1.0,0,0,0,0,1,0,0,0,0,0,0
train,vgr_train_storage_cycle_04,1.0,1.0,1.0,0.0,0.0,0.0,0.0,0.0,0.0,0.0,1.0,1.0,1.0,1.0,0.0,1.0,0.0,0.0,1.0,0,0,0,0,1,0,0,0,0,0,0
train,vgr_train_storage_cycle_04,1.0,1.0,1.0,0.0,0.0,0.0,0.0,0.0,0.0,0.0,1.0,1.0,1.0,1.0,0.0,1.0,0.0,0.0,1.0,0,0,0,0,1,0,0,0,0,0,0
train,vgr_train_storage_cycle_04,1.0,1.0,1.0,0.0,0.0,0.0,0.0,0.0,0.0,0.0,1.0,1.0,1.0,1.0,0.0,1.0,0.0,0.0,1.0,0,0,0,0,1,0,0,0,0,0,0
train,vgr_train_storage_cycle_04,1.0,1.0,1.0,0.0,0.0,0.0,0.0,0.0,0.0,0.0,1.0,1.0,1.0,1.0,0.0,1.0,0.0,0.0,1.0,0,0,0,0,1,0,0,0,0,0,0
train,vgr_train_storage_cycle_04,1.0,1.0,1.0,0.0,0.0,0.0,0.0,0.0,0.0,0.0,1.0,1.0,1.0,1.0,0.0,1.0,0.0,0.0,1.0,0,0,0,0,1,0,0,0,0,0,0
train,vgr_train_storage_cycle_04,1.0,1.0,1.0,0.0,0.0,0.0,0.0,0.0,0.0,0.0,1.0,1.0,1.0,1.0,0.0,1.0,0.0,0.0,1.0,0,0,0,0,1,0,0,0,0,0,0
train,vgr_train_storage_cycle_04,1.0,1.0,1.0,0.0,0.0,0.0,0.0,0.0,0.0,0.0,1.0,1.0,1.0,1.0,0.0,1.0,0.0,0.0,1.0,0,0,0,0,1,0,0,0,0,0,0
train,vgr_train_storage_cycle_04,1.0,1.0,1.0,0.0,0.0,0.0,0.0,0.0,0.0,0.0,1.0,1.0,1.0,1.0,0.0,1.0,0.0,0.0,1.0,0,0,0,0,1,0,0,0,0,0,0
train,vgr_train_storage_cycle_04,1.0,1.0,1.0,0.0,0.0,0.0,0.0,0.0,0.0,0.0,1.0,1.0,1.0,1.0,0.0,1.0,0.0,0.0,1.0,0,0,0,0,1,0,0,0,0,0,0
train,vgr_train_storage_cycle_04,1.0,1.0,1.0,0.0,0.0,0.0,0.0,0.0,0.0,0.0,1.0,1.0,1.0,1.0,0.0,1.0,0.0,0.0,1.0,0,0,0,0,1,0,0,0,0,0,0
train,vgr_train_storage_cycle_04,1.0,1.0,1.0,0.0,0.0,0.0,0.0,0.0,0.0,0.0,1.0,1.0,1.0,1.0,0.0,1.0,0.0,0.0,1.0,0,0,0,0,1,0,0,0,0,0,0
train,vgr_train_storage_cycle_04,1.0,1.0,1.0,0.0,0.0,0.0,0.0,0.0,0.0,0.0,1.0,1.0,1.0,1.0,0.0,1.0,0.0,0.0,0.0,0,0,0,0,1,0,0,0,0,0,101
train,vgr_train_storage_cycle_04,0.0,0.0,0.0,0.0,0.0,1.0,1.0,394.0,25.0,29.0,1.0,1.0,1.0,1.0,0.0,1.0,0.0,0.0,1.0,0,0,0,0,1,0,0,0,0,0,102
train,vgr_train_storage_cycle_04,0.0,0.0,0.0,0.0,0.0,1.0,1.0,1449.0,905.0,703.0,0.0,1.0,1.0,0.0,0.0,1.0,399.0,5199.0,1.0,0,0,0,0,1,0,0,0,0,0,103
train,vgr_train_storage_cycle_04,0.0,0.0,0.0,0.0,0.0,1.0,1.0,2454.0,157.0,424.0,0.0,1.0,1.0,0.0,0.0,1.0,32.0,5199.0,1.0,0,0,0,0,1,0,0,0,0,0,102
train,vgr_train_storage_cycle_04,0.0,0.0,0.0,0.0,0.0,1.0,1.0,1446.0,907.0,699.0,0.0,0.0,1.0,0.0,1.0,0.0,2803.0,17.0,1.0,0,0,0,0,1,0,0,0,0,0,104
train,vgr_train_storage_cycle_04,1.0,0.0,0.0,0.0,0.0,1.0,1.0,0.0,605.0,5349.0,0.0,1.0,0.0,0.0,1.0,0.0,2803.0,17.0,1.0,0,0,0,0,1,0,0,0,0,0,105
train,vgr_train_storage_cycle_04,0.0,0.0,0.0,0.0,0.0,0.0,0.0,400.0,605.0,5349.0,0.0,1.0,0.0,0.0,1.0,0.0,2803.0,17.0,1.0,0,0,0,0,1,0,0,0,0,0,0
train,vgr_train_storage_cycle_04,0.0,0.0,0.0,0.0,0.0,0.0,0.0,400.0,605.0,5349.0,0.0,0.0,1.0,0.0,1.0,0.0,2803.0,17.0,1.0,0,0,0,0,1,0,0,0,0,0,0
train,vgr_train_storage_cycle_04,0.0,0.0,0.0,0.0,0.0,0.0,0.0,400.0,605.0,5349.0,0.0,1.0,1.0,0.0,0.0,1.0,35.0,5199.0,1.0,0,0,0,0,1,0,0,0,0,0,0
train,vgr_train_storage_cycle_04,0.0,0.0,0.0,0.0,0.0,0.0,0.0,400.0,605.0,5349.0,0.0,1.0,1.0,0.0,0.0,1.0,401.0,5199.0,1.0,0,0,0,0,1,0,0,0,0,0,301
train,vgr_train_storage_cycle_04,1.0,1.0,1.0,0.0,0.0,0.0,0.0,0.0,0.0,0.0,1.0,1.0,1.0,1.0,0.0,1.0,0.0,0.0,1.0,0,0,0,0,0,1,0,0,0,0,0
train,vgr_train_storage_cycle_04,1.0,1.0,1.0,0.0,0.0,0.0,0.0,0.0,0.0,0.0,1.0,1.0,1.0,1.0,0.0,1.0,0.0,0.0,1.0,0,0,0,0,0,1,0,0,0,0,0
train,vgr_train_storage_cycle_04,1.0,1.0,1.0,0.0,0.0,0.0,0.0,0.0,0.0,0.0,1.0,1.0,1.0,1.0,0.0,1.0,0.0,0.0,1.0,0,0,0,0,0,1,0,0,0,0,0
train,vgr_train_storage_cycle_04,1.0,1.0,1.0,0.0,0.0,0.0,0.0,0.0,0.0,0.0,1.0,1.0,1.0,1.0,0.0,1.0,0.0,0.0,1.0,0,0,0,0,0,1,0,0,0,0,0
train,vgr_train_storage_cycle_04,1.0,1.0,1.0,0.0,0.0,0.0,0.0,0.0,0.0,0.0,1.0,1.0,1.0,1.0,0.0,1.0,0.0,0.0,0.0,0,0,0,0,0,1,0,0,0,0,101
train,vgr_train_storage_cycle_04,0.0,0.0,0.0,0.0,0.0,1.0,1.0,395.0,25.0,32.0,1.0,1.0,1.0,1.0,0.0,1.0,0.0,0.0,1.0,0,0,0,0,0,1,0,0,0,0,102
train,vgr_train_storage_cycle_04,0.0,0.0,0.0,0.0,0.0,1.0,1.0,1448.0,905.0,704.0,0.0,1.0,1.0,0.0,0.0,1.0,1754.0,5201.0,1.0,0,0,0,0,0,1,0,0,0,0,103
train,vgr_train_storage_cycle_04,0.0,0.0,0.0,0.0,0.0,1.0,1.0,2462.0,157.0,426.0,0.0,1.0,1.0,0.0,0.0,1.0,1386.0,5201.0,1.0,0,0,0,0,0,1,0,0,0,0,102
train,vgr_train_storage_cycle_04,0.0,0.0,0.0,0.0,0.0,1.0,1.0,1448.0,903.0,706.0,0.0,0.0,1.0,0.0,1.0,0.0,2800.0,17.0,1.0,0,0,0,0,0,1,0,0,0,0,104
train,vgr_train_storage_cycle_04,1.0,0.0,0.0,0.0,0.0,1.0,1.0,0.0,607.0,5351.0,0.0,1.0,0.0,0.0,1.0,0.0,2800.0,17.0,1.0,0,0,0,0,0,1,0,0,0,0,105
train,vgr_train_storage_cycle_04,0.0,0.0,0.0,0.0,0.0,0.0,0.0,399.0,607.0,5351.0,0.0,1.0,0.0,0.0,1.0,0.0,2800.0,17.0,1.0,0,0,0,0,0,1,0,0,0,0,0
train,vgr_train_storage_cycle_04,0.0,0.0,0.0,0.0,0.0,0.0,0.0,399.0,607.0,5351.0,0.0,0.0,1.0,0.0,1.0,0.0,2800.0,17.0,1.0,0,0,0,0,0,1,0,0,0,0,0
train,vgr_train_storage_cycle_04,0.0,0.0,0.0,0.0,0.0,0.0,0.0,399.0,607.0,5351.0,0.0,1.0,1.0,0.0,0.0,1.0,1383.0,5198.0,1.0,0,0,0,0,0,1,0,0,0,0,0
train,vgr_train_storage_cycle_04,0.0,0.0,0.0,0.0,0.0,0.0,0.0,399.0,607.0,5351.0,0.0,1.0,1.0,0.0,0.0,1.0,1752.0,5198.0,1.0,0,0,0,0,0,1,0,0,0,0,301
train,vgr_train_storage_cycle_04,1.0,1.0,1.0,0.0,0.0,0.0,0.0,0.0,0.0,0.0,1.0,1.0,1.0,1.0,0.0,1.0,0.0,0.0,1.0,0,0,0,0,0,0,1,0,0,0,0
train,vgr_train_storage_cycle_04,1.0,1.0,1.0,0.0,0.0,0.0,0.0,0.0,0.0,0.0,1.0,1.0,1.0,1.0,0.0,1.0,0.0,0.0,1.0,0,0,0,0,0,0,1,0,0,0,0
train,vgr_train_storage_cycle_04,1.0,1.0,1.0,0.0,0.0,0.0,0.0,0.0,0.0,0.0,1.0,1.0,1.0,1.0,0.0,1.0,0.0,0.0,1.0,0,0,0,0,0,0,1,0,0,0,0
train,vgr_train_storage_cycle_04,1.0,1.0,1.0,0.0,0.0,0.0,0.0,0.0,0.0,0.0,1.0,1.0,1.0,1.0,0.0,1.0,0.0,0.0,1.0,0,0,0,0,0,0,1,0,0,0,0
train,vgr_train_storage_cycle_04,1.0,1.0,1.0,0.0,0.0,0.0,0.0,0.0,0.0,0.0,1.0,1.0,1.0,1.0,0.0,1.0,0.0,0.0,1.0,0,0,0,0,0,0,1,0,0,0,0
train,vgr_train_storage_cycle_04,1.0,1.0,1.0,0.0,0.0,0.0,0.0,0.0,0.0,0.0,1.0,1.0,1.0,1.0,0.0,1.0,0.0,0.0,1.0,0,0,0,0,0,0,1,0,0,0,0
train,vgr_train_storage_cycle_04,1.0,1.0,1.0,0.0,0.0,0.0,0.0,0.0,0.0,0.0,1.0,1.0,1.0,1.0,0.0,1.0,0.0,0.0,0.0,0,0,0,0,0,0,1,0,0,0,101
train,vgr_train_storage_cycle_04,0.0,0.0,0.0,0.0,0.0,1.0,1.0,396.0,26.0,33.0,1.0,1.0,1.0,1.0,0.0,1.0,0.0,0.0,1.0,0,0,0,0,0,0,1,0,0,0,102
train,vgr_train_storage_cycle_04,0.0,0.0,0.0,0.0,0.0,1.0,1.0,1451.0,908.0,704.0,0.0,1.0,1.0,0.0,0.0,1.0,3253.0,5199.0,1.0,0,0,0,0,0,0,1,0,0,0,103
train,vgr_train_storage_cycle_04,0.0,0.0,0.0,0.0,0.0,1.0,1.0,2458.0,156.0,423.0,0.0,1.0,1.0,0.0,0.0,1.0,2883.0,5199.0,1.0,0,0,0,0,0,0,1,0,0,0,102
train,vgr_train_storage_cycle_04,0.0,0.0,0.0,0.0,0.0,1.0,1.0,1448.0,908.0,703.0,0.0,0.0,1.0,0.0,1.0,0.0,2802.0,17.0,1.0,0,0,0,0,0,0,1,0,0,0,104
train,vgr_train_storage_cycle_04,1.0,0.0,0.0,0.0,0.0,1.0,1.0,0.0,604.0,5352.0,0.0,1.0,0.0,0.0,1.0,0.0,2802.0,17.0,1.0,0,0,0,0,0,0,1,0,0,0,105
train,vgr_train_storage_cycle_04,0.0,0.0,0.0,0.0,0.0,0.0,0.0,400.0,604.0,5352.0,0.0,1.0,0.0,0.0,1.0,0.0,2802.0,17.0,1.0,0,0,0,0,0,0,1,0,0,0,0
train,vgr_train_storage_cycle_04,0.0,0.0,0.0,0.0,0.0,0.0,0.0,400.0,604.0,5352.0,0.0,0.0,1.0,0.0,1.0,0.0,2802.0,17.0,1.0,0,0,0,0,0,0,1,0,0,0,0
train,vgr_train_storage_cycle_04,0.0,0.0,0.0,0.0,0.0,0.0,0.0,400.0,604.0,5352.0,0.0,1.0,1.0,0.0,0.0,1.0,2881.0,5198.0,1.0,0,0,0,0,0,0,1,0,0,0,0
train,vgr_train_storage_cycle_04,0.0,0.0,0.0,0.0,0.0,0.0,0.0,400.0,604.0,5352.0,0.0,1.0,1.0,0.0,0.0,1.0,3250.0,5198.0,1.0,0,0,0,0,0,0,1,0,0,0,301
train,vgr_train_storage_cycle_04,1.0,1.0,1.0,0.0,0.0,0.0,0.0,0.0,0.0,0.0,1.0,1.0,1.0,1.0,0.0,1.0,0.0,0.0,1.0,0,0,0,0,0,0,0,1,0,0,0
train,vgr_train_storage_cycle_04,1.0,1.0,1.0,0.0,0.0,0.0,0.0,0.0,0.0,0.0,1.0,1.0,1.0,1.0,0.0,1.0,0.0,0.0,1.0,0,0,0,0,0,0,0,1,0,0,0
train,vgr_train_storage_cycle_04,1.0,1.0,1.0,0.0,0.0,0.0,0.0,0.0,0.0,0.0,1.0,1.0,1.0,1.0,0.0,1.0,0.0,0.0,1.0,0,0,0,0,0,0,0,1,0,0,0
train,vgr_train_storage_cycle_04,1.0,1.0,1.0,0.0,0.0,0.0,0.0,0.0,0.0,0.0,1.0,1.0,1.0,1.0,0.0,1.0,0.0,0.0,1.0,0,0,0,0,0,0,0,1,0,0,0
train,vgr_train_storage_cycle_04,1.0,1.0,1.0,0.0,0.0,0.0,0.0,0.0,0.0,0.0,1.0,1.0,1.0,1.0,0.0,1.0,0.0,0.0,1.0,0,0,0,0,0,0,0,1,0,0,0
train,vgr_train_storage_cycle_04,1.0,1.0,1.0,0.0,0.0,0.0,0.0,0.0,0.0,0.0,1.0,1.0,1.0,1.0,0.0,1.0,0.0,0.0,1.0,0,0,0,0,0,0,0,1,0,0,0
train,vgr_train_storage_cycle_04,1.0,1.0,1.0,0.0,0.0,0.0,0.0,0.0,0.0,0.0,1.0,1.0,1.0,1.0,0.0,1.0,0.0,0.0,1.0,0,0,0,0,0,0,0,1,0,0,0
train,vgr_train_storage_cycle_04,1.0,1.0,1.0,0.0,0.0,0.0,0.0,0.0,0.0,0.0,1.0,1.0,1.0,1.0,0.0,1.0,0.0,0.0,1.0,0,0,0,0,0,0,0,1,0,0,0
train,vgr_train_storage_cycle_04,1.0,1.0,1.0,0.0,0.0,0.0,0.0,0.0,0.0,0.0,1.0,1.0,1.0,1.0,0.0,1.0,0.0,0.0,1.0,0,0,0,0,0,0,0,1,0,0,0
train,vgr_train_storage_cycle_04,1.0,1.0,1.0,0.0,0.0,0.0,0.0,0.0,0.0,0.0,1.0,1.0,1.0,1.0,0.0,1.0,0.0,0.0,1.0,0,0,0,0,0,0,0,1,0,0,0
train,vgr_train_storage_cycle_04,1.0,1.0,1.0,0.0,0.0,0.0,0.0,0.0,0.0,0.0,1.0,1.0,1.0,1.0,0.0,1.0,0.0,0.0,1.0,0,0,0,0,0,0,0,1,0,0,0
train,vgr_train_storage_cycle_04,1.0,1.0,1.0,0.0,0.0,0.0,0.0,0.0,0.0,0.0,1.0,1.0,1.0,1.0,0.0,1.0,0.0,0.0,1.0,0,0,0,0,0,0,0,1,0,0,0
train,vgr_train_storage_cycle_04,1.0,1.0,1.0,0.0,0.0,0.0,0.0,0.0,0.0,0.0,1.0,1.0,1.0,1.0,0.0,1.0,0.0,0.0,1.0,0,0,0,0,0,0,0,1,0,0,0
train,vgr_train_storage_cycle_04,1.0,1.0,1.0,0.0,0.0,0.0,0.0,0.0,0.0,0.0,1.0,1.0,1.0,1.0,0.0,1.0,0.0,0.0,1.0,0,0,0,0,0,0,0,1,0,0,0
train,vgr_train_storage_cycle_04,1.0,1.0,1.0,0.0,0.0,0.0,0.0,0.0,0.0,0.0,1.0,1.0,1.0,1.0,0.0,1.0,0.0,0.0,1.0,0,0,0,0,0,0,0,1,0,0,0
train,vgr_train_storage_cycle_04,1.0,1.0,1.0,0.0,0.0,0.0,0.0,0.0,0.0,0.0,1.0,1.0,1.0,1.0,0.0,1.0,0.0,0.0,0.0,0,0,0,0,0,0,0,1,0,0,101
train,vgr_train_storage_cycle_04,0.0,0.0,0.0,0.0,0.0,1.0,1.0,398.0,26.0,33.0,1.0,1.0,1.0,1.0,0.0,1.0,0.0,0.0,1.0,0,0,0,0,0,0,0,1,0,0,102
train,vgr_train_storage_cycle_04,0.0,0.0,0.0,0.0,0.0,1.0,1.0,1453.0,906.0,705.0,0.0,1.0,1.0,0.0,0.0,1.0,399.0,7560.0,1.0,0,0,0,0,0,0,0,1,0,0,103
train,vgr_train_storage_cycle_04,0.0,0.0,0.0,0.0,0.0,1.0,1.0,2460.0,157.0,426.0,0.0,1.0,1.0,0.0,0.0,1.0,36.0,7560.0,1.0,0,0,0,0,0,0,0,1,0,0,102
train,vgr_train_storage_cycle_04,0.0,0.0,0.0,0.0,0.0,1.0,1.0,1450.0,909.0,700.0,0.0,0.0,1.0,0.0,1.0,0.0,2802.0,17.0,1.0,0,0,0,0,0,0,0,1,0,0,104
train,vgr_train_storage_cycle_04,1.0,0.0,0.0,0.0,0.0,1.0,1.0,0.0,603.0,5350.0,0.0,1.0,0.0,0.0,1.0,0.0,2802.0,17.0,1.0,0,0,0,0,0,0,0,1,0,0,105
train,vgr_train_storage_cycle_04,0.0,0.0,0.0,0.0,0.0,0.0,0.0,400.0,603.0,5350.0,0.0,1.0,0.0,0.0,1.0,0.0,2802.0,17.0,1.0,0,0,0,0,0,0,0,1,0,0,0
train,vgr_train_storage_cycle_04,0.0,0.0,0.0,0.0,0.0,0.0,0.0,400.0,603.0,5350.0,0.0,0.0,1.0,0.0,1.0,0.0,2802.0,17.0,1.0,0,0,0,0,0,0,0,1,0,0,0
train,vgr_train_storage_cycle_04,0.0,0.0,0.0,0.0,0.0,0.0,0.0,400.0,603.0,5350.0,0.0,1.0,1.0,0.0,0.0,1.0,34.0,7559.0,1.0,0,0,0,0,0,0,0,1,0,0,0
train,vgr_train_storage_cycle_04,0.0,0.0,0.0,0.0,0.0,0.0,0.0,400.0,603.0,5350.0,0.0,1.0,1.0,0.0,0.0,1.0,403.0,7559.0,1.0,0,0,0,0,0,0,0,1,0,0,301
train,vgr_train_storage_cycle_04,1.0,1.0,1.0,0.0,0.0,0.0,0.0,0.0,0.0,0.0,1.0,1.0,1.0,1.0,0.0,1.0,0.0,0.0,1.0,0,0,0,0,0,0,0,0,1,0,0
train,vgr_train_storage_cycle_04,1.0,1.0,1.0,0.0,0.0,0.0,0.0,0.0,0.0,0.0,1.0,1.0,1.0,1.0,0.0,1.0,0.0,0.0,1.0,0,0,0,0,0,0,0,0,1,0,0
train,vgr_train_storage_cycle_04,1.0,1.0,1.0,0.0,0.0,0.0,0.0,0.0,0.0,0.0,1.0,1.0,1.0,1.0,0.0,1.0,0.0,0.0,1.0,0,0,0,0,0,0,0,0,1,0,0
train,vgr_train_storage_cycle_04,1.0,1.0,1.0,0.0,0.0,0.0,0.0,0.0,0.0,0.0,1.0,1.0,1.0,1.0,0.0,1.0,0.0,0.0,1.0,0,0,0,0,0,0,0,0,1,0,0
train,vgr_train_storage_cycle_04,1.0,1.0,1.0,0.0,0.0,0.0,0.0,0.0,0.0,0.0,1.0,1.0,1.0,1.0,0.0,1.0,0.0,0.0,1.0,0,0,0,0,0,0,0,0,1,0,0
train,vgr_train_storage_cycle_04,1.0,1.0,1.0,0.0,0.0,0.0,0.0,0.0,0.0,0.0,1.0,1.0,1.0,1.0,0.0,1.0,0.0,0.0,1.0,0,0,0,0,0,0,0,0,1,0,0
train,vgr_train_storage_cycle_04,1.0,1.0,1.0,0.0,0.0,0.0,0.0,0.0,0.0,0.0,1.0,1.0,1.0,1.0,0.0,1.0,0.0,0.0,1.0,0,0,0,0,0,0,0,0,1,0,0
train,vgr_train_storage_cycle_04,1.0,1.0,1.0,0.0,0.0,0.0,0.0,0.0,0.0,0.0,1.0,1.0,1.0,1.0,0.0,1.0,0.0,0.0,1.0,0,0,0,0,0,0,0,0,1,0,0
train,vgr_train_storage_cycle_04,1.0,1.0,1.0,0.0,0.0,0.0,0.0,0.0,0.0,0.0,1.0,1.0,1.0,1.0,0.0,1.0,0.0,0.0,1.0,0,0,0,0,0,0,0,0,1,0,0
train,vgr_train_storage_cycle_04,1.0,1.0,1.0,0.0,0.0,0.0,0.0,0.0,0.0,0.0,1.0,1.0,1.0,1.0,0.0,1.0,0.0,0.0,1.0,0,0,0,0,0,0,0,0,1,0,0
train,vgr_train_storage_cycle_04,1.0,1.0,1.0,0.0,0.0,0.0,0.0,0.0,0.0,0.0,1.0,1.0,1.0,1.0,0.0,1.0,0.0,0.0,1.0,0,0,0,0,0,0,0,0,1,0,0
train,vgr_train_storage_cycle_04,1.0,1.0,1.0,0.0,0.0,0.0,0.0,0.0,0.0,0.0,1.0,1.0,1.0,1.0,0.0,1.0,0.0,0.0,1.0,0,0,0,0,0,0,0,0,1,0,0
train,vgr_train_storage_cycle_04,1.0,1.0,1.0,0.0,0.0,0.0,0.0,0.0,0.0,0.0,1.0,1.0,1.0,1.0,0.0,1.0,0.0,0.0,1.0,0,0,0,0,0,0,0,0,1,0,0
train,vgr_train_storage_cycle_04,1.0,1.0,1.0,0.0,0.0,0.0,0.0,0.0,0.0,0.0,1.0,1.0,1.0,1.0,0.0,1.0,0.0,0.0,1.0,0,0,0,0,0,0,0,0,1,0,0
train,vgr_train_storage_cycle_04,1.0,1.0,1.0,0.0,0.0,0.0,0.0,0.0,0.0,0.0,1.0,1.0,1.0,1.0,0.0,1.0,0.0,0.0,1.0,0,0,0,0,0,0,0,0,1,0,0
train,vgr_train_storage_cycle_04,1.0,1.0,1.0,0.0,0.0,0.0,0.0,0.0,0.0,0.0,1.0,1.0,1.0,1.0,0.0,1.0,0.0,0.0,1.0,0,0,0,0,0,0,0,0,1,0,0
train,vgr_train_storage_cycle_04,1.0,1.0,1.0,0.0,0.0,0.0,0.0,0.0,0.0,0.0,1.0,1.0,1.0,1.0,0.0,1.0,0.0,0.0,1.0,0,0,0,0,0,0,0,0,1,0,0
train,vgr_train_storage_cycle_04,1.0,1.0,1.0,0.0,0.0,0.0,0.0,0.0,0.0,0.0,1.0,1.0,1.0,1.0,0.0,1.0,0.0,0.0,0.0,0,0,0,0,0,0,0,0,1,0,101
train,vgr_train_storage_cycle_04,0.0,0.0,0.0,0.0,0.0,1.0,1.0,390.0,26.0,32.0,1.0,1.0,1.0,1.0,0.0,1.0,0.0,0.0,1.0,0,0,0,0,0,0,0,0,1,0,102
train,vgr_train_storage_cycle_04,0.0,0.0,0.0,0.0,0.0,1.0,1.0,1447.0,906.0,700.0,0.0,1.0,1.0,0.0,0.0,1.0,1754.0,7559.0,1.0,0,0,0,0,0,0,0,0,1,0,103
train,vgr_train_storage_cycle_04,0.0,0.0,0.0,0.0,0.0,1.0,1.0,2456.0,156.0,424.0,0.0,1.0,1.0,0.0,0.0,1.0,1386.0,7559.0,1.0,0,0,0,0,0,0,0,0,1,0,102
train,vgr_train_storage_cycle_04,0.0,0.0,0.0,0.0,0.0,1.0,1.0,1446.0,904.0,703.0,0.0,0.0,1.0,0.0,1.0,0.0,2804.0,17.0,1.0,0,0,0,0,0,0,0,0,1,0,104
train,vgr_train_storage_cycle_04,1.0,0.0,0.0,0.0,0.0,1.0,1.0,0.0,606.0,5351.0,0.0,1.0,0.0,0.0,1.0,0.0,2804.0,17.0,1.0,0,0,0,0,0,0,0,0,1,0,105
train,vgr_train_storage_cycle_04,0.0,0.0,0.0,0.0,0.0,0.0,0.0,401.0,606.0,5351.0,0.0,1.0,0.0,0.0,1.0,0.0,2804.0,17.0,1.0,0,0,0,0,0,0,0,0,1,0,0
train,vgr_train_storage_cycle_04,0.0,0.0,0.0,0.0,0.0,0.0,0.0,401.0,606.0,5351.0,0.0,0.0,1.0,0.0,1.0,0.0,2804.0,17.0,1.0,0,0,0,0,0,0,0,0,1,0,0
train,vgr_train_storage_cycle_04,0.0,0.0,0.0,0.0,0.0,0.0,0.0,401.0,606.0,5351.0,0.0,1.0,1.0,0.0,0.0,1.0,1383.0,7559.0,1.0,0,0,0,0,0,0,0,0,1,0,0
train,vgr_train_storage_cycle_04,0.0,0.0,0.0,0.0,0.0,0.0,0.0,401.0,606.0,5351.0,0.0,1.0,1.0,0.0,0.0,1.0,1751.0,7559.0,1.0,0,0,0,0,0,0,0,0,1,0,301
train,vgr_train_storage_cycle_04,1.0,1.0,1.0,0.0,0.0,0.0,0.0,0.0,0.0,0.0,1.0,1.0,1.0,1.0,0.0,1.0,0.0,0.0,1.0,0,0,0,0,0,0,0,0,0,1,0
train,vgr_train_storage_cycle_04,1.0,1.0,1.0,0.0,0.0,0.0,0.0,0.0,0.0,0.0,1.0,1.0,1.0,1.0,0.0,1.0,0.0,0.0,1.0,0,0,0,0,0,0,0,0,0,1,0
train,vgr_train_storage_cycle_04,1.0,1.0,1.0,0.0,0.0,0.0,0.0,0.0,0.0,0.0,1.0,1.0,1.0,1.0,0.0,1.0,0.0,0.0,1.0,0,0,0,0,0,0,0,0,0,1,0
train,vgr_train_storage_cycle_04,1.0,1.0,1.0,0.0,0.0,0.0,0.0,0.0,0.0,0.0,1.0,1.0,1.0,1.0,0.0,1.0,0.0,0.0,1.0,0,0,0,0,0,0,0,0,0,1,0
train,vgr_train_storage_cycle_04,1.0,1.0,1.0,0.0,0.0,0.0,0.0,0.0,0.0,0.0,1.0,1.0,1.0,1.0,0.0,1.0,0.0,0.0,1.0,0,0,0,0,0,0,0,0,0,1,0
train,vgr_train_storage_cycle_04,1.0,1.0,1.0,0.0,0.0,0.0,0.0,0.0,0.0,0.0,1.0,1.0,1.0,1.0,0.0,1.0,0.0,0.0,1.0,0,0,0,0,0,0,0,0,0,1,0
train,vgr_train_storage_cycle_04,1.0,1.0,1.0,0.0,0.0,0.0,0.0,0.0,0.0,0.0,1.0,1.0,1.0,1.0,0.0,1.0,0.0,0.0,1.0,0,0,0,0,0,0,0,0,0,1,0
train,vgr_train_storage_cycle_04,1.0,1.0,1.0,0.0,0.0,0.0,0.0,0.0,0.0,0.0,1.0,1.0,1.0,1.0,0.0,1.0,0.0,0.0,1.0,0,0,0,0,0,0,0,0,0,1,0
train,vgr_train_storage_cycle_04,1.0,1.0,1.0,0.0,0.0,0.0,0.0,0.0,0.0,0.0,1.0,1.0,1.0,1.0,0.0,1.0,0.0,0.0,1.0,0,0,0,0,0,0,0,0,0,1,0
train,vgr_train_storage_cycle_04,1.0,1.0,1.0,0.0,0.0,0.0,0.0,0.0,0.0,0.0,1.0,1.0,1.0,1.0,0.0,1.0,0.0,0.0,1.0,0,0,0,0,0,0,0,0,0,1,0
train,vgr_train_storage_cycle_04,1.0,1.0,1.0,0.0,0.0,0.0,0.0,0.0,0.0,0.0,1.0,1.0,1.0,1.0,0.0,1.0,0.0,0.0,1.0,0,0,0,0,0,0,0,0,0,1,0
train,vgr_train_storage_cycle_04,1.0,1.0,1.0,0.0,0.0,0.0,0.0,0.0,0.0,0.0,1.0,1.0,1.0,1.0,0.0,1.0,0.0,0.0,1.0,0,0,0,0,0,0,0,0,0,1,0
train,vgr_train_storage_cycle_04,1.0,1.0,1.0,0.0,0.0,0.0,0.0,0.0,0.0,0.0,1.0,1.0,1.0,1.0,0.0,1.0,0.0,0.0,1.0,0,0,0,0,0,0,0,0,0,1,0
train,vgr_train_storage_cycle_04,1.0,1.0,1.0,0.0,0.0,0.0,0.0,0.0,0.0,0.0,1.0,1.0,1.0,1.0,0.0,1.0,0.0,0.0,1.0,0,0,0,0,0,0,0,0,0,1,0
train,vgr_train_storage_cycle_04,1.0,1.0,1.0,0.0,0.0,0.0,0.0,0.0,0.0,0.0,1.0,1.0,1.0,1.0,0.0,1.0,0.0,0.0,1.0,0,0,0,0,0,0,0,0,0,1,0
train,vgr_train_storage_cycle_04,1.0,1.0,1.0,0.0,0.0,0.0,0.0,0.0,0.0,0.0,1.0,1.0,1.0,1.0,0.0,1.0,0.0,0.0,1.0,0,0,0,0,0,0,0,0,0,1,0
train,vgr_train_storage_cycle_04,1.0,1.0,1.0,0.0,0.0,0.0,0.0,0.0,0.0,0.0,1.0,1.0,1.0,1.0,0.0,1.0,0.0,0.0,1.0,0,0,0,0,0,0,0,0,0,1,0
train,vgr_train_storage_cycle_04,1.0,1.0,1.0,0.0,0.0,0.0,0.0,0.0,0.0,0.0,1.0,1.0,1.0,1.0,0.0,1.0,0.0,0.0,0.0,0,0,0,0,0,0,0,0,0,1,101
train,vgr_train_storage_cycle_04,0.0,0.0,0.0,0.0,0.0,1.0,1.0,396.0,26.0,34.0,1.0,1.0,1.0,1.0,0.0,1.0,0.0,0.0,1.0,0,0,0,0,0,0,0,0,0,1,102
train,vgr_train_storage_cycle_04,0.0,0.0,0.0,0.0,0.0,1.0,1.0,1452.0,910.0,704.0,0.0,1.0,1.0,0.0,0.0,1.0,3250.0,7556.0,1.0,0,0,0,0,0,0,0,0,0,1,103
train,vgr_train_storage_cycle_04,0.0,0.0,0.0,0.0,0.0,1.0,1.0,2460.0,156.0,424.0,0.0,1.0,1.0,0.0,0.0,1.0,2887.0,7556.0,1.0,0,0,0,0,0,0,0,0,0,1,102
train,vgr_train_storage_cycle_04,0.0,0.0,0.0,0.0,0.0,1.0,1.0,1449.0,908.0,702.0,0.0,0.0,1.0,0.0,1.0,0.0,2802.0,19.0,1.0,0,0,0,0,0,0,0,0,0,1,104
train,vgr_train_storage_cycle_04,1.0,0.0,0.0,0.0,1.0,1.0,1.0,0.0,483.0,5348.0,0.0,1.0,0.0,0.0,1.0,0.0,2802.0,19.0,1.0,0,0,0,0,0,0,0,0,0,1,105
train,vgr_train_storage_cycle_04,0.0,0.0,0.0,0.0,0.0,0.0,0.0,398.0,608.0,5348.0,0.0,1.0,0.0,0.0,1.0,0.0,2802.0,19.0,1.0,0,0,0,0,0,0,0,0,0,1,0
train,vgr_train_storage_cycle_04,0.0,0.0,0.0,0.0,0.0,0.0,0.0,398.0,608.0,5348.0,0.0,0.0,1.0,0.0,1.0,0.0,2802.0,19.0,1.0,0,0,0,0,0,0,0,0,0,1,0
train,vgr_train_storage_cycle_04,0.0,0.0,0.0,0.0,0.0,0.0,0.0,398.0,608.0,5348.0,0.0,1.0,1.0,0.0,0.0,1.0,2883.0,7560.0,1.0,0,0,0,0,0,0,0,0,0,1,0
train,vgr_train_storage_cycle_04,0.0,0.0,0.0,0.0,0.0,0.0,0.0,398.0,608.0,5348.0,0.0,1.0,1.0,0.0,0.0,1.0,3252.0,7560.0,1.0,0,0,0,0,0,0,0,0,0,1,301
train,vgr_train_storage_cycle_04,1.0,1.0,1.0,0.0,0.0,0.0,0.0,0.0,0.0,0.0,1.0,1.0,1.0,1.0,0.0,1.0,0.0,0.0,1.0,1,0,0,0,0,0,0,0,0,0,0
train,vgr_train_storage_cycle_04,1.0,1.0,1.0,0.0,0.0,0.0,0.0,0.0,0.0,0.0,1.0,1.0,1.0,1.0,0.0,1.0,0.0,0.0,1.0,1,0,0,0,0,0,0,0,0,0,0
train,vgr_train_storage_cycle_04,1.0,1.0,1.0,0.0,0.0,0.0,0.0,0.0,0.0,0.0,1.0,1.0,1.0,1.0,0.0,1.0,0.0,0.0,1.0,1,0,0,0,0,0,0,0,0,0,0
train,vgr_train_storage_cycle_04,1.0,1.0,1.0,0.0,0.0,0.0,0.0,0.0,0.0,0.0,1.0,1.0,1.0,1.0,0.0,1.0,0.0,0.0,1.0,1,0,0,0,0,0,0,0,0,0,0
train,vgr_train_storage_cycle_04,1.0,1.0,1.0,0.0,0.0,0.0,0.0,0.0,0.0,0.0,1.0,1.0,1.0,1.0,0.0,1.0,0.0,0.0,1.0,1,0,0,0,0,0,0,0,0,0,0
train,vgr_train_storage_cycle_04,1.0,1.0,1.0,0.0,0.0,0.0,0.0,0.0,0.0,0.0,1.0,1.0,1.0,1.0,0.0,1.0,0.0,0.0,1.0,1,0,0,0,0,0,0,0,0,0,0
train,vgr_train_storage_cycle_04,1.0,1.0,1.0,0.0,0.0,0.0,0.0,0.0,0.0,0.0,1.0,1.0,1.0,1.0,0.0,1.0,0.0,0.0,1.0,1,0,0,0,0,0,0,0,0,0,0
train,vgr_train_storage_cycle_04,1.0,1.0,1.0,0.0,0.0,0.0,0.0,0.0,0.0,0.0,1.0,1.0,1.0,1.0,0.0,1.0,0.0,0.0,1.0,1,0,0,0,0,0,0,0,0,0,0
train,vgr_train_storage_cycle_04,1.0,1.0,1.0,0.0,0.0,0.0,0.0,0.0,0.0,0.0,1.0,1.0,1.0,1.0,0.0,1.0,0.0,0.0,1.0,1,0,0,0,0,0,0,0,0,0,0
train,vgr_train_storage_cycle_04,1.0,1.0,1.0,0.0,0.0,0.0,0.0,0.0,0.0,0.0,1.0,1.0,1.0,1.0,0.0,1.0,0.0,0.0,1.0,1,0,0,0,0,0,0,0,0,0,0
train,vgr_train_storage_cycle_04,1.0,1.0,1.0,0.0,0.0,0.0,0.0,0.0,0.0,0.0,1.0,1.0,1.0,1.0,0.0,1.0,0.0,0.0,1.0,1,0,0,0,0,0,0,0,0,0,0
train,vgr_train_storage_cycle_04,1.0,1.0,1.0,0.0,0.0,0.0,0.0,0.0,0.0,0.0,1.0,1.0,1.0,1.0,0.0,1.0,0.0,0.0,1.0,1,0,0,0,0,0,0,0,0,0,0
train,vgr_train_storage_cycle_04,1.0,1.0,1.0,0.0,0.0,0.0,0.0,0.0,0.0,0.0,1.0,1.0,1.0,1.0,0.0,1.0,0.0,0.0,1.0,1,0,0,0,0,0,0,0,0,0,0
train,vgr_train_storage_cycle_04,1.0,1.0,1.0,0.0,0.0,0.0,0.0,0.0,0.0,0.0,1.0,1.0,1.0,1.0,0.0,1.0,0.0,0.0,1.0,1,0,0,0,0,0,0,0,0,0,0
train,vgr_train_storage_cycle_04,1.0,1.0,1.0,0.0,0.0,0.0,0.0,0.0,0.0,0.0,1.0,1.0,1.0,1.0,0.0,1.0,0.0,0.0,1.0,1,0,0,0,0,0,0,0,0,0,0
train,vgr_train_storage_cycle_04,1.0,1.0,1.0,0.0,0.0,0.0,0.0,0.0,0.0,0.0,1.0,1.0,1.0,1.0,0.0,1.0,0.0,0.0,1.0,1,0,0,0,0,0,0,0,0,0,0
train,vgr_train_storage_cycle_04,1.0,1.0,1.0,0.0,0.0,0.0,0.0,0.0,0.0,0.0,1.0,1.0,1.0,1.0,0.0,1.0,0.0,0.0,0.0,1,0,0,0,0,0,0,0,0,0,0
train,vgr_train_storage_cycle_04,1.0,1.0,1.0,0.0,0.0,0.0,0.0,0.0,0.0,0.0,1.0,1.0,1.0,1.0,0.0,1.0,0.0,0.0,1.0,1,0,0,0,0,0,0,0,0,0,0
train,vgr_train_storage_cycle_04,1.0,1.0,1.0,0.0,0.0,0.0,0.0,0.0,0.0,0.0,1.0,1.0,1.0,1.0,0.0,1.0,0.0,0.0,1.0,1,0,0,0,0,0,0,0,0,0,0
train,vgr_train_storage_cycle_04,1.0,1.0,1.0,0.0,0.0,0.0,0.0,0.0,0.0,0.0,1.0,1.0,1.0,1.0,0.0,1.0,0.0,0.0,1.0,1,0,0,0,0,0,0,0,0,0,0
train,vgr_train_storage_cycle_04,1.0,1.0,1.0,0.0,0.0,0.0,0.0,0.0,0.0,0.0,1.0,1.0,1.0,1.0,0.0,1.0,0.0,0.0,1.0,1,0,0,0,0,0,0,0,0,0,0
train,vgr_train_storage_cycle_04,1.0,1.0,1.0,0.0,0.0,0.0,0.0,0.0,0.0,0.0,1.0,1.0,1.0,1.0,0.0,1.0,0.0,0.0,1.0,1,0,0,0,0,0,0,0,0,0,0
train,vgr_train_storage_cycle_04,1.0,1.0,1.0,0.0,0.0,0.0,0.0,0.0,0.0,0.0,1.0,1.0,1.0,1.0,0.0,1.0,0.0,0.0,1.0,1,0,0,0,0,0,0,0,0,0,0
train,vgr_train_storage_cycle_04,1.0,1.0,1.0,0.0,0.0,0.0,0.0,0.0,0.0,0.0,1.0,1.0,1.0,1.0,0.0,1.0,0.0,0.0,1.0,1,0,0,0,0,0,0,0,0,0,0
train,vgr_train_storage_cycle_04,1.0,1.0,1.0,0.0,0.0,0.0,0.0,0.0,0.0,0.0,1.0,1.0,1.0,1.0,0.0,1.0,0.0,0.0,1.0,1,0,0,0,0,0,0,0,0,0,0
train,vgr_train_storage_cycle_04,1.0,1.0,1.0,0.0,0.0,0.0,0.0,0.0,0.0,0.0,1.0,1.0,1.0,1.0,0.0,1.0,0.0,0.0,1.0,1,0,0,0,0,0,0,0,0,0,0
train,vgr_train_storage_cycle_04,1.0,1.0,1.0,0.0,0.0,0.0,0.0,0.0,0.0,0.0,1.0,1.0,1.0,1.0,0.0,1.0,0.0,0.0,1.0,1,0,0,0,0,0,0,0,0,0,0
train,vgr_train_storage_cycle_04,1.0,1.0,1.0,0.0,0.0,0.0,0.0,0.0,0.0,0.0,1.0,1.0,1.0,1.0,0.0,1.0,0.0,0.0,1.0,1,0,0,0,0,0,0,0,0,0,0
train,vgr_train_storage_cycle_04,1.0,1.0,1.0,0.0,0.0,0.0,0.0,0.0,0.0,0.0,1.0,1.0,1.0,1.0,0.0,1.0,0.0,0.0,1.0,1,0,0,0,0,0,0,0,0,0,0
train,vgr_train_storage_cycle_04,1.0,1.0,1.0,0.0,0.0,0.0,0.0,0.0,0.0,0.0,1.0,1.0,1.0,1.0,0.0,1.0,0.0,0.0,1.0,1,0,0,0,0,0,0,0,0,0,0
train,vgr_train_storage_cycle_04,1.0,1.0,1.0,0.0,0.0,0.0,0.0,0.0,0.0,0.0,1.0,1.0,1.0,1.0,0.0,1.0,0.0,0.0,1.0,1,0,0,0,0,0,0,0,0,0,0
train,vgr_train_storage_cycle_04,1.0,1.0,1.0,0.0,0.0,0.0,0.0,0.0,0.0,0.0,1.0,1.0,1.0,1.0,0.0,1.0,0.0,0.0,1.0,1,0,0,0,0,0,0,0,0,0,0
train,vgr_train_storage_cycle_04,1.0,1.0,1.0,0.0,0.0,0.0,0.0,0.0,0.0,0.0,1.0,1.0,1.0,1.0,0.0,1.0,0.0,0.0,1.0,1,0,0,0,0,0,0,0,0,0,0
train,vgr_train_storage_cycle_04,1.0,1.0,1.0,0.0,0.0,0.0,0.0,0.0,0.0,0.0,1.0,1.0,1.0,1.0,0.0,1.0,0.0,0.0,0.0,1,0,0,0,0,0,0,0,0,0,0
train,vgr_train_storage_cycle_04,1.0,1.0,1.0,0.0,0.0,0.0,0.0,0.0,0.0,0.0,1.0,1.0,1.0,1.0,0.0,1.0,0.0,0.0,1.0,1,0,0,0,0,0,0,0,0,0,0
train,vgr_train_storage_cycle_04,1.0,1.0,1.0,0.0,0.0,0.0,0.0,0.0,0.0,0.0,1.0,1.0,1.0,1.0,0.0,1.0,0.0,0.0,1.0,1,0,0,0,0,0,0,0,0,0,0
train,vgr_train_storage_cycle_04,1.0,1.0,1.0,0.0,0.0,0.0,0.0,0.0,0.0,0.0,1.0,1.0,1.0,1.0,0.0,1.0,0.0,0.0,1.0,1,0,0,0,0,0,0,0,0,0,0
train,vgr_train_storage_cycle_04,1.0,1.0,1.0,0.0,0.0,0.0,0.0,0.0,0.0,0.0,1.0,1.0,1.0,1.0,0.0,1.0,0.0,0.0,1.0,1,0,0,0,0,0,0,0,0,0,0
train,vgr_train_storage_cycle_04,1.0,1.0,1.0,0.0,0.0,0.0,0.0,0.0,0.0,0.0,1.0,1.0,1.0,1.0,0.0,1.0,0.0,0.0,1.0,1,0,0,0,0,0,0,0,0,0,0
train,vgr_train_storage_cycle_04,1.0,1.0,1.0,0.0,0.0,0.0,0.0,0.0,0.0,0.0,1.0,1.0,1.0,1.0,0.0,1.0,0.0,0.0,1.0,1,0,0,0,0,0,0,0,0,0,0
train,vgr_train_storage_cycle_04,1.0,1.0,1.0,0.0,0.0,0.0,0.0,0.0,0.0,0.0,1.0,1.0,1.0,1.0,0.0,1.0,0.0,0.0,1.0,1,0,0,0,0,0,0,0,0,0,0
train,vgr_train_storage_cycle_04,1.0,1.0,1.0,0.0,0.0,0.0,0.0,0.0,0.0,0.0,1.0,1.0,1.0,1.0,0.0,1.0,0.0,0.0,1.0,1,0,0,0,0,0,0,0,0,0,0
train,vgr_train_storage_cycle_04,1.0,1.0,1.0,0.0,0.0,0.0,0.0,0.0,0.0,0.0,1.0,1.0,1.0,1.0,0.0,1.0,0.0,0.0,1.0,1,0,0,0,0,0,0,0,0,0,0
train,vgr_train_storage_cycle_04,1.0,1.0,1.0,0.0,0.0,0.0,0.0,0.0,0.0,0.0,1.0,1.0,1.0,1.0,0.0,1.0,0.0,0.0,0.0,1,0,0,0,0,0,0,0,0,0,0
train,vgr_train_storage_cycle_04,1.0,1.0,1.0,0.0,0.0,0.0,0.0,0.0,0.0,0.0,1.0,1.0,1.0,1.0,0.0,1.0,0.0,0.0,1.0,1,0,0,0,0,0,0,0,0,0,0
train,vgr_train_storage_cycle_04,1.0,1.0,1.0,0.0,0.0,0.0,0.0,0.0,0.0,0.0,1.0,1.0,1.0,1.0,0.0,1.0,0.0,0.0,1.0,1,0,0,0,0,0,0,0,0,0,0
train,vgr_train_storage_cycle_04,1.0,1.0,1.0,0.0,0.0,0.0,0.0,0.0,0.0,0.0,1.0,1.0,1.0,1.0,0.0,1.0,0.0,0.0,1.0,1,0,0,0,0,0,0,0,0,0,0
train,vgr_train_storage_cycle_04,1.0,1.0,1.0,0.0,0.0,0.0,0.0,0.0,0.0,0.0,1.0,1.0,1.0,1.0,0.0,1.0,0.0,0.0,1.0,1,0,0,0,0,0,0,0,0,0,0
train,vgr_train_storage_cycle_04,1.0,1.0,1.0,0.0,0.0,0.0,0.0,0.0,0.0,0.0,1.0,1.0,1.0,1.0,0.0,1.0,0.0,0.0,1.0,1,0,0,0,0,0,0,0,0,0,0
train,vgr_train_storage_cycle_04,1.0,1.0,1.0,0.0,0.0,0.0,0.0,0.0,0.0,0.0,1.0,1.0,1.0,1.0,0.0,1.0,0.0,0.0,1.0,1,0,0,0,0,0,0,0,0,0,0
train,vgr_train_storage_cycle_04,1.0,1.0,1.0,0.0,0.0,0.0,0.0,0.0,0.0,0.0,1.0,1.0,1.0,1.0,0.0,1.0,0.0,0.0,1.0,1,0,0,0,0,0,0,0,0,0,0
train,vgr_train_storage_cycle_04,1.0,1.0,1.0,0.0,0.0,0.0,0.0,0.0,0.0,0.0,1.0,1.0,1.0,1.0,0.0,1.0,0.0,0.0,1.0,1,0,0,0,0,0,0,0,0,0,0
train,vgr_train_storage_cycle_04,1.0,1.0,1.0,0.0,0.0,0.0,0.0,0.0,0.0,0.0,1.0,1.0,1.0,1.0,0.0,1.0,0.0,0.0,1.0,1,0,0,0,0,0,0,0,0,0,0
train,vgr_train_storage_cycle_04,1.0,1.0,1.0,0.0,0.0,0.0,0.0,0.0,0.0,0.0,1.0,1.0,1.0,1.0,0.0,1.0,0.0,0.0,1.0,1,0,0,0,0,0,0,0,0,0,0
train,vgr_train_storage_cycle_04,1.0,1.0,1.0,0.0,0.0,0.0,0.0,0.0,0.0,0.0,1.0,1.0,1.0,1.0,0.0,1.0,0.0,0.0,1.0,1,0,0,0,0,0,0,0,0,0,0
train,vgr_train_storage_cycle_04,1.0,1.0,1.0,0.0,0.0,0.0,0.0,0.0,0.0,0.0,1.0,1.0,1.0,1.0,0.0,1.0,0.0,0.0,1.0,1,0,0,0,0,0,0,0,0,0,0
train,vgr_train_storage_cycle_04,1.0,1.0,1.0,0.0,0.0,0.0,0.0,0.0,0.0,0.0,1.0,1.0,1.0,1.0,0.0,1.0,0.0,0.0,1.0,1,0,0,0,0,0,0,0,0,0,0
train,vgr_train_storage_cycle_04,1.0,1.0,1.0,0.0,0.0,0.0,0.0,0.0,0.0,0.0,1.0,1.0,1.0,1.0,0.0,1.0,0.0,0.0,1.0,1,0,0,0,0,0,0,0,0,0,0
train,vgr_train_storage_cycle_04,1.0,1.0,1.0,0.0,0.0,0.0,0.0,0.0,0.0,0.0,1.0,1.0,1.0,1.0,0.0,1.0,0.0,0.0,1.0,1,0,0,0,0,0,0,0,0,0,0
train,vgr_train_storage_cycle_04,1.0,1.0,1.0,0.0,0.0,0.0,0.0,0.0,0.0,0.0,1.0,1.0,1.0,1.0,0.0,1.0,0.0,0.0,1.0,1,0,0,0,0,0,0,0,0,0,0
train,vgr_train_storage_cycle_04,1.0,1.0,1.0,0.0,0.0,0.0,0.0,0.0,0.0,0.0,1.0,1.0,1.0,1.0,0.0,1.0,0.0,0.0,1.0,1,0,0,0,0,0,0,0,0,0,0
train,vgr_train_storage_cycle_04,1.0,1.0,1.0,0.0,0.0,0.0,0.0,0.0,0.0,0.0,1.0,1.0,1.0,1.0,0.0,1.0,0.0,0.0,0.0,1,0,0,0,0,0,0,0,0,0,0
train,vgr_train_storage_cycle_04,1.0,1.0,1.0,0.0,0.0,0.0,0.0,0.0,0.0,0.0,1.0,1.0,1.0,1.0,0.0,1.0,0.0,0.0,1.0,1,0,0,0,0,0,0,0,0,0,0
train,vgr_train_storage_cycle_04,1.0,1.0,1.0,0.0,0.0,0.0,0.0,0.0,0.0,0.0,1.0,1.0,1.0,1.0,0.0,1.0,0.0,0.0,1.0,1,0,0,0,0,0,0,0,0,0,0
train,vgr_train_storage_cycle_04,1.0,1.0,1.0,0.0,0.0,0.0,0.0,0.0,0.0,0.0,1.0,1.0,1.0,1.0,0.0,1.0,0.0,0.0,1.0,1,0,0,0,0,0,0,0,0,0,0
train,vgr_train_storage_cycle_04,1.0,1.0,1.0,0.0,0.0,0.0,0.0,0.0,0.0,0.0,1.0,1.0,1.0,1.0,0.0,1.0,0.0,0.0,1.0,1,0,0,0,0,0,0,0,0,0,0
train,vgr_train_storage_cycle_04,1.0,1.0,1.0,0.0,0.0,0.0,0.0,0.0,0.0,0.0,1.0,1.0,1.0,1.0,0.0,1.0,0.0,0.0,0.0,1,0,0,0,0,0,0,0,0,0,0
train,vgr_train_storage_cycle_04,1.0,1.0,1.0,0.0,0.0,0.0,0.0,0.0,0.0,0.0,1.0,1.0,1.0,1.0,0.0,1.0,0.0,0.0,1.0,1,0,0,0,0,0,0,0,0,0,0
train,vgr_train_storage_cycle_04,1.0,1.0,1.0,0.0,0.0,0.0,0.0,0.0,0.0,0.0,1.0,1.0,1.0,1.0,0.0,1.0,0.0,0.0,1.0,1,0,0,0,0,0,0,0,0,0,0
train,vgr_train_storage_cycle_04,1.0,1.0,1.0,0.0,0.0,0.0,0.0,0.0,0.0,0.0,1.0,1.0,1.0,1.0,0.0,1.0,0.0,0.0,1.0,1,0,0,0,0,0,0,0,0,0,0
train,vgr_train_storage_cycle_04,1.0,1.0,1.0,0.0,0.0,0.0,0.0,0.0,0.0,0.0,1.0,1.0,1.0,1.0,0.0,1.0,0.0,0.0,1.0,1,0,0,0,0,0,0,0,0,0,0
train,vgr_train_storage_cycle_04,1.0,1.0,1.0,0.0,0.0,0.0,0.0,0.0,0.0,0.0,1.0,1.0,1.0,1.0,0.0,1.0,0.0,0.0,1.0,1,0,0,0,0,0,0,0,0,0,0
train,vgr_train_storage_cycle_04,1.0,1.0,1.0,0.0,0.0,0.0,0.0,0.0,0.0,0.0,1.0,1.0,1.0,1.0,0.0,1.0,0.0,0.0,1.0,1,0,0,0,0,0,0,0,0,0,0
train,vgr_train_storage_cycle_04,1.0,1.0,1.0,0.0,0.0,0.0,0.0,0.0,0.0,0.0,1.0,1.0,1.0,1.0,0.0,1.0,0.0,0.0,1.0,1,0,0,0,0,0,0,0,0,0,0
train,vgr_train_storage_cycle_04,1.0,1.0,1.0,0.0,0.0,0.0,0.0,0.0,0.0,0.0,1.0,1.0,1.0,1.0,0.0,1.0,0.0,0.0,1.0,1,0,0,0,0,0,0,0,0,0,0
train,vgr_train_storage_cycle_04,1.0,1.0,1.0,0.0,0.0,0.0,0.0,0.0,0.0,0.0,1.0,1.0,1.0,1.0,0.0,1.0,0.0,0.0,1.0,1,0,0,0,0,0,0,0,0,0,0
train,vgr_train_storage_cycle_04,1.0,1.0,1.0,0.0,0.0,0.0,0.0,0.0,0.0,0.0,1.0,1.0,1.0,1.0,0.0,1.0,0.0,0.0,0.0,1,0,0,0,0,0,0,0,0,0,0
train,vgr_train_storage_cycle_04,1.0,1.0,1.0,0.0,0.0,0.0,0.0,0.0,0.0,0.0,1.0,1.0,1.0,1.0,0.0,1.0,0.0,0.0,1.0,1,0,0,0,0,0,0,0,0,0,0
train,vgr_train_storage_cycle_04,1.0,1.0,1.0,0.0,0.0,0.0,0.0,0.0,0.0,0.0,1.0,1.0,1.0,1.0,0.0,1.0,0.0,0.0,1.0,1,0,0,0,0,0,0,0,0,0,0
train,vgr_train_storage_cycle_04,1.0,1.0,1.0,0.0,0.0,0.0,0.0,0.0,0.0,0.0,1.0,1.0,1.0,1.0,0.0,1.0,0.0,0.0,1.0,1,0,0,0,0,0,0,0,0,0,0
train,vgr_train_storage_cycle_04,1.0,1.0,1.0,0.0,0.0,0.0,0.0,0.0,0.0,0.0,1.0,1.0,1.0,1.0,0.0,1.0,0.0,0.0,1.0,1,0,0,0,0,0,0,0,0,0,0
train,vgr_train_storage_cycle_04,1.0,1.0,1.0,0.0,0.0,0.0,0.0,0.0,0.0,0.0,1.0,1.0,1.0,1.0,0.0,1.0,0.0,0.0,1.0,1,0,0,0,0,0,0,0,0,0,0
train,vgr_train_storage_cycle_04,1.0,1.0,1.0,0.0,0.0,0.0,0.0,0.0,0.0,0.0,1.0,1.0,1.0,1.0,0.0,1.0,0.0,0.0,1.0,1,0,0,0,0,0,0,0,0,0,0
train,vgr_train_storage_cycle_04,1.0,1.0,1.0,0.0,0.0,0.0,0.0,0.0,0.0,0.0,1.0,1.0,1.0,1.0,0.0,1.0,0.0,0.0,1.0,1,0,0,0,0,0,0,0,0,0,0
train,vgr_train_storage_cycle_04,1.0,1.0,1.0,0.0,0.0,0.0,0.0,0.0,0.0,0.0,1.0,1.0,1.0,1.0,0.0,1.0,0.0,0.0,1.0,1,0,0,0,0,0,0,0,0,0,0
train,vgr_train_storage_cycle_04,1.0,1.0,1.0,0.0,0.0,0.0,0.0,0.0,0.0,0.0,1.0,1.0,1.0,1.0,0.0,1.0,0.0,0.0,1.0,1,0,0,0,0,0,0,0,0,0,0
train,vgr_train_storage_cycle_04,1.0,1.0,1.0,0.0,0.0,0.0,0.0,0.0,0.0,0.0,1.0,1.0,1.0,1.0,0.0,1.0,0.0,0.0,1.0,1,0,0,0,0,0,0,0,0,0,0
train,vgr_train_storage_cycle_04,1.0,1.0,1.0,0.0,0.0,0.0,0.0,0.0,0.0,0.0,1.0,1.0,1.0,1.0,0.0,1.0,0.0,0.0,1.0,1,0,0,0,0,0,0,0,0,0,0
train,vgr_train_storage_cycle_04,1.0,1.0,1.0,0.0,0.0,0.0,0.0,0.0,0.0,0.0,1.0,1.0,1.0,1.0,0.0,1.0,0.0,0.0,0.0,1,0,0,0,0,0,0,0,0,0,0
train,vgr_train_storage_cycle_04,1.0,1.0,1.0,0.0,0.0,0.0,0.0,0.0,0.0,0.0,1.0,1.0,1.0,1.0,0.0,1.0,0.0,0.0,1.0,1,0,0,0,0,0,0,0,0,0,0
train,vgr_train_storage_cycle_04,1.0,1.0,1.0,0.0,0.0,0.0,0.0,0.0,0.0,0.0,1.0,1.0,1.0,1.0,0.0,1.0,0.0,0.0,1.0,1,0,0,0,0,0,0,0,0,0,0
train,vgr_train_storage_cycle_04,1.0,1.0,1.0,0.0,0.0,0.0,0.0,0.0,0.0,0.0,1.0,1.0,1.0,1.0,0.0,1.0,0.0,0.0,1.0,1,0,0,0,0,0,0,0,0,0,0
train,vgr_train_storage_cycle_04,1.0,1.0,1.0,0.0,0.0,0.0,0.0,0.0,0.0,0.0,1.0,1.0,1.0,1.0,0.0,1.0,0.0,0.0,1.0,1,0,0,0,0,0,0,0,0,0,0
train,vgr_train_storage_cycle_04,1.0,1.0,1.0,0.0,0.0,0.0,0.0,0.0,0.0,0.0,1.0,1.0,1.0,1.0,0.0,1.0,0.0,0.0,0.0,1,0,0,0,0,0,0,0,0,0,0
train,vgr_train_storage_cycle_04,1.0,1.0,1.0,0.0,0.0,0.0,0.0,0.0,0.0,0.0,1.0,1.0,1.0,1.0,0.0,1.0,0.0,0.0,1.0,1,0,0,0,0,0,0,0,0,0,0
train,vgr_train_storage_cycle_04,1.0,1.0,1.0,0.0,0.0,0.0,0.0,0.0,0.0,0.0,1.0,1.0,1.0,1.0,0.0,1.0,0.0,0.0,1.0,1,0,0,0,0,0,0,0,0,0,0
train,vgr_train_storage_cycle_04,1.0,1.0,1.0,0.0,0.0,0.0,0.0,0.0,0.0,0.0,1.0,1.0,1.0,1.0,0.0,1.0,0.0,0.0,1.0,1,0,0,0,0,0,0,0,0,0,0
train,vgr_train_storage_cycle_04,1.0,1.0,1.0,0.0,0.0,0.0,0.0,0.0,0.0,0.0,1.0,1.0,1.0,1.0,0.0,1.0,0.0,0.0,1.0,1,0,0,0,0,0,0,0,0,0,0
train,vgr_train_storage_cycle_04,1.0,1.0,1.0,0.0,0.0,0.0,0.0,0.0,0.0,0.0,1.0,1.0,1.0,1.0,0.0,1.0,0.0,0.0,1.0,1,0,0,0,0,0,0,0,0,0,0
train,vgr_train_storage_cycle_04,1.0,1.0,1.0,0.0,0.0,0.0,0.0,0.0,0.0,0.0,1.0,1.0,1.0,1.0,0.0,1.0,0.0,0.0,1.0,1,0,0,0,0,0,0,0,0,0,0
train,vgr_train_storage_cycle_04,1.0,1.0,1.0,0.0,0.0,0.0,0.0,0.0,0.0,0.0,1.0,1.0,1.0,1.0,0.0,1.0,0.0,0.0,1.0,1,0,0,0,0,0,0,0,0,0,0
train,vgr_train_storage_cycle_04,1.0,1.0,1.0,0.0,0.0,0.0,0.0,0.0,0.0,0.0,1.0,1.0,1.0,1.0,0.0,1.0,0.0,0.0,1.0,1,0,0,0,0,0,0,0,0,0,0
train,vgr_train_storage_cycle_04,1.0,1.0,1.0,0.0,0.0,0.0,0.0,0.0,0.0,0.0,1.0,1.0,1.0,1.0,0.0,1.0,0.0,0.0,1.0,1,0,0,0,0,0,0,0,0,0,0
train,vgr_train_storage_cycle_04,1.0,1.0,1.0,0.0,0.0,0.0,0.0,0.0,0.0,0.0,1.0,1.0,1.0,1.0,0.0,1.0,0.0,0.0,1.0,1,0,0,0,0,0,0,0,0,0,0
train,vgr_train_storage_cycle_04,1.0,1.0,1.0,0.0,0.0,0.0,0.0,0.0,0.0,0.0,1.0,1.0,1.0,1.0,0.0,1.0,0.0,0.0,1.0,1,0,0,0,0,0,0,0,0,0,0
train,vgr_train_storage_cycle_04,1.0,1.0,1.0,0.0,0.0,0.0,0.0,0.0,0.0,0.0,1.0,1.0,1.0,1.0,0.0,1.0,0.0,0.0,1.0,1,0,0,0,0,0,0,0,0,0,0
train,vgr_train_storage_cycle_04,1.0,1.0,1.0,0.0,0.0,0.0,0.0,0.0,0.0,0.0,1.0,1.0,1.0,1.0,0.0,1.0,0.0,0.0,1.0,1,0,0,0,0,0,0,0,0,0,0
train,vgr_train_storage_cycle_04,1.0,1.0,1.0,0.0,0.0,0.0,0.0,0.0,0.0,0.0,1.0,1.0,1.0,1.0,0.0,1.0,0.0,0.0,1.0,1,0,0,0,0,0,0,0,0,0,0
train,vgr_train_storage_cycle_04,1.0,1.0,1.0,0.0,0.0,0.0,0.0,0.0,0.0,0.0,1.0,1.0,1.0,1.0,0.0,1.0,0.0,0.0,0.0,1,0,0,0,0,0,0,0,0,0,0
train,vgr_train_storage_cycle_04,1.0,1.0,1.0,0.0,0.0,0.0,0.0,0.0,0.0,0.0,1.0,1.0,1.0,1.0,0.0,1.0,0.0,0.0,1.0,1,0,0,0,0,0,0,0,0,0,0
train,vgr_train_storage_cycle_04,1.0,1.0,1.0,0.0,0.0,0.0,0.0,0.0,0.0,0.0,1.0,1.0,1.0,1.0,0.0,1.0,0.0,0.0,1.0,1,0,0,0,0,0,0,0,0,0,0
train,vgr_train_storage_cycle_04,1.0,1.0,1.0,0.0,0.0,0.0,0.0,0.0,0.0,0.0,1.0,1.0,1.0,1.0,0.0,1.0,0.0,0.0,1.0,1,0,0,0,0,0,0,0,0,0,0
train,vgr_train_storage_cycle_04,1.0,1.0,1.0,0.0,0.0,0.0,0.0,0.0,0.0,0.0,1.0,1.0,1.0,1.0,0.0,1.0,0.0,0.0,1.0,1,0,0,0,0,0,0,0,0,0,0
train,vgr_train_storage_cycle_04,1.0,1.0,1.0,0.0,0.0,0.0,0.0,0.0,0.0,0.0,1.0,1.0,1.0,1.0,0.0,1.0,0.0,0.0,1.0,1,0,0,0,0,0,0,0,0,0,0
train,vgr_train_storage_cycle_04,1.0,1.0,1.0,0.0,0.0,0.0,0.0,0.0,0.0,0.0,1.0,1.0,1.0,1.0,0.0,1.0,0.0,0.0,1.0,1,0,0,0,0,0,0,0,0,0,0
train,vgr_train_storage_cycle_04,1.0,1.0,1.0,0.0,0.0,0.0,0.0,0.0,0.0,0.0,1.0,1.0,1.0,1.0,0.0,1.0,0.0,0.0,1.0,1,0,0,0,0,0,0,0,0,0,0
train,vgr_train_storage_cycle_04,1.0,1.0,1.0,0.0,0.0,0.0,0.0,0.0,0.0,0.0,1.0,1.0,1.0,1.0,0.0,1.0,0.0,0.0,1.0,1,0,0,0,0,0,0,0,0,0,0
train,vgr_train_storage_cycle_04,1.0,1.0,1.0,0.0,0.0,0.0,0.0,0.0,0.0,0.0,1.0,1.0,1.0,1.0,0.0,1.0,0.0,0.0,1.0,1,0,0,0,0,0,0,0,0,0,0
train,vgr_train_storage_cycle_04,1.0,1.0,1.0,0.0,0.0,0.0,0.0,0.0,0.0,0.0,1.0,1.0,1.0,1.0,0.0,1.0,0.0,0.0,1.0,1,0,0,0,0,0,0,0,0,0,0
train,vgr_train_storage_cycle_04,1.0,1.0,1.0,0.0,0.0,0.0,0.0,0.0,0.0,0.0,1.0,1.0,1.0,1.0,0.0,1.0,0.0,0.0,1.0,1,0,0,0,0,0,0,0,0,0,0
train,vgr_train_storage_cycle_04,1.0,1.0,1.0,0.0,0.0,0.0,0.0,0.0,0.0,0.0,1.0,1.0,1.0,1.0,0.0,1.0,0.0,0.0,1.0,1,0,0,0,0,0,0,0,0,0,0
train,vgr_train_storage_cycle_04,1.0,1.0,1.0,0.0,0.0,0.0,0.0,0.0,0.0,0.0,1.0,1.0,1.0,1.0,0.0,1.0,0.0,0.0,1.0,1,0,0,0,0,0,0,0,0,0,0
train,vgr_train_storage_cycle_04,1.0,1.0,1.0,0.0,0.0,0.0,0.0,0.0,0.0,0.0,1.0,1.0,1.0,1.0,0.0,1.0,0.0,0.0,1.0,1,0,0,0,0,0,0,0,0,0,0
train,vgr_train_storage_cycle_04,1.0,1.0,1.0,0.0,0.0,0.0,0.0,0.0,0.0,0.0,1.0,1.0,1.0,1.0,0.0,1.0,0.0,0.0,1.0,1,0,0,0,0,0,0,0,0,0,0
train,vgr_train_storage_cycle_04,1.0,1.0,1.0,0.0,0.0,0.0,0.0,0.0,0.0,0.0,1.0,1.0,1.0,1.0,0.0,1.0,0.0,0.0,1.0,1,0,0,0,0,0,0,0,0,0,0
train,vgr_train_storage_cycle_04,1.0,1.0,1.0,0.0,0.0,0.0,0.0,0.0,0.0,0.0,1.0,1.0,1.0,1.0,0.0,1.0,0.0,0.0,1.0,1,0,0,0,0,0,0,0,0,0,0
train,vgr_train_storage_cycle_04,1.0,1.0,1.0,0.0,0.0,0.0,0.0,0.0,0.0,0.0,1.0,1.0,1.0,1.0,0.0,1.0,0.0,0.0,1.0,1,0,0,0,0,0,0,0,0,0,0
train,vgr_train_storage_cycle_04,1.0,1.0,1.0,0.0,0.0,0.0,0.0,0.0,0.0,0.0,1.0,1.0,1.0,1.0,0.0,1.0,0.0,0.0,1.0,1,0,0,0,0,0,0,0,0,0,0
train,vgr_train_storage_cycle_04,1.0,1.0,1.0,0.0,0.0,0.0,0.0,0.0,0.0,0.0,1.0,1.0,1.0,1.0,0.0,1.0,0.0,0.0,1.0,0,1,0,0,0,0,0,0,0,0,0
train,vgr_train_storage_cycle_04,1.0,1.0,1.0,0.0,0.0,0.0,0.0,0.0,0.0,0.0,1.0,1.0,1.0,1.0,0.0,1.0,0.0,0.0,1.0,0,1,0,0,0,0,0,0,0,0,0
train,vgr_train_storage_cycle_04,1.0,1.0,1.0,0.0,0.0,0.0,0.0,0.0,0.0,0.0,1.0,1.0,1.0,1.0,0.0,1.0,0.0,0.0,1.0,0,1,0,0,0,0,0,0,0,0,0
train,vgr_train_storage_cycle_04,1.0,1.0,1.0,0.0,0.0,0.0,0.0,0.0,0.0,0.0,1.0,1.0,1.0,1.0,0.0,1.0,0.0,0.0,1.0,0,1,0,0,0,0,0,0,0,0,0
train,vgr_train_storage_cycle_04,1.0,1.0,1.0,0.0,0.0,0.0,0.0,0.0,0.0,0.0,1.0,1.0,1.0,1.0,0.0,1.0,0.0,0.0,1.0,0,1,0,0,0,0,0,0,0,0,0
train,vgr_train_storage_cycle_04,1.0,1.0,1.0,0.0,0.0,0.0,0.0,0.0,0.0,0.0,1.0,1.0,1.0,1.0,0.0,1.0,0.0,0.0,1.0,0,1,0,0,0,0,0,0,0,0,0
train,vgr_train_storage_cycle_04,1.0,1.0,1.0,0.0,0.0,0.0,0.0,0.0,0.0,0.0,1.0,1.0,1.0,1.0,0.0,1.0,0.0,0.0,1.0,0,1,0,0,0,0,0,0,0,0,0
train,vgr_train_storage_cycle_04,1.0,1.0,1.0,0.0,0.0,0.0,0.0,0.0,0.0,0.0,1.0,1.0,1.0,1.0,0.0,1.0,0.0,0.0,1.0,0,1,0,0,0,0,0,0,0,0,0
train,vgr_train_storage_cycle_04,1.0,1.0,1.0,0.0,0.0,0.0,0.0,0.0,0.0,0.0,1.0,1.0,1.0,1.0,0.0,1.0,0.0,0.0,1.0,0,1,0,0,0,0,0,0,0,0,0
train,vgr_train_storage_cycle_04,1.0,1.0,1.0,0.0,0.0,0.0,0.0,0.0,0.0,0.0,1.0,1.0,1.0,1.0,0.0,1.0,0.0,0.0,1.0,0,1,0,0,0,0,0,0,0,0,0
train,vgr_train_storage_cycle_04,1.0,1.0,1.0,0.0,0.0,0.0,0.0,0.0,0.0,0.0,1.0,1.0,1.0,1.0,0.0,1.0,0.0,0.0,0.0,0,1,0,0,0,0,0,0,0,0,101
train,vgr_train_storage_cycle_04,0.0,0.0,0.0,0.0,0.0,1.0,1.0,391.0,26.0,32.0,1.0,1.0,1.0,1.0,0.0,1.0,0.0,0.0,1.0,0,1,0,0,0,0,0,0,0,0,102
train,vgr_train_storage_cycle_04,0.0,0.0,0.0,0.0,0.0,1.0,1.0,1451.0,908.0,704.0,0.0,1.0,1.0,0.0,0.0,1.0,404.0,2869.0,1.0,0,1,0,0,0,0,0,0,0,0,103
train,vgr_train_storage_cycle_04,0.0,0.0,0.0,0.0,0.0,1.0,1.0,2453.0,160.0,428.0,0.0,1.0,1.0,0.0,0.0,1.0,37.0,2869.0,1.0,0,1,0,0,0,0,0,0,0,0,102
train,vgr_train_storage_cycle_04,0.0,0.0,0.0,0.0,0.0,1.0,1.0,1447.0,905.0,706.0,0.0,0.0,1.0,0.0,1.0,0.0,2799.0,16.0,1.0,0,1,0,0,0,0,0,0,0,0,104
train,vgr_train_storage_cycle_04,1.0,0.0,0.0,1.0,1.0,1.0,1.0,0.0,604.0,5348.0,0.0,1.0,0.0,0.0,1.0,0.0,2799.0,16.0,1.0,0,1,0,0,0,0,0,0,0,0,105
train,vgr_train_storage_cycle_04,0.0,0.0,0.0,0.0,0.0,0.0,0.0,398.0,604.0,5348.0,0.0,1.0,0.0,0.0,1.0,0.0,2799.0,16.0,1.0,0,1,0,0,0,0,0,0,0,0,0
train,vgr_train_storage_cycle_04,0.0,0.0,0.0,0.0,0.0,0.0,0.0,398.0,604.0,5348.0,0.0,0.0,1.0,0.0,1.0,0.0,2799.0,16.0,1.0,0,1,0,0,0,0,0,0,0,0,0
train,vgr_train_storage_cycle_04,0.0,0.0,0.0,0.0,0.0,0.0,0.0,398.0,604.0,5348.0,0.0,1.0,1.0,0.0,0.0,1.0,35.0,2870.0,1.0,0,1,0,0,0,0,0,0,0,0,0
train,vgr_train_storage_cycle_04,0.0,0.0,0.0,0.0,0.0,0.0,0.0,398.0,604.0,5348.0,0.0,1.0,1.0,0.0,0.0,1.0,402.0,2870.0,1.0,0,1,0,0,0,0,0,0,0,0,301
train,vgr_train_storage_cycle_04,1.0,1.0,1.0,0.0,0.0,0.0,0.0,0.0,0.0,0.0,1.0,1.0,1.0,1.0,0.0,1.0,0.0,0.0,1.0,0,0,1,0,0,0,0,0,0,0,0
train,vgr_train_storage_cycle_04,1.0,1.0,1.0,0.0,0.0,0.0,0.0,0.0,0.0,0.0,1.0,1.0,1.0,1.0,0.0,1.0,0.0,0.0,1.0,0,0,1,0,0,0,0,0,0,0,0
train,vgr_train_storage_cycle_04,1.0,1.0,1.0,0.0,0.0,0.0,0.0,0.0,0.0,0.0,1.0,1.0,1.0,1.0,0.0,1.0,0.0,0.0,1.0,0,0,1,0,0,0,0,0,0,0,0
train,vgr_train_storage_cycle_04,1.0,1.0,1.0,0.0,0.0,0.0,0.0,0.0,0.0,0.0,1.0,1.0,1.0,1.0,0.0,1.0,0.0,0.0,1.0,0,0,1,0,0,0,0,0,0,0,0
train,vgr_train_storage_cycle_04,1.0,1.0,1.0,0.0,0.0,0.0,0.0,0.0,0.0,0.0,1.0,1.0,1.0,1.0,0.0,1.0,0.0,0.0,1.0,0,0,1,0,0,0,0,0,0,0,0
train,vgr_train_storage_cycle_04,1.0,1.0,1.0,0.0,0.0,0.0,0.0,0.0,0.0,0.0,1.0,1.0,1.0,1.0,0.0,1.0,0.0,0.0,1.0,0,0,1,0,0,0,0,0,0,0,0
train,vgr_train_storage_cycle_04,1.0,1.0,1.0,0.0,0.0,0.0,0.0,0.0,0.0,0.0,1.0,1.0,1.0,1.0,0.0,1.0,0.0,0.0,1.0,0,0,1,0,0,0,0,0,0,0,0
train,vgr_train_storage_cycle_04,1.0,1.0,1.0,0.0,0.0,0.0,0.0,0.0,0.0,0.0,1.0,1.0,1.0,1.0,0.0,1.0,0.0,0.0,1.0,0,0,1,0,0,0,0,0,0,0,0
train,vgr_train_storage_cycle_04,1.0,1.0,1.0,0.0,0.0,0.0,0.0,0.0,0.0,0.0,1.0,1.0,1.0,1.0,0.0,1.0,0.0,0.0,1.0,0,0,1,0,0,0,0,0,0,0,0
train,vgr_train_storage_cycle_04,1.0,1.0,1.0,0.0,0.0,0.0,0.0,0.0,0.0,0.0,1.0,1.0,1.0,1.0,0.0,1.0,0.0,0.0,1.0,0,0,1,0,0,0,0,0,0,0,0
train,vgr_train_storage_cycle_04,1.0,1.0,1.0,0.0,0.0,0.0,0.0,0.0,0.0,0.0,1.0,1.0,1.0,1.0,0.0,1.0,0.0,0.0,1.0,0,0,1,0,0,0,0,0,0,0,0
train,vgr_train_storage_cycle_04,1.0,1.0,1.0,0.0,0.0,0.0,0.0,0.0,0.0,0.0,1.0,1.0,1.0,1.0,0.0,1.0,0.0,0.0,1.0,0,0,1,0,0,0,0,0,0,0,0
train,vgr_train_storage_cycle_04,1.0,1.0,1.0,0.0,0.0,0.0,0.0,0.0,0.0,0.0,1.0,1.0,1.0,1.0,0.0,1.0,0.0,0.0,1.0,0,0,1,0,0,0,0,0,0,0,0
train,vgr_train_storage_cycle_04,1.0,1.0,1.0,0.0,0.0,0.0,0.0,0.0,0.0,0.0,1.0,1.0,1.0,1.0,0.0,1.0,0.0,0.0,0.0,0,0,1,0,0,0,0,0,0,0,101
train,vgr_train_storage_cycle_04,0.0,0.0,0.0,0.0,0.0,1.0,1.0,394.0,26.0,33.0,1.0,1.0,1.0,1.0,0.0,1.0,0.0,0.0,1.0,0,0,1,0,0,0,0,0,0,0,102
train,vgr_train_storage_cycle_04,0.0,0.0,0.0,0.0,0.0,1.0,1.0,1452.0,904.0,703.0,0.0,1.0,1.0,0.0,0.0,1.0,1753.0,2869.0,1.0,0,0,1,0,0,0,0,0,0,0,103
train,vgr_train_storage_cycle_04,0.0,0.0,0.0,0.0,0.0,1.0,1.0,2456.0,156.0,426.0,0.0,1.0,1.0,0.0,0.0,1.0,1382.0,2869.0,1.0,0,0,1,0,0,0,0,0,0,0,102
train,vgr_train_storage_cycle_04,0.0,0.0,0.0,0.0,0.0,1.0,1.0,1449.0,908.0,702.0,0.0,0.0,1.0,0.0,1.0,0.0,2804.0,16.0,1.0,0,0,1,0,0,0,0,0,0,0,104
train,vgr_train_storage_cycle_04,1.0,0.0,0.0,1.0,1.0,1.0,1.0,0.0,608.0,5348.0,0.0,1.0,0.0,0.0,1.0,0.0,2804.0,16.0,1.0,0,0,1,0,0,0,0,0,0,0,105
train,vgr_train_storage_cycle_04,0.0,0.0,0.0,0.0,0.0,0.0,0.0,403.0,608.0,5348.0,0.0,1.0,0.0,0.0,1.0,0.0,2804.0,16.0,1.0,0,0,1,0,0,0,0,0,0,0,0
train,vgr_train_storage_cycle_04,0.0,0.0,0.0,0.0,0.0,0.0,0.0,403.0,608.0,5348.0,0.0,0.0,1.0,0.0,1.0,0.0,2804.0,16.0,1.0,0,0,1,0,0,0,0,0,0,0,0
train,vgr_train_storage_cycle_04,0.0,0.0,0.0,0.0,0.0,0.0,0.0,403.0,608.0,5348.0,0.0,1.0,1.0,0.0,0.0,1.0,1385.0,2870.0,1.0,0,0,1,0,0,0,0,0,0,0,0
train,vgr_train_storage_cycle_04,0.0,0.0,0.0,0.0,0.0,0.0,0.0,403.0,608.0,5348.0,0.0,1.0,1.0,0.0,0.0,1.0,1748.0,2870.0,1.0,0,0,1,0,0,0,0,0,0,0,301
train,vgr_train_storage_cycle_04,1.0,1.0,1.0,0.0,0.0,0.0,0.0,0.0,0.0,0.0,1.0,1.0,1.0,1.0,0.0,1.0,0.0,0.0,1.0,0,0,0,1,0,0,0,0,0,0,0
train,vgr_train_storage_cycle_04,1.0,1.0,1.0,0.0,0.0,0.0,0.0,0.0,0.0,0.0,1.0,1.0,1.0,1.0,0.0,1.0,0.0,0.0,1.0,0,0,0,1,0,0,0,0,0,0,0
train,vgr_train_storage_cycle_04,1.0,1.0,1.0,0.0,0.0,0.0,0.0,0.0,0.0,0.0,1.0,1.0,1.0,1.0,0.0,1.0,0.0,0.0,1.0,0,0,0,1,0,0,0,0,0,0,0
train,vgr_train_storage_cycle_04,1.0,1.0,1.0,0.0,0.0,0.0,0.0,0.0,0.0,0.0,1.0,1.0,1.0,1.0,0.0,1.0,0.0,0.0,1.0,0,0,0,1,0,0,0,0,0,0,0
train,vgr_train_storage_cycle_04,1.0,1.0,1.0,0.0,0.0,0.0,0.0,0.0,0.0,0.0,1.0,1.0,1.0,1.0,0.0,1.0,0.0,0.0,1.0,0,0,0,1,0,0,0,0,0,0,0
train,vgr_train_storage_cycle_04,1.0,1.0,1.0,0.0,0.0,0.0,0.0,0.0,0.0,0.0,1.0,1.0,1.0,1.0,0.0,1.0,0.0,0.0,1.0,0,0,0,1,0,0,0,0,0,0,0
train,vgr_train_storage_cycle_04,1.0,1.0,1.0,0.0,0.0,0.0,0.0,0.0,0.0,0.0,1.0,1.0,1.0,1.0,0.0,1.0,0.0,0.0,1.0,0,0,0,1,0,0,0,0,0,0,0
train,vgr_train_storage_cycle_04,1.0,1.0,1.0,0.0,0.0,0.0,0.0,0.0,0.0,0.0,1.0,1.0,1.0,1.0,0.0,1.0,0.0,0.0,1.0,0,0,0,1,0,0,0,0,0,0,0
train,vgr_train_storage_cycle_04,1.0,1.0,1.0,0.0,0.0,0.0,0.0,0.0,0.0,0.0,1.0,1.0,1.0,1.0,0.0,1.0,0.0,0.0,1.0,0,0,0,1,0,0,0,0,0,0,0
train,vgr_train_storage_cycle_04,1.0,1.0,1.0,0.0,0.0,0.0,0.0,0.0,0.0,0.0,1.0,1.0,1.0,1.0,0.0,1.0,0.0,0.0,0.0,0,0,0,1,0,0,0,0,0,0,101
train,vgr_train_storage_cycle_04,0.0,0.0,0.0,0.0,0.0,1.0,1.0,397.0,25.0,33.0,1.0,1.0,1.0,1.0,0.0,1.0,0.0,0.0,1.0,0,0,0,1,0,0,0,0,0,0,102
train,vgr_train_storage_cycle_04,0.0,0.0,0.0,0.0,0.0,1.0,1.0,1449.0,905.0,702.0,0.0,1.0,1.0,0.0,0.0,1.0,3252.0,2869.0,1.0,0,0,0,1,0,0,0,0,0,0,103
train,vgr_train_storage_cycle_04,0.0,0.0,0.0,0.0,0.0,1.0,1.0,2455.0,152.0,426.0,0.0,1.0,1.0,0.0,0.0,1.0,2885.0,2869.0,1.0,0,0,0,1,0,0,0,0,0,0,102
train,vgr_train_storage_cycle_04,0.0,0.0,0.0,0.0,0.0,1.0,1.0,1448.0,910.0,704.0,0.0,0.0,1.0,0.0,1.0,0.0,2799.0,18.0,1.0,0,0,0,1,0,0,0,0,0,0,104
train,vgr_train_storage_cycle_04,1.0,0.0,0.0,1.0,1.0,1.0,1.0,0.0,604.0,5348.0,0.0,1.0,0.0,0.0,1.0,0.0,2799.0,18.0,1.0,0,0,0,1,0,0,0,0,0,0,105
train,vgr_train_storage_cycle_04,0.0,0.0,0.0,0.0,0.0,0.0,0.0,396.0,604.0,5348.0,0.0,1.0,0.0,0.0,1.0,0.0,2799.0,18.0,1.0,0,0,0,1,0,0,0,0,0,0,0
train,vgr_train_storage_cycle_04,0.0,0.0,0.0,0.0,0.0,0.0,0.0,396.0,604.0,5348.0,0.0,0.0,1.0,0.0,1.0,0.0,2799.0,18.0,1.0,0,0,0,1,0,0,0,0,0,0,0
train,vgr_train_storage_cycle_04,0.0,0.0,0.0,0.0,0.0,0.0,0.0,396.0,604.0,5348.0,0.0,1.0,1.0,0.0,0.0,1.0,2878.0,2870.0,1.0,0,0,0,1,0,0,0,0,0,0,0
train,vgr_train_storage_cycle_04,0.0,0.0,0.0,0.0,0.0,0.0,0.0,396.0,604.0,5348.0,0.0,1.0,1.0,0.0,0.0,1.0,3250.0,2870.0,1.0,0,0,0,1,0,0,0,0,0,0,301
train,vgr_train_storage_cycle_04,1.0,1.0,1.0,0.0,0.0,0.0,0.0,0.0,0.0,0.0,1.0,1.0,1.0,1.0,0.0,1.0,0.0,0.0,1.0,0,0,0,0,1,0,0,0,0,0,0
train,vgr_train_storage_cycle_04,1.0,1.0,1.0,0.0,0.0,0.0,0.0,0.0,0.0,0.0,1.0,1.0,1.0,1.0,0.0,1.0,0.0,0.0,1.0,0,0,0,0,1,0,0,0,0,0,0
train,vgr_train_storage_cycle_04,1.0,1.0,1.0,0.0,0.0,0.0,0.0,0.0,0.0,0.0,1.0,1.0,1.0,1.0,0.0,1.0,0.0,0.0,1.0,0,0,0,0,1,0,0,0,0,0,0
train,vgr_train_storage_cycle_04,1.0,1.0,1.0,0.0,0.0,0.0,0.0,0.0,0.0,0.0,1.0,1.0,1.0,1.0,0.0,1.0,0.0,0.0,1.0,0,0,0,0,1,0,0,0,0,0,0
train,vgr_train_storage_cycle_04,1.0,1.0,1.0,0.0,0.0,0.0,0.0,0.0,0.0,0.0,1.0,1.0,1.0,1.0,0.0,1.0,0.0,0.0,1.0,0,0,0,0,1,0,0,0,0,0,0
train,vgr_train_storage_cycle_04,1.0,1.0,1.0,0.0,0.0,0.0,0.0,0.0,0.0,0.0,1.0,1.0,1.0,1.0,0.0,1.0,0.0,0.0,1.0,0,0,0,0,1,0,0,0,0,0,0
train,vgr_train_storage_cycle_04,1.0,1.0,1.0,0.0,0.0,0.0,0.0,0.0,0.0,0.0,1.0,1.0,1.0,1.0,0.0,1.0,0.0,0.0,1.0,0,0,0,0,1,0,0,0,0,0,0
train,vgr_train_storage_cycle_04,1.0,1.0,1.0,0.0,0.0,0.0,0.0,0.0,0.0,0.0,1.0,1.0,1.0,1.0,0.0,1.0,0.0,0.0,1.0,0,0,0,0,1,0,0,0,0,0,0
train,vgr_train_storage_cycle_04,1.0,1.0,1.0,0.0,0.0,0.0,0.0,0.0,0.0,0.0,1.0,1.0,1.0,1.0,0.0,1.0,0.0,0.0,1.0,0,0,0,0,1,0,0,0,0,0,0
train,vgr_train_storage_cycle_04,1.0,1.0,1.0,0.0,0.0,0.0,0.0,0.0,0.0,0.0,1.0,1.0,1.0,1.0,0.0,1.0,0.0,0.0,1.0,0,0,0,0,1,0,0,0,0,0,0
train,vgr_train_storage_cycle_04,1.0,1.0,1.0,0.0,0.0,0.0,0.0,0.0,0.0,0.0,1.0,1.0,1.0,1.0,0.0,1.0,0.0,0.0,1.0,0,0,0,0,1,0,0,0,0,0,0
train,vgr_train_storage_cycle_04,1.0,1.0,1.0,0.0,0.0,0.0,0.0,0.0,0.0,0.0,1.0,1.0,1.0,1.0,0.0,1.0,0.0,0.0,1.0,0,0,0,0,1,0,0,0,0,0,0
train,vgr_train_storage_cycle_04,1.0,1.0,1.0,0.0,0.0,0.0,0.0,0.0,0.0,0.0,1.0,1.0,1.0,1.0,0.0,1.0,0.0,0.0,1.0,0,0,0,0,1,0,0,0,0,0,0
train,vgr_train_storage_cycle_04,1.0,1.0,1.0,0.0,0.0,0.0,0.0,0.0,0.0,0.0,1.0,1.0,1.0,1.0,0.0,1.0,0.0,0.0,1.0,0,0,0,0,1,0,0,0,0,0,0
train,vgr_train_storage_cycle_04,1.0,1.0,1.0,0.0,0.0,0.0,0.0,0.0,0.0,0.0,1.0,1.0,1.0,1.0,0.0,1.0,0.0,0.0,1.0,0,0,0,0,1,0,0,0,0,0,0
train,vgr_train_storage_cycle_04,1.0,1.0,1.0,0.0,0.0,0.0,0.0,0.0,0.0,0.0,1.0,1.0,1.0,1.0,0.0,1.0,0.0,0.0,1.0,0,0,0,0,1,0,0,0,0,0,0
train,vgr_train_storage_cycle_04,1.0,1.0,1.0,0.0,0.0,0.0,0.0,0.0,0.0,0.0,1.0,1.0,1.0,1.0,0.0,1.0,0.0,0.0,0.0,0,0,0,0,1,0,0,0,0,0,101
train,vgr_train_storage_cycle_04,0.0,0.0,0.0,0.0,0.0,1.0,1.0,394.0,25.0,29.0,1.0,1.0,1.0,1.0,0.0,1.0,0.0,0.0,1.0,0,0,0,0,1,0,0,0,0,0,102
train,vgr_train_storage_cycle_04,0.0,0.0,0.0,0.0,0.0,1.0,1.0,1449.0,905.0,703.0,0.0,1.0,1.0,0.0,0.0,1.0,399.0,5199.0,1.0,0,0,0,0,1,0,0,0,0,0,103
train,vgr_train_storage_cycle_04,0.0,0.0,0.0,0.0,0.0,1.0,1.0,2454.0,157.0,424.0,0.0,1.0,1.0,0.0,0.0,1.0,32.0,5199.0,1.0,0,0,0,0,1,0,0,0,0,0,102
train,vgr_train_storage_cycle_04,0.0,0.0,0.0,0.0,0.0,1.0,1.0,1446.0,907.0,699.0,0.0,0.0,1.0,0.0,1.0,0.0,2803.0,17.0,1.0,0,0,0,0,1,0,0,0,0,0,104
train,vgr_train_storage_cycle_04,1.0,0.0,0.0,0.0,0.0,1.0,1.0,0.0,605.0,5349.0,0.0,1.0,0.0,0.0,1.0,0.0,2803.0,17.0,1.0,0,0,0,0,1,0,0,0,0,0,105
train,vgr_train_storage_cycle_04,0.0,0.0,0.0,0.0,0.0,0.0,0.0,400.0,605.0,5349.0,0.0,1.0,0.0,0.0,1.0,0.0,2803.0,17.0,1.0,0,0,0,0,1,0,0,0,0,0,0
train,vgr_train_storage_cycle_04,0.0,0.0,0.0,0.0,0.0,0.0,0.0,400.0,605.0,5349.0,0.0,0.0,1.0,0.0,1.0,0.0,2803.0,17.0,1.0,0,0,0,0,1,0,0,0,0,0,0
train,vgr_train_storage_cycle_04,0.0,0.0,0.0,0.0,0.0,0.0,0.0,400.0,605.0,5349.0,0.0,1.0,1.0,0.0,0.0,1.0,35.0,5199.0,1.0,0,0,0,0,1,0,0,0,0,0,0
train,vgr_train_storage_cycle_04,0.0,0.0,0.0,0.0,0.0,0.0,0.0,400.0,605.0,5349.0,0.0,1.0,1.0,0.0,0.0,1.0,401.0,5199.0,1.0,0,0,0,0,1,0,0,0,0,0,301
train,vgr_train_storage_cycle_04,1.0,1.0,1.0,0.0,0.0,0.0,0.0,0.0,0.0,0.0,1.0,1.0,1.0,1.0,0.0,1.0,0.0,0.0,1.0,0,0,0,0,0,1,0,0,0,0,0
train,vgr_train_storage_cycle_04,1.0,1.0,1.0,0.0,0.0,0.0,0.0,0.0,0.0,0.0,1.0,1.0,1.0,1.0,0.0,1.0,0.0,0.0,1.0,0,0,0,0,0,1,0,0,0,0,0
train,vgr_train_storage_cycle_04,1.0,1.0,1.0,0.0,0.0,0.0,0.0,0.0,0.0,0.0,1.0,1.0,1.0,1.0,0.0,1.0,0.0,0.0,1.0,0,0,0,0,0,1,0,0,0,0,0
train,vgr_train_storage_cycle_04,1.0,1.0,1.0,0.0,0.0,0.0,0.0,0.0,0.0,0.0,1.0,1.0,1.0,1.0,0.0,1.0,0.0,0.0,1.0,0,0,0,0,0,1,0,0,0,0,0
train,vgr_train_storage_cycle_04,1.0,1.0,1.0,0.0,0.0,0.0,0.0,0.0,0.0,0.0,1.0,1.0,1.0,1.0,0.0,1.0,0.0,0.0,0.0,0,0,0,0,0,1,0,0,0,0,101
train,vgr_train_storage_cycle_04,0.0,0.0,0.0,0.0,0.0,1.0,1.0,395.0,25.0,32.0,1.0,1.0,1.0,1.0,0.0,1.0,0.0,0.0,1.0,0,0,0,0,0,1,0,0,0,0,102
train,vgr_train_storage_cycle_04,0.0,0.0,0.0,0.0,0.0,1.0,1.0,1448.0,905.0,704.0,0.0,1.0,1.0,0.0,0.0,1.0,1754.0,5201.0,1.0,0,0,0,0,0,1,0,0,0,0,103
train,vgr_train_storage_cycle_04,0.0,0.0,0.0,0.0,0.0,1.0,1.0,2462.0,157.0,426.0,0.0,1.0,1.0,0.0,0.0,1.0,1386.0,5201.0,1.0,0,0,0,0,0,1,0,0,0,0,102
train,vgr_train_storage_cycle_04,0.0,0.0,0.0,0.0,0.0,1.0,1.0,1448.0,903.0,706.0,0.0,0.0,1.0,0.0,1.0,0.0,2800.0,17.0,1.0,0,0,0,0,0,1,0,0,0,0,104
train,vgr_train_storage_cycle_04,1.0,0.0,0.0,0.0,0.0,1.0,1.0,0.0,607.0,5351.0,0.0,1.0,0.0,0.0,1.0,0.0,2800.0,17.0,1.0,0,0,0,0,0,1,0,0,0,0,105
train,vgr_train_storage_cycle_04,0.0,0.0,0.0,0.0,0.0,0.0,0.0,399.0,607.0,5351.0,0.0,1.0,0.0,0.0,1.0,0.0,2800.0,17.0,1.0,0,0,0,0,0,1,0,0,0,0,0
train,vgr_train_storage_cycle_04,0.0,0.0,0.0,0.0,0.0,0.0,0.0,399.0,607.0,5351.0,0.0,0.0,1.0,0.0,1.0,0.0,2800.0,17.0,1.0,0,0,0,0,0,1,0,0,0,0,0
train,vgr_train_storage_cycle_04,0.0,0.0,0.0,0.0,0.0,0.0,0.0,399.0,607.0,5351.0,0.0,1.0,1.0,0.0,0.0,1.0,1383.0,5198.0,1.0,0,0,0,0,0,1,0,0,0,0,0
train,vgr_train_storage_cycle_04,0.0,0.0,0.0,0.0,0.0,0.0,0.0,399.0,607.0,5351.0,0.0,1.0,1.0,0.0,0.0,1.0,1752.0,5198.0,1.0,0,0,0,0,0,1,0,0,0,0,301
train,vgr_train_storage_cycle_04,1.0,1.0,1.0,0.0,0.0,0.0,0.0,0.0,0.0,0.0,1.0,1.0,1.0,1.0,0.0,1.0,0.0,0.0,1.0,0,0,0,0,0,0,1,0,0,0,0
train,vgr_train_storage_cycle_04,1.0,1.0,1.0,0.0,0.0,0.0,0.0,0.0,0.0,0.0,1.0,1.0,1.0,1.0,0.0,1.0,0.0,0.0,1.0,0,0,0,0,0,0,1,0,0,0,0
train,vgr_train_storage_cycle_04,1.0,1.0,1.0,0.0,0.0,0.0,0.0,0.0,0.0,0.0,1.0,1.0,1.0,1.0,0.0,1.0,0.0,0.0,1.0,0,0,0,0,0,0,1,0,0,0,0
train,vgr_train_storage_cycle_04,1.0,1.0,1.0,0.0,0.0,0.0,0.0,0.0,0.0,0.0,1.0,1.0,1.0,1.0,0.0,1.0,0.0,0.0,1.0,0,0,0,0,0,0,1,0,0,0,0
train,vgr_train_storage_cycle_04,1.0,1.0,1.0,0.0,0.0,0.0,0.0,0.0,0.0,0.0,1.0,1.0,1.0,1.0,0.0,1.0,0.0,0.0,1.0,0,0,0,0,0,0,1,0,0,0,0
train,vgr_train_storage_cycle_04,1.0,1.0,1.0,0.0,0.0,0.0,0.0,0.0,0.0,0.0,1.0,1.0,1.0,1.0,0.0,1.0,0.0,0.0,1.0,0,0,0,0,0,0,1,0,0,0,0
train,vgr_train_storage_cycle_04,1.0,1.0,1.0,0.0,0.0,0.0,0.0,0.0,0.0,0.0,1.0,1.0,1.0,1.0,0.0,1.0,0.0,0.0,0.0,0,0,0,0,0,0,1,0,0,0,101
train,vgr_train_storage_cycle_04,0.0,0.0,0.0,0.0,0.0,1.0,1.0,396.0,26.0,33.0,1.0,1.0,1.0,1.0,0.0,1.0,0.0,0.0,1.0,0,0,0,0,0,0,1,0,0,0,102
train,vgr_train_storage_cycle_04,0.0,0.0,0.0,0.0,0.0,1.0,1.0,1451.0,908.0,704.0,0.0,1.0,1.0,0.0,0.0,1.0,3253.0,5199.0,1.0,0,0,0,0,0,0,1,0,0,0,103
train,vgr_train_storage_cycle_04,0.0,0.0,0.0,0.0,0.0,1.0,1.0,2458.0,156.0,423.0,0.0,1.0,1.0,0.0,0.0,1.0,2883.0,5199.0,1.0,0,0,0,0,0,0,1,0,0,0,102
train,vgr_train_storage_cycle_04,0.0,0.0,0.0,0.0,0.0,1.0,1.0,1448.0,908.0,703.0,0.0,0.0,1.0,0.0,1.0,0.0,2802.0,17.0,1.0,0,0,0,0,0,0,1,0,0,0,104
train,vgr_train_storage_cycle_04,1.0,0.0,0.0,0.0,0.0,1.0,1.0,0.0,604.0,5352.0,0.0,1.0,0.0,0.0,1.0,0.0,2802.0,17.0,1.0,0,0,0,0,0,0,1,0,0,0,105
train,vgr_train_storage_cycle_04,0.0,0.0,0.0,0.0,0.0,0.0,0.0,400.0,604.0,5352.0,0.0,1.0,0.0,0.0,1.0,0.0,2802.0,17.0,1.0,0,0,0,0,0,0,1,0,0,0,0
train,vgr_train_storage_cycle_04,0.0,0.0,0.0,0.0,0.0,0.0,0.0,400.0,604.0,5352.0,0.0,0.0,1.0,0.0,1.0,0.0,2802.0,17.0,1.0,0,0,0,0,0,0,1,0,0,0,0
train,vgr_train_storage_cycle_04,0.0,0.0,0.0,0.0,0.0,0.0,0.0,400.0,604.0,5352.0,0.0,1.0,1.0,0.0,0.0,1.0,2881.0,5198.0,1.0,0,0,0,0,0,0,1,0,0,0,0
train,vgr_train_storage_cycle_04,0.0,0.0,0.0,0.0,0.0,0.0,0.0,400.0,604.0,5352.0,0.0,1.0,1.0,0.0,0.0,1.0,3250.0,5198.0,1.0,0,0,0,0,0,0,1,0,0,0,301
train,vgr_train_storage_cycle_04,1.0,1.0,1.0,0.0,0.0,0.0,0.0,0.0,0.0,0.0,1.0,1.0,1.0,1.0,0.0,1.0,0.0,0.0,1.0,0,0,0,0,0,0,0,1,0,0,0
train,vgr_train_storage_cycle_04,1.0,1.0,1.0,0.0,0.0,0.0,0.0,0.0,0.0,0.0,1.0,1.0,1.0,1.0,0.0,1.0,0.0,0.0,1.0,0,0,0,0,0,0,0,1,0,0,0
train,vgr_train_storage_cycle_04,1.0,1.0,1.0,0.0,0.0,0.0,0.0,0.0,0.0,0.0,1.0,1.0,1.0,1.0,0.0,1.0,0.0,0.0,1.0,0,0,0,0,0,0,0,1,0,0,0
train,vgr_train_storage_cycle_04,1.0,1.0,1.0,0.0,0.0,0.0,0.0,0.0,0.0,0.0,1.0,1.0,1.0,1.0,0.0,1.0,0.0,0.0,1.0,0,0,0,0,0,0,0,1,0,0,0
train,vgr_train_storage_cycle_04,1.0,1.0,1.0,0.0,0.0,0.0,0.0,0.0,0.0,0.0,1.0,1.0,1.0,1.0,0.0,1.0,0.0,0.0,1.0,0,0,0,0,0,0,0,1,0,0,0
train,vgr_train_storage_cycle_04,1.0,1.0,1.0,0.0,0.0,0.0,0.0,0.0,0.0,0.0,1.0,1.0,1.0,1.0,0.0,1.0,0.0,0.0,1.0,0,0,0,0,0,0,0,1,0,0,0
train,vgr_train_storage_cycle_04,1.0,1.0,1.0,0.0,0.0,0.0,0.0,0.0,0.0,0.0,1.0,1.0,1.0,1.0,0.0,1.0,0.0,0.0,1.0,0,0,0,0,0,0,0,1,0,0,0
train,vgr_train_storage_cycle_04,1.0,1.0,1.0,0.0,0.0,0.0,0.0,0.0,0.0,0.0,1.0,1.0,1.0,1.0,0.0,1.0,0.0,0.0,1.0,0,0,0,0,0,0,0,1,0,0,0
train,vgr_train_storage_cycle_04,1.0,1.0,1.0,0.0,0.0,0.0,0.0,0.0,0.0,0.0,1.0,1.0,1.0,1.0,0.0,1.0,0.0,0.0,1.0,0,0,0,0,0,0,0,1,0,0,0
train,vgr_train_storage_cycle_04,1.0,1.0,1.0,0.0,0.0,0.0,0.0,0.0,0.0,0.0,1.0,1.0,1.0,1.0,0.0,1.0,0.0,0.0,1.0,0,0,0,0,0,0,0,1,0,0,0
train,vgr_train_storage_cycle_04,1.0,1.0,1.0,0.0,0.0,0.0,0.0,0.0,0.0,0.0,1.0,1.0,1.0,1.0,0.0,1.0,0.0,0.0,1.0,0,0,0,0,0,0,0,1,0,0,0
train,vgr_train_storage_cycle_04,1.0,1.0,1.0,0.0,0.0,0.0,0.0,0.0,0.0,0.0,1.0,1.0,1.0,1.0,0.0,1.0,0.0,0.0,1.0,0,0,0,0,0,0,0,1,0,0,0
train,vgr_train_storage_cycle_04,1.0,1.0,1.0,0.0,0.0,0.0,0.0,0.0,0.0,0.0,1.0,1.0,1.0,1.0,0.0,1.0,0.0,0.0,1.0,0,0,0,0,0,0,0,1,0,0,0
train,vgr_train_storage_cycle_04,1.0,1.0,1.0,0.0,0.0,0.0,0.0,0.0,0.0,0.0,1.0,1.0,1.0,1.0,0.0,1.0,0.0,0.0,1.0,0,0,0,0,0,0,0,1,0,0,0
train,vgr_train_storage_cycle_04,1.0,1.0,1.0,0.0,0.0,0.0,0.0,0.0,0.0,0.0,1.0,1.0,1.0,1.0,0.0,1.0,0.0,0.0,1.0,0,0,0,0,0,0,0,1,0,0,0
train,vgr_train_storage_cycle_04,1.0,1.0,1.0,0.0,0.0,0.0,0.0,0.0,0.0,0.0,1.0,1.0,1.0,1.0,0.0,1.0,0.0,0.0,0.0,0,0,0,0,0,0,0,1,0,0,101
train,vgr_train_storage_cycle_04,0.0,0.0,0.0,0.0,0.0,1.0,1.0,398.0,26.0,33.0,1.0,1.0,1.0,1.0,0.0,1.0,0.0,0.0,1.0,0,0,0,0,0,0,0,1,0,0,102
train,vgr_train_storage_cycle_04,0.0,0.0,0.0,0.0,0.0,1.0,1.0,1453.0,906.0,705.0,0.0,1.0,1.0,0.0,0.0,1.0,399.0,7560.0,1.0,0,0,0,0,0,0,0,1,0,0,103
train,vgr_train_storage_cycle_04,0.0,0.0,0.0,0.0,0.0,1.0,1.0,2460.0,157.0,426.0,0.0,1.0,1.0,0.0,0.0,1.0,36.0,7560.0,1.0,0,0,0,0,0,0,0,1,0,0,102
train,vgr_train_storage_cycle_04,0.0,0.0,0.0,0.0,0.0,1.0,1.0,1450.0,909.0,700.0,0.0,0.0,1.0,0.0,1.0,0.0,2802.0,17.0,1.0,0,0,0,0,0,0,0,1,0,0,104
train,vgr_train_storage_cycle_04,1.0,0.0,0.0,0.0,0.0,1.0,1.0,0.0,603.0,5350.0,0.0,1.0,0.0,0.0,1.0,0.0,2802.0,17.0,1.0,0,0,0,0,0,0,0,1,0,0,105
train,vgr_train_storage_cycle_04,0.0,0.0,0.0,0.0,0.0,0.0,0.0,400.0,603.0,5350.0,0.0,1.0,0.0,0.0,1.0,0.0,2802.0,17.0,1.0,0,0,0,0,0,0,0,1,0,0,0
train,vgr_train_storage_cycle_04,0.0,0.0,0.0,0.0,0.0,0.0,0.0,400.0,603.0,5350.0,0.0,0.0,1.0,0.0,1.0,0.0,2802.0,17.0,1.0,0,0,0,0,0,0,0,1,0,0,0
train,vgr_train_storage_cycle_04,0.0,0.0,0.0,0.0,0.0,0.0,0.0,400.0,603.0,5350.0,0.0,1.0,1.0,0.0,0.0,1.0,34.0,7559.0,1.0,0,0,0,0,0,0,0,1,0,0,0
train,vgr_train_storage_cycle_04,0.0,0.0,0.0,0.0,0.0,0.0,0.0,400.0,603.0,5350.0,0.0,1.0,1.0,0.0,0.0,1.0,403.0,7559.0,1.0,0,0,0,0,0,0,0,1,0,0,301
train,vgr_train_storage_cycle_04,1.0,1.0,1.0,0.0,0.0,0.0,0.0,0.0,0.0,0.0,1.0,1.0,1.0,1.0,0.0,1.0,0.0,0.0,1.0,0,0,0,0,0,0,0,0,1,0,0
train,vgr_train_storage_cycle_04,1.0,1.0,1.0,0.0,0.0,0.0,0.0,0.0,0.0,0.0,1.0,1.0,1.0,1.0,0.0,1.0,0.0,0.0,1.0,0,0,0,0,0,0,0,0,1,0,0
train,vgr_train_storage_cycle_04,1.0,1.0,1.0,0.0,0.0,0.0,0.0,0.0,0.0,0.0,1.0,1.0,1.0,1.0,0.0,1.0,0.0,0.0,1.0,0,0,0,0,0,0,0,0,1,0,0
train,vgr_train_storage_cycle_04,1.0,1.0,1.0,0.0,0.0,0.0,0.0,0.0,0.0,0.0,1.0,1.0,1.0,1.0,0.0,1.0,0.0,0.0,1.0,0,0,0,0,0,0,0,0,1,0,0
train,vgr_train_storage_cycle_04,1.0,1.0,1.0,0.0,0.0,0.0,0.0,0.0,0.0,0.0,1.0,1.0,1.0,1.0,0.0,1.0,0.0,0.0,1.0,0,0,0,0,0,0,0,0,1,0,0
train,vgr_train_storage_cycle_04,1.0,1.0,1.0,0.0,0.0,0.0,0.0,0.0,0.0,0.0,1.0,1.0,1.0,1.0,0.0,1.0,0.0,0.0,1.0,0,0,0,0,0,0,0,0,1,0,0
train,vgr_train_storage_cycle_04,1.0,1.0,1.0,0.0,0.0,0.0,0.0,0.0,0.0,0.0,1.0,1.0,1.0,1.0,0.0,1.0,0.0,0.0,1.0,0,0,0,0,0,0,0,0,1,0,0
train,vgr_train_storage_cycle_04,1.0,1.0,1.0,0.0,0.0,0.0,0.0,0.0,0.0,0.0,1.0,1.0,1.0,1.0,0.0,1.0,0.0,0.0,1.0,0,0,0,0,0,0,0,0,1,0,0
train,vgr_train_storage_cycle_04,1.0,1.0,1.0,0.0,0.0,0.0,0.0,0.0,0.0,0.0,1.0,1.0,1.0,1.0,0.0,1.0,0.0,0.0,1.0,0,0,0,0,0,0,0,0,1,0,0
train,vgr_train_storage_cycle_04,1.0,1.0,1.0,0.0,0.0,0.0,0.0,0.0,0.0,0.0,1.0,1.0,1.0,1.0,0.0,1.0,0.0,0.0,1.0,0,0,0,0,0,0,0,0,1,0,0
train,vgr_train_storage_cycle_04,1.0,1.0,1.0,0.0,0.0,0.0,0.0,0.0,0.0,0.0,1.0,1.0,1.0,1.0,0.0,1.0,0.0,0.0,1.0,0,0,0,0,0,0,0,0,1,0,0
train,vgr_train_storage_cycle_04,1.0,1.0,1.0,0.0,0.0,0.0,0.0,0.0,0.0,0.0,1.0,1.0,1.0,1.0,0.0,1.0,0.0,0.0,1.0,0,0,0,0,0,0,0,0,1,0,0
train,vgr_train_storage_cycle_04,1.0,1.0,1.0,0.0,0.0,0.0,0.0,0.0,0.0,0.0,1.0,1.0,1.0,1.0,0.0,1.0,0.0,0.0,1.0,0,0,0,0,0,0,0,0,1,0,0
train,vgr_train_storage_cycle_04,1.0,1.0,1.0,0.0,0.0,0.0,0.0,0.0,0.0,0.0,1.0,1.0,1.0,1.0,0.0,1.0,0.0,0.0,1.0,0,0,0,0,0,0,0,0,1,0,0
train,vgr_train_storage_cycle_04,1.0,1.0,1.0,0.0,0.0,0.0,0.0,0.0,0.0,0.0,1.0,1.0,1.0,1.0,0.0,1.0,0.0,0.0,1.0,0,0,0,0,0,0,0,0,1,0,0
train,vgr_train_storage_cycle_04,1.0,1.0,1.0,0.0,0.0,0.0,0.0,0.0,0.0,0.0,1.0,1.0,1.0,1.0,0.0,1.0,0.0,0.0,1.0,0,0,0,0,0,0,0,0,1,0,0
train,vgr_train_storage_cycle_04,1.0,1.0,1.0,0.0,0.0,0.0,0.0,0.0,0.0,0.0,1.0,1.0,1.0,1.0,0.0,1.0,0.0,0.0,1.0,0,0,0,0,0,0,0,0,1,0,0
train,vgr_train_storage_cycle_04,1.0,1.0,1.0,0.0,0.0,0.0,0.0,0.0,0.0,0.0,1.0,1.0,1.0,1.0,0.0,1.0,0.0,0.0,0.0,0,0,0,0,0,0,0,0,1,0,101
train,vgr_train_storage_cycle_04,0.0,0.0,0.0,0.0,0.0,1.0,1.0,390.0,26.0,32.0,1.0,1.0,1.0,1.0,0.0,1.0,0.0,0.0,1.0,0,0,0,0,0,0,0,0,1,0,102
train,vgr_train_storage_cycle_04,0.0,0.0,0.0,0.0,0.0,1.0,1.0,1447.0,906.0,700.0,0.0,1.0,1.0,0.0,0.0,1.0,1754.0,7559.0,1.0,0,0,0,0,0,0,0,0,1,0,103
train,vgr_train_storage_cycle_04,0.0,0.0,0.0,0.0,0.0,1.0,1.0,2456.0,156.0,424.0,0.0,1.0,1.0,0.0,0.0,1.0,1386.0,7559.0,1.0,0,0,0,0,0,0,0,0,1,0,102
train,vgr_train_storage_cycle_04,0.0,0.0,0.0,0.0,0.0,1.0,1.0,1446.0,904.0,703.0,0.0,0.0,1.0,0.0,1.0,0.0,2804.0,17.0,1.0,0,0,0,0,0,0,0,0,1,0,104
train,vgr_train_storage_cycle_04,1.0,0.0,0.0,0.0,0.0,1.0,1.0,0.0,606.0,5351.0,0.0,1.0,0.0,0.0,1.0,0.0,2804.0,17.0,1.0,0,0,0,0,0,0,0,0,1,0,105
train,vgr_train_storage_cycle_04,0.0,0.0,0.0,0.0,0.0,0.0,0.0,401.0,606.0,5351.0,0.0,1.0,0.0,0.0,1.0,0.0,2804.0,17.0,1.0,0,0,0,0,0,0,0,0,1,0,0
train,vgr_train_storage_cycle_04,0.0,0.0,0.0,0.0,0.0,0.0,0.0,401.0,606.0,5351.0,0.0,0.0,1.0,0.0,1.0,0.0,2804.0,17.0,1.0,0,0,0,0,0,0,0,0,1,0,0
train,vgr_train_storage_cycle_04,0.0,0.0,0.0,0.0,0.0,0.0,0.0,401.0,606.0,5351.0,0.0,1.0,1.0,0.0,0.0,1.0,1383.0,7559.0,1.0,0,0,0,0,0,0,0,0,1,0,0
train,vgr_train_storage_cycle_04,0.0,0.0,0.0,0.0,0.0,0.0,0.0,401.0,606.0,5351.0,0.0,1.0,1.0,0.0,0.0,1.0,1751.0,7559.0,1.0,0,0,0,0,0,0,0,0,1,0,301
train,vgr_train_storage_cycle_04,1.0,1.0,1.0,0.0,0.0,0.0,0.0,0.0,0.0,0.0,1.0,1.0,1.0,1.0,0.0,1.0,0.0,0.0,1.0,0,0,0,0,0,0,0,0,0,1,0
train,vgr_train_storage_cycle_04,1.0,1.0,1.0,0.0,0.0,0.0,0.0,0.0,0.0,0.0,1.0,1.0,1.0,1.0,0.0,1.0,0.0,0.0,1.0,0,0,0,0,0,0,0,0,0,1,0
train,vgr_train_storage_cycle_04,1.0,1.0,1.0,0.0,0.0,0.0,0.0,0.0,0.0,0.0,1.0,1.0,1.0,1.0,0.0,1.0,0.0,0.0,1.0,0,0,0,0,0,0,0,0,0,1,0
train,vgr_train_storage_cycle_04,1.0,1.0,1.0,0.0,0.0,0.0,0.0,0.0,0.0,0.0,1.0,1.0,1.0,1.0,0.0,1.0,0.0,0.0,1.0,0,0,0,0,0,0,0,0,0,1,0
train,vgr_train_storage_cycle_04,1.0,1.0,1.0,0.0,0.0,0.0,0.0,0.0,0.0,0.0,1.0,1.0,1.0,1.0,0.0,1.0,0.0,0.0,1.0,0,0,0,0,0,0,0,0,0,1,0
train,vgr_train_storage_cycle_04,1.0,1.0,1.0,0.0,0.0,0.0,0.0,0.0,0.0,0.0,1.0,1.0,1.0,1.0,0.0,1.0,0.0,0.0,1.0,0,0,0,0,0,0,0,0,0,1,0
train,vgr_train_storage_cycle_04,1.0,1.0,1.0,0.0,0.0,0.0,0.0,0.0,0.0,0.0,1.0,1.0,1.0,1.0,0.0,1.0,0.0,0.0,1.0,0,0,0,0,0,0,0,0,0,1,0
train,vgr_train_storage_cycle_04,1.0,1.0,1.0,0.0,0.0,0.0,0.0,0.0,0.0,0.0,1.0,1.0,1.0,1.0,0.0,1.0,0.0,0.0,1.0,0,0,0,0,0,0,0,0,0,1,0
train,vgr_train_storage_cycle_04,1.0,1.0,1.0,0.0,0.0,0.0,0.0,0.0,0.0,0.0,1.0,1.0,1.0,1.0,0.0,1.0,0.0,0.0,1.0,0,0,0,0,0,0,0,0,0,1,0
train,vgr_train_storage_cycle_04,1.0,1.0,1.0,0.0,0.0,0.0,0.0,0.0,0.0,0.0,1.0,1.0,1.0,1.0,0.0,1.0,0.0,0.0,1.0,0,0,0,0,0,0,0,0,0,1,0
train,vgr_train_storage_cycle_04,1.0,1.0,1.0,0.0,0.0,0.0,0.0,0.0,0.0,0.0,1.0,1.0,1.0,1.0,0.0,1.0,0.0,0.0,1.0,0,0,0,0,0,0,0,0,0,1,0
train,vgr_train_storage_cycle_04,1.0,1.0,1.0,0.0,0.0,0.0,0.0,0.0,0.0,0.0,1.0,1.0,1.0,1.0,0.0,1.0,0.0,0.0,1.0,0,0,0,0,0,0,0,0,0,1,0
train,vgr_train_storage_cycle_04,1.0,1.0,1.0,0.0,0.0,0.0,0.0,0.0,0.0,0.0,1.0,1.0,1.0,1.0,0.0,1.0,0.0,0.0,1.0,0,0,0,0,0,0,0,0,0,1,0
train,vgr_train_storage_cycle_04,1.0,1.0,1.0,0.0,0.0,0.0,0.0,0.0,0.0,0.0,1.0,1.0,1.0,1.0,0.0,1.0,0.0,0.0,1.0,0,0,0,0,0,0,0,0,0,1,0
train,vgr_train_storage_cycle_04,1.0,1.0,1.0,0.0,0.0,0.0,0.0,0.0,0.0,0.0,1.0,1.0,1.0,1.0,0.0,1.0,0.0,0.0,1.0,0,0,0,0,0,0,0,0,0,1,0
train,vgr_train_storage_cycle_04,1.0,1.0,1.0,0.0,0.0,0.0,0.0,0.0,0.0,0.0,1.0,1.0,1.0,1.0,0.0,1.0,0.0,0.0,1.0,0,0,0,0,0,0,0,0,0,1,0
train,vgr_train_storage_cycle_04,1.0,1.0,1.0,0.0,0.0,0.0,0.0,0.0,0.0,0.0,1.0,1.0,1.0,1.0,0.0,1.0,0.0,0.0,1.0,0,0,0,0,0,0,0,0,0,1,0
train,vgr_train_storage_cycle_04,1.0,1.0,1.0,0.0,0.0,0.0,0.0,0.0,0.0,0.0,1.0,1.0,1.0,1.0,0.0,1.0,0.0,0.0,0.0,0,0,0,0,0,0,0,0,0,1,101
train,vgr_train_storage_cycle_04,0.0,0.0,0.0,0.0,0.0,1.0,1.0,396.0,26.0,34.0,1.0,1.0,1.0,1.0,0.0,1.0,0.0,0.0,1.0,0,0,0,0,0,0,0,0,0,1,102
train,vgr_train_storage_cycle_04,0.0,0.0,0.0,0.0,0.0,1.0,1.0,1452.0,910.0,704.0,0.0,1.0,1.0,0.0,0.0,1.0,3250.0,7556.0,1.0,0,0,0,0,0,0,0,0,0,1,103
train,vgr_train_storage_cycle_04,0.0,0.0,0.0,0.0,0.0,1.0,1.0,2460.0,156.0,424.0,0.0,1.0,1.0,0.0,0.0,1.0,2887.0,7556.0,1.0,0,0,0,0,0,0,0,0,0,1,102
train,vgr_train_storage_cycle_04,0.0,0.0,0.0,0.0,0.0,1.0,1.0,1449.0,908.0,702.0,0.0,0.0,1.0,0.0,1.0,0.0,2802.0,19.0,1.0,0,0,0,0,0,0,0,0,0,1,104
train,vgr_train_storage_cycle_04,1.0,0.0,0.0,0.0,1.0,1.0,1.0,0.0,483.0,5348.0,0.0,1.0,0.0,0.0,1.0,0.0,2802.0,19.0,1.0,0,0,0,0,0,0,0,0,0,1,105
train,vgr_train_storage_cycle_04,0.0,0.0,0.0,0.0,0.0,0.0,0.0,398.0,608.0,5348.0,0.0,1.0,0.0,0.0,1.0,0.0,2802.0,19.0,1.0,0,0,0,0,0,0,0,0,0,1,0
train,vgr_train_storage_cycle_04,0.0,0.0,0.0,0.0,0.0,0.0,0.0,398.0,608.0,5348.0,0.0,0.0,1.0,0.0,1.0,0.0,2802.0,19.0,1.0,0,0,0,0,0,0,0,0,0,1,0
train,vgr_train_storage_cycle_04,0.0,0.0,0.0,0.0,0.0,0.0,0.0,398.0,608.0,5348.0,0.0,1.0,1.0,0.0,0.0,1.0,2883.0,7560.0,1.0,0,0,0,0,0,0,0,0,0,1,0
train,vgr_train_storage_cycle_04,0.0,0.0,0.0,0.0,0.0,0.0,0.0,398.0,608.0,5348.0,0.0,1.0,1.0,0.0,0.0,1.0,3252.0,7560.0,1.0,0,0,0,0,0,0,0,0,0,1,301
train,vgr_train_storage_cycle_04,1.0,1.0,1.0,0.0,0.0,0.0,0.0,0.0,0.0,0.0,1.0,1.0,1.0,1.0,0.0,1.0,0.0,0.0,1.0,1,0,0,0,0,0,0,0,0,0,0
train,vgr_train_storage_cycle_04,1.0,1.0,1.0,0.0,0.0,0.0,0.0,0.0,0.0,0.0,1.0,1.0,1.0,1.0,0.0,1.0,0.0,0.0,1.0,1,0,0,0,0,0,0,0,0,0,0
train,vgr_train_storage_cycle_04,1.0,1.0,1.0,0.0,0.0,0.0,0.0,0.0,0.0,0.0,1.0,1.0,1.0,1.0,0.0,1.0,0.0,0.0,1.0,1,0,0,0,0,0,0,0,0,0,0
train,vgr_train_storage_cycle_04,1.0,1.0,1.0,0.0,0.0,0.0,0.0,0.0,0.0,0.0,1.0,1.0,1.0,1.0,0.0,1.0,0.0,0.0,1.0,1,0,0,0,0,0,0,0,0,0,0
train,vgr_train_storage_cycle_04,1.0,1.0,1.0,0.0,0.0,0.0,0.0,0.0,0.0,0.0,1.0,1.0,1.0,1.0,0.0,1.0,0.0,0.0,1.0,1,0,0,0,0,0,0,0,0,0,0
train,vgr_train_storage_cycle_04,1.0,1.0,1.0,0.0,0.0,0.0,0.0,0.0,0.0,0.0,1.0,1.0,1.0,1.0,0.0,1.0,0.0,0.0,1.0,1,0,0,0,0,0,0,0,0,0,0
train,vgr_train_storage_cycle_04,1.0,1.0,1.0,0.0,0.0,0.0,0.0,0.0,0.0,0.0,1.0,1.0,1.0,1.0,0.0,1.0,0.0,0.0,1.0,1,0,0,0,0,0,0,0,0,0,0
train,vgr_train_storage_cycle_04,1.0,1.0,1.0,0.0,0.0,0.0,0.0,0.0,0.0,0.0,1.0,1.0,1.0,1.0,0.0,1.0,0.0,0.0,1.0,1,0,0,0,0,0,0,0,0,0,0
train,vgr_train_storage_cycle_04,1.0,1.0,1.0,0.0,0.0,0.0,0.0,0.0,0.0,0.0,1.0,1.0,1.0,1.0,0.0,1.0,0.0,0.0,1.0,1,0,0,0,0,0,0,0,0,0,0
train,vgr_train_storage_cycle_04,1.0,1.0,1.0,0.0,0.0,0.0,0.0,0.0,0.0,0.0,1.0,1.0,1.0,1.0,0.0,1.0,0.0,0.0,1.0,1,0,0,0,0,0,0,0,0,0,0
train,vgr_train_storage_cycle_04,1.0,1.0,1.0,0.0,0.0,0.0,0.0,0.0,0.0,0.0,1.0,1.0,1.0,1.0,0.0,1.0,0.0,0.0,1.0,1,0,0,0,0,0,0,0,0,0,0
train,vgr_train_storage_cycle_04,1.0,1.0,1.0,0.0,0.0,0.0,0.0,0.0,0.0,0.0,1.0,1.0,1.0,1.0,0.0,1.0,0.0,0.0,1.0,1,0,0,0,0,0,0,0,0,0,0
train,vgr_train_storage_cycle_04,1.0,1.0,1.0,0.0,0.0,0.0,0.0,0.0,0.0,0.0,1.0,1.0,1.0,1.0,0.0,1.0,0.0,0.0,1.0,1,0,0,0,0,0,0,0,0,0,0
train,vgr_train_storage_cycle_04,1.0,1.0,1.0,0.0,0.0,0.0,0.0,0.0,0.0,0.0,1.0,1.0,1.0,1.0,0.0,1.0,0.0,0.0,1.0,1,0,0,0,0,0,0,0,0,0,0
train,vgr_train_storage_cycle_04,1.0,1.0,1.0,0.0,0.0,0.0,0.0,0.0,0.0,0.0,1.0,1.0,1.0,1.0,0.0,1.0,0.0,0.0,1.0,1,0,0,0,0,0,0,0,0,0,0
train,vgr_train_storage_cycle_04,1.0,1.0,1.0,0.0,0.0,0.0,0.0,0.0,0.0,0.0,1.0,1.0,1.0,1.0,0.0,1.0,0.0,0.0,1.0,1,0,0,0,0,0,0,0,0,0,0
train,vgr_train_storage_cycle_04,1.0,1.0,1.0,0.0,0.0,0.0,0.0,0.0,0.0,0.0,1.0,1.0,1.0,1.0,0.0,1.0,0.0,0.0,0.0,1,0,0,0,0,0,0,0,0,0,0
train,vgr_train_storage_cycle_04,1.0,1.0,1.0,0.0,0.0,0.0,0.0,0.0,0.0,0.0,1.0,1.0,1.0,1.0,0.0,1.0,0.0,0.0,1.0,1,0,0,0,0,0,0,0,0,0,0
train,vgr_train_storage_cycle_04,1.0,1.0,1.0,0.0,0.0,0.0,0.0,0.0,0.0,0.0,1.0,1.0,1.0,1.0,0.0,1.0,0.0,0.0,1.0,1,0,0,0,0,0,0,0,0,0,0
train,vgr_train_storage_cycle_04,1.0,1.0,1.0,0.0,0.0,0.0,0.0,0.0,0.0,0.0,1.0,1.0,1.0,1.0,0.0,1.0,0.0,0.0,1.0,1,0,0,0,0,0,0,0,0,0,0
train,vgr_train_storage_cycle_04,1.0,1.0,1.0,0.0,0.0,0.0,0.0,0.0,0.0,0.0,1.0,1.0,1.0,1.0,0.0,1.0,0.0,0.0,1.0,1,0,0,0,0,0,0,0,0,0,0
train,vgr_train_storage_cycle_04,1.0,1.0,1.0,0.0,0.0,0.0,0.0,0.0,0.0,0.0,1.0,1.0,1.0,1.0,0.0,1.0,0.0,0.0,1.0,1,0,0,0,0,0,0,0,0,0,0
train,vgr_train_storage_cycle_04,1.0,1.0,1.0,0.0,0.0,0.0,0.0,0.0,0.0,0.0,1.0,1.0,1.0,1.0,0.0,1.0,0.0,0.0,1.0,1,0,0,0,0,0,0,0,0,0,0
train,vgr_train_storage_cycle_04,1.0,1.0,1.0,0.0,0.0,0.0,0.0,0.0,0.0,0.0,1.0,1.0,1.0,1.0,0.0,1.0,0.0,0.0,1.0,1,0,0,0,0,0,0,0,0,0,0
train,vgr_train_storage_cycle_04,1.0,1.0,1.0,0.0,0.0,0.0,0.0,0.0,0.0,0.0,1.0,1.0,1.0,1.0,0.0,1.0,0.0,0.0,1.0,1,0,0,0,0,0,0,0,0,0,0
train,vgr_train_storage_cycle_04,1.0,1.0,1.0,0.0,0.0,0.0,0.0,0.0,0.0,0.0,1.0,1.0,1.0,1.0,0.0,1.0,0.0,0.0,1.0,1,0,0,0,0,0,0,0,0,0,0
train,vgr_train_storage_cycle_04,1.0,1.0,1.0,0.0,0.0,0.0,0.0,0.0,0.0,0.0,1.0,1.0,1.0,1.0,0.0,1.0,0.0,0.0,1.0,1,0,0,0,0,0,0,0,0,0,0
train,vgr_train_storage_cycle_04,1.0,1.0,1.0,0.0,0.0,0.0,0.0,0.0,0.0,0.0,1.0,1.0,1.0,1.0,0.0,1.0,0.0,0.0,1.0,1,0,0,0,0,0,0,0,0,0,0
train,vgr_train_storage_cycle_04,1.0,1.0,1.0,0.0,0.0,0.0,0.0,0.0,0.0,0.0,1.0,1.0,1.0,1.0,0.0,1.0,0.0,0.0,1.0,1,0,0,0,0,0,0,0,0,0,0
train,vgr_train_storage_cycle_04,1.0,1.0,1.0,0.0,0.0,0.0,0.0,0.0,0.0,0.0,1.0,1.0,1.0,1.0,0.0,1.0,0.0,0.0,1.0,1,0,0,0,0,0,0,0,0,0,0
train,vgr_train_storage_cycle_04,1.0,1.0,1.0,0.0,0.0,0.0,0.0,0.0,0.0,0.0,1.0,1.0,1.0,1.0,0.0,1.0,0.0,0.0,1.0,1,0,0,0,0,0,0,0,0,0,0
train,vgr_train_storage_cycle_04,1.0,1.0,1.0,0.0,0.0,0.0,0.0,0.0,0.0,0.0,1.0,1.0,1.0,1.0,0.0,1.0,0.0,0.0,1.0,1,0,0,0,0,0,0,0,0,0,0
train,vgr_train_storage_cycle_04,1.0,1.0,1.0,0.0,0.0,0.0,0.0,0.0,0.0,0.0,1.0,1.0,1.0,1.0,0.0,1.0,0.0,0.0,1.0,1,0,0,0,0,0,0,0,0,0,0
train,vgr_train_storage_cycle_04,1.0,1.0,1.0,0.0,0.0,0.0,0.0,0.0,0.0,0.0,1.0,1.0,1.0,1.0,0.0,1.0,0.0,0.0,0.0,1,0,0,0,0,0,0,0,0,0,0
train,vgr_train_storage_cycle_04,1.0,1.0,1.0,0.0,0.0,0.0,0.0,0.0,0.0,0.0,1.0,1.0,1.0,1.0,0.0,1.0,0.0,0.0,1.0,1,0,0,0,0,0,0,0,0,0,0
train,vgr_train_storage_cycle_04,1.0,1.0,1.0,0.0,0.0,0.0,0.0,0.0,0.0,0.0,1.0,1.0,1.0,1.0,0.0,1.0,0.0,0.0,1.0,1,0,0,0,0,0,0,0,0,0,0
train,vgr_train_storage_cycle_04,1.0,1.0,1.0,0.0,0.0,0.0,0.0,0.0,0.0,0.0,1.0,1.0,1.0,1.0,0.0,1.0,0.0,0.0,1.0,1,0,0,0,0,0,0,0,0,0,0
train,vgr_train_storage_cycle_04,1.0,1.0,1.0,0.0,0.0,0.0,0.0,0.0,0.0,0.0,1.0,1.0,1.0,1.0,0.0,1.0,0.0,0.0,1.0,1,0,0,0,0,0,0,0,0,0,0
train,vgr_train_storage_cycle_04,1.0,1.0,1.0,0.0,0.0,0.0,0.0,0.0,0.0,0.0,1.0,1.0,1.0,1.0,0.0,1.0,0.0,0.0,1.0,1,0,0,0,0,0,0,0,0,0,0
train,vgr_train_storage_cycle_04,1.0,1.0,1.0,0.0,0.0,0.0,0.0,0.0,0.0,0.0,1.0,1.0,1.0,1.0,0.0,1.0,0.0,0.0,1.0,1,0,0,0,0,0,0,0,0,0,0
train,vgr_train_storage_cycle_04,1.0,1.0,1.0,0.0,0.0,0.0,0.0,0.0,0.0,0.0,1.0,1.0,1.0,1.0,0.0,1.0,0.0,0.0,1.0,1,0,0,0,0,0,0,0,0,0,0
train,vgr_train_storage_cycle_04,1.0,1.0,1.0,0.0,0.0,0.0,0.0,0.0,0.0,0.0,1.0,1.0,1.0,1.0,0.0,1.0,0.0,0.0,1.0,1,0,0,0,0,0,0,0,0,0,0
train,vgr_train_storage_cycle_04,1.0,1.0,1.0,0.0,0.0,0.0,0.0,0.0,0.0,0.0,1.0,1.0,1.0,1.0,0.0,1.0,0.0,0.0,1.0,1,0,0,0,0,0,0,0,0,0,0
train,vgr_train_storage_cycle_04,1.0,1.0,1.0,0.0,0.0,0.0,0.0,0.0,0.0,0.0,1.0,1.0,1.0,1.0,0.0,1.0,0.0,0.0,0.0,1,0,0,0,0,0,0,0,0,0,0
train,vgr_train_storage_cycle_04,1.0,1.0,1.0,0.0,0.0,0.0,0.0,0.0,0.0,0.0,1.0,1.0,1.0,1.0,0.0,1.0,0.0,0.0,1.0,1,0,0,0,0,0,0,0,0,0,0
train,vgr_train_storage_cycle_04,1.0,1.0,1.0,0.0,0.0,0.0,0.0,0.0,0.0,0.0,1.0,1.0,1.0,1.0,0.0,1.0,0.0,0.0,1.0,1,0,0,0,0,0,0,0,0,0,0
train,vgr_train_storage_cycle_04,1.0,1.0,1.0,0.0,0.0,0.0,0.0,0.0,0.0,0.0,1.0,1.0,1.0,1.0,0.0,1.0,0.0,0.0,1.0,1,0,0,0,0,0,0,0,0,0,0
train,vgr_train_storage_cycle_04,1.0,1.0,1.0,0.0,0.0,0.0,0.0,0.0,0.0,0.0,1.0,1.0,1.0,1.0,0.0,1.0,0.0,0.0,1.0,1,0,0,0,0,0,0,0,0,0,0
train,vgr_train_storage_cycle_04,1.0,1.0,1.0,0.0,0.0,0.0,0.0,0.0,0.0,0.0,1.0,1.0,1.0,1.0,0.0,1.0,0.0,0.0,1.0,1,0,0,0,0,0,0,0,0,0,0
train,vgr_train_storage_cycle_04,1.0,1.0,1.0,0.0,0.0,0.0,0.0,0.0,0.0,0.0,1.0,1.0,1.0,1.0,0.0,1.0,0.0,0.0,1.0,1,0,0,0,0,0,0,0,0,0,0
train,vgr_train_storage_cycle_04,1.0,1.0,1.0,0.0,0.0,0.0,0.0,0.0,0.0,0.0,1.0,1.0,1.0,1.0,0.0,1.0,0.0,0.0,1.0,1,0,0,0,0,0,0,0,0,0,0
train,vgr_train_storage_cycle_04,1.0,1.0,1.0,0.0,0.0,0.0,0.0,0.0,0.0,0.0,1.0,1.0,1.0,1.0,0.0,1.0,0.0,0.0,1.0,1,0,0,0,0,0,0,0,0,0,0
train,vgr_train_storage_cycle_04,1.0,1.0,1.0,0.0,0.0,0.0,0.0,0.0,0.0,0.0,1.0,1.0,1.0,1.0,0.0,1.0,0.0,0.0,1.0,1,0,0,0,0,0,0,0,0,0,0
train,vgr_train_storage_cycle_04,1.0,1.0,1.0,0.0,0.0,0.0,0.0,0.0,0.0,0.0,1.0,1.0,1.0,1.0,0.0,1.0,0.0,0.0,1.0,1,0,0,0,0,0,0,0,0,0,0
train,vgr_train_storage_cycle_04,1.0,1.0,1.0,0.0,0.0,0.0,0.0,0.0,0.0,0.0,1.0,1.0,1.0,1.0,0.0,1.0,0.0,0.0,1.0,1,0,0,0,0,0,0,0,0,0,0
train,vgr_train_storage_cycle_04,1.0,1.0,1.0,0.0,0.0,0.0,0.0,0.0,0.0,0.0,1.0,1.0,1.0,1.0,0.0,1.0,0.0,0.0,1.0,1,0,0,0,0,0,0,0,0,0,0
train,vgr_train_storage_cycle_04,1.0,1.0,1.0,0.0,0.0,0.0,0.0,0.0,0.0,0.0,1.0,1.0,1.0,1.0,0.0,1.0,0.0,0.0,1.0,1,0,0,0,0,0,0,0,0,0,0
train,vgr_train_storage_cycle_04,1.0,1.0,1.0,0.0,0.0,0.0,0.0,0.0,0.0,0.0,1.0,1.0,1.0,1.0,0.0,1.0,0.0,0.0,1.0,1,0,0,0,0,0,0,0,0,0,0
train,vgr_train_storage_cycle_04,1.0,1.0,1.0,0.0,0.0,0.0,0.0,0.0,0.0,0.0,1.0,1.0,1.0,1.0,0.0,1.0,0.0,0.0,1.0,1,0,0,0,0,0,0,0,0,0,0
train,vgr_train_storage_cycle_04,1.0,1.0,1.0,0.0,0.0,0.0,0.0,0.0,0.0,0.0,1.0,1.0,1.0,1.0,0.0,1.0,0.0,0.0,1.0,1,0,0,0,0,0,0,0,0,0,0
train,vgr_train_storage_cycle_04,1.0,1.0,1.0,0.0,0.0,0.0,0.0,0.0,0.0,0.0,1.0,1.0,1.0,1.0,0.0,1.0,0.0,0.0,1.0,1,0,0,0,0,0,0,0,0,0,0
train,vgr_train_storage_cycle_04,1.0,1.0,1.0,0.0,0.0,0.0,0.0,0.0,0.0,0.0,1.0,1.0,1.0,1.0,0.0,1.0,0.0,0.0,0.0,1,0,0,0,0,0,0,0,0,0,0
train,vgr_train_storage_cycle_04,1.0,1.0,1.0,0.0,0.0,0.0,0.0,0.0,0.0,0.0,1.0,1.0,1.0,1.0,0.0,1.0,0.0,0.0,1.0,1,0,0,0,0,0,0,0,0,0,0
train,vgr_train_storage_cycle_04,1.0,1.0,1.0,0.0,0.0,0.0,0.0,0.0,0.0,0.0,1.0,1.0,1.0,1.0,0.0,1.0,0.0,0.0,1.0,1,0,0,0,0,0,0,0,0,0,0
train,vgr_train_storage_cycle_04,1.0,1.0,1.0,0.0,0.0,0.0,0.0,0.0,0.0,0.0,1.0,1.0,1.0,1.0,0.0,1.0,0.0,0.0,1.0,1,0,0,0,0,0,0,0,0,0,0
train,vgr_train_storage_cycle_04,1.0,1.0,1.0,0.0,0.0,0.0,0.0,0.0,0.0,0.0,1.0,1.0,1.0,1.0,0.0,1.0,0.0,0.0,1.0,1,0,0,0,0,0,0,0,0,0,0
train,vgr_train_storage_cycle_04,1.0,1.0,1.0,0.0,0.0,0.0,0.0,0.0,0.0,0.0,1.0,1.0,1.0,1.0,0.0,1.0,0.0,0.0,0.0,1,0,0,0,0,0,0,0,0,0,0
train,vgr_train_storage_cycle_04,1.0,1.0,1.0,0.0,0.0,0.0,0.0,0.0,0.0,0.0,1.0,1.0,1.0,1.0,0.0,1.0,0.0,0.0,1.0,1,0,0,0,0,0,0,0,0,0,0
train,vgr_train_storage_cycle_04,1.0,1.0,1.0,0.0,0.0,0.0,0.0,0.0,0.0,0.0,1.0,1.0,1.0,1.0,0.0,1.0,0.0,0.0,1.0,1,0,0,0,0,0,0,0,0,0,0
train,vgr_train_storage_cycle_04,1.0,1.0,1.0,0.0,0.0,0.0,0.0,0.0,0.0,0.0,1.0,1.0,1.0,1.0,0.0,1.0,0.0,0.0,1.0,1,0,0,0,0,0,0,0,0,0,0
train,vgr_train_storage_cycle_04,1.0,1.0,1.0,0.0,0.0,0.0,0.0,0.0,0.0,0.0,1.0,1.0,1.0,1.0,0.0,1.0,0.0,0.0,1.0,1,0,0,0,0,0,0,0,0,0,0
train,vgr_train_storage_cycle_04,1.0,1.0,1.0,0.0,0.0,0.0,0.0,0.0,0.0,0.0,1.0,1.0,1.0,1.0,0.0,1.0,0.0,0.0,1.0,1,0,0,0,0,0,0,0,0,0,0
train,vgr_train_storage_cycle_04,1.0,1.0,1.0,0.0,0.0,0.0,0.0,0.0,0.0,0.0,1.0,1.0,1.0,1.0,0.0,1.0,0.0,0.0,1.0,1,0,0,0,0,0,0,0,0,0,0
train,vgr_train_storage_cycle_04,1.0,1.0,1.0,0.0,0.0,0.0,0.0,0.0,0.0,0.0,1.0,1.0,1.0,1.0,0.0,1.0,0.0,0.0,1.0,1,0,0,0,0,0,0,0,0,0,0
train,vgr_train_storage_cycle_04,1.0,1.0,1.0,0.0,0.0,0.0,0.0,0.0,0.0,0.0,1.0,1.0,1.0,1.0,0.0,1.0,0.0,0.0,1.0,1,0,0,0,0,0,0,0,0,0,0
train,vgr_train_storage_cycle_04,1.0,1.0,1.0,0.0,0.0,0.0,0.0,0.0,0.0,0.0,1.0,1.0,1.0,1.0,0.0,1.0,0.0,0.0,1.0,1,0,0,0,0,0,0,0,0,0,0
train,vgr_train_storage_cycle_04,1.0,1.0,1.0,0.0,0.0,0.0,0.0,0.0,0.0,0.0,1.0,1.0,1.0,1.0,0.0,1.0,0.0,0.0,0.0,1,0,0,0,0,0,0,0,0,0,0
train,vgr_train_storage_cycle_04,1.0,1.0,1.0,0.0,0.0,0.0,0.0,0.0,0.0,0.0,1.0,1.0,1.0,1.0,0.0,1.0,0.0,0.0,1.0,1,0,0,0,0,0,0,0,0,0,0
train,vgr_train_storage_cycle_04,1.0,1.0,1.0,0.0,0.0,0.0,0.0,0.0,0.0,0.0,1.0,1.0,1.0,1.0,0.0,1.0,0.0,0.0,1.0,1,0,0,0,0,0,0,0,0,0,0
train,vgr_train_storage_cycle_04,1.0,1.0,1.0,0.0,0.0,0.0,0.0,0.0,0.0,0.0,1.0,1.0,1.0,1.0,0.0,1.0,0.0,0.0,1.0,1,0,0,0,0,0,0,0,0,0,0
train,vgr_train_storage_cycle_04,1.0,1.0,1.0,0.0,0.0,0.0,0.0,0.0,0.0,0.0,1.0,1.0,1.0,1.0,0.0,1.0,0.0,0.0,1.0,1,0,0,0,0,0,0,0,0,0,0
train,vgr_train_storage_cycle_04,1.0,1.0,1.0,0.0,0.0,0.0,0.0,0.0,0.0,0.0,1.0,1.0,1.0,1.0,0.0,1.0,0.0,0.0,1.0,1,0,0,0,0,0,0,0,0,0,0
train,vgr_train_storage_cycle_04,1.0,1.0,1.0,0.0,0.0,0.0,0.0,0.0,0.0,0.0,1.0,1.0,1.0,1.0,0.0,1.0,0.0,0.0,1.0,1,0,0,0,0,0,0,0,0,0,0
train,vgr_train_storage_cycle_04,1.0,1.0,1.0,0.0,0.0,0.0,0.0,0.0,0.0,0.0,1.0,1.0,1.0,1.0,0.0,1.0,0.0,0.0,1.0,1,0,0,0,0,0,0,0,0,0,0
train,vgr_train_storage_cycle_04,1.0,1.0,1.0,0.0,0.0,0.0,0.0,0.0,0.0,0.0,1.0,1.0,1.0,1.0,0.0,1.0,0.0,0.0,1.0,1,0,0,0,0,0,0,0,0,0,0
train,vgr_train_storage_cycle_04,1.0,1.0,1.0,0.0,0.0,0.0,0.0,0.0,0.0,0.0,1.0,1.0,1.0,1.0,0.0,1.0,0.0,0.0,1.0,1,0,0,0,0,0,0,0,0,0,0
train,vgr_train_storage_cycle_04,1.0,1.0,1.0,0.0,0.0,0.0,0.0,0.0,0.0,0.0,1.0,1.0,1.0,1.0,0.0,1.0,0.0,0.0,1.0,1,0,0,0,0,0,0,0,0,0,0
train,vgr_train_storage_cycle_04,1.0,1.0,1.0,0.0,0.0,0.0,0.0,0.0,0.0,0.0,1.0,1.0,1.0,1.0,0.0,1.0,0.0,0.0,1.0,1,0,0,0,0,0,0,0,0,0,0
train,vgr_train_storage_cycle_04,1.0,1.0,1.0,0.0,0.0,0.0,0.0,0.0,0.0,0.0,1.0,1.0,1.0,1.0,0.0,1.0,0.0,0.0,0.0,1,0,0,0,0,0,0,0,0,0,0
train,vgr_train_storage_cycle_04,1.0,1.0,1.0,0.0,0.0,0.0,0.0,0.0,0.0,0.0,1.0,1.0,1.0,1.0,0.0,1.0,0.0,0.0,1.0,1,0,0,0,0,0,0,0,0,0,0
train,vgr_train_storage_cycle_04,1.0,1.0,1.0,0.0,0.0,0.0,0.0,0.0,0.0,0.0,1.0,1.0,1.0,1.0,0.0,1.0,0.0,0.0,1.0,1,0,0,0,0,0,0,0,0,0,0
train,vgr_train_storage_cycle_04,1.0,1.0,1.0,0.0,0.0,0.0,0.0,0.0,0.0,0.0,1.0,1.0,1.0,1.0,0.0,1.0,0.0,0.0,1.0,1,0,0,0,0,0,0,0,0,0,0
train,vgr_train_storage_cycle_04,1.0,1.0,1.0,0.0,0.0,0.0,0.0,0.0,0.0,0.0,1.0,1.0,1.0,1.0,0.0,1.0,0.0,0.0,1.0,1,0,0,0,0,0,0,0,0,0,0
train,vgr_train_storage_cycle_04,1.0,1.0,1.0,0.0,0.0,0.0,0.0,0.0,0.0,0.0,1.0,1.0,1.0,1.0,0.0,1.0,0.0,0.0,0.0,1,0,0,0,0,0,0,0,0,0,0
train,vgr_train_storage_cycle_04,1.0,1.0,1.0,0.0,0.0,0.0,0.0,0.0,0.0,0.0,1.0,1.0,1.0,1.0,0.0,1.0,0.0,0.0,1.0,1,0,0,0,0,0,0,0,0,0,0
train,vgr_train_storage_cycle_04,1.0,1.0,1.0,0.0,0.0,0.0,0.0,0.0,0.0,0.0,1.0,1.0,1.0,1.0,0.0,1.0,0.0,0.0,1.0,1,0,0,0,0,0,0,0,0,0,0
train,vgr_train_storage_cycle_04,1.0,1.0,1.0,0.0,0.0,0.0,0.0,0.0,0.0,0.0,1.0,1.0,1.0,1.0,0.0,1.0,0.0,0.0,1.0,1,0,0,0,0,0,0,0,0,0,0
train,vgr_train_storage_cycle_04,1.0,1.0,1.0,0.0,0.0,0.0,0.0,0.0,0.0,0.0,1.0,1.0,1.0,1.0,0.0,1.0,0.0,0.0,1.0,1,0,0,0,0,0,0,0,0,0,0
train,vgr_train_storage_cycle_04,1.0,1.0,1.0,0.0,0.0,0.0,0.0,0.0,0.0,0.0,1.0,1.0,1.0,1.0,0.0,1.0,0.0,0.0,1.0,1,0,0,0,0,0,0,0,0,0,0
train,vgr_train_storage_cycle_04,1.0,1.0,1.0,0.0,0.0,0.0,0.0,0.0,0.0,0.0,1.0,1.0,1.0,1.0,0.0,1.0,0.0,0.0,1.0,1,0,0,0,0,0,0,0,0,0,0
train,vgr_train_storage_cycle_04,1.0,1.0,1.0,0.0,0.0,0.0,0.0,0.0,0.0,0.0,1.0,1.0,1.0,1.0,0.0,1.0,0.0,0.0,1.0,1,0,0,0,0,0,0,0,0,0,0
train,vgr_train_storage_cycle_04,1.0,1.0,1.0,0.0,0.0,0.0,0.0,0.0,0.0,0.0,1.0,1.0,1.0,1.0,0.0,1.0,0.0,0.0,1.0,1,0,0,0,0,0,0,0,0,0,0
train,vgr_train_storage_cycle_04,1.0,1.0,1.0,0.0,0.0,0.0,0.0,0.0,0.0,0.0,1.0,1.0,1.0,1.0,0.0,1.0,0.0,0.0,1.0,1,0,0,0,0,0,0,0,0,0,0
train,vgr_train_storage_cycle_04,1.0,1.0,1.0,0.0,0.0,0.0,0.0,0.0,0.0,0.0,1.0,1.0,1.0,1.0,0.0,1.0,0.0,0.0,1.0,1,0,0,0,0,0,0,0,0,0,0
train,vgr_train_storage_cycle_04,1.0,1.0,1.0,0.0,0.0,0.0,0.0,0.0,0.0,0.0,1.0,1.0,1.0,1.0,0.0,1.0,0.0,0.0,1.0,1,0,0,0,0,0,0,0,0,0,0
train,vgr_train_storage_cycle_04,1.0,1.0,1.0,0.0,0.0,0.0,0.0,0.0,0.0,0.0,1.0,1.0,1.0,1.0,0.0,1.0,0.0,0.0,1.0,1,0,0,0,0,0,0,0,0,0,0
train,vgr_train_storage_cycle_04,1.0,1.0,1.0,0.0,0.0,0.0,0.0,0.0,0.0,0.0,1.0,1.0,1.0,1.0,0.0,1.0,0.0,0.0,1.0,1,0,0,0,0,0,0,0,0,0,0
train,vgr_train_storage_cycle_04,1.0,1.0,1.0,0.0,0.0,0.0,0.0,0.0,0.0,0.0,1.0,1.0,1.0,1.0,0.0,1.0,0.0,0.0,1.0,1,0,0,0,0,0,0,0,0,0,0
train,vgr_train_storage_cycle_04,1.0,1.0,1.0,0.0,0.0,0.0,0.0,0.0,0.0,0.0,1.0,1.0,1.0,1.0,0.0,1.0,0.0,0.0,0.0,1,0,0,0,0,0,0,0,0,0,0
train,vgr_train_storage_cycle_04,1.0,1.0,1.0,0.0,0.0,0.0,0.0,0.0,0.0,0.0,1.0,1.0,1.0,1.0,0.0,1.0,0.0,0.0,1.0,1,0,0,0,0,0,0,0,0,0,0
train,vgr_train_storage_cycle_04,1.0,1.0,1.0,0.0,0.0,0.0,0.0,0.0,0.0,0.0,1.0,1.0,1.0,1.0,0.0,1.0,0.0,0.0,1.0,1,0,0,0,0,0,0,0,0,0,0
train,vgr_train_storage_cycle_04,1.0,1.0,1.0,0.0,0.0,0.0,0.0,0.0,0.0,0.0,1.0,1.0,1.0,1.0,0.0,1.0,0.0,0.0,1.0,1,0,0,0,0,0,0,0,0,0,0
train,vgr_train_storage_cycle_04,1.0,1.0,1.0,0.0,0.0,0.0,0.0,0.0,0.0,0.0,1.0,1.0,1.0,1.0,0.0,1.0,0.0,0.0,1.0,1,0,0,0,0,0,0,0,0,0,0
train,vgr_train_storage_cycle_04,1.0,1.0,1.0,0.0,0.0,0.0,0.0,0.0,0.0,0.0,1.0,1.0,1.0,1.0,0.0,1.0,0.0,0.0,1.0,1,0,0,0,0,0,0,0,0,0,0
train,vgr_train_storage_cycle_04,1.0,1.0,1.0,0.0,0.0,0.0,0.0,0.0,0.0,0.0,1.0,1.0,1.0,1.0,0.0,1.0,0.0,0.0,1.0,1,0,0,0,0,0,0,0,0,0,0
train,vgr_train_storage_cycle_04,1.0,1.0,1.0,0.0,0.0,0.0,0.0,0.0,0.0,0.0,1.0,1.0,1.0,1.0,0.0,1.0,0.0,0.0,1.0,1,0,0,0,0,0,0,0,0,0,0
train,vgr_train_storage_cycle_04,1.0,1.0,1.0,0.0,0.0,0.0,0.0,0.0,0.0,0.0,1.0,1.0,1.0,1.0,0.0,1.0,0.0,0.0,1.0,1,0,0,0,0,0,0,0,0,0,0
train,vgr_train_storage_cycle_04,1.0,1.0,1.0,0.0,0.0,0.0,0.0,0.0,0.0,0.0,1.0,1.0,1.0,1.0,0.0,1.0,0.0,0.0,1.0,1,0,0,0,0,0,0,0,0,0,0
train,vgr_train_storage_cycle_04,1.0,1.0,1.0,0.0,0.0,0.0,0.0,0.0,0.0,0.0,1.0,1.0,1.0,1.0,0.0,1.0,0.0,0.0,1.0,1,0,0,0,0,0,0,0,0,0,0
train,vgr_train_storage_cycle_04,1.0,1.0,1.0,0.0,0.0,0.0,0.0,0.0,0.0,0.0,1.0,1.0,1.0,1.0,0.0,1.0,0.0,0.0,1.0,1,0,0,0,0,0,0,0,0,0,0
train,vgr_train_storage_cycle_04,1.0,1.0,1.0,0.0,0.0,0.0,0.0,0.0,0.0,0.0,1.0,1.0,1.0,1.0,0.0,1.0,0.0,0.0,1.0,1,0,0,0,0,0,0,0,0,0,0
train,vgr_train_storage_cycle_04,1.0,1.0,1.0,0.0,0.0,0.0,0.0,0.0,0.0,0.0,1.0,1.0,1.0,1.0,0.0,1.0,0.0,0.0,1.0,1,0,0,0,0,0,0,0,0,0,0
train,vgr_train_storage_cycle_04,1.0,1.0,1.0,0.0,0.0,0.0,0.0,0.0,0.0,0.0,1.0,1.0,1.0,1.0,0.0,1.0,0.0,0.0,1.0,1,0,0,0,0,0,0,0,0,0,0
train,vgr_train_storage_cycle_04,1.0,1.0,1.0,0.0,0.0,0.0,0.0,0.0,0.0,0.0,1.0,1.0,1.0,1.0,0.0,1.0,0.0,0.0,1.0,1,0,0,0,0,0,0,0,0,0,0
train,vgr_train_storage_cycle_04,1.0,1.0,1.0,0.0,0.0,0.0,0.0,0.0,0.0,0.0,1.0,1.0,1.0,1.0,0.0,1.0,0.0,0.0,1.0,1,0,0,0,0,0,0,0,0,0,0
train,vgr_train_storage_cycle_04,1.0,1.0,1.0,0.0,0.0,0.0,0.0,0.0,0.0,0.0,1.0,1.0,1.0,1.0,0.0,1.0,0.0,0.0,1.0,1,0,0,0,0,0,0,0,0,0,0
train,vgr_train_storage_cycle_04,1.0,1.0,1.0,0.0,0.0,0.0,0.0,0.0,0.0,0.0,1.0,1.0,1.0,1.0,0.0,1.0,0.0,0.0,1.0,1,0,0,0,0,0,0,0,0,0,0
train,vgr_train_storage_cycle_04,1.0,1.0,1.0,0.0,0.0,0.0,0.0,0.0,0.0,0.0,1.0,1.0,1.0,1.0,0.0,1.0,0.0,0.0,1.0,1,0,0,0,0,0,0,0,0,0,0
train,vgr_train_storage_cycle_04,1.0,1.0,1.0,0.0,0.0,0.0,0.0,0.0,0.0,0.0,1.0,1.0,1.0,1.0,0.0,1.0,0.0,0.0,0.0,1,0,0,0,0,0,0,0,0,0,0
train,vgr_train_storage_cycle_04,1.0,1.0,1.0,0.0,0.0,0.0,0.0,0.0,0.0,0.0,1.0,1.0,1.0,1.0,0.0,1.0,0.0,0.0,0.0,1,0,0,0,0,0,0,0,0,0,0
train,vgr_train_storage_cycle_04,1.0,1.0,1.0,0.0,0.0,0.0,0.0,0.0,0.0,0.0,1.0,1.0,1.0,1.0,0.0,1.0,0.0,0.0,0.0,1,0,0,0,0,0,0,0,0,0,0
train,vgr_train_storage_cycle_04,1.0,1.0,1.0,0.0,0.0,0.0,0.0,0.0,0.0,0.0,1.0,1.0,1.0,1.0,0.0,1.0,0.0,0.0,0.0,1,0,0,0,0,0,0,0,0,0,0
train,vgr_train_storage_cycle_04,1.0,1.0,1.0,0.0,0.0,0.0,0.0,0.0,0.0,0.0,1.0,1.0,1.0,1.0,0.0,1.0,0.0,0.0,0.0,1,0,0,0,0,0,0,0,0,0,0
train,vgr_train_storage_cycle_04,1.0,1.0,1.0,0.0,0.0,0.0,0.0,0.0,0.0,0.0,1.0,1.0,1.0,1.0,0.0,1.0,0.0,0.0,0.0,1,0,0,0,0,0,0,0,0,0,0
train,vgr_train_storage_cycle_04,1.0,1.0,1.0,0.0,0.0,0.0,0.0,0.0,0.0,0.0,1.0,1.0,1.0,1.0,0.0,1.0,0.0,0.0,0.0,1,0,0,0,0,0,0,0,0,0,0
train,vgr_train_storage_cycle_04,1.0,1.0,1.0,0.0,0.0,0.0,0.0,0.0,0.0,0.0,1.0,1.0,1.0,1.0,0.0,1.0,0.0,0.0,0.0,1,0,0,0,0,0,0,0,0,0,0
train,vgr_train_storage_cycle_04,1.0,1.0,1.0,0.0,0.0,0.0,0.0,0.0,0.0,0.0,1.0,1.0,1.0,1.0,0.0,1.0,0.0,0.0,0.0,1,0,0,0,0,0,0,0,0,0,0
train,vgr_train_storage_cycle_04,1.0,1.0,1.0,0.0,0.0,0.0,0.0,0.0,0.0,0.0,1.0,1.0,1.0,1.0,0.0,1.0,0.0,0.0,0.0,1,0,0,0,0,0,0,0,0,0,0
train,vgr_train_storage_cycle_04,1.0,1.0,1.0,0.0,0.0,0.0,0.0,0.0,0.0,0.0,1.0,1.0,1.0,1.0,0.0,1.0,0.0,0.0,0.0,1,0,0,0,0,0,0,0,0,0,0
train,vgr_train_storage_cycle_04,1.0,1.0,1.0,0.0,0.0,0.0,0.0,0.0,0.0,0.0,1.0,1.0,1.0,1.0,0.0,1.0,0.0,0.0,0.0,1,0,0,0,0,0,0,0,0,0,0
train,vgr_train_storage_cycle_04,1.0,1.0,1.0,0.0,0.0,0.0,0.0,0.0,0.0,0.0,1.0,1.0,1.0,1.0,0.0,1.0,0.0,0.0,0.0,1,0,0,0,0,0,0,0,0,0,0
train,vgr_train_storage_cycle_04,1.0,1.0,1.0,0.0,0.0,0.0,0.0,0.0,0.0,0.0,1.0,1.0,1.0,1.0,0.0,1.0,0.0,0.0,0.0,1,0,0,0,0,0,0,0,0,0,0
train,vgr_train_storage_cycle_04,1.0,1.0,1.0,0.0,0.0,0.0,0.0,0.0,0.0,0.0,1.0,1.0,1.0,1.0,0.0,1.0,0.0,0.0,0.0,1,0,0,0,0,0,0,0,0,0,0
train,vgr_train_storage_cycle_04,1.0,1.0,1.0,0.0,0.0,0.0,0.0,0.0,0.0,0.0,1.0,1.0,1.0,1.0,0.0,1.0,0.0,0.0,0.0,1,0,0,0,0,0,0,0,0,0,0
train,vgr_train_storage_cycle_04,1.0,1.0,1.0,0.0,0.0,0.0,0.0,0.0,0.0,0.0,1.0,1.0,1.0,1.0,0.0,1.0,0.0,0.0,0.0,1,0,0,0,0,0,0,0,0,0,0
train,vgr_train_storage_cycle_04,1.0,1.0,1.0,0.0,0.0,0.0,0.0,0.0,0.0,0.0,1.0,1.0,1.0,1.0,0.0,1.0,0.0,0.0,0.0,1,0,0,0,0,0,0,0,0,0,0
train,vgr_train_storage_cycle_04,1.0,1.0,1.0,0.0,0.0,0.0,0.0,0.0,0.0,0.0,1.0,1.0,1.0,1.0,0.0,1.0,0.0,0.0,0.0,1,0,0,0,0,0,0,0,0,0,0
train,vgr_train_storage_cycle_04,1.0,1.0,1.0,0.0,0.0,0.0,0.0,0.0,0.0,0.0,1.0,1.0,1.0,1.0,0.0,1.0,0.0,0.0,0.0,1,0,0,0,0,0,0,0,0,0,0
train,vgr_train_storage_cycle_04,1.0,1.0,1.0,0.0,0.0,0.0,0.0,0.0,0.0,0.0,1.0,1.0,1.0,1.0,0.0,1.0,0.0,0.0,0.0,1,0,0,0,0,0,0,0,0,0,0
train,vgr_train_storage_cycle_04,1.0,1.0,1.0,0.0,0.0,0.0,0.0,0.0,0.0,0.0,1.0,1.0,1.0,1.0,0.0,1.0,0.0,0.0,0.0,1,0,0,0,0,0,0,0,0,0,0
train,vgr_train_storage_cycle_04,1.0,1.0,1.0,0.0,0.0,0.0,0.0,0.0,0.0,0.0,1.0,1.0,1.0,1.0,0.0,1.0,0.0,0.0,0.0,1,0,0,0,0,0,0,0,0,0,0
train,vgr_train_storage_cycle_04,1.0,1.0,1.0,0.0,0.0,0.0,0.0,0.0,0.0,0.0,1.0,1.0,1.0,1.0,0.0,1.0,0.0,0.0,0.0,1,0,0,0,0,0,0,0,0,0,0
train,vgr_train_storage_cycle_04,1.0,1.0,1.0,0.0,0.0,0.0,0.0,0.0,0.0,0.0,1.0,1.0,1.0,1.0,0.0,1.0,0.0,0.0,0.0,1,0,0,0,0,0,0,0,0,0,0
train,vgr_train_storage_cycle_04,1.0,1.0,1.0,0.0,0.0,0.0,0.0,0.0,0.0,0.0,1.0,1.0,1.0,1.0,0.0,1.0,0.0,0.0,0.0,1,0,0,0,0,0,0,0,0,0,0
train,vgr_train_storage_cycle_04,1.0,1.0,1.0,0.0,0.0,0.0,0.0,0.0,0.0,0.0,1.0,1.0,1.0,1.0,0.0,1.0,0.0,0.0,0.0,1,0,0,0,0,0,0,0,0,0,0
train,vgr_train_storage_cycle_04,1.0,1.0,1.0,0.0,0.0,0.0,0.0,0.0,0.0,0.0,1.0,1.0,1.0,1.0,0.0,1.0,0.0,0.0,0.0,1,0,0,0,0,0,0,0,0,0,0
train,vgr_train_storage_cycle_04,1.0,1.0,1.0,0.0,0.0,0.0,0.0,0.0,0.0,0.0,1.0,1.0,1.0,1.0,0.0,1.0,0.0,0.0,0.0,1,0,0,0,0,0,0,0,0,0,0
train,vgr_train_storage_cycle_04,1.0,1.0,1.0,0.0,0.0,0.0,0.0,0.0,0.0,0.0,1.0,1.0,1.0,1.0,0.0,1.0,0.0,0.0,0.0,1,0,0,0,0,0,0,0,0,0,0
train,vgr_train_storage_cycle_04,0.0,0.0,0.0,0.0,0.0,1.0,1.0,396.0,26.0,34.0,1.0,1.0,1.0,1.0,0.0,1.0,0.0,0.0,1.0,1,0,0,0,0,0,0,0,0,0,0
train,vgr_train_storage_cycle_04,0.0,0.0,0.0,0.0,0.0,1.0,1.0,1452.0,910.0,704.0,0.0,1.0,1.0,0.0,0.0,1.0,3250.0,7556.0,1.0,1,0,0,0,0,0,0,0,0,0,0
train,vgr_train_storage_cycle_04,0.0,0.0,0.0,0.0,0.0,1.0,1.0,2460.0,156.0,424.0,0.0,1.0,1.0,0.0,0.0,1.0,2887.0,7556.0,1.0,1,0,0,0,0,0,0,0,0,0,0
train,vgr_train_storage_cycle_04,0.0,0.0,0.0,0.0,0.0,1.0,1.0,1449.0,908.0,702.0,0.0,0.0,1.0,0.0,1.0,0.0,2802.0,19.0,1.0,1,0,0,0,0,0,0,0,0,0,0
train,vgr_train_storage_cycle_04,1.0,0.0,0.0,0.0,1.0,1.0,1.0,0.0,483.0,5348.0,0.0,1.0,0.0,0.0,1.0,0.0,2802.0,19.0,1.0,1,0,0,0,0,0,0,0,0,0,0
train,vgr_train_storage_cycle_04,0.0,0.0,0.0,0.0,0.0,0.0,0.0,398.0,608.0,5348.0,0.0,1.0,0.0,0.0,1.0,0.0,2802.0,19.0,1.0,1,0,0,0,0,0,0,0,0,0,0
train,vgr_train_storage_cycle_04,0.0,0.0,0.0,0.0,0.0,0.0,0.0,398.0,608.0,5348.0,0.0,0.0,1.0,0.0,1.0,0.0,2802.0,19.0,1.0,1,0,0,0,0,0,0,0,0,0,0
train,vgr_train_storage_cycle_04,0.0,0.0,0.0,0.0,0.0,0.0,0.0,398.0,608.0,5348.0,0.0,1.0,1.0,0.0,0.0,1.0,2883.0,7560.0,1.0,1,0,0,0,0,0,0,0,0,0,0
train,vgr_train_storage_cycle_04,0.0,0.0,0.0,0.0,0.0,0.0,0.0,398.0,608.0,5348.0,0.0,1.0,1.0,0.0,0.0,1.0,3252.0,7560.0,1.0,1,0,0,0,0,0,0,0,0,0,0
train,vgr_train_storage_cycle_05,1.0,1.0,1.0,0.0,0.0,0.0,0.0,0.0,0.0,0.0,1.0,1.0,1.0,1.0,0.0,1.0,0.0,0.0,1.0,0,1,0,0,0,0,0,0,0,0,0
train,vgr_train_storage_cycle_05,1.0,1.0,1.0,0.0,0.0,0.0,0.0,0.0,0.0,0.0,1.0,1.0,1.0,1.0,0.0,1.0,0.0,0.0,1.0,0,1,0,0,0,0,0,0,0,0,0
train,vgr_train_storage_cycle_05,1.0,1.0,1.0,0.0,0.0,0.0,0.0,0.0,0.0,0.0,1.0,1.0,1.0,1.0,0.0,1.0,0.0,0.0,1.0,0,1,0,0,0,0,0,0,0,0,0
train,vgr_train_storage_cycle_05,1.0,1.0,1.0,0.0,0.0,0.0,0.0,0.0,0.0,0.0,1.0,1.0,1.0,1.0,0.0,1.0,0.0,0.0,1.0,0,1,0,0,0,0,0,0,0,0,0
train,vgr_train_storage_cycle_05,1.0,1.0,1.0,0.0,0.0,0.0,0.0,0.0,0.0,0.0,1.0,1.0,1.0,1.0,0.0,1.0,0.0,0.0,1.0,0,1,0,0,0,0,0,0,0,0,0
train,vgr_train_storage_cycle_05,1.0,1.0,1.0,0.0,0.0,0.0,0.0,0.0,0.0,0.0,1.0,1.0,1.0,1.0,0.0,1.0,0.0,0.0,1.0,0,1,0,0,0,0,0,0,0,0,0
train,vgr_train_storage_cycle_05,1.0,1.0,1.0,0.0,0.0,0.0,0.0,0.0,0.0,0.0,1.0,1.0,1.0,1.0,0.0,1.0,0.0,0.0,1.0,0,1,0,0,0,0,0,0,0,0,0
train,vgr_train_storage_cycle_05,1.0,1.0,1.0,0.0,0.0,0.0,0.0,0.0,0.0,0.0,1.0,1.0,1.0,1.0,0.0,1.0,0.0,0.0,1.0,0,1,0,0,0,0,0,0,0,0,0
train,vgr_train_storage_cycle_05,1.0,1.0,1.0,0.0,0.0,0.0,0.0,0.0,0.0,0.0,1.0,1.0,1.0,1.0,0.0,1.0,0.0,0.0,1.0,0,1,0,0,0,0,0,0,0,0,0
train,vgr_train_storage_cycle_05,1.0,1.0,1.0,0.0,0.0,0.0,0.0,0.0,0.0,0.0,1.0,1.0,1.0,1.0,0.0,1.0,0.0,0.0,1.0,0,1,0,0,0,0,0,0,0,0,0
train,vgr_train_storage_cycle_05,1.0,1.0,1.0,0.0,0.0,0.0,0.0,0.0,0.0,0.0,1.0,1.0,1.0,1.0,0.0,1.0,0.0,0.0,0.0,0,1,0,0,0,0,0,0,0,0,101
train,vgr_train_storage_cycle_05,0.0,0.0,0.0,0.0,0.0,1.0,1.0,391.0,26.0,32.0,1.0,1.0,1.0,1.0,0.0,1.0,0.0,0.0,1.0,0,1,0,0,0,0,0,0,0,0,102
train,vgr_train_storage_cycle_05,0.0,0.0,0.0,0.0,0.0,1.0,1.0,1451.0,908.0,704.0,0.0,1.0,1.0,0.0,0.0,1.0,404.0,2869.0,1.0,0,1,0,0,0,0,0,0,0,0,103
train,vgr_train_storage_cycle_05,0.0,0.0,0.0,0.0,0.0,1.0,1.0,2453.0,160.0,428.0,0.0,1.0,1.0,0.0,0.0,1.0,37.0,2869.0,1.0,0,1,0,0,0,0,0,0,0,0,102
train,vgr_train_storage_cycle_05,0.0,0.0,0.0,0.0,0.0,1.0,1.0,1447.0,905.0,706.0,0.0,0.0,1.0,0.0,1.0,0.0,2799.0,16.0,1.0,0,1,0,0,0,0,0,0,0,0,104
train,vgr_train_storage_cycle_05,1.0,0.0,0.0,1.0,1.0,1.0,1.0,0.0,604.0,5348.0,0.0,1.0,0.0,0.0,1.0,0.0,2799.0,16.0,1.0,0,1,0,0,0,0,0,0,0,0,105
train,vgr_train_storage_cycle_05,0.0,0.0,0.0,0.0,0.0,0.0,0.0,398.0,604.0,5348.0,0.0,1.0,0.0,0.0,1.0,0.0,2799.0,16.0,1.0,0,1,0,0,0,0,0,0,0,0,0
train,vgr_train_storage_cycle_05,0.0,0.0,0.0,0.0,0.0,0.0,0.0,398.0,604.0,5348.0,0.0,0.0,1.0,0.0,1.0,0.0,2799.0,16.0,1.0,0,1,0,0,0,0,0,0,0,0,0
train,vgr_train_storage_cycle_05,0.0,0.0,0.0,0.0,0.0,0.0,0.0,398.0,604.0,5348.0,0.0,1.0,1.0,0.0,0.0,1.0,35.0,2870.0,1.0,0,1,0,0,0,0,0,0,0,0,0
train,vgr_train_storage_cycle_05,0.0,0.0,0.0,0.0,0.0,0.0,0.0,398.0,604.0,5348.0,0.0,1.0,1.0,0.0,0.0,1.0,402.0,2870.0,1.0,0,1,0,0,0,0,0,0,0,0,301
train,vgr_train_storage_cycle_05,1.0,1.0,1.0,0.0,0.0,0.0,0.0,0.0,0.0,0.0,1.0,1.0,1.0,1.0,0.0,1.0,0.0,0.0,1.0,0,0,1,0,0,0,0,0,0,0,0
train,vgr_train_storage_cycle_05,1.0,1.0,1.0,0.0,0.0,0.0,0.0,0.0,0.0,0.0,1.0,1.0,1.0,1.0,0.0,1.0,0.0,0.0,1.0,0,0,1,0,0,0,0,0,0,0,0
train,vgr_train_storage_cycle_05,1.0,1.0,1.0,0.0,0.0,0.0,0.0,0.0,0.0,0.0,1.0,1.0,1.0,1.0,0.0,1.0,0.0,0.0,1.0,0,0,1,0,0,0,0,0,0,0,0
train,vgr_train_storage_cycle_05,1.0,1.0,1.0,0.0,0.0,0.0,0.0,0.0,0.0,0.0,1.0,1.0,1.0,1.0,0.0,1.0,0.0,0.0,1.0,0,0,1,0,0,0,0,0,0,0,0
train,vgr_train_storage_cycle_05,1.0,1.0,1.0,0.0,0.0,0.0,0.0,0.0,0.0,0.0,1.0,1.0,1.0,1.0,0.0,1.0,0.0,0.0,1.0,0,0,1,0,0,0,0,0,0,0,0
train,vgr_train_storage_cycle_05,1.0,1.0,1.0,0.0,0.0,0.0,0.0,0.0,0.0,0.0,1.0,1.0,1.0,1.0,0.0,1.0,0.0,0.0,1.0,0,0,1,0,0,0,0,0,0,0,0
train,vgr_train_storage_cycle_05,1.0,1.0,1.0,0.0,0.0,0.0,0.0,0.0,0.0,0.0,1.0,1.0,1.0,1.0,0.0,1.0,0.0,0.0,1.0,0,0,1,0,0,0,0,0,0,0,0
train,vgr_train_storage_cycle_05,1.0,1.0,1.0,0.0,0.0,0.0,0.0,0.0,0.0,0.0,1.0,1.0,1.0,1.0,0.0,1.0,0.0,0.0,1.0,0,0,1,0,0,0,0,0,0,0,0
train,vgr_train_storage_cycle_05,1.0,1.0,1.0,0.0,0.0,0.0,0.0,0.0,0.0,0.0,1.0,1.0,1.0,1.0,0.0,1.0,0.0,0.0,1.0,0,0,1,0,0,0,0,0,0,0,0
train,vgr_train_storage_cycle_05,1.0,1.0,1.0,0.0,0.0,0.0,0.0,0.0,0.0,0.0,1.0,1.0,1.0,1.0,0.0,1.0,0.0,0.0,1.0,0,0,1,0,0,0,0,0,0,0,0
train,vgr_train_storage_cycle_05,1.0,1.0,1.0,0.0,0.0,0.0,0.0,0.0,0.0,0.0,1.0,1.0,1.0,1.0,0.0,1.0,0.0,0.0,1.0,0,0,1,0,0,0,0,0,0,0,0
train,vgr_train_storage_cycle_05,1.0,1.0,1.0,0.0,0.0,0.0,0.0,0.0,0.0,0.0,1.0,1.0,1.0,1.0,0.0,1.0,0.0,0.0,1.0,0,0,1,0,0,0,0,0,0,0,0
train,vgr_train_storage_cycle_05,1.0,1.0,1.0,0.0,0.0,0.0,0.0,0.0,0.0,0.0,1.0,1.0,1.0,1.0,0.0,1.0,0.0,0.0,1.0,0,0,1,0,0,0,0,0,0,0,0
train,vgr_train_storage_cycle_05,1.0,1.0,1.0,0.0,0.0,0.0,0.0,0.0,0.0,0.0,1.0,1.0,1.0,1.0,0.0,1.0,0.0,0.0,1.0,0,0,1,0,0,0,0,0,0,0,0
train,vgr_train_storage_cycle_05,1.0,1.0,1.0,0.0,0.0,0.0,0.0,0.0,0.0,0.0,1.0,1.0,1.0,1.0,0.0,1.0,0.0,0.0,1.0,0,0,1,0,0,0,0,0,0,0,0
train,vgr_train_storage_cycle_05,1.0,1.0,1.0,0.0,0.0,0.0,0.0,0.0,0.0,0.0,1.0,1.0,1.0,1.0,0.0,1.0,0.0,0.0,1.0,0,0,1,0,0,0,0,0,0,0,0
train,vgr_train_storage_cycle_05,1.0,1.0,1.0,0.0,0.0,0.0,0.0,0.0,0.0,0.0,1.0,1.0,1.0,1.0,0.0,1.0,0.0,0.0,0.0,0,0,1,0,0,0,0,0,0,0,101
train,vgr_train_storage_cycle_05,0.0,0.0,0.0,0.0,0.0,1.0,1.0,394.0,26.0,33.0,1.0,1.0,1.0,1.0,0.0,1.0,0.0,0.0,1.0,0,0,1,0,0,0,0,0,0,0,102
train,vgr_train_storage_cycle_05,0.0,0.0,0.0,0.0,0.0,1.0,1.0,1452.0,904.0,703.0,0.0,1.0,1.0,0.0,0.0,1.0,1753.0,2869.0,1.0,0,0,1,0,0,0,0,0,0,0,103
train,vgr_train_storage_cycle_05,0.0,0.0,0.0,0.0,0.0,1.0,1.0,2456.0,156.0,426.0,0.0,1.0,1.0,0.0,0.0,1.0,1382.0,2869.0,1.0,0,0,1,0,0,0,0,0,0,0,102
train,vgr_train_storage_cycle_05,0.0,0.0,0.0,0.0,0.0,1.0,1.0,1449.0,908.0,702.0,0.0,0.0,1.0,0.0,1.0,0.0,2804.0,16.0,1.0,0,0,1,0,0,0,0,0,0,0,104
train,vgr_train_storage_cycle_05,1.0,0.0,0.0,1.0,1.0,1.0,1.0,0.0,608.0,5348.0,0.0,1.0,0.0,0.0,1.0,0.0,2804.0,16.0,1.0,0,0,1,0,0,0,0,0,0,0,105
train,vgr_train_storage_cycle_05,0.0,0.0,0.0,0.0,0.0,0.0,0.0,403.0,608.0,5348.0,0.0,1.0,0.0,0.0,1.0,0.0,2804.0,16.0,1.0,0,0,1,0,0,0,0,0,0,0,0
train,vgr_train_storage_cycle_05,0.0,0.0,0.0,0.0,0.0,0.0,0.0,403.0,608.0,5348.0,0.0,0.0,1.0,0.0,1.0,0.0,2804.0,16.0,1.0,0,0,1,0,0,0,0,0,0,0,0
train,vgr_train_storage_cycle_05,0.0,0.0,0.0,0.0,0.0,0.0,0.0,403.0,608.0,5348.0,0.0,1.0,1.0,0.0,0.0,1.0,1385.0,2870.0,1.0,0,0,1,0,0,0,0,0,0,0,0
train,vgr_train_storage_cycle_05,0.0,0.0,0.0,0.0,0.0,0.0,0.0,403.0,608.0,5348.0,0.0,1.0,1.0,0.0,0.0,1.0,1748.0,2870.0,1.0,0,0,1,0,0,0,0,0,0,0,301
train,vgr_train_storage_cycle_05,1.0,1.0,1.0,0.0,0.0,0.0,0.0,0.0,0.0,0.0,1.0,1.0,1.0,1.0,0.0,1.0,0.0,0.0,1.0,0,0,0,1,0,0,0,0,0,0,0
train,vgr_train_storage_cycle_05,1.0,1.0,1.0,0.0,0.0,0.0,0.0,0.0,0.0,0.0,1.0,1.0,1.0,1.0,0.0,1.0,0.0,0.0,1.0,0,0,0,1,0,0,0,0,0,0,0
train,vgr_train_storage_cycle_05,1.0,1.0,1.0,0.0,0.0,0.0,0.0,0.0,0.0,0.0,1.0,1.0,1.0,1.0,0.0,1.0,0.0,0.0,1.0,0,0,0,1,0,0,0,0,0,0,0
train,vgr_train_storage_cycle_05,1.0,1.0,1.0,0.0,0.0,0.0,0.0,0.0,0.0,0.0,1.0,1.0,1.0,1.0,0.0,1.0,0.0,0.0,1.0,0,0,0,1,0,0,0,0,0,0,0
train,vgr_train_storage_cycle_05,1.0,1.0,1.0,0.0,0.0,0.0,0.0,0.0,0.0,0.0,1.0,1.0,1.0,1.0,0.0,1.0,0.0,0.0,1.0,0,0,0,1,0,0,0,0,0,0,0
train,vgr_train_storage_cycle_05,1.0,1.0,1.0,0.0,0.0,0.0,0.0,0.0,0.0,0.0,1.0,1.0,1.0,1.0,0.0,1.0,0.0,0.0,1.0,0,0,0,1,0,0,0,0,0,0,0
train,vgr_train_storage_cycle_05,1.0,1.0,1.0,0.0,0.0,0.0,0.0,0.0,0.0,0.0,1.0,1.0,1.0,1.0,0.0,1.0,0.0,0.0,1.0,0,0,0,1,0,0,0,0,0,0,0
train,vgr_train_storage_cycle_05,1.0,1.0,1.0,0.0,0.0,0.0,0.0,0.0,0.0,0.0,1.0,1.0,1.0,1.0,0.0,1.0,0.0,0.0,1.0,0,0,0,1,0,0,0,0,0,0,0
train,vgr_train_storage_cycle_05,1.0,1.0,1.0,0.0,0.0,0.0,0.0,0.0,0.0,0.0,1.0,1.0,1.0,1.0,0.0,1.0,0.0,0.0,1.0,0,0,0,1,0,0,0,0,0,0,0
train,vgr_train_storage_cycle_05,1.0,1.0,1.0,0.0,0.0,0.0,0.0,0.0,0.0,0.0,1.0,1.0,1.0,1.0,0.0,1.0,0.0,0.0,1.0,0,0,0,1,0,0,0,0,0,0,0
train,vgr_train_storage_cycle_05,1.0,1.0,1.0,0.0,0.0,0.0,0.0,0.0,0.0,0.0,1.0,1.0,1.0,1.0,0.0,1.0,0.0,0.0,1.0,0,0,0,1,0,0,0,0,0,0,0
train,vgr_train_storage_cycle_05,1.0,1.0,1.0,0.0,0.0,0.0,0.0,0.0,0.0,0.0,1.0,1.0,1.0,1.0,0.0,1.0,0.0,0.0,1.0,0,0,0,1,0,0,0,0,0,0,0
train,vgr_train_storage_cycle_05,1.0,1.0,1.0,0.0,0.0,0.0,0.0,0.0,0.0,0.0,1.0,1.0,1.0,1.0,0.0,1.0,0.0,0.0,1.0,0,0,0,1,0,0,0,0,0,0,0
train,vgr_train_storage_cycle_05,1.0,1.0,1.0,0.0,0.0,0.0,0.0,0.0,0.0,0.0,1.0,1.0,1.0,1.0,0.0,1.0,0.0,0.0,1.0,0,0,0,1,0,0,0,0,0,0,0
train,vgr_train_storage_cycle_05,1.0,1.0,1.0,0.0,0.0,0.0,0.0,0.0,0.0,0.0,1.0,1.0,1.0,1.0,0.0,1.0,0.0,0.0,0.0,0,0,0,1,0,0,0,0,0,0,101
train,vgr_train_storage_cycle_05,0.0,0.0,0.0,0.0,0.0,1.0,1.0,397.0,25.0,33.0,1.0,1.0,1.0,1.0,0.0,1.0,0.0,0.0,1.0,0,0,0,1,0,0,0,0,0,0,102
train,vgr_train_storage_cycle_05,0.0,0.0,0.0,0.0,0.0,1.0,1.0,1449.0,905.0,702.0,0.0,1.0,1.0,0.0,0.0,1.0,3252.0,2869.0,1.0,0,0,0,1,0,0,0,0,0,0,103
train,vgr_train_storage_cycle_05,0.0,0.0,0.0,0.0,0.0,1.0,1.0,2455.0,152.0,426.0,0.0,1.0,1.0,0.0,0.0,1.0,2885.0,2869.0,1.0,0,0,0,1,0,0,0,0,0,0,102
train,vgr_train_storage_cycle_05,0.0,0.0,0.0,0.0,0.0,1.0,1.0,1448.0,910.0,704.0,0.0,0.0,1.0,0.0,1.0,0.0,2799.0,18.0,1.0,0,0,0,1,0,0,0,0,0,0,104
train,vgr_train_storage_cycle_05,1.0,0.0,0.0,1.0,1.0,1.0,1.0,0.0,604.0,5348.0,0.0,1.0,0.0,0.0,1.0,0.0,2799.0,18.0,1.0,0,0,0,1,0,0,0,0,0,0,105
train,vgr_train_storage_cycle_05,0.0,0.0,0.0,0.0,0.0,0.0,0.0,396.0,604.0,5348.0,0.0,1.0,0.0,0.0,1.0,0.0,2799.0,18.0,1.0,0,0,0,1,0,0,0,0,0,0,0
train,vgr_train_storage_cycle_05,0.0,0.0,0.0,0.0,0.0,0.0,0.0,396.0,604.0,5348.0,0.0,0.0,1.0,0.0,1.0,0.0,2799.0,18.0,1.0,0,0,0,1,0,0,0,0,0,0,0
train,vgr_train_storage_cycle_05,0.0,0.0,0.0,0.0,0.0,0.0,0.0,396.0,604.0,5348.0,0.0,1.0,1.0,0.0,0.0,1.0,2878.0,2870.0,1.0,0,0,0,1,0,0,0,0,0,0,0
train,vgr_train_storage_cycle_05,0.0,0.0,0.0,0.0,0.0,0.0,0.0,396.0,604.0,5348.0,0.0,1.0,1.0,0.0,0.0,1.0,3250.0,2870.0,1.0,0,0,0,1,0,0,0,0,0,0,301
train,vgr_train_storage_cycle_05,1.0,1.0,1.0,0.0,0.0,0.0,0.0,0.0,0.0,0.0,1.0,1.0,1.0,1.0,0.0,1.0,0.0,0.0,1.0,0,0,0,0,1,0,0,0,0,0,0
train,vgr_train_storage_cycle_05,1.0,1.0,1.0,0.0,0.0,0.0,0.0,0.0,0.0,0.0,1.0,1.0,1.0,1.0,0.0,1.0,0.0,0.0,1.0,0,0,0,0,1,0,0,0,0,0,0
train,vgr_train_storage_cycle_05,1.0,1.0,1.0,0.0,0.0,0.0,0.0,0.0,0.0,0.0,1.0,1.0,1.0,1.0,0.0,1.0,0.0,0.0,1.0,0,0,0,0,1,0,0,0,0,0,0
train,vgr_train_storage_cycle_05,1.0,1.0,1.0,0.0,0.0,0.0,0.0,0.0,0.0,0.0,1.0,1.0,1.0,1.0,0.0,1.0,0.0,0.0,1.0,0,0,0,0,1,0,0,0,0,0,0
train,vgr_train_storage_cycle_05,1.0,1.0,1.0,0.0,0.0,0.0,0.0,0.0,0.0,0.0,1.0,1.0,1.0,1.0,0.0,1.0,0.0,0.0,1.0,0,0,0,0,1,0,0,0,0,0,0
train,vgr_train_storage_cycle_05,1.0,1.0,1.0,0.0,0.0,0.0,0.0,0.0,0.0,0.0,1.0,1.0,1.0,1.0,0.0,1.0,0.0,0.0,1.0,0,0,0,0,1,0,0,0,0,0,0
train,vgr_train_storage_cycle_05,1.0,1.0,1.0,0.0,0.0,0.0,0.0,0.0,0.0,0.0,1.0,1.0,1.0,1.0,0.0,1.0,0.0,0.0,1.0,0,0,0,0,1,0,0,0,0,0,0
train,vgr_train_storage_cycle_05,1.0,1.0,1.0,0.0,0.0,0.0,0.0,0.0,0.0,0.0,1.0,1.0,1.0,1.0,0.0,1.0,0.0,0.0,1.0,0,0,0,0,1,0,0,0,0,0,0
train,vgr_train_storage_cycle_05,1.0,1.0,1.0,0.0,0.0,0.0,0.0,0.0,0.0,0.0,1.0,1.0,1.0,1.0,0.0,1.0,0.0,0.0,1.0,0,0,0,0,1,0,0,0,0,0,0
train,vgr_train_storage_cycle_05,1.0,1.0,1.0,0.0,0.0,0.0,0.0,0.0,0.0,0.0,1.0,1.0,1.0,1.0,0.0,1.0,0.0,0.0,1.0,0,0,0,0,1,0,0,0,0,0,0
train,vgr_train_storage_cycle_05,1.0,1.0,1.0,0.0,0.0,0.0,0.0,0.0,0.0,0.0,1.0,1.0,1.0,1.0,0.0,1.0,0.0,0.0,1.0,0,0,0,0,1,0,0,0,0,0,0
train,vgr_train_storage_cycle_05,1.0,1.0,1.0,0.0,0.0,0.0,0.0,0.0,0.0,0.0,1.0,1.0,1.0,1.0,0.0,1.0,0.0,0.0,1.0,0,0,0,0,1,0,0,0,0,0,0
train,vgr_train_storage_cycle_05,1.0,1.0,1.0,0.0,0.0,0.0,0.0,0.0,0.0,0.0,1.0,1.0,1.0,1.0,0.0,1.0,0.0,0.0,1.0,0,0,0,0,1,0,0,0,0,0,0
train,vgr_train_storage_cycle_05,1.0,1.0,1.0,0.0,0.0,0.0,0.0,0.0,0.0,0.0,1.0,1.0,1.0,1.0,0.0,1.0,0.0,0.0,1.0,0,0,0,0,1,0,0,0,0,0,0
train,vgr_train_storage_cycle_05,1.0,1.0,1.0,0.0,0.0,0.0,0.0,0.0,0.0,0.0,1.0,1.0,1.0,1.0,0.0,1.0,0.0,0.0,1.0,0,0,0,0,1,0,0,0,0,0,0
train,vgr_train_storage_cycle_05,1.0,1.0,1.0,0.0,0.0,0.0,0.0,0.0,0.0,0.0,1.0,1.0,1.0,1.0,0.0,1.0,0.0,0.0,0.0,0,0,0,0,1,0,0,0,0,0,101
train,vgr_train_storage_cycle_05,0.0,0.0,0.0,0.0,0.0,1.0,1.0,394.0,25.0,29.0,1.0,1.0,1.0,1.0,0.0,1.0,0.0,0.0,1.0,0,0,0,0,1,0,0,0,0,0,102
train,vgr_train_storage_cycle_05,0.0,0.0,0.0,0.0,0.0,1.0,1.0,1449.0,905.0,703.0,0.0,1.0,1.0,0.0,0.0,1.0,399.0,5199.0,1.0,0,0,0,0,1,0,0,0,0,0,103
train,vgr_train_storage_cycle_05,0.0,0.0,0.0,0.0,0.0,1.0,1.0,2454.0,157.0,424.0,0.0,1.0,1.0,0.0,0.0,1.0,32.0,5199.0,1.0,0,0,0,0,1,0,0,0,0,0,102
train,vgr_train_storage_cycle_05,0.0,0.0,0.0,0.0,0.0,1.0,1.0,1446.0,907.0,699.0,0.0,0.0,1.0,0.0,1.0,0.0,2803.0,17.0,1.0,0,0,0,0,1,0,0,0,0,0,104
train,vgr_train_storage_cycle_05,1.0,0.0,0.0,0.0,0.0,1.0,1.0,0.0,605.0,5349.0,0.0,1.0,0.0,0.0,1.0,0.0,2803.0,17.0,1.0,0,0,0,0,1,0,0,0,0,0,105
train,vgr_train_storage_cycle_05,0.0,0.0,0.0,0.0,0.0,0.0,0.0,400.0,605.0,5349.0,0.0,1.0,0.0,0.0,1.0,0.0,2803.0,17.0,1.0,0,0,0,0,1,0,0,0,0,0,0
train,vgr_train_storage_cycle_05,0.0,0.0,0.0,0.0,0.0,0.0,0.0,400.0,605.0,5349.0,0.0,0.0,1.0,0.0,1.0,0.0,2803.0,17.0,1.0,0,0,0,0,1,0,0,0,0,0,0
train,vgr_train_storage_cycle_05,0.0,0.0,0.0,0.0,0.0,0.0,0.0,400.0,605.0,5349.0,0.0,1.0,1.0,0.0,0.0,1.0,35.0,5199.0,1.0,0,0,0,0,1,0,0,0,0,0,0
train,vgr_train_storage_cycle_05,0.0,0.0,0.0,0.0,0.0,0.0,0.0,400.0,605.0,5349.0,0.0,1.0,1.0,0.0,0.0,1.0,401.0,5199.0,1.0,0,0,0,0,1,0,0,0,0,0,301
train,vgr_train_storage_cycle_05,1.0,1.0,1.0,0.0,0.0,0.0,0.0,0.0,0.0,0.0,1.0,1.0,1.0,1.0,0.0,1.0,0.0,0.0,1.0,0,0,0,0,0,1,0,0,0,0,0
train,vgr_train_storage_cycle_05,1.0,1.0,1.0,0.0,0.0,0.0,0.0,0.0,0.0,0.0,1.0,1.0,1.0,1.0,0.0,1.0,0.0,0.0,1.0,0,0,0,0,0,1,0,0,0,0,0
train,vgr_train_storage_cycle_05,1.0,1.0,1.0,0.0,0.0,0.0,0.0,0.0,0.0,0.0,1.0,1.0,1.0,1.0,0.0,1.0,0.0,0.0,1.0,0,0,0,0,0,1,0,0,0,0,0
train,vgr_train_storage_cycle_05,1.0,1.0,1.0,0.0,0.0,0.0,0.0,0.0,0.0,0.0,1.0,1.0,1.0,1.0,0.0,1.0,0.0,0.0,1.0,0,0,0,0,0,1,0,0,0,0,0
train,vgr_train_storage_cycle_05,1.0,1.0,1.0,0.0,0.0,0.0,0.0,0.0,0.0,0.0,1.0,1.0,1.0,1.0,0.0,1.0,0.0,0.0,1.0,0,0,0,0,0,1,0,0,0,0,0
train,vgr_train_storage_cycle_05,1.0,1.0,1.0,0.0,0.0,0.0,0.0,0.0,0.0,0.0,1.0,1.0,1.0,1.0,0.0,1.0,0.0,0.0,1.0,0,0,0,0,0,1,0,0,0,0,0
train,vgr_train_storage_cycle_05,1.0,1.0,1.0,0.0,0.0,0.0,0.0,0.0,0.0,0.0,1.0,1.0,1.0,1.0,0.0,1.0,0.0,0.0,1.0,0,0,0,0,0,1,0,0,0,0,0
train,vgr_train_storage_cycle_05,1.0,1.0,1.0,0.0,0.0,0.0,0.0,0.0,0.0,0.0,1.0,1.0,1.0,1.0,0.0,1.0,0.0,0.0,1.0,0,0,0,0,0,1,0,0,0,0,0
train,vgr_train_storage_cycle_05,1.0,1.0,1.0,0.0,0.0,0.0,0.0,0.0,0.0,0.0,1.0,1.0,1.0,1.0,0.0,1.0,0.0,0.0,1.0,0,0,0,0,0,1,0,0,0,0,0
train,vgr_train_storage_cycle_05,1.0,1.0,1.0,0.0,0.0,0.0,0.0,0.0,0.0,0.0,1.0,1.0,1.0,1.0,0.0,1.0,0.0,0.0,1.0,0,0,0,0,0,1,0,0,0,0,0
train,vgr_train_storage_cycle_05,1.0,1.0,1.0,0.0,0.0,0.0,0.0,0.0,0.0,0.0,1.0,1.0,1.0,1.0,0.0,1.0,0.0,0.0,1.0,0,0,0,0,0,1,0,0,0,0,0
train,vgr_train_storage_cycle_05,1.0,1.0,1.0,0.0,0.0,0.0,0.0,0.0,0.0,0.0,1.0,1.0,1.0,1.0,0.0,1.0,0.0,0.0,1.0,0,0,0,0,0,1,0,0,0,0,0
train,vgr_train_storage_cycle_05,1.0,1.0,1.0,0.0,0.0,0.0,0.0,0.0,0.0,0.0,1.0,1.0,1.0,1.0,0.0,1.0,0.0,0.0,1.0,0,0,0,0,0,1,0,0,0,0,0
train,vgr_train_storage_cycle_05,1.0,1.0,1.0,0.0,0.0,0.0,0.0,0.0,0.0,0.0,1.0,1.0,1.0,1.0,0.0,1.0,0.0,0.0,0.0,0,0,0,0,0,1,0,0,0,0,101
train,vgr_train_storage_cycle_05,0.0,0.0,0.0,0.0,0.0,1.0,1.0,395.0,25.0,32.0,1.0,1.0,1.0,1.0,0.0,1.0,0.0,0.0,1.0,0,0,0,0,0,1,0,0,0,0,102
train,vgr_train_storage_cycle_05,0.0,0.0,0.0,0.0,0.0,1.0,1.0,1448.0,905.0,704.0,0.0,1.0,1.0,0.0,0.0,1.0,1754.0,5201.0,1.0,0,0,0,0,0,1,0,0,0,0,103
train,vgr_train_storage_cycle_05,0.0,0.0,0.0,0.0,0.0,1.0,1.0,2462.0,157.0,426.0,0.0,1.0,1.0,0.0,0.0,1.0,1386.0,5201.0,1.0,0,0,0,0,0,1,0,0,0,0,102
train,vgr_train_storage_cycle_05,0.0,0.0,0.0,0.0,0.0,1.0,1.0,1448.0,903.0,706.0,0.0,0.0,1.0,0.0,1.0,0.0,2800.0,17.0,1.0,0,0,0,0,0,1,0,0,0,0,104
train,vgr_train_storage_cycle_05,1.0,0.0,0.0,0.0,0.0,1.0,1.0,0.0,607.0,5351.0,0.0,1.0,0.0,0.0,1.0,0.0,2800.0,17.0,1.0,0,0,0,0,0,1,0,0,0,0,105
train,vgr_train_storage_cycle_05,0.0,0.0,0.0,0.0,0.0,0.0,0.0,399.0,607.0,5351.0,0.0,1.0,0.0,0.0,1.0,0.0,2800.0,17.0,1.0,0,0,0,0,0,1,0,0,0,0,0
train,vgr_train_storage_cycle_05,0.0,0.0,0.0,0.0,0.0,0.0,0.0,399.0,607.0,5351.0,0.0,0.0,1.0,0.0,1.0,0.0,2800.0,17.0,1.0,0,0,0,0,0,1,0,0,0,0,0
train,vgr_train_storage_cycle_05,0.0,0.0,0.0,0.0,0.0,0.0,0.0,399.0,607.0,5351.0,0.0,1.0,1.0,0.0,0.0,1.0,1383.0,5198.0,1.0,0,0,0,0,0,1,0,0,0,0,0
train,vgr_train_storage_cycle_05,0.0,0.0,0.0,0.0,0.0,0.0,0.0,399.0,607.0,5351.0,0.0,1.0,1.0,0.0,0.0,1.0,1752.0,5198.0,1.0,0,0,0,0,0,1,0,0,0,0,301
train,vgr_train_storage_cycle_05,1.0,1.0,1.0,0.0,0.0,0.0,0.0,0.0,0.0,0.0,1.0,1.0,1.0,1.0,0.0,1.0,0.0,0.0,1.0,0,0,0,0,0,0,1,0,0,0,0
train,vgr_train_storage_cycle_05,1.0,1.0,1.0,0.0,0.0,0.0,0.0,0.0,0.0,0.0,1.0,1.0,1.0,1.0,0.0,1.0,0.0,0.0,1.0,0,0,0,0,0,0,1,0,0,0,0
train,vgr_train_storage_cycle_05,1.0,1.0,1.0,0.0,0.0,0.0,0.0,0.0,0.0,0.0,1.0,1.0,1.0,1.0,0.0,1.0,0.0,0.0,1.0,0,0,0,0,0,0,1,0,0,0,0
train,vgr_train_storage_cycle_05,1.0,1.0,1.0,0.0,0.0,0.0,0.0,0.0,0.0,0.0,1.0,1.0,1.0,1.0,0.0,1.0,0.0,0.0,1.0,0,0,0,0,0,0,1,0,0,0,0
train,vgr_train_storage_cycle_05,1.0,1.0,1.0,0.0,0.0,0.0,0.0,0.0,0.0,0.0,1.0,1.0,1.0,1.0,0.0,1.0,0.0,0.0,1.0,0,0,0,0,0,0,1,0,0,0,0
train,vgr_train_storage_cycle_05,1.0,1.0,1.0,0.0,0.0,0.0,0.0,0.0,0.0,0.0,1.0,1.0,1.0,1.0,0.0,1.0,0.0,0.0,1.0,0,0,0,0,0,0,1,0,0,0,0
train,vgr_train_storage_cycle_05,1.0,1.0,1.0,0.0,0.0,0.0,0.0,0.0,0.0,0.0,1.0,1.0,1.0,1.0,0.0,1.0,0.0,0.0,1.0,0,0,0,0,0,0,1,0,0,0,0
train,vgr_train_storage_cycle_05,1.0,1.0,1.0,0.0,0.0,0.0,0.0,0.0,0.0,0.0,1.0,1.0,1.0,1.0,0.0,1.0,0.0,0.0,1.0,0,0,0,0,0,0,1,0,0,0,0
train,vgr_train_storage_cycle_05,1.0,1.0,1.0,0.0,0.0,0.0,0.0,0.0,0.0,0.0,1.0,1.0,1.0,1.0,0.0,1.0,0.0,0.0,1.0,0,0,0,0,0,0,1,0,0,0,0
train,vgr_train_storage_cycle_05,1.0,1.0,1.0,0.0,0.0,0.0,0.0,0.0,0.0,0.0,1.0,1.0,1.0,1.0,0.0,1.0,0.0,0.0,1.0,0,0,0,0,0,0,1,0,0,0,0
train,vgr_train_storage_cycle_05,1.0,1.0,1.0,0.0,0.0,0.0,0.0,0.0,0.0,0.0,1.0,1.0,1.0,1.0,0.0,1.0,0.0,0.0,1.0,0,0,0,0,0,0,1,0,0,0,0
train,vgr_train_storage_cycle_05,1.0,1.0,1.0,0.0,0.0,0.0,0.0,0.0,0.0,0.0,1.0,1.0,1.0,1.0,0.0,1.0,0.0,0.0,1.0,0,0,0,0,0,0,1,0,0,0,0
train,vgr_train_storage_cycle_05,1.0,1.0,1.0,0.0,0.0,0.0,0.0,0.0,0.0,0.0,1.0,1.0,1.0,1.0,0.0,1.0,0.0,0.0,1.0,0,0,0,0,0,0,1,0,0,0,0
train,vgr_train_storage_cycle_05,1.0,1.0,1.0,0.0,0.0,0.0,0.0,0.0,0.0,0.0,1.0,1.0,1.0,1.0,0.0,1.0,0.0,0.0,1.0,0,0,0,0,0,0,1,0,0,0,0
train,vgr_train_storage_cycle_05,1.0,1.0,1.0,0.0,0.0,0.0,0.0,0.0,0.0,0.0,1.0,1.0,1.0,1.0,0.0,1.0,0.0,0.0,1.0,0,0,0,0,0,0,1,0,0,0,0
train,vgr_train_storage_cycle_05,1.0,1.0,1.0,0.0,0.0,0.0,0.0,0.0,0.0,0.0,1.0,1.0,1.0,1.0,0.0,1.0,0.0,0.0,1.0,0,0,0,0,0,0,1,0,0,0,0
train,vgr_train_storage_cycle_05,1.0,1.0,1.0,0.0,0.0,0.0,0.0,0.0,0.0,0.0,1.0,1.0,1.0,1.0,0.0,1.0,0.0,0.0,1.0,0,0,0,0,0,0,1,0,0,0,0
train,vgr_train_storage_cycle_05,1.0,1.0,1.0,0.0,0.0,0.0,0.0,0.0,0.0,0.0,1.0,1.0,1.0,1.0,0.0,1.0,0.0,0.0,1.0,0,0,0,0,0,0,1,0,0,0,0
train,vgr_train_storage_cycle_05,1.0,1.0,1.0,0.0,0.0,0.0,0.0,0.0,0.0,0.0,1.0,1.0,1.0,1.0,0.0,1.0,0.0,0.0,0.0,0,0,0,0,0,0,1,0,0,0,101
train,vgr_train_storage_cycle_05,0.0,0.0,0.0,0.0,0.0,1.0,1.0,396.0,26.0,33.0,1.0,1.0,1.0,1.0,0.0,1.0,0.0,0.0,1.0,0,0,0,0,0,0,1,0,0,0,102
train,vgr_train_storage_cycle_05,0.0,0.0,0.0,0.0,0.0,1.0,1.0,1451.0,908.0,704.0,0.0,1.0,1.0,0.0,0.0,1.0,3253.0,5199.0,1.0,0,0,0,0,0,0,1,0,0,0,103
train,vgr_train_storage_cycle_05,0.0,0.0,0.0,0.0,0.0,1.0,1.0,2458.0,156.0,423.0,0.0,1.0,1.0,0.0,0.0,1.0,2883.0,5199.0,1.0,0,0,0,0,0,0,1,0,0,0,102
train,vgr_train_storage_cycle_05,0.0,0.0,0.0,0.0,0.0,1.0,1.0,1448.0,908.0,703.0,0.0,0.0,1.0,0.0,1.0,0.0,2802.0,17.0,1.0,0,0,0,0,0,0,1,0,0,0,104
train,vgr_train_storage_cycle_05,1.0,0.0,0.0,0.0,0.0,1.0,1.0,0.0,604.0,5352.0,0.0,1.0,0.0,0.0,1.0,0.0,2802.0,17.0,1.0,0,0,0,0,0,0,1,0,0,0,105
train,vgr_train_storage_cycle_05,0.0,0.0,0.0,0.0,0.0,0.0,0.0,400.0,604.0,5352.0,0.0,1.0,0.0,0.0,1.0,0.0,2802.0,17.0,1.0,0,0,0,0,0,0,1,0,0,0,0
train,vgr_train_storage_cycle_05,0.0,0.0,0.0,0.0,0.0,0.0,0.0,400.0,604.0,5352.0,0.0,0.0,1.0,0.0,1.0,0.0,2802.0,17.0,1.0,0,0,0,0,0,0,1,0,0,0,0
train,vgr_train_storage_cycle_05,0.0,0.0,0.0,0.0,0.0,0.0,0.0,400.0,604.0,5352.0,0.0,1.0,1.0,0.0,0.0,1.0,2881.0,5198.0,1.0,0,0,0,0,0,0,1,0,0,0,0
train,vgr_train_storage_cycle_05,0.0,0.0,0.0,0.0,0.0,0.0,0.0,400.0,604.0,5352.0,0.0,1.0,1.0,0.0,0.0,1.0,3250.0,5198.0,1.0,0,0,0,0,0,0,1,0,0,0,301
train,vgr_train_storage_cycle_05,1.0,1.0,1.0,0.0,0.0,0.0,0.0,0.0,0.0,0.0,1.0,1.0,1.0,1.0,0.0,1.0,0.0,0.0,1.0,0,0,0,0,0,0,0,1,0,0,0
train,vgr_train_storage_cycle_05,1.0,1.0,1.0,0.0,0.0,0.0,0.0,0.0,0.0,0.0,1.0,1.0,1.0,1.0,0.0,1.0,0.0,0.0,1.0,0,0,0,0,0,0,0,1,0,0,0
train,vgr_train_storage_cycle_05,1.0,1.0,1.0,0.0,0.0,0.0,0.0,0.0,0.0,0.0,1.0,1.0,1.0,1.0,0.0,1.0,0.0,0.0,0.0,0,0,0,0,0,0,0,1,0,0,101
train,vgr_train_storage_cycle_05,0.0,0.0,0.0,0.0,0.0,1.0,1.0,398.0,26.0,33.0,1.0,1.0,1.0,1.0,0.0,1.0,0.0,0.0,1.0,0,0,0,0,0,0,0,1,0,0,102
train,vgr_train_storage_cycle_05,0.0,0.0,0.0,0.0,0.0,1.0,1.0,1453.0,906.0,705.0,0.0,1.0,1.0,0.0,0.0,1.0,399.0,7560.0,1.0,0,0,0,0,0,0,0,1,0,0,103
train,vgr_train_storage_cycle_05,0.0,0.0,0.0,0.0,0.0,1.0,1.0,2460.0,157.0,426.0,0.0,1.0,1.0,0.0,0.0,1.0,36.0,7560.0,1.0,0,0,0,0,0,0,0,1,0,0,102
train,vgr_train_storage_cycle_05,0.0,0.0,0.0,0.0,0.0,1.0,1.0,1450.0,909.0,700.0,0.0,0.0,1.0,0.0,1.0,0.0,2802.0,17.0,1.0,0,0,0,0,0,0,0,1,0,0,104
train,vgr_train_storage_cycle_05,1.0,0.0,0.0,0.0,0.0,1.0,1.0,0.0,603.0,5350.0,0.0,1.0,0.0,0.0,1.0,0.0,2802.0,17.0,1.0,0,0,0,0,0,0,0,1,0,0,105
train,vgr_train_storage_cycle_05,0.0,0.0,0.0,0.0,0.0,0.0,0.0,400.0,603.0,5350.0,0.0,1.0,0.0,0.0,1.0,0.0,2802.0,17.0,1.0,0,0,0,0,0,0,0,1,0,0,0
train,vgr_train_storage_cycle_05,0.0,0.0,0.0,0.0,0.0,0.0,0.0,400.0,603.0,5350.0,0.0,0.0,1.0,0.0,1.0,0.0,2802.0,17.0,1.0,0,0,0,0,0,0,0,1,0,0,0
train,vgr_train_storage_cycle_05,0.0,0.0,0.0,0.0,0.0,0.0,0.0,400.0,603.0,5350.0,0.0,1.0,1.0,0.0,0.0,1.0,34.0,7559.0,1.0,0,0,0,0,0,0,0,1,0,0,0
train,vgr_train_storage_cycle_05,0.0,0.0,0.0,0.0,0.0,0.0,0.0,400.0,603.0,5350.0,0.0,1.0,1.0,0.0,0.0,1.0,403.0,7559.0,1.0,0,0,0,0,0,0,0,1,0,0,301
train,vgr_train_storage_cycle_05,1.0,1.0,1.0,0.0,0.0,0.0,0.0,0.0,0.0,0.0,1.0,1.0,1.0,1.0,0.0,1.0,0.0,0.0,1.0,0,0,0,0,0,0,0,0,1,0,0
train,vgr_train_storage_cycle_05,1.0,1.0,1.0,0.0,0.0,0.0,0.0,0.0,0.0,0.0,1.0,1.0,1.0,1.0,0.0,1.0,0.0,0.0,1.0,0,0,0,0,0,0,0,0,1,0,0
train,vgr_train_storage_cycle_05,1.0,1.0,1.0,0.0,0.0,0.0,0.0,0.0,0.0,0.0,1.0,1.0,1.0,1.0,0.0,1.0,0.0,0.0,1.0,0,0,0,0,0,0,0,0,1,0,0
train,vgr_train_storage_cycle_05,1.0,1.0,1.0,0.0,0.0,0.0,0.0,0.0,0.0,0.0,1.0,1.0,1.0,1.0,0.0,1.0,0.0,0.0,1.0,0,0,0,0,0,0,0,0,1,0,0
train,vgr_train_storage_cycle_05,1.0,1.0,1.0,0.0,0.0,0.0,0.0,0.0,0.0,0.0,1.0,1.0,1.0,1.0,0.0,1.0,0.0,0.0,1.0,0,0,0,0,0,0,0,0,1,0,0
train,vgr_train_storage_cycle_05,1.0,1.0,1.0,0.0,0.0,0.0,0.0,0.0,0.0,0.0,1.0,1.0,1.0,1.0,0.0,1.0,0.0,0.0,1.0,0,0,0,0,0,0,0,0,1,0,0
train,vgr_train_storage_cycle_05,1.0,1.0,1.0,0.0,0.0,0.0,0.0,0.0,0.0,0.0,1.0,1.0,1.0,1.0,0.0,1.0,0.0,0.0,1.0,0,0,0,0,0,0,0,0,1,0,0
train,vgr_train_storage_cycle_05,1.0,1.0,1.0,0.0,0.0,0.0,0.0,0.0,0.0,0.0,1.0,1.0,1.0,1.0,0.0,1.0,0.0,0.0,1.0,0,0,0,0,0,0,0,0,1,0,0
train,vgr_train_storage_cycle_05,1.0,1.0,1.0,0.0,0.0,0.0,0.0,0.0,0.0,0.0,1.0,1.0,1.0,1.0,0.0,1.0,0.0,0.0,1.0,0,0,0,0,0,0,0,0,1,0,0
train,vgr_train_storage_cycle_05,1.0,1.0,1.0,0.0,0.0,0.0,0.0,0.0,0.0,0.0,1.0,1.0,1.0,1.0,0.0,1.0,0.0,0.0,1.0,0,0,0,0,0,0,0,0,1,0,0
train,vgr_train_storage_cycle_05,1.0,1.0,1.0,0.0,0.0,0.0,0.0,0.0,0.0,0.0,1.0,1.0,1.0,1.0,0.0,1.0,0.0,0.0,1.0,0,0,0,0,0,0,0,0,1,0,0
train,vgr_train_storage_cycle_05,1.0,1.0,1.0,0.0,0.0,0.0,0.0,0.0,0.0,0.0,1.0,1.0,1.0,1.0,0.0,1.0,0.0,0.0,1.0,0,0,0,0,0,0,0,0,1,0,0
train,vgr_train_storage_cycle_05,1.0,1.0,1.0,0.0,0.0,0.0,0.0,0.0,0.0,0.0,1.0,1.0,1.0,1.0,0.0,1.0,0.0,0.0,1.0,0,0,0,0,0,0,0,0,1,0,0
train,vgr_train_storage_cycle_05,1.0,1.0,1.0,0.0,0.0,0.0,0.0,0.0,0.0,0.0,1.0,1.0,1.0,1.0,0.0,1.0,0.0,0.0,1.0,0,0,0,0,0,0,0,0,1,0,0
train,vgr_train_storage_cycle_05,1.0,1.0,1.0,0.0,0.0,0.0,0.0,0.0,0.0,0.0,1.0,1.0,1.0,1.0,0.0,1.0,0.0,0.0,0.0,0,0,0,0,0,0,0,0,1,0,101
train,vgr_train_storage_cycle_05,0.0,0.0,0.0,0.0,0.0,1.0,1.0,390.0,26.0,32.0,1.0,1.0,1.0,1.0,0.0,1.0,0.0,0.0,1.0,0,0,0,0,0,0,0,0,1,0,102
train,vgr_train_storage_cycle_05,0.0,0.0,0.0,0.0,0.0,1.0,1.0,1447.0,906.0,700.0,0.0,1.0,1.0,0.0,0.0,1.0,1754.0,7559.0,1.0,0,0,0,0,0,0,0,0,1,0,103
train,vgr_train_storage_cycle_05,0.0,0.0,0.0,0.0,0.0,1.0,1.0,2456.0,156.0,424.0,0.0,1.0,1.0,0.0,0.0,1.0,1386.0,7559.0,1.0,0,0,0,0,0,0,0,0,1,0,102
train,vgr_train_storage_cycle_05,0.0,0.0,0.0,0.0,0.0,1.0,1.0,1446.0,904.0,703.0,0.0,0.0,1.0,0.0,1.0,0.0,2804.0,17.0,1.0,0,0,0,0,0,0,0,0,1,0,104
train,vgr_train_storage_cycle_05,1.0,0.0,0.0,0.0,0.0,1.0,1.0,0.0,606.0,5351.0,0.0,1.0,0.0,0.0,1.0,0.0,2804.0,17.0,1.0,0,0,0,0,0,0,0,0,1,0,105
train,vgr_train_storage_cycle_05,0.0,0.0,0.0,0.0,0.0,0.0,0.0,401.0,606.0,5351.0,0.0,1.0,0.0,0.0,1.0,0.0,2804.0,17.0,1.0,0,0,0,0,0,0,0,0,1,0,0
train,vgr_train_storage_cycle_05,0.0,0.0,0.0,0.0,0.0,0.0,0.0,401.0,606.0,5351.0,0.0,0.0,1.0,0.0,1.0,0.0,2804.0,17.0,1.0,0,0,0,0,0,0,0,0,1,0,0
train,vgr_train_storage_cycle_05,0.0,0.0,0.0,0.0,0.0,0.0,0.0,401.0,606.0,5351.0,0.0,1.0,1.0,0.0,0.0,1.0,1383.0,7559.0,1.0,0,0,0,0,0,0,0,0,1,0,0
train,vgr_train_storage_cycle_05,0.0,0.0,0.0,0.0,0.0,0.0,0.0,401.0,606.0,5351.0,0.0,1.0,1.0,0.0,0.0,1.0,1751.0,7559.0,1.0,0,0,0,0,0,0,0,0,1,0,301
train,vgr_train_storage_cycle_05,1.0,1.0,1.0,0.0,0.0,0.0,0.0,0.0,0.0,0.0,1.0,1.0,1.0,1.0,0.0,1.0,0.0,0.0,1.0,0,0,0,0,0,0,0,0,0,1,0
train,vgr_train_storage_cycle_05,1.0,1.0,1.0,0.0,0.0,0.0,0.0,0.0,0.0,0.0,1.0,1.0,1.0,1.0,0.0,1.0,0.0,0.0,1.0,0,0,0,0,0,0,0,0,0,1,0
train,vgr_train_storage_cycle_05,1.0,1.0,1.0,0.0,0.0,0.0,0.0,0.0,0.0,0.0,1.0,1.0,1.0,1.0,0.0,1.0,0.0,0.0,1.0,0,0,0,0,0,0,0,0,0,1,0
train,vgr_train_storage_cycle_05,1.0,1.0,1.0,0.0,0.0,0.0,0.0,0.0,0.0,0.0,1.0,1.0,1.0,1.0,0.0,1.0,0.0,0.0,1.0,0,0,0,0,0,0,0,0,0,1,0
train,vgr_train_storage_cycle_05,1.0,1.0,1.0,0.0,0.0,0.0,0.0,0.0,0.0,0.0,1.0,1.0,1.0,1.0,0.0,1.0,0.0,0.0,0.0,0,0,0,0,0,0,0,0,0,1,101
train,vgr_train_storage_cycle_05,0.0,0.0,0.0,0.0,0.0,1.0,1.0,396.0,26.0,34.0,1.0,1.0,1.0,1.0,0.0,1.0,0.0,0.0,1.0,0,0,0,0,0,0,0,0,0,1,102
train,vgr_train_storage_cycle_05,0.0,0.0,0.0,0.0,0.0,1.0,1.0,1452.0,910.0,704.0,0.0,1.0,1.0,0.0,0.0,1.0,3250.0,7556.0,1.0,0,0,0,0,0,0,0,0,0,1,103
train,vgr_train_storage_cycle_05,0.0,0.0,0.0,0.0,0.0,1.0,1.0,2460.0,156.0,424.0,0.0,1.0,1.0,0.0,0.0,1.0,2887.0,7556.0,1.0,0,0,0,0,0,0,0,0,0,1,102
train,vgr_train_storage_cycle_05,0.0,0.0,0.0,0.0,0.0,1.0,1.0,1449.0,908.0,702.0,0.0,0.0,1.0,0.0,1.0,0.0,2802.0,19.0,1.0,0,0,0,0,0,0,0,0,0,1,104
train,vgr_train_storage_cycle_05,1.0,0.0,0.0,0.0,1.0,1.0,1.0,0.0,483.0,5348.0,0.0,1.0,0.0,0.0,1.0,0.0,2802.0,19.0,1.0,0,0,0,0,0,0,0,0,0,1,105
train,vgr_train_storage_cycle_05,0.0,0.0,0.0,0.0,0.0,0.0,0.0,398.0,608.0,5348.0,0.0,1.0,0.0,0.0,1.0,0.0,2802.0,19.0,1.0,0,0,0,0,0,0,0,0,0,1,0
train,vgr_train_storage_cycle_05,0.0,0.0,0.0,0.0,0.0,0.0,0.0,398.0,608.0,5348.0,0.0,0.0,1.0,0.0,1.0,0.0,2802.0,19.0,1.0,0,0,0,0,0,0,0,0,0,1,0
train,vgr_train_storage_cycle_05,0.0,0.0,0.0,0.0,0.0,0.0,0.0,398.0,608.0,5348.0,0.0,1.0,1.0,0.0,0.0,1.0,2883.0,7560.0,1.0,0,0,0,0,0,0,0,0,0,1,0
train,vgr_train_storage_cycle_05,0.0,0.0,0.0,0.0,0.0,0.0,0.0,398.0,608.0,5348.0,0.0,1.0,1.0,0.0,0.0,1.0,3252.0,7560.0,1.0,0,0,0,0,0,0,0,0,0,1,301
train,vgr_train_storage_cycle_05,1.0,1.0,1.0,0.0,0.0,0.0,0.0,0.0,0.0,0.0,1.0,1.0,1.0,1.0,0.0,1.0,0.0,0.0,1.0,1,0,0,0,0,0,0,0,0,0,0
train,vgr_train_storage_cycle_05,1.0,1.0,1.0,0.0,0.0,0.0,0.0,0.0,0.0,0.0,1.0,1.0,1.0,1.0,0.0,1.0,0.0,0.0,1.0,1,0,0,0,0,0,0,0,0,0,0
train,vgr_train_storage_cycle_05,1.0,1.0,1.0,0.0,0.0,0.0,0.0,0.0,0.0,0.0,1.0,1.0,1.0,1.0,0.0,1.0,0.0,0.0,1.0,1,0,0,0,0,0,0,0,0,0,0
train,vgr_train_storage_cycle_05,1.0,1.0,1.0,0.0,0.0,0.0,0.0,0.0,0.0,0.0,1.0,1.0,1.0,1.0,0.0,1.0,0.0,0.0,1.0,1,0,0,0,0,0,0,0,0,0,0
train,vgr_train_storage_cycle_05,1.0,1.0,1.0,0.0,0.0,0.0,0.0,0.0,0.0,0.0,1.0,1.0,1.0,1.0,0.0,1.0,0.0,0.0,1.0,1,0,0,0,0,0,0,0,0,0,0
train,vgr_train_storage_cycle_05,1.0,1.0,1.0,0.0,0.0,0.0,0.0,0.0,0.0,0.0,1.0,1.0,1.0,1.0,0.0,1.0,0.0,0.0,1.0,1,0,0,0,0,0,0,0,0,0,0
train,vgr_train_storage_cycle_05,1.0,1.0,1.0,0.0,0.0,0.0,0.0,0.0,0.0,0.0,1.0,1.0,1.0,1.0,0.0,1.0,0.0,0.0,1.0,1,0,0,0,0,0,0,0,0,0,0
train,vgr_train_storage_cycle_05,1.0,1.0,1.0,0.0,0.0,0.0,0.0,0.0,0.0,0.0,1.0,1.0,1.0,1.0,0.0,1.0,0.0,0.0,1.0,1,0,0,0,0,0,0,0,0,0,0
train,vgr_train_storage_cycle_05,1.0,1.0,1.0,0.0,0.0,0.0,0.0,0.0,0.0,0.0,1.0,1.0,1.0,1.0,0.0,1.0,0.0,0.0,1.0,1,0,0,0,0,0,0,0,0,0,0
train,vgr_train_storage_cycle_05,1.0,1.0,1.0,0.0,0.0,0.0,0.0,0.0,0.0,0.0,1.0,1.0,1.0,1.0,0.0,1.0,0.0,0.0,1.0,1,0,0,0,0,0,0,0,0,0,0
train,vgr_train_storage_cycle_05,1.0,1.0,1.0,0.0,0.0,0.0,0.0,0.0,0.0,0.0,1.0,1.0,1.0,1.0,0.0,1.0,0.0,0.0,1.0,1,0,0,0,0,0,0,0,0,0,0
train,vgr_train_storage_cycle_05,1.0,1.0,1.0,0.0,0.0,0.0,0.0,0.0,0.0,0.0,1.0,1.0,1.0,1.0,0.0,1.0,0.0,0.0,1.0,1,0,0,0,0,0,0,0,0,0,0
train,vgr_train_storage_cycle_05,1.0,1.0,1.0,0.0,0.0,0.0,0.0,0.0,0.0,0.0,1.0,1.0,1.0,1.0,0.0,1.0,0.0,0.0,1.0,1,0,0,0,0,0,0,0,0,0,0
train,vgr_train_storage_cycle_05,1.0,1.0,1.0,0.0,0.0,0.0,0.0,0.0,0.0,0.0,1.0,1.0,1.0,1.0,0.0,1.0,0.0,0.0,1.0,1,0,0,0,0,0,0,0,0,0,0
train,vgr_train_storage_cycle_05,1.0,1.0,1.0,0.0,0.0,0.0,0.0,0.0,0.0,0.0,1.0,1.0,1.0,1.0,0.0,1.0,0.0,0.0,1.0,1,0,0,0,0,0,0,0,0,0,0
train,vgr_train_storage_cycle_05,1.0,1.0,1.0,0.0,0.0,0.0,0.0,0.0,0.0,0.0,1.0,1.0,1.0,1.0,0.0,1.0,0.0,0.0,1.0,1,0,0,0,0,0,0,0,0,0,0
train,vgr_train_storage_cycle_05,1.0,1.0,1.0,0.0,0.0,0.0,0.0,0.0,0.0,0.0,1.0,1.0,1.0,1.0,0.0,1.0,0.0,0.0,1.0,1,0,0,0,0,0,0,0,0,0,0
train,vgr_train_storage_cycle_05,1.0,1.0,1.0,0.0,0.0,0.0,0.0,0.0,0.0,0.0,1.0,1.0,1.0,1.0,0.0,1.0,0.0,0.0,1.0,1,0,0,0,0,0,0,0,0,0,0
train,vgr_train_storage_cycle_05,1.0,1.0,1.0,0.0,0.0,0.0,0.0,0.0,0.0,0.0,1.0,1.0,1.0,1.0,0.0,1.0,0.0,0.0,1.0,1,0,0,0,0,0,0,0,0,0,0
train,vgr_train_storage_cycle_05,1.0,1.0,1.0,0.0,0.0,0.0,0.0,0.0,0.0,0.0,1.0,1.0,1.0,1.0,0.0,1.0,0.0,0.0,0.0,1,0,0,0,0,0,0,0,0,0,0
train,vgr_train_storage_cycle_05,1.0,1.0,1.0,0.0,0.0,0.0,0.0,0.0,0.0,0.0,1.0,1.0,1.0,1.0,0.0,1.0,0.0,0.0,1.0,1,0,0,0,0,0,0,0,0,0,0
train,vgr_train_storage_cycle_05,1.0,1.0,1.0,0.0,0.0,0.0,0.0,0.0,0.0,0.0,1.0,1.0,1.0,1.0,0.0,1.0,0.0,0.0,1.0,1,0,0,0,0,0,0,0,0,0,0
train,vgr_train_storage_cycle_05,1.0,1.0,1.0,0.0,0.0,0.0,0.0,0.0,0.0,0.0,1.0,1.0,1.0,1.0,0.0,1.0,0.0,0.0,1.0,1,0,0,0,0,0,0,0,0,0,0
train,vgr_train_storage_cycle_05,1.0,1.0,1.0,0.0,0.0,0.0,0.0,0.0,0.0,0.0,1.0,1.0,1.0,1.0,0.0,1.0,0.0,0.0,1.0,1,0,0,0,0,0,0,0,0,0,0
train,vgr_train_storage_cycle_05,1.0,1.0,1.0,0.0,0.0,0.0,0.0,0.0,0.0,0.0,1.0,1.0,1.0,1.0,0.0,1.0,0.0,0.0,1.0,1,0,0,0,0,0,0,0,0,0,0
train,vgr_train_storage_cycle_05,1.0,1.0,1.0,0.0,0.0,0.0,0.0,0.0,0.0,0.0,1.0,1.0,1.0,1.0,0.0,1.0,0.0,0.0,1.0,1,0,0,0,0,0,0,0,0,0,0
train,vgr_train_storage_cycle_05,1.0,1.0,1.0,0.0,0.0,0.0,0.0,0.0,0.0,0.0,1.0,1.0,1.0,1.0,0.0,1.0,0.0,0.0,1.0,1,0,0,0,0,0,0,0,0,0,0
train,vgr_train_storage_cycle_05,1.0,1.0,1.0,0.0,0.0,0.0,0.0,0.0,0.0,0.0,1.0,1.0,1.0,1.0,0.0,1.0,0.0,0.0,1.0,1,0,0,0,0,0,0,0,0,0,0
train,vgr_train_storage_cycle_05,1.0,1.0,1.0,0.0,0.0,0.0,0.0,0.0,0.0,0.0,1.0,1.0,1.0,1.0,0.0,1.0,0.0,0.0,1.0,1,0,0,0,0,0,0,0,0,0,0
train,vgr_train_storage_cycle_05,1.0,1.0,1.0,0.0,0.0,0.0,0.0,0.0,0.0,0.0,1.0,1.0,1.0,1.0,0.0,1.0,0.0,0.0,1.0,1,0,0,0,0,0,0,0,0,0,0
train,vgr_train_storage_cycle_05,1.0,1.0,1.0,0.0,0.0,0.0,0.0,0.0,0.0,0.0,1.0,1.0,1.0,1.0,0.0,1.0,0.0,0.0,1.0,1,0,0,0,0,0,0,0,0,0,0
train,vgr_train_storage_cycle_05,1.0,1.0,1.0,0.0,0.0,0.0,0.0,0.0,0.0,0.0,1.0,1.0,1.0,1.0,0.0,1.0,0.0,0.0,1.0,1,0,0,0,0,0,0,0,0,0,0
train,vgr_train_storage_cycle_05,1.0,1.0,1.0,0.0,0.0,0.0,0.0,0.0,0.0,0.0,1.0,1.0,1.0,1.0,0.0,1.0,0.0,0.0,1.0,1,0,0,0,0,0,0,0,0,0,0
train,vgr_train_storage_cycle_05,1.0,1.0,1.0,0.0,0.0,0.0,0.0,0.0,0.0,0.0,1.0,1.0,1.0,1.0,0.0,1.0,0.0,0.0,1.0,1,0,0,0,0,0,0,0,0,0,0
train,vgr_train_storage_cycle_05,1.0,1.0,1.0,0.0,0.0,0.0,0.0,0.0,0.0,0.0,1.0,1.0,1.0,1.0,0.0,1.0,0.0,0.0,1.0,1,0,0,0,0,0,0,0,0,0,0
train,vgr_train_storage_cycle_05,1.0,1.0,1.0,0.0,0.0,0.0,0.0,0.0,0.0,0.0,1.0,1.0,1.0,1.0,0.0,1.0,0.0,0.0,1.0,1,0,0,0,0,0,0,0,0,0,0
train,vgr_train_storage_cycle_05,1.0,1.0,1.0,0.0,0.0,0.0,0.0,0.0,0.0,0.0,1.0,1.0,1.0,1.0,0.0,1.0,0.0,0.0,1.0,1,0,0,0,0,0,0,0,0,0,0
train,vgr_train_storage_cycle_05,1.0,1.0,1.0,0.0,0.0,0.0,0.0,0.0,0.0,0.0,1.0,1.0,1.0,1.0,0.0,1.0,0.0,0.0,1.0,1,0,0,0,0,0,0,0,0,0,0
train,vgr_train_storage_cycle_05,1.0,1.0,1.0,0.0,0.0,0.0,0.0,0.0,0.0,0.0,1.0,1.0,1.0,1.0,0.0,1.0,0.0,0.0,1.0,1,0,0,0,0,0,0,0,0,0,0
train,vgr_train_storage_cycle_05,1.0,1.0,1.0,0.0,0.0,0.0,0.0,0.0,0.0,0.0,1.0,1.0,1.0,1.0,0.0,1.0,0.0,0.0,1.0,1,0,0,0,0,0,0,0,0,0,0
train,vgr_train_storage_cycle_05,1.0,1.0,1.0,0.0,0.0,0.0,0.0,0.0,0.0,0.0,1.0,1.0,1.0,1.0,0.0,1.0,0.0,0.0,0.0,1,0,0,0,0,0,0,0,0,0,0
train,vgr_train_storage_cycle_05,1.0,1.0,1.0,0.0,0.0,0.0,0.0,0.0,0.0,0.0,1.0,1.0,1.0,1.0,0.0,1.0,0.0,0.0,1.0,1,0,0,0,0,0,0,0,0,0,0
train,vgr_train_storage_cycle_05,1.0,1.0,1.0,0.0,0.0,0.0,0.0,0.0,0.0,0.0,1.0,1.0,1.0,1.0,0.0,1.0,0.0,0.0,1.0,1,0,0,0,0,0,0,0,0,0,0
train,vgr_train_storage_cycle_05,1.0,1.0,1.0,0.0,0.0,0.0,0.0,0.0,0.0,0.0,1.0,1.0,1.0,1.0,0.0,1.0,0.0,0.0,1.0,1,0,0,0,0,0,0,0,0,0,0
train,vgr_train_storage_cycle_05,1.0,1.0,1.0,0.0,0.0,0.0,0.0,0.0,0.0,0.0,1.0,1.0,1.0,1.0,0.0,1.0,0.0,0.0,1.0,1,0,0,0,0,0,0,0,0,0,0
train,vgr_train_storage_cycle_05,1.0,1.0,1.0,0.0,0.0,0.0,0.0,0.0,0.0,0.0,1.0,1.0,1.0,1.0,0.0,1.0,0.0,0.0,1.0,1,0,0,0,0,0,0,0,0,0,0
train,vgr_train_storage_cycle_05,1.0,1.0,1.0,0.0,0.0,0.0,0.0,0.0,0.0,0.0,1.0,1.0,1.0,1.0,0.0,1.0,0.0,0.0,1.0,1,0,0,0,0,0,0,0,0,0,0
train,vgr_train_storage_cycle_05,1.0,1.0,1.0,0.0,0.0,0.0,0.0,0.0,0.0,0.0,1.0,1.0,1.0,1.0,0.0,1.0,0.0,0.0,1.0,1,0,0,0,0,0,0,0,0,0,0
train,vgr_train_storage_cycle_05,1.0,1.0,1.0,0.0,0.0,0.0,0.0,0.0,0.0,0.0,1.0,1.0,1.0,1.0,0.0,1.0,0.0,0.0,1.0,1,0,0,0,0,0,0,0,0,0,0
train,vgr_train_storage_cycle_05,1.0,1.0,1.0,0.0,0.0,0.0,0.0,0.0,0.0,0.0,1.0,1.0,1.0,1.0,0.0,1.0,0.0,0.0,1.0,1,0,0,0,0,0,0,0,0,0,0
train,vgr_train_storage_cycle_05,1.0,1.0,1.0,0.0,0.0,0.0,0.0,0.0,0.0,0.0,1.0,1.0,1.0,1.0,0.0,1.0,0.0,0.0,1.0,1,0,0,0,0,0,0,0,0,0,0
train,vgr_train_storage_cycle_05,1.0,1.0,1.0,0.0,0.0,0.0,0.0,0.0,0.0,0.0,1.0,1.0,1.0,1.0,0.0,1.0,0.0,0.0,1.0,1,0,0,0,0,0,0,0,0,0,0
train,vgr_train_storage_cycle_05,1.0,1.0,1.0,0.0,0.0,0.0,0.0,0.0,0.0,0.0,1.0,1.0,1.0,1.0,0.0,1.0,0.0,0.0,1.0,1,0,0,0,0,0,0,0,0,0,0
train,vgr_train_storage_cycle_05,1.0,1.0,1.0,0.0,0.0,0.0,0.0,0.0,0.0,0.0,1.0,1.0,1.0,1.0,0.0,1.0,0.0,0.0,1.0,1,0,0,0,0,0,0,0,0,0,0
train,vgr_train_storage_cycle_05,1.0,1.0,1.0,0.0,0.0,0.0,0.0,0.0,0.0,0.0,1.0,1.0,1.0,1.0,0.0,1.0,0.0,0.0,0.0,1,0,0,0,0,0,0,0,0,0,0
train,vgr_train_storage_cycle_05,1.0,1.0,1.0,0.0,0.0,0.0,0.0,0.0,0.0,0.0,1.0,1.0,1.0,1.0,0.0,1.0,0.0,0.0,1.0,1,0,0,0,0,0,0,0,0,0,0
train,vgr_train_storage_cycle_05,1.0,1.0,1.0,0.0,0.0,0.0,0.0,0.0,0.0,0.0,1.0,1.0,1.0,1.0,0.0,1.0,0.0,0.0,1.0,1,0,0,0,0,0,0,0,0,0,0
train,vgr_train_storage_cycle_05,1.0,1.0,1.0,0.0,0.0,0.0,0.0,0.0,0.0,0.0,1.0,1.0,1.0,1.0,0.0,1.0,0.0,0.0,1.0,1,0,0,0,0,0,0,0,0,0,0
train,vgr_train_storage_cycle_05,1.0,1.0,1.0,0.0,0.0,0.0,0.0,0.0,0.0,0.0,1.0,1.0,1.0,1.0,0.0,1.0,0.0,0.0,1.0,1,0,0,0,0,0,0,0,0,0,0
train,vgr_train_storage_cycle_05,1.0,1.0,1.0,0.0,0.0,0.0,0.0,0.0,0.0,0.0,1.0,1.0,1.0,1.0,0.0,1.0,0.0,0.0,1.0,1,0,0,0,0,0,0,0,0,0,0
train,vgr_train_storage_cycle_05,1.0,1.0,1.0,0.0,0.0,0.0,0.0,0.0,0.0,0.0,1.0,1.0,1.0,1.0,0.0,1.0,0.0,0.0,1.0,1,0,0,0,0,0,0,0,0,0,0
train,vgr_train_storage_cycle_05,1.0,1.0,1.0,0.0,0.0,0.0,0.0,0.0,0.0,0.0,1.0,1.0,1.0,1.0,0.0,1.0,0.0,0.0,0.0,1,0,0,0,0,0,0,0,0,0,0
train,vgr_train_storage_cycle_05,1.0,1.0,1.0,0.0,0.0,0.0,0.0,0.0,0.0,0.0,1.0,1.0,1.0,1.0,0.0,1.0,0.0,0.0,1.0,1,0,0,0,0,0,0,0,0,0,0
train,vgr_train_storage_cycle_05,1.0,1.0,1.0,0.0,0.0,0.0,0.0,0.0,0.0,0.0,1.0,1.0,1.0,1.0,0.0,1.0,0.0,0.0,1.0,1,0,0,0,0,0,0,0,0,0,0
train,vgr_train_storage_cycle_05,1.0,1.0,1.0,0.0,0.0,0.0,0.0,0.0,0.0,0.0,1.0,1.0,1.0,1.0,0.0,1.0,0.0,0.0,1.0,1,0,0,0,0,0,0,0,0,0,0
train,vgr_train_storage_cycle_05,1.0,1.0,1.0,0.0,0.0,0.0,0.0,0.0,0.0,0.0,1.0,1.0,1.0,1.0,0.0,1.0,0.0,0.0,0.0,1,0,0,0,0,0,0,0,0,0,0
train,vgr_train_storage_cycle_05,1.0,1.0,1.0,0.0,0.0,0.0,0.0,0.0,0.0,0.0,1.0,1.0,1.0,1.0,0.0,1.0,0.0,0.0,1.0,1,0,0,0,0,0,0,0,0,0,0
train,vgr_train_storage_cycle_05,1.0,1.0,1.0,0.0,0.0,0.0,0.0,0.0,0.0,0.0,1.0,1.0,1.0,1.0,0.0,1.0,0.0,0.0,1.0,1,0,0,0,0,0,0,0,0,0,0
train,vgr_train_storage_cycle_05,1.0,1.0,1.0,0.0,0.0,0.0,0.0,0.0,0.0,0.0,1.0,1.0,1.0,1.0,0.0,1.0,0.0,0.0,1.0,1,0,0,0,0,0,0,0,0,0,0
train,vgr_train_storage_cycle_05,1.0,1.0,1.0,0.0,0.0,0.0,0.0,0.0,0.0,0.0,1.0,1.0,1.0,1.0,0.0,1.0,0.0,0.0,1.0,1,0,0,0,0,0,0,0,0,0,0
train,vgr_train_storage_cycle_05,1.0,1.0,1.0,0.0,0.0,0.0,0.0,0.0,0.0,0.0,1.0,1.0,1.0,1.0,0.0,1.0,0.0,0.0,1.0,1,0,0,0,0,0,0,0,0,0,0
train,vgr_train_storage_cycle_05,1.0,1.0,1.0,0.0,0.0,0.0,0.0,0.0,0.0,0.0,1.0,1.0,1.0,1.0,0.0,1.0,0.0,0.0,1.0,1,0,0,0,0,0,0,0,0,0,0
train,vgr_train_storage_cycle_05,1.0,1.0,1.0,0.0,0.0,0.0,0.0,0.0,0.0,0.0,1.0,1.0,1.0,1.0,0.0,1.0,0.0,0.0,1.0,1,0,0,0,0,0,0,0,0,0,0
train,vgr_train_storage_cycle_05,1.0,1.0,1.0,0.0,0.0,0.0,0.0,0.0,0.0,0.0,1.0,1.0,1.0,1.0,0.0,1.0,0.0,0.0,1.0,1,0,0,0,0,0,0,0,0,0,0
train,vgr_train_storage_cycle_05,1.0,1.0,1.0,0.0,0.0,0.0,0.0,0.0,0.0,0.0,1.0,1.0,1.0,1.0,0.0,1.0,0.0,0.0,1.0,1,0,0,0,0,0,0,0,0,0,0
train,vgr_train_storage_cycle_05,1.0,1.0,1.0,0.0,0.0,0.0,0.0,0.0,0.0,0.0,1.0,1.0,1.0,1.0,0.0,1.0,0.0,0.0,1.0,1,0,0,0,0,0,0,0,0,0,0
train,vgr_train_storage_cycle_05,1.0,1.0,1.0,0.0,0.0,0.0,0.0,0.0,0.0,0.0,1.0,1.0,1.0,1.0,0.0,1.0,0.0,0.0,1.0,1,0,0,0,0,0,0,0,0,0,0
train,vgr_train_storage_cycle_05,1.0,1.0,1.0,0.0,0.0,0.0,0.0,0.0,0.0,0.0,1.0,1.0,1.0,1.0,0.0,1.0,0.0,0.0,1.0,1,0,0,0,0,0,0,0,0,0,0
train,vgr_train_storage_cycle_05,1.0,1.0,1.0,0.0,0.0,0.0,0.0,0.0,0.0,0.0,1.0,1.0,1.0,1.0,0.0,1.0,0.0,0.0,1.0,1,0,0,0,0,0,0,0,0,0,0
train,vgr_train_storage_cycle_05,1.0,1.0,1.0,0.0,0.0,0.0,0.0,0.0,0.0,0.0,1.0,1.0,1.0,1.0,0.0,1.0,0.0,0.0,1.0,1,0,0,0,0,0,0,0,0,0,0
train,vgr_train_storage_cycle_05,1.0,1.0,1.0,0.0,0.0,0.0,0.0,0.0,0.0,0.0,1.0,1.0,1.0,1.0,0.0,1.0,0.0,0.0,1.0,1,0,0,0,0,0,0,0,0,0,0
train,vgr_train_storage_cycle_05,1.0,1.0,1.0,0.0,0.0,0.0,0.0,0.0,0.0,0.0,1.0,1.0,1.0,1.0,0.0,1.0,0.0,0.0,0.0,1,0,0,0,0,0,0,0,0,0,0
train,vgr_train_storage_cycle_05,1.0,1.0,1.0,0.0,0.0,0.0,0.0,0.0,0.0,0.0,1.0,1.0,1.0,1.0,0.0,1.0,0.0,0.0,1.0,1,0,0,0,0,0,0,0,0,0,0
train,vgr_train_storage_cycle_05,1.0,1.0,1.0,0.0,0.0,0.0,0.0,0.0,0.0,0.0,1.0,1.0,1.0,1.0,0.0,1.0,0.0,0.0,1.0,1,0,0,0,0,0,0,0,0,0,0
train,vgr_train_storage_cycle_05,1.0,1.0,1.0,0.0,0.0,0.0,0.0,0.0,0.0,0.0,1.0,1.0,1.0,1.0,0.0,1.0,0.0,0.0,1.0,1,0,0,0,0,0,0,0,0,0,0
train,vgr_train_storage_cycle_05,1.0,1.0,1.0,0.0,0.0,0.0,0.0,0.0,0.0,0.0,1.0,1.0,1.0,1.0,0.0,1.0,0.0,0.0,1.0,1,0,0,0,0,0,0,0,0,0,0
train,vgr_train_storage_cycle_05,1.0,1.0,1.0,0.0,0.0,0.0,0.0,0.0,0.0,0.0,1.0,1.0,1.0,1.0,0.0,1.0,0.0,0.0,1.0,1,0,0,0,0,0,0,0,0,0,0
train,vgr_train_storage_cycle_05,1.0,1.0,1.0,0.0,0.0,0.0,0.0,0.0,0.0,0.0,1.0,1.0,1.0,1.0,0.0,1.0,0.0,0.0,1.0,1,0,0,0,0,0,0,0,0,0,0
train,vgr_train_storage_cycle_05,1.0,1.0,1.0,0.0,0.0,0.0,0.0,0.0,0.0,0.0,1.0,1.0,1.0,1.0,0.0,1.0,0.0,0.0,1.0,1,0,0,0,0,0,0,0,0,0,0
train,vgr_train_storage_cycle_05,1.0,1.0,1.0,0.0,0.0,0.0,0.0,0.0,0.0,0.0,1.0,1.0,1.0,1.0,0.0,1.0,0.0,0.0,1.0,1,0,0,0,0,0,0,0,0,0,0
train,vgr_train_storage_cycle_05,1.0,1.0,1.0,0.0,0.0,0.0,0.0,0.0,0.0,0.0,1.0,1.0,1.0,1.0,0.0,1.0,0.0,0.0,1.0,1,0,0,0,0,0,0,0,0,0,0
train,vgr_train_storage_cycle_05,1.0,1.0,1.0,0.0,0.0,0.0,0.0,0.0,0.0,0.0,1.0,1.0,1.0,1.0,0.0,1.0,0.0,0.0,1.0,1,0,0,0,0,0,0,0,0,0,0
train,vgr_train_storage_cycle_05,1.0,1.0,1.0,0.0,0.0,0.0,0.0,0.0,0.0,0.0,1.0,1.0,1.0,1.0,0.0,1.0,0.0,0.0,1.0,1,0,0,0,0,0,0,0,0,0,0
train,vgr_train_storage_cycle_05,1.0,1.0,1.0,0.0,0.0,0.0,0.0,0.0,0.0,0.0,1.0,1.0,1.0,1.0,0.0,1.0,0.0,0.0,1.0,1,0,0,0,0,0,0,0,0,0,0
train,vgr_train_storage_cycle_05,1.0,1.0,1.0,0.0,0.0,0.0,0.0,0.0,0.0,0.0,1.0,1.0,1.0,1.0,0.0,1.0,0.0,0.0,1.0,1,0,0,0,0,0,0,0,0,0,0
train,vgr_train_storage_cycle_05,1.0,1.0,1.0,0.0,0.0,0.0,0.0,0.0,0.0,0.0,1.0,1.0,1.0,1.0,0.0,1.0,0.0,0.0,1.0,1,0,0,0,0,0,0,0,0,0,0
train,vgr_train_storage_cycle_05,1.0,1.0,1.0,0.0,0.0,0.0,0.0,0.0,0.0,0.0,1.0,1.0,1.0,1.0,0.0,1.0,0.0,0.0,1.0,1,0,0,0,0,0,0,0,0,0,0
train,vgr_train_storage_cycle_05,1.0,1.0,1.0,0.0,0.0,0.0,0.0,0.0,0.0,0.0,1.0,1.0,1.0,1.0,0.0,1.0,0.0,0.0,1.0,1,0,0,0,0,0,0,0,0,0,0
train,vgr_train_storage_cycle_05,1.0,1.0,1.0,0.0,0.0,0.0,0.0,0.0,0.0,0.0,1.0,1.0,1.0,1.0,0.0,1.0,0.0,0.0,1.0,1,0,0,0,0,0,0,0,0,0,0
train,vgr_train_storage_cycle_05,1.0,1.0,1.0,0.0,0.0,0.0,0.0,0.0,0.0,0.0,1.0,1.0,1.0,1.0,0.0,1.0,0.0,0.0,1.0,1,0,0,0,0,0,0,0,0,0,0
train,vgr_train_storage_cycle_05,1.0,1.0,1.0,0.0,0.0,0.0,0.0,0.0,0.0,0.0,1.0,1.0,1.0,1.0,0.0,1.0,0.0,0.0,0.0,1,0,0,0,0,0,0,0,0,0,0
train,vgr_train_storage_cycle_05,1.0,1.0,1.0,0.0,0.0,0.0,0.0,0.0,0.0,0.0,1.0,1.0,1.0,1.0,0.0,1.0,0.0,0.0,1.0,1,0,0,0,0,0,0,0,0,0,0
train,vgr_train_storage_cycle_05,1.0,1.0,1.0,0.0,0.0,0.0,0.0,0.0,0.0,0.0,1.0,1.0,1.0,1.0,0.0,1.0,0.0,0.0,1.0,1,0,0,0,0,0,0,0,0,0,0
train,vgr_train_storage_cycle_05,1.0,1.0,1.0,0.0,0.0,0.0,0.0,0.0,0.0,0.0,1.0,1.0,1.0,1.0,0.0,1.0,0.0,0.0,1.0,1,0,0,0,0,0,0,0,0,0,0
train,vgr_train_storage_cycle_05,1.0,1.0,1.0,0.0,0.0,0.0,0.0,0.0,0.0,0.0,1.0,1.0,1.0,1.0,0.0,1.0,0.0,0.0,1.0,1,0,0,0,0,0,0,0,0,0,0
train,vgr_train_storage_cycle_05,1.0,1.0,1.0,0.0,0.0,0.0,0.0,0.0,0.0,0.0,1.0,1.0,1.0,1.0,0.0,1.0,0.0,0.0,1.0,1,0,0,0,0,0,0,0,0,0,0
train,vgr_train_storage_cycle_05,1.0,1.0,1.0,0.0,0.0,0.0,0.0,0.0,0.0,0.0,1.0,1.0,1.0,1.0,0.0,1.0,0.0,0.0,1.0,1,0,0,0,0,0,0,0,0,0,0
train,vgr_train_storage_cycle_05,1.0,1.0,1.0,0.0,0.0,0.0,0.0,0.0,0.0,0.0,1.0,1.0,1.0,1.0,0.0,1.0,0.0,0.0,1.0,1,0,0,0,0,0,0,0,0,0,0
train,vgr_train_storage_cycle_05,1.0,1.0,1.0,0.0,0.0,0.0,0.0,0.0,0.0,0.0,1.0,1.0,1.0,1.0,0.0,1.0,0.0,0.0,1.0,1,0,0,0,0,0,0,0,0,0,0
train,vgr_train_storage_cycle_05,1.0,1.0,1.0,0.0,0.0,0.0,0.0,0.0,0.0,0.0,1.0,1.0,1.0,1.0,0.0,1.0,0.0,0.0,1.0,1,0,0,0,0,0,0,0,0,0,0
train,vgr_train_storage_cycle_05,1.0,1.0,1.0,0.0,0.0,0.0,0.0,0.0,0.0,0.0,1.0,1.0,1.0,1.0,0.0,1.0,0.0,0.0,1.0,1,0,0,0,0,0,0,0,0,0,0
train,vgr_train_storage_cycle_05,1.0,1.0,1.0,0.0,0.0,0.0,0.0,0.0,0.0,0.0,1.0,1.0,1.0,1.0,0.0,1.0,0.0,0.0,1.0,1,0,0,0,0,0,0,0,0,0,0
train,vgr_train_storage_cycle_05,1.0,1.0,1.0,0.0,0.0,0.0,0.0,0.0,0.0,0.0,1.0,1.0,1.0,1.0,0.0,1.0,0.0,0.0,0.0,1,0,0,0,0,0,0,0,0,0,0
train,vgr_train_storage_cycle_05,1.0,1.0,1.0,0.0,0.0,0.0,0.0,0.0,0.0,0.0,1.0,1.0,1.0,1.0,0.0,1.0,0.0,0.0,1.0,1,0,0,0,0,0,0,0,0,0,0
train,vgr_train_storage_cycle_05,1.0,1.0,1.0,0.0,0.0,0.0,0.0,0.0,0.0,0.0,1.0,1.0,1.0,1.0,0.0,1.0,0.0,0.0,1.0,1,0,0,0,0,0,0,0,0,0,0
train,vgr_train_storage_cycle_05,1.0,1.0,1.0,0.0,0.0,0.0,0.0,0.0,0.0,0.0,1.0,1.0,1.0,1.0,0.0,1.0,0.0,0.0,1.0,1,0,0,0,0,0,0,0,0,0,0
train,vgr_train_storage_cycle_05,1.0,1.0,1.0,0.0,0.0,0.0,0.0,0.0,0.0,0.0,1.0,1.0,1.0,1.0,0.0,1.0,0.0,0.0,1.0,1,0,0,0,0,0,0,0,0,0,0
train,vgr_train_storage_cycle_05,1.0,1.0,1.0,0.0,0.0,0.0,0.0,0.0,0.0,0.0,1.0,1.0,1.0,1.0,0.0,1.0,0.0,0.0,1.0,1,0,0,0,0,0,0,0,0,0,0
train,vgr_train_storage_cycle_05,1.0,1.0,1.0,0.0,0.0,0.0,0.0,0.0,0.0,0.0,1.0,1.0,1.0,1.0,0.0,1.0,0.0,0.0,1.0,1,0,0,0,0,0,0,0,0,0,0
train,vgr_train_storage_cycle_05,1.0,1.0,1.0,0.0,0.0,0.0,0.0,0.0,0.0,0.0,1.0,1.0,1.0,1.0,0.0,1.0,0.0,0.0,1.0,1,0,0,0,0,0,0,0,0,0,0
train,vgr_train_storage_cycle_05,1.0,1.0,1.0,0.0,0.0,0.0,0.0,0.0,0.0,0.0,1.0,1.0,1.0,1.0,0.0,1.0,0.0,0.0,1.0,1,0,0,0,0,0,0,0,0,0,0
train,vgr_train_storage_cycle_05,1.0,1.0,1.0,0.0,0.0,0.0,0.0,0.0,0.0,0.0,1.0,1.0,1.0,1.0,0.0,1.0,0.0,0.0,1.0,1,0,0,0,0,0,0,0,0,0,0
train,vgr_train_storage_cycle_05,1.0,1.0,1.0,0.0,0.0,0.0,0.0,0.0,0.0,0.0,1.0,1.0,1.0,1.0,0.0,1.0,0.0,0.0,1.0,1,0,0,0,0,0,0,0,0,0,0
train,vgr_train_storage_cycle_05,1.0,1.0,1.0,0.0,0.0,0.0,0.0,0.0,0.0,0.0,1.0,1.0,1.0,1.0,0.0,1.0,0.0,0.0,1.0,1,0,0,0,0,0,0,0,0,0,0
train,vgr_train_storage_cycle_05,1.0,1.0,1.0,0.0,0.0,0.0,0.0,0.0,0.0,0.0,1.0,1.0,1.0,1.0,0.0,1.0,0.0,0.0,0.0,1,0,0,0,0,0,0,0,0,0,0
train,vgr_train_storage_cycle_05,1.0,1.0,1.0,0.0,0.0,0.0,0.0,0.0,0.0,0.0,1.0,1.0,1.0,1.0,0.0,1.0,0.0,0.0,1.0,1,0,0,0,0,0,0,0,0,0,0
train,vgr_train_storage_cycle_05,1.0,1.0,1.0,0.0,0.0,0.0,0.0,0.0,0.0,0.0,1.0,1.0,1.0,1.0,0.0,1.0,0.0,0.0,1.0,1,0,0,0,0,0,0,0,0,0,0
train,vgr_train_storage_cycle_05,1.0,1.0,1.0,0.0,0.0,0.0,0.0,0.0,0.0,0.0,1.0,1.0,1.0,1.0,0.0,1.0,0.0,0.0,1.0,1,0,0,0,0,0,0,0,0,0,0
train,vgr_train_storage_cycle_05,1.0,1.0,1.0,0.0,0.0,0.0,0.0,0.0,0.0,0.0,1.0,1.0,1.0,1.0,0.0,1.0,0.0,0.0,1.0,1,0,0,0,0,0,0,0,0,0,0
train,vgr_train_storage_cycle_05,1.0,1.0,1.0,0.0,0.0,0.0,0.0,0.0,0.0,0.0,1.0,1.0,1.0,1.0,0.0,1.0,0.0,0.0,1.0,1,0,0,0,0,0,0,0,0,0,0
train,vgr_train_storage_cycle_05,1.0,1.0,1.0,0.0,0.0,0.0,0.0,0.0,0.0,0.0,1.0,1.0,1.0,1.0,0.0,1.0,0.0,0.0,1.0,1,0,0,0,0,0,0,0,0,0,0
train,vgr_train_storage_cycle_05,1.0,1.0,1.0,0.0,0.0,0.0,0.0,0.0,0.0,0.0,1.0,1.0,1.0,1.0,0.0,1.0,0.0,0.0,1.0,1,0,0,0,0,0,0,0,0,0,0
train,vgr_train_storage_cycle_05,1.0,1.0,1.0,0.0,0.0,0.0,0.0,0.0,0.0,0.0,1.0,1.0,1.0,1.0,0.0,1.0,0.0,0.0,1.0,1,0,0,0,0,0,0,0,0,0,0
train,vgr_train_storage_cycle_05,1.0,1.0,1.0,0.0,0.0,0.0,0.0,0.0,0.0,0.0,1.0,1.0,1.0,1.0,0.0,1.0,0.0,0.0,1.0,1,0,0,0,0,0,0,0,0,0,0
train,vgr_train_storage_cycle_05,1.0,1.0,1.0,0.0,0.0,0.0,0.0,0.0,0.0,0.0,1.0,1.0,1.0,1.0,0.0,1.0,0.0,0.0,1.0,1,0,0,0,0,0,0,0,0,0,0
train,vgr_train_storage_cycle_05,1.0,1.0,1.0,0.0,0.0,0.0,0.0,0.0,0.0,0.0,1.0,1.0,1.0,1.0,0.0,1.0,0.0,0.0,1.0,1,0,0,0,0,0,0,0,0,0,0
train,vgr_train_storage_cycle_05,1.0,1.0,1.0,0.0,0.0,0.0,0.0,0.0,0.0,0.0,1.0,1.0,1.0,1.0,0.0,1.0,0.0,0.0,1.0,1,0,0,0,0,0,0,0,0,0,0
train,vgr_train_storage_cycle_05,1.0,1.0,1.0,0.0,0.0,0.0,0.0,0.0,0.0,0.0,1.0,1.0,1.0,1.0,0.0,1.0,0.0,0.0,1.0,1,0,0,0,0,0,0,0,0,0,0
train,vgr_train_storage_cycle_05,1.0,1.0,1.0,0.0,0.0,0.0,0.0,0.0,0.0,0.0,1.0,1.0,1.0,1.0,0.0,1.0,0.0,0.0,1.0,1,0,0,0,0,0,0,0,0,0,0
train,vgr_train_storage_cycle_05,1.0,1.0,1.0,0.0,0.0,0.0,0.0,0.0,0.0,0.0,1.0,1.0,1.0,1.0,0.0,1.0,0.0,0.0,1.0,1,0,0,0,0,0,0,0,0,0,0
train,vgr_train_storage_cycle_05,1.0,1.0,1.0,0.0,0.0,0.0,0.0,0.0,0.0,0.0,1.0,1.0,1.0,1.0,0.0,1.0,0.0,0.0,1.0,1,0,0,0,0,0,0,0,0,0,0
train,vgr_train_storage_cycle_05,1.0,1.0,1.0,0.0,0.0,0.0,0.0,0.0,0.0,0.0,1.0,1.0,1.0,1.0,0.0,1.0,0.0,0.0,1.0,1,0,0,0,0,0,0,0,0,0,0
train,vgr_train_storage_cycle_05,1.0,1.0,1.0,0.0,0.0,0.0,0.0,0.0,0.0,0.0,1.0,1.0,1.0,1.0,0.0,1.0,0.0,0.0,1.0,1,0,0,0,0,0,0,0,0,0,0
train,vgr_train_storage_cycle_05,1.0,1.0,1.0,0.0,0.0,0.0,0.0,0.0,0.0,0.0,1.0,1.0,1.0,1.0,0.0,1.0,0.0,0.0,1.0,1,0,0,0,0,0,0,0,0,0,0
train,vgr_train_storage_cycle_05,1.0,1.0,1.0,0.0,0.0,0.0,0.0,0.0,0.0,0.0,1.0,1.0,1.0,1.0,0.0,1.0,0.0,0.0,1.0,0,1,0,0,0,0,0,0,0,0,0
train,vgr_train_storage_cycle_05,1.0,1.0,1.0,0.0,0.0,0.0,0.0,0.0,0.0,0.0,1.0,1.0,1.0,1.0,0.0,1.0,0.0,0.0,1.0,0,1,0,0,0,0,0,0,0,0,0
train,vgr_train_storage_cycle_05,1.0,1.0,1.0,0.0,0.0,0.0,0.0,0.0,0.0,0.0,1.0,1.0,1.0,1.0,0.0,1.0,0.0,0.0,1.0,0,1,0,0,0,0,0,0,0,0,0
train,vgr_train_storage_cycle_05,1.0,1.0,1.0,0.0,0.0,0.0,0.0,0.0,0.0,0.0,1.0,1.0,1.0,1.0,0.0,1.0,0.0,0.0,1.0,0,1,0,0,0,0,0,0,0,0,0
train,vgr_train_storage_cycle_05,1.0,1.0,1.0,0.0,0.0,0.0,0.0,0.0,0.0,0.0,1.0,1.0,1.0,1.0,0.0,1.0,0.0,0.0,1.0,0,1,0,0,0,0,0,0,0,0,0
train,vgr_train_storage_cycle_05,1.0,1.0,1.0,0.0,0.0,0.0,0.0,0.0,0.0,0.0,1.0,1.0,1.0,1.0,0.0,1.0,0.0,0.0,1.0,0,1,0,0,0,0,0,0,0,0,0
train,vgr_train_storage_cycle_05,1.0,1.0,1.0,0.0,0.0,0.0,0.0,0.0,0.0,0.0,1.0,1.0,1.0,1.0,0.0,1.0,0.0,0.0,1.0,0,1,0,0,0,0,0,0,0,0,0
train,vgr_train_storage_cycle_05,1.0,1.0,1.0,0.0,0.0,0.0,0.0,0.0,0.0,0.0,1.0,1.0,1.0,1.0,0.0,1.0,0.0,0.0,1.0,0,1,0,0,0,0,0,0,0,0,0
train,vgr_train_storage_cycle_05,1.0,1.0,1.0,0.0,0.0,0.0,0.0,0.0,0.0,0.0,1.0,1.0,1.0,1.0,0.0,1.0,0.0,0.0,1.0,0,1,0,0,0,0,0,0,0,0,0
train,vgr_train_storage_cycle_05,1.0,1.0,1.0,0.0,0.0,0.0,0.0,0.0,0.0,0.0,1.0,1.0,1.0,1.0,0.0,1.0,0.0,0.0,1.0,0,1,0,0,0,0,0,0,0,0,0
train,vgr_train_storage_cycle_05,1.0,1.0,1.0,0.0,0.0,0.0,0.0,0.0,0.0,0.0,1.0,1.0,1.0,1.0,0.0,1.0,0.0,0.0,0.0,0,1,0,0,0,0,0,0,0,0,101
train,vgr_train_storage_cycle_05,0.0,0.0,0.0,0.0,0.0,1.0,1.0,391.0,26.0,32.0,1.0,1.0,1.0,1.0,0.0,1.0,0.0,0.0,1.0,0,1,0,0,0,0,0,0,0,0,102
train,vgr_train_storage_cycle_05,0.0,0.0,0.0,0.0,0.0,1.0,1.0,1451.0,908.0,704.0,0.0,1.0,1.0,0.0,0.0,1.0,404.0,2869.0,1.0,0,1,0,0,0,0,0,0,0,0,103
train,vgr_train_storage_cycle_05,0.0,0.0,0.0,0.0,0.0,1.0,1.0,2453.0,160.0,428.0,0.0,1.0,1.0,0.0,0.0,1.0,37.0,2869.0,1.0,0,1,0,0,0,0,0,0,0,0,102
train,vgr_train_storage_cycle_05,0.0,0.0,0.0,0.0,0.0,1.0,1.0,1447.0,905.0,706.0,0.0,0.0,1.0,0.0,1.0,0.0,2799.0,16.0,1.0,0,1,0,0,0,0,0,0,0,0,104
train,vgr_train_storage_cycle_05,1.0,0.0,0.0,1.0,1.0,1.0,1.0,0.0,604.0,5348.0,0.0,1.0,0.0,0.0,1.0,0.0,2799.0,16.0,1.0,0,1,0,0,0,0,0,0,0,0,105
train,vgr_train_storage_cycle_05,0.0,0.0,0.0,0.0,0.0,0.0,0.0,398.0,604.0,5348.0,0.0,1.0,0.0,0.0,1.0,0.0,2799.0,16.0,1.0,0,1,0,0,0,0,0,0,0,0,0
train,vgr_train_storage_cycle_05,0.0,0.0,0.0,0.0,0.0,0.0,0.0,398.0,604.0,5348.0,0.0,0.0,1.0,0.0,1.0,0.0,2799.0,16.0,1.0,0,1,0,0,0,0,0,0,0,0,0
train,vgr_train_storage_cycle_05,0.0,0.0,0.0,0.0,0.0,0.0,0.0,398.0,604.0,5348.0,0.0,1.0,1.0,0.0,0.0,1.0,35.0,2870.0,1.0,0,1,0,0,0,0,0,0,0,0,0
train,vgr_train_storage_cycle_05,0.0,0.0,0.0,0.0,0.0,0.0,0.0,398.0,604.0,5348.0,0.0,1.0,1.0,0.0,0.0,1.0,402.0,2870.0,1.0,0,1,0,0,0,0,0,0,0,0,301
train,vgr_train_storage_cycle_05,1.0,1.0,1.0,0.0,0.0,0.0,0.0,0.0,0.0,0.0,1.0,1.0,1.0,1.0,0.0,1.0,0.0,0.0,1.0,0,0,1,0,0,0,0,0,0,0,0
train,vgr_train_storage_cycle_05,1.0,1.0,1.0,0.0,0.0,0.0,0.0,0.0,0.0,0.0,1.0,1.0,1.0,1.0,0.0,1.0,0.0,0.0,1.0,0,0,1,0,0,0,0,0,0,0,0
train,vgr_train_storage_cycle_05,1.0,1.0,1.0,0.0,0.0,0.0,0.0,0.0,0.0,0.0,1.0,1.0,1.0,1.0,0.0,1.0,0.0,0.0,1.0,0,0,1,0,0,0,0,0,0,0,0
train,vgr_train_storage_cycle_05,1.0,1.0,1.0,0.0,0.0,0.0,0.0,0.0,0.0,0.0,1.0,1.0,1.0,1.0,0.0,1.0,0.0,0.0,1.0,0,0,1,0,0,0,0,0,0,0,0
train,vgr_train_storage_cycle_05,1.0,1.0,1.0,0.0,0.0,0.0,0.0,0.0,0.0,0.0,1.0,1.0,1.0,1.0,0.0,1.0,0.0,0.0,1.0,0,0,1,0,0,0,0,0,0,0,0
train,vgr_train_storage_cycle_05,1.0,1.0,1.0,0.0,0.0,0.0,0.0,0.0,0.0,0.0,1.0,1.0,1.0,1.0,0.0,1.0,0.0,0.0,1.0,0,0,1,0,0,0,0,0,0,0,0
train,vgr_train_storage_cycle_05,1.0,1.0,1.0,0.0,0.0,0.0,0.0,0.0,0.0,0.0,1.0,1.0,1.0,1.0,0.0,1.0,0.0,0.0,1.0,0,0,1,0,0,0,0,0,0,0,0
train,vgr_train_storage_cycle_05,1.0,1.0,1.0,0.0,0.0,0.0,0.0,0.0,0.0,0.0,1.0,1.0,1.0,1.0,0.0,1.0,0.0,0.0,1.0,0,0,1,0,0,0,0,0,0,0,0
train,vgr_train_storage_cycle_05,1.0,1.0,1.0,0.0,0.0,0.0,0.0,0.0,0.0,0.0,1.0,1.0,1.0,1.0,0.0,1.0,0.0,0.0,1.0,0,0,1,0,0,0,0,0,0,0,0
train,vgr_train_storage_cycle_05,1.0,1.0,1.0,0.0,0.0,0.0,0.0,0.0,0.0,0.0,1.0,1.0,1.0,1.0,0.0,1.0,0.0,0.0,1.0,0,0,1,0,0,0,0,0,0,0,0
train,vgr_train_storage_cycle_05,1.0,1.0,1.0,0.0,0.0,0.0,0.0,0.0,0.0,0.0,1.0,1.0,1.0,1.0,0.0,1.0,0.0,0.0,1.0,0,0,1,0,0,0,0,0,0,0,0
train,vgr_train_storage_cycle_05,1.0,1.0,1.0,0.0,0.0,0.0,0.0,0.0,0.0,0.0,1.0,1.0,1.0,1.0,0.0,1.0,0.0,0.0,1.0,0,0,1,0,0,0,0,0,0,0,0
train,vgr_train_storage_cycle_05,1.0,1.0,1.0,0.0,0.0,0.0,0.0,0.0,0.0,0.0,1.0,1.0,1.0,1.0,0.0,1.0,0.0,0.0,1.0,0,0,1,0,0,0,0,0,0,0,0
train,vgr_train_storage_cycle_05,1.0,1.0,1.0,0.0,0.0,0.0,0.0,0.0,0.0,0.0,1.0,1.0,1.0,1.0,0.0,1.0,0.0,0.0,1.0,0,0,1,0,0,0,0,0,0,0,0
train,vgr_train_storage_cycle_05,1.0,1.0,1.0,0.0,0.0,0.0,0.0,0.0,0.0,0.0,1.0,1.0,1.0,1.0,0.0,1.0,0.0,0.0,1.0,0,0,1,0,0,0,0,0,0,0,0
train,vgr_train_storage_cycle_05,1.0,1.0,1.0,0.0,0.0,0.0,0.0,0.0,0.0,0.0,1.0,1.0,1.0,1.0,0.0,1.0,0.0,0.0,1.0,0,0,1,0,0,0,0,0,0,0,0
train,vgr_train_storage_cycle_05,1.0,1.0,1.0,0.0,0.0,0.0,0.0,0.0,0.0,0.0,1.0,1.0,1.0,1.0,0.0,1.0,0.0,0.0,0.0,0,0,1,0,0,0,0,0,0,0,101
train,vgr_train_storage_cycle_05,0.0,0.0,0.0,0.0,0.0,1.0,1.0,394.0,26.0,33.0,1.0,1.0,1.0,1.0,0.0,1.0,0.0,0.0,1.0,0,0,1,0,0,0,0,0,0,0,102
train,vgr_train_storage_cycle_05,0.0,0.0,0.0,0.0,0.0,1.0,1.0,1452.0,904.0,703.0,0.0,1.0,1.0,0.0,0.0,1.0,1753.0,2869.0,1.0,0,0,1,0,0,0,0,0,0,0,103
train,vgr_train_storage_cycle_05,0.0,0.0,0.0,0.0,0.0,1.0,1.0,2456.0,156.0,426.0,0.0,1.0,1.0,0.0,0.0,1.0,1382.0,2869.0,1.0,0,0,1,0,0,0,0,0,0,0,102
train,vgr_train_storage_cycle_05,0.0,0.0,0.0,0.0,0.0,1.0,1.0,1449.0,908.0,702.0,0.0,0.0,1.0,0.0,1.0,0.0,2804.0,16.0,1.0,0,0,1,0,0,0,0,0,0,0,104
train,vgr_train_storage_cycle_05,1.0,0.0,0.0,1.0,1.0,1.0,1.0,0.0,608.0,5348.0,0.0,1.0,0.0,0.0,1.0,0.0,2804.0,16.0,1.0,0,0,1,0,0,0,0,0,0,0,105
train,vgr_train_storage_cycle_05,0.0,0.0,0.0,0.0,0.0,0.0,0.0,403.0,608.0,5348.0,0.0,1.0,0.0,0.0,1.0,0.0,2804.0,16.0,1.0,0,0,1,0,0,0,0,0,0,0,0
train,vgr_train_storage_cycle_05,0.0,0.0,0.0,0.0,0.0,0.0,0.0,403.0,608.0,5348.0,0.0,0.0,1.0,0.0,1.0,0.0,2804.0,16.0,1.0,0,0,1,0,0,0,0,0,0,0,0
train,vgr_train_storage_cycle_05,0.0,0.0,0.0,0.0,0.0,0.0,0.0,403.0,608.0,5348.0,0.0,1.0,1.0,0.0,0.0,1.0,1385.0,2870.0,1.0,0,0,1,0,0,0,0,0,0,0,0
train,vgr_train_storage_cycle_05,0.0,0.0,0.0,0.0,0.0,0.0,0.0,403.0,608.0,5348.0,0.0,1.0,1.0,0.0,0.0,1.0,1748.0,2870.0,1.0,0,0,1,0,0,0,0,0,0,0,301
train,vgr_train_storage_cycle_05,1.0,1.0,1.0,0.0,0.0,0.0,0.0,0.0,0.0,0.0,1.0,1.0,1.0,1.0,0.0,1.0,0.0,0.0,1.0,0,0,0,1,0,0,0,0,0,0,0
train,vgr_train_storage_cycle_05,1.0,1.0,1.0,0.0,0.0,0.0,0.0,0.0,0.0,0.0,1.0,1.0,1.0,1.0,0.0,1.0,0.0,0.0,1.0,0,0,0,1,0,0,0,0,0,0,0
train,vgr_train_storage_cycle_05,1.0,1.0,1.0,0.0,0.0,0.0,0.0,0.0,0.0,0.0,1.0,1.0,1.0,1.0,0.0,1.0,0.0,0.0,1.0,0,0,0,1,0,0,0,0,0,0,0
train,vgr_train_storage_cycle_05,1.0,1.0,1.0,0.0,0.0,0.0,0.0,0.0,0.0,0.0,1.0,1.0,1.0,1.0,0.0,1.0,0.0,0.0,1.0,0,0,0,1,0,0,0,0,0,0,0
train,vgr_train_storage_cycle_05,1.0,1.0,1.0,0.0,0.0,0.0,0.0,0.0,0.0,0.0,1.0,1.0,1.0,1.0,0.0,1.0,0.0,0.0,1.0,0,0,0,1,0,0,0,0,0,0,0
train,vgr_train_storage_cycle_05,1.0,1.0,1.0,0.0,0.0,0.0,0.0,0.0,0.0,0.0,1.0,1.0,1.0,1.0,0.0,1.0,0.0,0.0,1.0,0,0,0,1,0,0,0,0,0,0,0
train,vgr_train_storage_cycle_05,1.0,1.0,1.0,0.0,0.0,0.0,0.0,0.0,0.0,0.0,1.0,1.0,1.0,1.0,0.0,1.0,0.0,0.0,1.0,0,0,0,1,0,0,0,0,0,0,0
train,vgr_train_storage_cycle_05,1.0,1.0,1.0,0.0,0.0,0.0,0.0,0.0,0.0,0.0,1.0,1.0,1.0,1.0,0.0,1.0,0.0,0.0,1.0,0,0,0,1,0,0,0,0,0,0,0
train,vgr_train_storage_cycle_05,1.0,1.0,1.0,0.0,0.0,0.0,0.0,0.0,0.0,0.0,1.0,1.0,1.0,1.0,0.0,1.0,0.0,0.0,1.0,0,0,0,1,0,0,0,0,0,0,0
train,vgr_train_storage_cycle_05,1.0,1.0,1.0,0.0,0.0,0.0,0.0,0.0,0.0,0.0,1.0,1.0,1.0,1.0,0.0,1.0,0.0,0.0,1.0,0,0,0,1,0,0,0,0,0,0,0
train,vgr_train_storage_cycle_05,1.0,1.0,1.0,0.0,0.0,0.0,0.0,0.0,0.0,0.0,1.0,1.0,1.0,1.0,0.0,1.0,0.0,0.0,1.0,0,0,0,1,0,0,0,0,0,0,0
train,vgr_train_storage_cycle_05,1.0,1.0,1.0,0.0,0.0,0.0,0.0,0.0,0.0,0.0,1.0,1.0,1.0,1.0,0.0,1.0,0.0,0.0,1.0,0,0,0,1,0,0,0,0,0,0,0
train,vgr_train_storage_cycle_05,1.0,1.0,1.0,0.0,0.0,0.0,0.0,0.0,0.0,0.0,1.0,1.0,1.0,1.0,0.0,1.0,0.0,0.0,1.0,0,0,0,1,0,0,0,0,0,0,0
train,vgr_train_storage_cycle_05,1.0,1.0,1.0,0.0,0.0,0.0,0.0,0.0,0.0,0.0,1.0,1.0,1.0,1.0,0.0,1.0,0.0,0.0,1.0,0,0,0,1,0,0,0,0,0,0,0
train,vgr_train_storage_cycle_05,1.0,1.0,1.0,0.0,0.0,0.0,0.0,0.0,0.0,0.0,1.0,1.0,1.0,1.0,0.0,1.0,0.0,0.0,0.0,0,0,0,1,0,0,0,0,0,0,101
train,vgr_train_storage_cycle_05,0.0,0.0,0.0,0.0,0.0,1.0,1.0,397.0,25.0,33.0,1.0,1.0,1.0,1.0,0.0,1.0,0.0,0.0,1.0,0,0,0,1,0,0,0,0,0,0,102
train,vgr_train_storage_cycle_05,0.0,0.0,0.0,0.0,0.0,1.0,1.0,1449.0,905.0,702.0,0.0,1.0,1.0,0.0,0.0,1.0,3252.0,2869.0,1.0,0,0,0,1,0,0,0,0,0,0,103
train,vgr_train_storage_cycle_05,0.0,0.0,0.0,0.0,0.0,1.0,1.0,2455.0,152.0,426.0,0.0,1.0,1.0,0.0,0.0,1.0,2885.0,2869.0,1.0,0,0,0,1,0,0,0,0,0,0,102
train,vgr_train_storage_cycle_05,0.0,0.0,0.0,0.0,0.0,1.0,1.0,1448.0,910.0,704.0,0.0,0.0,1.0,0.0,1.0,0.0,2799.0,18.0,1.0,0,0,0,1,0,0,0,0,0,0,104
train,vgr_train_storage_cycle_05,1.0,0.0,0.0,1.0,1.0,1.0,1.0,0.0,604.0,5348.0,0.0,1.0,0.0,0.0,1.0,0.0,2799.0,18.0,1.0,0,0,0,1,0,0,0,0,0,0,105
train,vgr_train_storage_cycle_05,0.0,0.0,0.0,0.0,0.0,0.0,0.0,396.0,604.0,5348.0,0.0,1.0,0.0,0.0,1.0,0.0,2799.0,18.0,1.0,0,0,0,1,0,0,0,0,0,0,0
train,vgr_train_storage_cycle_05,0.0,0.0,0.0,0.0,0.0,0.0,0.0,396.0,604.0,5348.0,0.0,0.0,1.0,0.0,1.0,0.0,2799.0,18.0,1.0,0,0,0,1,0,0,0,0,0,0,0
train,vgr_train_storage_cycle_05,0.0,0.0,0.0,0.0,0.0,0.0,0.0,396.0,604.0,5348.0,0.0,1.0,1.0,0.0,0.0,1.0,2878.0,2870.0,1.0,0,0,0,1,0,0,0,0,0,0,0
train,vgr_train_storage_cycle_05,0.0,0.0,0.0,0.0,0.0,0.0,0.0,396.0,604.0,5348.0,0.0,1.0,1.0,0.0,0.0,1.0,3250.0,2870.0,1.0,0,0,0,1,0,0,0,0,0,0,301
train,vgr_train_storage_cycle_05,1.0,1.0,1.0,0.0,0.0,0.0,0.0,0.0,0.0,0.0,1.0,1.0,1.0,1.0,0.0,1.0,0.0,0.0,1.0,0,0,0,0,1,0,0,0,0,0,0
train,vgr_train_storage_cycle_05,1.0,1.0,1.0,0.0,0.0,0.0,0.0,0.0,0.0,0.0,1.0,1.0,1.0,1.0,0.0,1.0,0.0,0.0,1.0,0,0,0,0,1,0,0,0,0,0,0
train,vgr_train_storage_cycle_05,1.0,1.0,1.0,0.0,0.0,0.0,0.0,0.0,0.0,0.0,1.0,1.0,1.0,1.0,0.0,1.0,0.0,0.0,1.0,0,0,0,0,1,0,0,0,0,0,0
train,vgr_train_storage_cycle_05,1.0,1.0,1.0,0.0,0.0,0.0,0.0,0.0,0.0,0.0,1.0,1.0,1.0,1.0,0.0,1.0,0.0,0.0,1.0,0,0,0,0,1,0,0,0,0,0,0
train,vgr_train_storage_cycle_05,1.0,1.0,1.0,0.0,0.0,0.0,0.0,0.0,0.0,0.0,1.0,1.0,1.0,1.0,0.0,1.0,0.0,0.0,1.0,0,0,0,0,1,0,0,0,0,0,0
train,vgr_train_storage_cycle_05,1.0,1.0,1.0,0.0,0.0,0.0,0.0,0.0,0.0,0.0,1.0,1.0,1.0,1.0,0.0,1.0,0.0,0.0,1.0,0,0,0,0,1,0,0,0,0,0,0
train,vgr_train_storage_cycle_05,1.0,1.0,1.0,0.0,0.0,0.0,0.0,0.0,0.0,0.0,1.0,1.0,1.0,1.0,0.0,1.0,0.0,0.0,1.0,0,0,0,0,1,0,0,0,0,0,0
train,vgr_train_storage_cycle_05,1.0,1.0,1.0,0.0,0.0,0.0,0.0,0.0,0.0,0.0,1.0,1.0,1.0,1.0,0.0,1.0,0.0,0.0,1.0,0,0,0,0,1,0,0,0,0,0,0
train,vgr_train_storage_cycle_05,1.0,1.0,1.0,0.0,0.0,0.0,0.0,0.0,0.0,0.0,1.0,1.0,1.0,1.0,0.0,1.0,0.0,0.0,1.0,0,0,0,0,1,0,0,0,0,0,0
train,vgr_train_storage_cycle_05,1.0,1.0,1.0,0.0,0.0,0.0,0.0,0.0,0.0,0.0,1.0,1.0,1.0,1.0,0.0,1.0,0.0,0.0,1.0,0,0,0,0,1,0,0,0,0,0,0
train,vgr_train_storage_cycle_05,1.0,1.0,1.0,0.0,0.0,0.0,0.0,0.0,0.0,0.0,1.0,1.0,1.0,1.0,0.0,1.0,0.0,0.0,1.0,0,0,0,0,1,0,0,0,0,0,0
train,vgr_train_storage_cycle_05,1.0,1.0,1.0,0.0,0.0,0.0,0.0,0.0,0.0,0.0,1.0,1.0,1.0,1.0,0.0,1.0,0.0,0.0,1.0,0,0,0,0,1,0,0,0,0,0,0
train,vgr_train_storage_cycle_05,1.0,1.0,1.0,0.0,0.0,0.0,0.0,0.0,0.0,0.0,1.0,1.0,1.0,1.0,0.0,1.0,0.0,0.0,1.0,0,0,0,0,1,0,0,0,0,0,0
train,vgr_train_storage_cycle_05,1.0,1.0,1.0,0.0,0.0,0.0,0.0,0.0,0.0,0.0,1.0,1.0,1.0,1.0,0.0,1.0,0.0,0.0,1.0,0,0,0,0,1,0,0,0,0,0,0
train,vgr_train_storage_cycle_05,1.0,1.0,1.0,0.0,0.0,0.0,0.0,0.0,0.0,0.0,1.0,1.0,1.0,1.0,0.0,1.0,0.0,0.0,1.0,0,0,0,0,1,0,0,0,0,0,0
train,vgr_train_storage_cycle_05,1.0,1.0,1.0,0.0,0.0,0.0,0.0,0.0,0.0,0.0,1.0,1.0,1.0,1.0,0.0,1.0,0.0,0.0,0.0,0,0,0,0,1,0,0,0,0,0,101
train,vgr_train_storage_cycle_05,0.0,0.0,0.0,0.0,0.0,1.0,1.0,394.0,25.0,29.0,1.0,1.0,1.0,1.0,0.0,1.0,0.0,0.0,1.0,0,0,0,0,1,0,0,0,0,0,102
train,vgr_train_storage_cycle_05,0.0,0.0,0.0,0.0,0.0,1.0,1.0,1449.0,905.0,703.0,0.0,1.0,1.0,0.0,0.0,1.0,399.0,5199.0,1.0,0,0,0,0,1,0,0,0,0,0,103
train,vgr_train_storage_cycle_05,0.0,0.0,0.0,0.0,0.0,1.0,1.0,2454.0,157.0,424.0,0.0,1.0,1.0,0.0,0.0,1.0,32.0,5199.0,1.0,0,0,0,0,1,0,0,0,0,0,102
train,vgr_train_storage_cycle_05,0.0,0.0,0.0,0.0,0.0,1.0,1.0,1446.0,907.0,699.0,0.0,0.0,1.0,0.0,1.0,0.0,2803.0,17.0,1.0,0,0,0,0,1,0,0,0,0,0,104
train,vgr_train_storage_cycle_05,1.0,0.0,0.0,0.0,0.0,1.0,1.0,0.0,605.0,5349.0,0.0,1.0,0.0,0.0,1.0,0.0,2803.0,17.0,1.0,0,0,0,0,1,0,0,0,0,0,105
train,vgr_train_storage_cycle_05,0.0,0.0,0.0,0.0,0.0,0.0,0.0,400.0,605.0,5349.0,0.0,1.0,0.0,0.0,1.0,0.0,2803.0,17.0,1.0,0,0,0,0,1,0,0,0,0,0,0
train,vgr_train_storage_cycle_05,0.0,0.0,0.0,0.0,0.0,0.0,0.0,400.0,605.0,5349.0,0.0,0.0,1.0,0.0,1.0,0.0,2803.0,17.0,1.0,0,0,0,0,1,0,0,0,0,0,0
train,vgr_train_storage_cycle_05,0.0,0.0,0.0,0.0,0.0,0.0,0.0,400.0,605.0,5349.0,0.0,1.0,1.0,0.0,0.0,1.0,35.0,5199.0,1.0,0,0,0,0,1,0,0,0,0,0,0
train,vgr_train_storage_cycle_05,0.0,0.0,0.0,0.0,0.0,0.0,0.0,400.0,605.0,5349.0,0.0,1.0,1.0,0.0,0.0,1.0,401.0,5199.0,1.0,0,0,0,0,1,0,0,0,0,0,301
train,vgr_train_storage_cycle_05,1.0,1.0,1.0,0.0,0.0,0.0,0.0,0.0,0.0,0.0,1.0,1.0,1.0,1.0,0.0,1.0,0.0,0.0,1.0,0,0,0,0,0,1,0,0,0,0,0
train,vgr_train_storage_cycle_05,1.0,1.0,1.0,0.0,0.0,0.0,0.0,0.0,0.0,0.0,1.0,1.0,1.0,1.0,0.0,1.0,0.0,0.0,1.0,0,0,0,0,0,1,0,0,0,0,0
train,vgr_train_storage_cycle_05,1.0,1.0,1.0,0.0,0.0,0.0,0.0,0.0,0.0,0.0,1.0,1.0,1.0,1.0,0.0,1.0,0.0,0.0,1.0,0,0,0,0,0,1,0,0,0,0,0
train,vgr_train_storage_cycle_05,1.0,1.0,1.0,0.0,0.0,0.0,0.0,0.0,0.0,0.0,1.0,1.0,1.0,1.0,0.0,1.0,0.0,0.0,1.0,0,0,0,0,0,1,0,0,0,0,0
train,vgr_train_storage_cycle_05,1.0,1.0,1.0,0.0,0.0,0.0,0.0,0.0,0.0,0.0,1.0,1.0,1.0,1.0,0.0,1.0,0.0,0.0,1.0,0,0,0,0,0,1,0,0,0,0,0
train,vgr_train_storage_cycle_05,1.0,1.0,1.0,0.0,0.0,0.0,0.0,0.0,0.0,0.0,1.0,1.0,1.0,1.0,0.0,1.0,0.0,0.0,1.0,0,0,0,0,0,1,0,0,0,0,0
train,vgr_train_storage_cycle_05,1.0,1.0,1.0,0.0,0.0,0.0,0.0,0.0,0.0,0.0,1.0,1.0,1.0,1.0,0.0,1.0,0.0,0.0,1.0,0,0,0,0,0,1,0,0,0,0,0
train,vgr_train_storage_cycle_05,1.0,1.0,1.0,0.0,0.0,0.0,0.0,0.0,0.0,0.0,1.0,1.0,1.0,1.0,0.0,1.0,0.0,0.0,1.0,0,0,0,0,0,1,0,0,0,0,0
train,vgr_train_storage_cycle_05,1.0,1.0,1.0,0.0,0.0,0.0,0.0,0.0,0.0,0.0,1.0,1.0,1.0,1.0,0.0,1.0,0.0,0.0,1.0,0,0,0,0,0,1,0,0,0,0,0
train,vgr_train_storage_cycle_05,1.0,1.0,1.0,0.0,0.0,0.0,0.0,0.0,0.0,0.0,1.0,1.0,1.0,1.0,0.0,1.0,0.0,0.0,1.0,0,0,0,0,0,1,0,0,0,0,0
train,vgr_train_storage_cycle_05,1.0,1.0,1.0,0.0,0.0,0.0,0.0,0.0,0.0,0.0,1.0,1.0,1.0,1.0,0.0,1.0,0.0,0.0,1.0,0,0,0,0,0,1,0,0,0,0,0
train,vgr_train_storage_cycle_05,1.0,1.0,1.0,0.0,0.0,0.0,0.0,0.0,0.0,0.0,1.0,1.0,1.0,1.0,0.0,1.0,0.0,0.0,1.0,0,0,0,0,0,1,0,0,0,0,0
train,vgr_train_storage_cycle_05,1.0,1.0,1.0,0.0,0.0,0.0,0.0,0.0,0.0,0.0,1.0,1.0,1.0,1.0,0.0,1.0,0.0,0.0,1.0,0,0,0,0,0,1,0,0,0,0,0
train,vgr_train_storage_cycle_05,1.0,1.0,1.0,0.0,0.0,0.0,0.0,0.0,0.0,0.0,1.0,1.0,1.0,1.0,0.0,1.0,0.0,0.0,0.0,0,0,0,0,0,1,0,0,0,0,101
train,vgr_train_storage_cycle_05,0.0,0.0,0.0,0.0,0.0,1.0,1.0,395.0,25.0,32.0,1.0,1.0,1.0,1.0,0.0,1.0,0.0,0.0,1.0,0,0,0,0,0,1,0,0,0,0,102
train,vgr_train_storage_cycle_05,0.0,0.0,0.0,0.0,0.0,1.0,1.0,1448.0,905.0,704.0,0.0,1.0,1.0,0.0,0.0,1.0,1754.0,5201.0,1.0,0,0,0,0,0,1,0,0,0,0,103
train,vgr_train_storage_cycle_05,0.0,0.0,0.0,0.0,0.0,1.0,1.0,2462.0,157.0,426.0,0.0,1.0,1.0,0.0,0.0,1.0,1386.0,5201.0,1.0,0,0,0,0,0,1,0,0,0,0,102
train,vgr_train_storage_cycle_05,0.0,0.0,0.0,0.0,0.0,1.0,1.0,1448.0,903.0,706.0,0.0,0.0,1.0,0.0,1.0,0.0,2800.0,17.0,1.0,0,0,0,0,0,1,0,0,0,0,104
train,vgr_train_storage_cycle_05,1.0,0.0,0.0,0.0,0.0,1.0,1.0,0.0,607.0,5351.0,0.0,1.0,0.0,0.0,1.0,0.0,2800.0,17.0,1.0,0,0,0,0,0,1,0,0,0,0,105
train,vgr_train_storage_cycle_05,0.0,0.0,0.0,0.0,0.0,0.0,0.0,399.0,607.0,5351.0,0.0,1.0,0.0,0.0,1.0,0.0,2800.0,17.0,1.0,0,0,0,0,0,1,0,0,0,0,0
train,vgr_train_storage_cycle_05,0.0,0.0,0.0,0.0,0.0,0.0,0.0,399.0,607.0,5351.0,0.0,0.0,1.0,0.0,1.0,0.0,2800.0,17.0,1.0,0,0,0,0,0,1,0,0,0,0,0
train,vgr_train_storage_cycle_05,0.0,0.0,0.0,0.0,0.0,0.0,0.0,399.0,607.0,5351.0,0.0,1.0,1.0,0.0,0.0,1.0,1383.0,5198.0,1.0,0,0,0,0,0,1,0,0,0,0,0
train,vgr_train_storage_cycle_05,0.0,0.0,0.0,0.0,0.0,0.0,0.0,399.0,607.0,5351.0,0.0,1.0,1.0,0.0,0.0,1.0,1752.0,5198.0,1.0,0,0,0,0,0,1,0,0,0,0,301
train,vgr_train_storage_cycle_05,1.0,1.0,1.0,0.0,0.0,0.0,0.0,0.0,0.0,0.0,1.0,1.0,1.0,1.0,0.0,1.0,0.0,0.0,1.0,0,0,0,0,0,0,1,0,0,0,0
train,vgr_train_storage_cycle_05,1.0,1.0,1.0,0.0,0.0,0.0,0.0,0.0,0.0,0.0,1.0,1.0,1.0,1.0,0.0,1.0,0.0,0.0,1.0,0,0,0,0,0,0,1,0,0,0,0
train,vgr_train_storage_cycle_05,1.0,1.0,1.0,0.0,0.0,0.0,0.0,0.0,0.0,0.0,1.0,1.0,1.0,1.0,0.0,1.0,0.0,0.0,1.0,0,0,0,0,0,0,1,0,0,0,0
train,vgr_train_storage_cycle_05,1.0,1.0,1.0,0.0,0.0,0.0,0.0,0.0,0.0,0.0,1.0,1.0,1.0,1.0,0.0,1.0,0.0,0.0,1.0,0,0,0,0,0,0,1,0,0,0,0
train,vgr_train_storage_cycle_05,1.0,1.0,1.0,0.0,0.0,0.0,0.0,0.0,0.0,0.0,1.0,1.0,1.0,1.0,0.0,1.0,0.0,0.0,1.0,0,0,0,0,0,0,1,0,0,0,0
train,vgr_train_storage_cycle_05,1.0,1.0,1.0,0.0,0.0,0.0,0.0,0.0,0.0,0.0,1.0,1.0,1.0,1.0,0.0,1.0,0.0,0.0,1.0,0,0,0,0,0,0,1,0,0,0,0
train,vgr_train_storage_cycle_05,1.0,1.0,1.0,0.0,0.0,0.0,0.0,0.0,0.0,0.0,1.0,1.0,1.0,1.0,0.0,1.0,0.0,0.0,1.0,0,0,0,0,0,0,1,0,0,0,0
train,vgr_train_storage_cycle_05,1.0,1.0,1.0,0.0,0.0,0.0,0.0,0.0,0.0,0.0,1.0,1.0,1.0,1.0,0.0,1.0,0.0,0.0,1.0,0,0,0,0,0,0,1,0,0,0,0
train,vgr_train_storage_cycle_05,1.0,1.0,1.0,0.0,0.0,0.0,0.0,0.0,0.0,0.0,1.0,1.0,1.0,1.0,0.0,1.0,0.0,0.0,1.0,0,0,0,0,0,0,1,0,0,0,0
train,vgr_train_storage_cycle_05,1.0,1.0,1.0,0.0,0.0,0.0,0.0,0.0,0.0,0.0,1.0,1.0,1.0,1.0,0.0,1.0,0.0,0.0,1.0,0,0,0,0,0,0,1,0,0,0,0
train,vgr_train_storage_cycle_05,1.0,1.0,1.0,0.0,0.0,0.0,0.0,0.0,0.0,0.0,1.0,1.0,1.0,1.0,0.0,1.0,0.0,0.0,1.0,0,0,0,0,0,0,1,0,0,0,0
train,vgr_train_storage_cycle_05,1.0,1.0,1.0,0.0,0.0,0.0,0.0,0.0,0.0,0.0,1.0,1.0,1.0,1.0,0.0,1.0,0.0,0.0,1.0,0,0,0,0,0,0,1,0,0,0,0
train,vgr_train_storage_cycle_05,1.0,1.0,1.0,0.0,0.0,0.0,0.0,0.0,0.0,0.0,1.0,1.0,1.0,1.0,0.0,1.0,0.0,0.0,1.0,0,0,0,0,0,0,1,0,0,0,0
train,vgr_train_storage_cycle_05,1.0,1.0,1.0,0.0,0.0,0.0,0.0,0.0,0.0,0.0,1.0,1.0,1.0,1.0,0.0,1.0,0.0,0.0,1.0,0,0,0,0,0,0,1,0,0,0,0
train,vgr_train_storage_cycle_05,1.0,1.0,1.0,0.0,0.0,0.0,0.0,0.0,0.0,0.0,1.0,1.0,1.0,1.0,0.0,1.0,0.0,0.0,1.0,0,0,0,0,0,0,1,0,0,0,0
train,vgr_train_storage_cycle_05,1.0,1.0,1.0,0.0,0.0,0.0,0.0,0.0,0.0,0.0,1.0,1.0,1.0,1.0,0.0,1.0,0.0,0.0,1.0,0,0,0,0,0,0,1,0,0,0,0
train,vgr_train_storage_cycle_05,1.0,1.0,1.0,0.0,0.0,0.0,0.0,0.0,0.0,0.0,1.0,1.0,1.0,1.0,0.0,1.0,0.0,0.0,1.0,0,0,0,0,0,0,1,0,0,0,0
train,vgr_train_storage_cycle_05,1.0,1.0,1.0,0.0,0.0,0.0,0.0,0.0,0.0,0.0,1.0,1.0,1.0,1.0,0.0,1.0,0.0,0.0,1.0,0,0,0,0,0,0,1,0,0,0,0
train,vgr_train_storage_cycle_05,1.0,1.0,1.0,0.0,0.0,0.0,0.0,0.0,0.0,0.0,1.0,1.0,1.0,1.0,0.0,1.0,0.0,0.0,0.0,0,0,0,0,0,0,1,0,0,0,101
train,vgr_train_storage_cycle_05,0.0,0.0,0.0,0.0,0.0,1.0,1.0,396.0,26.0,33.0,1.0,1.0,1.0,1.0,0.0,1.0,0.0,0.0,1.0,0,0,0,0,0,0,1,0,0,0,102
train,vgr_train_storage_cycle_05,0.0,0.0,0.0,0.0,0.0,1.0,1.0,1451.0,908.0,704.0,0.0,1.0,1.0,0.0,0.0,1.0,3253.0,5199.0,1.0,0,0,0,0,0,0,1,0,0,0,103
train,vgr_train_storage_cycle_05,0.0,0.0,0.0,0.0,0.0,1.0,1.0,2458.0,156.0,423.0,0.0,1.0,1.0,0.0,0.0,1.0,2883.0,5199.0,1.0,0,0,0,0,0,0,1,0,0,0,102
train,vgr_train_storage_cycle_05,0.0,0.0,0.0,0.0,0.0,1.0,1.0,1448.0,908.0,703.0,0.0,0.0,1.0,0.0,1.0,0.0,2802.0,17.0,1.0,0,0,0,0,0,0,1,0,0,0,104
train,vgr_train_storage_cycle_05,1.0,0.0,0.0,0.0,0.0,1.0,1.0,0.0,604.0,5352.0,0.0,1.0,0.0,0.0,1.0,0.0,2802.0,17.0,1.0,0,0,0,0,0,0,1,0,0,0,105
train,vgr_train_storage_cycle_05,0.0,0.0,0.0,0.0,0.0,0.0,0.0,400.0,604.0,5352.0,0.0,1.0,0.0,0.0,1.0,0.0,2802.0,17.0,1.0,0,0,0,0,0,0,1,0,0,0,0
train,vgr_train_storage_cycle_05,0.0,0.0,0.0,0.0,0.0,0.0,0.0,400.0,604.0,5352.0,0.0,0.0,1.0,0.0,1.0,0.0,2802.0,17.0,1.0,0,0,0,0,0,0,1,0,0,0,0
train,vgr_train_storage_cycle_05,0.0,0.0,0.0,0.0,0.0,0.0,0.0,400.0,604.0,5352.0,0.0,1.0,1.0,0.0,0.0,1.0,2881.0,5198.0,1.0,0,0,0,0,0,0,1,0,0,0,0
train,vgr_train_storage_cycle_05,0.0,0.0,0.0,0.0,0.0,0.0,0.0,400.0,604.0,5352.0,0.0,1.0,1.0,0.0,0.0,1.0,3250.0,5198.0,1.0,0,0,0,0,0,0,1,0,0,0,301
train,vgr_train_storage_cycle_05,1.0,1.0,1.0,0.0,0.0,0.0,0.0,0.0,0.0,0.0,1.0,1.0,1.0,1.0,0.0,1.0,0.0,0.0,1.0,0,0,0,0,0,0,0,1,0,0,0
train,vgr_train_storage_cycle_05,1.0,1.0,1.0,0.0,0.0,0.0,0.0,0.0,0.0,0.0,1.0,1.0,1.0,1.0,0.0,1.0,0.0,0.0,1.0,0,0,0,0,0,0,0,1,0,0,0
train,vgr_train_storage_cycle_05,1.0,1.0,1.0,0.0,0.0,0.0,0.0,0.0,0.0,0.0,1.0,1.0,1.0,1.0,0.0,1.0,0.0,0.0,0.0,0,0,0,0,0,0,0,1,0,0,101
train,vgr_train_storage_cycle_05,0.0,0.0,0.0,0.0,0.0,1.0,1.0,398.0,26.0,33.0,1.0,1.0,1.0,1.0,0.0,1.0,0.0,0.0,1.0,0,0,0,0,0,0,0,1,0,0,102
train,vgr_train_storage_cycle_05,0.0,0.0,0.0,0.0,0.0,1.0,1.0,1453.0,906.0,705.0,0.0,1.0,1.0,0.0,0.0,1.0,399.0,7560.0,1.0,0,0,0,0,0,0,0,1,0,0,103
train,vgr_train_storage_cycle_05,0.0,0.0,0.0,0.0,0.0,1.0,1.0,2460.0,157.0,426.0,0.0,1.0,1.0,0.0,0.0,1.0,36.0,7560.0,1.0,0,0,0,0,0,0,0,1,0,0,102
train,vgr_train_storage_cycle_05,0.0,0.0,0.0,0.0,0.0,1.0,1.0,1450.0,909.0,700.0,0.0,0.0,1.0,0.0,1.0,0.0,2802.0,17.0,1.0,0,0,0,0,0,0,0,1,0,0,104
train,vgr_train_storage_cycle_05,1.0,0.0,0.0,0.0,0.0,1.0,1.0,0.0,603.0,5350.0,0.0,1.0,0.0,0.0,1.0,0.0,2802.0,17.0,1.0,0,0,0,0,0,0,0,1,0,0,105
train,vgr_train_storage_cycle_05,0.0,0.0,0.0,0.0,0.0,0.0,0.0,400.0,603.0,5350.0,0.0,1.0,0.0,0.0,1.0,0.0,2802.0,17.0,1.0,0,0,0,0,0,0,0,1,0,0,0
train,vgr_train_storage_cycle_05,0.0,0.0,0.0,0.0,0.0,0.0,0.0,400.0,603.0,5350.0,0.0,0.0,1.0,0.0,1.0,0.0,2802.0,17.0,1.0,0,0,0,0,0,0,0,1,0,0,0
train,vgr_train_storage_cycle_05,0.0,0.0,0.0,0.0,0.0,0.0,0.0,400.0,603.0,5350.0,0.0,1.0,1.0,0.0,0.0,1.0,34.0,7559.0,1.0,0,0,0,0,0,0,0,1,0,0,0
train,vgr_train_storage_cycle_05,0.0,0.0,0.0,0.0,0.0,0.0,0.0,400.0,603.0,5350.0,0.0,1.0,1.0,0.0,0.0,1.0,403.0,7559.0,1.0,0,0,0,0,0,0,0,1,0,0,301
train,vgr_train_storage_cycle_05,1.0,1.0,1.0,0.0,0.0,0.0,0.0,0.0,0.0,0.0,1.0,1.0,1.0,1.0,0.0,1.0,0.0,0.0,1.0,0,0,0,0,0,0,0,0,1,0,0
train,vgr_train_storage_cycle_05,1.0,1.0,1.0,0.0,0.0,0.0,0.0,0.0,0.0,0.0,1.0,1.0,1.0,1.0,0.0,1.0,0.0,0.0,1.0,0,0,0,0,0,0,0,0,1,0,0
train,vgr_train_storage_cycle_05,1.0,1.0,1.0,0.0,0.0,0.0,0.0,0.0,0.0,0.0,1.0,1.0,1.0,1.0,0.0,1.0,0.0,0.0,1.0,0,0,0,0,0,0,0,0,1,0,0
train,vgr_train_storage_cycle_05,1.0,1.0,1.0,0.0,0.0,0.0,0.0,0.0,0.0,0.0,1.0,1.0,1.0,1.0,0.0,1.0,0.0,0.0,1.0,0,0,0,0,0,0,0,0,1,0,0
train,vgr_train_storage_cycle_05,1.0,1.0,1.0,0.0,0.0,0.0,0.0,0.0,0.0,0.0,1.0,1.0,1.0,1.0,0.0,1.0,0.0,0.0,1.0,0,0,0,0,0,0,0,0,1,0,0
train,vgr_train_storage_cycle_05,1.0,1.0,1.0,0.0,0.0,0.0,0.0,0.0,0.0,0.0,1.0,1.0,1.0,1.0,0.0,1.0,0.0,0.0,1.0,0,0,0,0,0,0,0,0,1,0,0
train,vgr_train_storage_cycle_05,1.0,1.0,1.0,0.0,0.0,0.0,0.0,0.0,0.0,0.0,1.0,1.0,1.0,1.0,0.0,1.0,0.0,0.0,1.0,0,0,0,0,0,0,0,0,1,0,0
train,vgr_train_storage_cycle_05,1.0,1.0,1.0,0.0,0.0,0.0,0.0,0.0,0.0,0.0,1.0,1.0,1.0,1.0,0.0,1.0,0.0,0.0,1.0,0,0,0,0,0,0,0,0,1,0,0
train,vgr_train_storage_cycle_05,1.0,1.0,1.0,0.0,0.0,0.0,0.0,0.0,0.0,0.0,1.0,1.0,1.0,1.0,0.0,1.0,0.0,0.0,1.0,0,0,0,0,0,0,0,0,1,0,0
train,vgr_train_storage_cycle_05,1.0,1.0,1.0,0.0,0.0,0.0,0.0,0.0,0.0,0.0,1.0,1.0,1.0,1.0,0.0,1.0,0.0,0.0,1.0,0,0,0,0,0,0,0,0,1,0,0
train,vgr_train_storage_cycle_05,1.0,1.0,1.0,0.0,0.0,0.0,0.0,0.0,0.0,0.0,1.0,1.0,1.0,1.0,0.0,1.0,0.0,0.0,1.0,0,0,0,0,0,0,0,0,1,0,0
train,vgr_train_storage_cycle_05,1.0,1.0,1.0,0.0,0.0,0.0,0.0,0.0,0.0,0.0,1.0,1.0,1.0,1.0,0.0,1.0,0.0,0.0,1.0,0,0,0,0,0,0,0,0,1,0,0
train,vgr_train_storage_cycle_05,1.0,1.0,1.0,0.0,0.0,0.0,0.0,0.0,0.0,0.0,1.0,1.0,1.0,1.0,0.0,1.0,0.0,0.0,1.0,0,0,0,0,0,0,0,0,1,0,0
train,vgr_train_storage_cycle_05,1.0,1.0,1.0,0.0,0.0,0.0,0.0,0.0,0.0,0.0,1.0,1.0,1.0,1.0,0.0,1.0,0.0,0.0,1.0,0,0,0,0,0,0,0,0,1,0,0
train,vgr_train_storage_cycle_05,1.0,1.0,1.0,0.0,0.0,0.0,0.0,0.0,0.0,0.0,1.0,1.0,1.0,1.0,0.0,1.0,0.0,0.0,0.0,0,0,0,0,0,0,0,0,1,0,101
train,vgr_train_storage_cycle_05,0.0,0.0,0.0,0.0,0.0,1.0,1.0,390.0,26.0,32.0,1.0,1.0,1.0,1.0,0.0,1.0,0.0,0.0,1.0,0,0,0,0,0,0,0,0,1,0,102
train,vgr_train_storage_cycle_05,0.0,0.0,0.0,0.0,0.0,1.0,1.0,1447.0,906.0,700.0,0.0,1.0,1.0,0.0,0.0,1.0,1754.0,7559.0,1.0,0,0,0,0,0,0,0,0,1,0,103
train,vgr_train_storage_cycle_05,0.0,0.0,0.0,0.0,0.0,1.0,1.0,2456.0,156.0,424.0,0.0,1.0,1.0,0.0,0.0,1.0,1386.0,7559.0,1.0,0,0,0,0,0,0,0,0,1,0,102
train,vgr_train_storage_cycle_05,0.0,0.0,0.0,0.0,0.0,1.0,1.0,1446.0,904.0,703.0,0.0,0.0,1.0,0.0,1.0,0.0,2804.0,17.0,1.0,0,0,0,0,0,0,0,0,1,0,104
train,vgr_train_storage_cycle_05,1.0,0.0,0.0,0.0,0.0,1.0,1.0,0.0,606.0,5351.0,0.0,1.0,0.0,0.0,1.0,0.0,2804.0,17.0,1.0,0,0,0,0,0,0,0,0,1,0,105
train,vgr_train_storage_cycle_05,0.0,0.0,0.0,0.0,0.0,0.0,0.0,401.0,606.0,5351.0,0.0,1.0,0.0,0.0,1.0,0.0,2804.0,17.0,1.0,0,0,0,0,0,0,0,0,1,0,0
train,vgr_train_storage_cycle_05,0.0,0.0,0.0,0.0,0.0,0.0,0.0,401.0,606.0,5351.0,0.0,0.0,1.0,0.0,1.0,0.0,2804.0,17.0,1.0,0,0,0,0,0,0,0,0,1,0,0
train,vgr_train_storage_cycle_05,0.0,0.0,0.0,0.0,0.0,0.0,0.0,401.0,606.0,5351.0,0.0,1.0,1.0,0.0,0.0,1.0,1383.0,7559.0,1.0,0,0,0,0,0,0,0,0,1,0,0
train,vgr_train_storage_cycle_05,0.0,0.0,0.0,0.0,0.0,0.0,0.0,401.0,606.0,5351.0,0.0,1.0,1.0,0.0,0.0,1.0,1751.0,7559.0,1.0,0,0,0,0,0,0,0,0,1,0,301
train,vgr_train_storage_cycle_05,1.0,1.0,1.0,0.0,0.0,0.0,0.0,0.0,0.0,0.0,1.0,1.0,1.0,1.0,0.0,1.0,0.0,0.0,1.0,0,0,0,0,0,0,0,0,0,1,0
train,vgr_train_storage_cycle_05,1.0,1.0,1.0,0.0,0.0,0.0,0.0,0.0,0.0,0.0,1.0,1.0,1.0,1.0,0.0,1.0,0.0,0.0,1.0,0,0,0,0,0,0,0,0,0,1,0
train,vgr_train_storage_cycle_05,1.0,1.0,1.0,0.0,0.0,0.0,0.0,0.0,0.0,0.0,1.0,1.0,1.0,1.0,0.0,1.0,0.0,0.0,1.0,0,0,0,0,0,0,0,0,0,1,0
train,vgr_train_storage_cycle_05,1.0,1.0,1.0,0.0,0.0,0.0,0.0,0.0,0.0,0.0,1.0,1.0,1.0,1.0,0.0,1.0,0.0,0.0,1.0,0,0,0,0,0,0,0,0,0,1,0
train,vgr_train_storage_cycle_05,1.0,1.0,1.0,0.0,0.0,0.0,0.0,0.0,0.0,0.0,1.0,1.0,1.0,1.0,0.0,1.0,0.0,0.0,0.0,0,0,0,0,0,0,0,0,0,1,101
train,vgr_train_storage_cycle_05,0.0,0.0,0.0,0.0,0.0,1.0,1.0,396.0,26.0,34.0,1.0,1.0,1.0,1.0,0.0,1.0,0.0,0.0,1.0,0,0,0,0,0,0,0,0,0,1,102
train,vgr_train_storage_cycle_05,0.0,0.0,0.0,0.0,0.0,1.0,1.0,1452.0,910.0,704.0,0.0,1.0,1.0,0.0,0.0,1.0,3250.0,7556.0,1.0,0,0,0,0,0,0,0,0,0,1,103
train,vgr_train_storage_cycle_05,0.0,0.0,0.0,0.0,0.0,1.0,1.0,2460.0,156.0,424.0,0.0,1.0,1.0,0.0,0.0,1.0,2887.0,7556.0,1.0,0,0,0,0,0,0,0,0,0,1,102
train,vgr_train_storage_cycle_05,0.0,0.0,0.0,0.0,0.0,1.0,1.0,1449.0,908.0,702.0,0.0,0.0,1.0,0.0,1.0,0.0,2802.0,19.0,1.0,0,0,0,0,0,0,0,0,0,1,104
train,vgr_train_storage_cycle_05,1.0,0.0,0.0,0.0,1.0,1.0,1.0,0.0,483.0,5348.0,0.0,1.0,0.0,0.0,1.0,0.0,2802.0,19.0,1.0,0,0,0,0,0,0,0,0,0,1,105
train,vgr_train_storage_cycle_05,0.0,0.0,0.0,0.0,0.0,0.0,0.0,398.0,608.0,5348.0,0.0,1.0,0.0,0.0,1.0,0.0,2802.0,19.0,1.0,0,0,0,0,0,0,0,0,0,1,0
train,vgr_train_storage_cycle_05,0.0,0.0,0.0,0.0,0.0,0.0,0.0,398.0,608.0,5348.0,0.0,0.0,1.0,0.0,1.0,0.0,2802.0,19.0,1.0,0,0,0,0,0,0,0,0,0,1,0
train,vgr_train_storage_cycle_05,0.0,0.0,0.0,0.0,0.0,0.0,0.0,398.0,608.0,5348.0,0.0,1.0,1.0,0.0,0.0,1.0,2883.0,7560.0,1.0,0,0,0,0,0,0,0,0,0,1,0
train,vgr_train_storage_cycle_05,0.0,0.0,0.0,0.0,0.0,0.0,0.0,398.0,608.0,5348.0,0.0,1.0,1.0,0.0,0.0,1.0,3252.0,7560.0,1.0,0,0,0,0,0,0,0,0,0,1,301
train,vgr_train_storage_cycle_05,1.0,1.0,1.0,0.0,0.0,0.0,0.0,0.0,0.0,0.0,1.0,1.0,1.0,1.0,0.0,1.0,0.0,0.0,1.0,1,0,0,0,0,0,0,0,0,0,0
train,vgr_train_storage_cycle_05,1.0,1.0,1.0,0.0,0.0,0.0,0.0,0.0,0.0,0.0,1.0,1.0,1.0,1.0,0.0,1.0,0.0,0.0,1.0,1,0,0,0,0,0,0,0,0,0,0
train,vgr_train_storage_cycle_05,1.0,1.0,1.0,0.0,0.0,0.0,0.0,0.0,0.0,0.0,1.0,1.0,1.0,1.0,0.0,1.0,0.0,0.0,1.0,1,0,0,0,0,0,0,0,0,0,0
train,vgr_train_storage_cycle_05,1.0,1.0,1.0,0.0,0.0,0.0,0.0,0.0,0.0,0.0,1.0,1.0,1.0,1.0,0.0,1.0,0.0,0.0,1.0,1,0,0,0,0,0,0,0,0,0,0
train,vgr_train_storage_cycle_05,1.0,1.0,1.0,0.0,0.0,0.0,0.0,0.0,0.0,0.0,1.0,1.0,1.0,1.0,0.0,1.0,0.0,0.0,1.0,1,0,0,0,0,0,0,0,0,0,0
train,vgr_train_storage_cycle_05,1.0,1.0,1.0,0.0,0.0,0.0,0.0,0.0,0.0,0.0,1.0,1.0,1.0,1.0,0.0,1.0,0.0,0.0,1.0,1,0,0,0,0,0,0,0,0,0,0
train,vgr_train_storage_cycle_05,1.0,1.0,1.0,0.0,0.0,0.0,0.0,0.0,0.0,0.0,1.0,1.0,1.0,1.0,0.0,1.0,0.0,0.0,1.0,1,0,0,0,0,0,0,0,0,0,0
train,vgr_train_storage_cycle_05,1.0,1.0,1.0,0.0,0.0,0.0,0.0,0.0,0.0,0.0,1.0,1.0,1.0,1.0,0.0,1.0,0.0,0.0,1.0,1,0,0,0,0,0,0,0,0,0,0
train,vgr_train_storage_cycle_05,1.0,1.0,1.0,0.0,0.0,0.0,0.0,0.0,0.0,0.0,1.0,1.0,1.0,1.0,0.0,1.0,0.0,0.0,1.0,1,0,0,0,0,0,0,0,0,0,0
train,vgr_train_storage_cycle_05,1.0,1.0,1.0,0.0,0.0,0.0,0.0,0.0,0.0,0.0,1.0,1.0,1.0,1.0,0.0,1.0,0.0,0.0,1.0,1,0,0,0,0,0,0,0,0,0,0
train,vgr_train_storage_cycle_05,1.0,1.0,1.0,0.0,0.0,0.0,0.0,0.0,0.0,0.0,1.0,1.0,1.0,1.0,0.0,1.0,0.0,0.0,1.0,1,0,0,0,0,0,0,0,0,0,0
train,vgr_train_storage_cycle_05,1.0,1.0,1.0,0.0,0.0,0.0,0.0,0.0,0.0,0.0,1.0,1.0,1.0,1.0,0.0,1.0,0.0,0.0,1.0,1,0,0,0,0,0,0,0,0,0,0
train,vgr_train_storage_cycle_05,1.0,1.0,1.0,0.0,0.0,0.0,0.0,0.0,0.0,0.0,1.0,1.0,1.0,1.0,0.0,1.0,0.0,0.0,1.0,1,0,0,0,0,0,0,0,0,0,0
train,vgr_train_storage_cycle_05,1.0,1.0,1.0,0.0,0.0,0.0,0.0,0.0,0.0,0.0,1.0,1.0,1.0,1.0,0.0,1.0,0.0,0.0,1.0,1,0,0,0,0,0,0,0,0,0,0
train,vgr_train_storage_cycle_05,1.0,1.0,1.0,0.0,0.0,0.0,0.0,0.0,0.0,0.0,1.0,1.0,1.0,1.0,0.0,1.0,0.0,0.0,1.0,1,0,0,0,0,0,0,0,0,0,0
train,vgr_train_storage_cycle_05,1.0,1.0,1.0,0.0,0.0,0.0,0.0,0.0,0.0,0.0,1.0,1.0,1.0,1.0,0.0,1.0,0.0,0.0,1.0,1,0,0,0,0,0,0,0,0,0,0
train,vgr_train_storage_cycle_05,1.0,1.0,1.0,0.0,0.0,0.0,0.0,0.0,0.0,0.0,1.0,1.0,1.0,1.0,0.0,1.0,0.0,0.0,1.0,1,0,0,0,0,0,0,0,0,0,0
train,vgr_train_storage_cycle_05,1.0,1.0,1.0,0.0,0.0,0.0,0.0,0.0,0.0,0.0,1.0,1.0,1.0,1.0,0.0,1.0,0.0,0.0,1.0,1,0,0,0,0,0,0,0,0,0,0
train,vgr_train_storage_cycle_05,1.0,1.0,1.0,0.0,0.0,0.0,0.0,0.0,0.0,0.0,1.0,1.0,1.0,1.0,0.0,1.0,0.0,0.0,1.0,1,0,0,0,0,0,0,0,0,0,0
train,vgr_train_storage_cycle_05,1.0,1.0,1.0,0.0,0.0,0.0,0.0,0.0,0.0,0.0,1.0,1.0,1.0,1.0,0.0,1.0,0.0,0.0,0.0,1,0,0,0,0,0,0,0,0,0,0
train,vgr_train_storage_cycle_05,1.0,1.0,1.0,0.0,0.0,0.0,0.0,0.0,0.0,0.0,1.0,1.0,1.0,1.0,0.0,1.0,0.0,0.0,1.0,1,0,0,0,0,0,0,0,0,0,0
train,vgr_train_storage_cycle_05,1.0,1.0,1.0,0.0,0.0,0.0,0.0,0.0,0.0,0.0,1.0,1.0,1.0,1.0,0.0,1.0,0.0,0.0,1.0,1,0,0,0,0,0,0,0,0,0,0
train,vgr_train_storage_cycle_05,1.0,1.0,1.0,0.0,0.0,0.0,0.0,0.0,0.0,0.0,1.0,1.0,1.0,1.0,0.0,1.0,0.0,0.0,1.0,1,0,0,0,0,0,0,0,0,0,0
train,vgr_train_storage_cycle_05,1.0,1.0,1.0,0.0,0.0,0.0,0.0,0.0,0.0,0.0,1.0,1.0,1.0,1.0,0.0,1.0,0.0,0.0,1.0,1,0,0,0,0,0,0,0,0,0,0
train,vgr_train_storage_cycle_05,1.0,1.0,1.0,0.0,0.0,0.0,0.0,0.0,0.0,0.0,1.0,1.0,1.0,1.0,0.0,1.0,0.0,0.0,1.0,1,0,0,0,0,0,0,0,0,0,0
train,vgr_train_storage_cycle_05,1.0,1.0,1.0,0.0,0.0,0.0,0.0,0.0,0.0,0.0,1.0,1.0,1.0,1.0,0.0,1.0,0.0,0.0,1.0,1,0,0,0,0,0,0,0,0,0,0
train,vgr_train_storage_cycle_05,1.0,1.0,1.0,0.0,0.0,0.0,0.0,0.0,0.0,0.0,1.0,1.0,1.0,1.0,0.0,1.0,0.0,0.0,1.0,1,0,0,0,0,0,0,0,0,0,0
train,vgr_train_storage_cycle_05,1.0,1.0,1.0,0.0,0.0,0.0,0.0,0.0,0.0,0.0,1.0,1.0,1.0,1.0,0.0,1.0,0.0,0.0,1.0,1,0,0,0,0,0,0,0,0,0,0
train,vgr_train_storage_cycle_05,1.0,1.0,1.0,0.0,0.0,0.0,0.0,0.0,0.0,0.0,1.0,1.0,1.0,1.0,0.0,1.0,0.0,0.0,1.0,1,0,0,0,0,0,0,0,0,0,0
train,vgr_train_storage_cycle_05,1.0,1.0,1.0,0.0,0.0,0.0,0.0,0.0,0.0,0.0,1.0,1.0,1.0,1.0,0.0,1.0,0.0,0.0,1.0,1,0,0,0,0,0,0,0,0,0,0
train,vgr_train_storage_cycle_05,1.0,1.0,1.0,0.0,0.0,0.0,0.0,0.0,0.0,0.0,1.0,1.0,1.0,1.0,0.0,1.0,0.0,0.0,1.0,1,0,0,0,0,0,0,0,0,0,0
train,vgr_train_storage_cycle_05,1.0,1.0,1.0,0.0,0.0,0.0,0.0,0.0,0.0,0.0,1.0,1.0,1.0,1.0,0.0,1.0,0.0,0.0,1.0,1,0,0,0,0,0,0,0,0,0,0
train,vgr_train_storage_cycle_05,1.0,1.0,1.0,0.0,0.0,0.0,0.0,0.0,0.0,0.0,1.0,1.0,1.0,1.0,0.0,1.0,0.0,0.0,1.0,1,0,0,0,0,0,0,0,0,0,0
train,vgr_train_storage_cycle_05,1.0,1.0,1.0,0.0,0.0,0.0,0.0,0.0,0.0,0.0,1.0,1.0,1.0,1.0,0.0,1.0,0.0,0.0,1.0,1,0,0,0,0,0,0,0,0,0,0
train,vgr_train_storage_cycle_05,1.0,1.0,1.0,0.0,0.0,0.0,0.0,0.0,0.0,0.0,1.0,1.0,1.0,1.0,0.0,1.0,0.0,0.0,1.0,1,0,0,0,0,0,0,0,0,0,0
train,vgr_train_storage_cycle_05,1.0,1.0,1.0,0.0,0.0,0.0,0.0,0.0,0.0,0.0,1.0,1.0,1.0,1.0,0.0,1.0,0.0,0.0,1.0,1,0,0,0,0,0,0,0,0,0,0
train,vgr_train_storage_cycle_05,1.0,1.0,1.0,0.0,0.0,0.0,0.0,0.0,0.0,0.0,1.0,1.0,1.0,1.0,0.0,1.0,0.0,0.0,1.0,1,0,0,0,0,0,0,0,0,0,0
train,vgr_train_storage_cycle_05,1.0,1.0,1.0,0.0,0.0,0.0,0.0,0.0,0.0,0.0,1.0,1.0,1.0,1.0,0.0,1.0,0.0,0.0,1.0,1,0,0,0,0,0,0,0,0,0,0
train,vgr_train_storage_cycle_05,1.0,1.0,1.0,0.0,0.0,0.0,0.0,0.0,0.0,0.0,1.0,1.0,1.0,1.0,0.0,1.0,0.0,0.0,1.0,1,0,0,0,0,0,0,0,0,0,0
train,vgr_train_storage_cycle_05,1.0,1.0,1.0,0.0,0.0,0.0,0.0,0.0,0.0,0.0,1.0,1.0,1.0,1.0,0.0,1.0,0.0,0.0,1.0,1,0,0,0,0,0,0,0,0,0,0
train,vgr_train_storage_cycle_05,1.0,1.0,1.0,0.0,0.0,0.0,0.0,0.0,0.0,0.0,1.0,1.0,1.0,1.0,0.0,1.0,0.0,0.0,0.0,1,0,0,0,0,0,0,0,0,0,0
train,vgr_train_storage_cycle_05,1.0,1.0,1.0,0.0,0.0,0.0,0.0,0.0,0.0,0.0,1.0,1.0,1.0,1.0,0.0,1.0,0.0,0.0,1.0,1,0,0,0,0,0,0,0,0,0,0
train,vgr_train_storage_cycle_05,1.0,1.0,1.0,0.0,0.0,0.0,0.0,0.0,0.0,0.0,1.0,1.0,1.0,1.0,0.0,1.0,0.0,0.0,1.0,1,0,0,0,0,0,0,0,0,0,0
train,vgr_train_storage_cycle_05,1.0,1.0,1.0,0.0,0.0,0.0,0.0,0.0,0.0,0.0,1.0,1.0,1.0,1.0,0.0,1.0,0.0,0.0,1.0,1,0,0,0,0,0,0,0,0,0,0
train,vgr_train_storage_cycle_05,1.0,1.0,1.0,0.0,0.0,0.0,0.0,0.0,0.0,0.0,1.0,1.0,1.0,1.0,0.0,1.0,0.0,0.0,1.0,1,0,0,0,0,0,0,0,0,0,0
train,vgr_train_storage_cycle_05,1.0,1.0,1.0,0.0,0.0,0.0,0.0,0.0,0.0,0.0,1.0,1.0,1.0,1.0,0.0,1.0,0.0,0.0,1.0,1,0,0,0,0,0,0,0,0,0,0
train,vgr_train_storage_cycle_05,1.0,1.0,1.0,0.0,0.0,0.0,0.0,0.0,0.0,0.0,1.0,1.0,1.0,1.0,0.0,1.0,0.0,0.0,1.0,1,0,0,0,0,0,0,0,0,0,0
train,vgr_train_storage_cycle_05,1.0,1.0,1.0,0.0,0.0,0.0,0.0,0.0,0.0,0.0,1.0,1.0,1.0,1.0,0.0,1.0,0.0,0.0,1.0,1,0,0,0,0,0,0,0,0,0,0
train,vgr_train_storage_cycle_05,1.0,1.0,1.0,0.0,0.0,0.0,0.0,0.0,0.0,0.0,1.0,1.0,1.0,1.0,0.0,1.0,0.0,0.0,1.0,1,0,0,0,0,0,0,0,0,0,0
train,vgr_train_storage_cycle_05,1.0,1.0,1.0,0.0,0.0,0.0,0.0,0.0,0.0,0.0,1.0,1.0,1.0,1.0,0.0,1.0,0.0,0.0,1.0,1,0,0,0,0,0,0,0,0,0,0
train,vgr_train_storage_cycle_05,1.0,1.0,1.0,0.0,0.0,0.0,0.0,0.0,0.0,0.0,1.0,1.0,1.0,1.0,0.0,1.0,0.0,0.0,1.0,1,0,0,0,0,0,0,0,0,0,0
train,vgr_train_storage_cycle_05,1.0,1.0,1.0,0.0,0.0,0.0,0.0,0.0,0.0,0.0,1.0,1.0,1.0,1.0,0.0,1.0,0.0,0.0,1.0,1,0,0,0,0,0,0,0,0,0,0
train,vgr_train_storage_cycle_05,1.0,1.0,1.0,0.0,0.0,0.0,0.0,0.0,0.0,0.0,1.0,1.0,1.0,1.0,0.0,1.0,0.0,0.0,1.0,1,0,0,0,0,0,0,0,0,0,0
train,vgr_train_storage_cycle_05,1.0,1.0,1.0,0.0,0.0,0.0,0.0,0.0,0.0,0.0,1.0,1.0,1.0,1.0,0.0,1.0,0.0,0.0,1.0,1,0,0,0,0,0,0,0,0,0,0
train,vgr_train_storage_cycle_05,1.0,1.0,1.0,0.0,0.0,0.0,0.0,0.0,0.0,0.0,1.0,1.0,1.0,1.0,0.0,1.0,0.0,0.0,0.0,1,0,0,0,0,0,0,0,0,0,0
train,vgr_train_storage_cycle_05,1.0,1.0,1.0,0.0,0.0,0.0,0.0,0.0,0.0,0.0,1.0,1.0,1.0,1.0,0.0,1.0,0.0,0.0,1.0,1,0,0,0,0,0,0,0,0,0,0
train,vgr_train_storage_cycle_05,1.0,1.0,1.0,0.0,0.0,0.0,0.0,0.0,0.0,0.0,1.0,1.0,1.0,1.0,0.0,1.0,0.0,0.0,1.0,1,0,0,0,0,0,0,0,0,0,0
train,vgr_train_storage_cycle_05,1.0,1.0,1.0,0.0,0.0,0.0,0.0,0.0,0.0,0.0,1.0,1.0,1.0,1.0,0.0,1.0,0.0,0.0,1.0,1,0,0,0,0,0,0,0,0,0,0
train,vgr_train_storage_cycle_05,1.0,1.0,1.0,0.0,0.0,0.0,0.0,0.0,0.0,0.0,1.0,1.0,1.0,1.0,0.0,1.0,0.0,0.0,1.0,1,0,0,0,0,0,0,0,0,0,0
train,vgr_train_storage_cycle_05,1.0,1.0,1.0,0.0,0.0,0.0,0.0,0.0,0.0,0.0,1.0,1.0,1.0,1.0,0.0,1.0,0.0,0.0,1.0,1,0,0,0,0,0,0,0,0,0,0
train,vgr_train_storage_cycle_05,1.0,1.0,1.0,0.0,0.0,0.0,0.0,0.0,0.0,0.0,1.0,1.0,1.0,1.0,0.0,1.0,0.0,0.0,1.0,1,0,0,0,0,0,0,0,0,0,0
train,vgr_train_storage_cycle_05,1.0,1.0,1.0,0.0,0.0,0.0,0.0,0.0,0.0,0.0,1.0,1.0,1.0,1.0,0.0,1.0,0.0,0.0,0.0,1,0,0,0,0,0,0,0,0,0,0
train,vgr_train_storage_cycle_05,1.0,1.0,1.0,0.0,0.0,0.0,0.0,0.0,0.0,0.0,1.0,1.0,1.0,1.0,0.0,1.0,0.0,0.0,1.0,1,0,0,0,0,0,0,0,0,0,0
train,vgr_train_storage_cycle_05,1.0,1.0,1.0,0.0,0.0,0.0,0.0,0.0,0.0,0.0,1.0,1.0,1.0,1.0,0.0,1.0,0.0,0.0,1.0,1,0,0,0,0,0,0,0,0,0,0
train,vgr_train_storage_cycle_05,1.0,1.0,1.0,0.0,0.0,0.0,0.0,0.0,0.0,0.0,1.0,1.0,1.0,1.0,0.0,1.0,0.0,0.0,1.0,1,0,0,0,0,0,0,0,0,0,0
train,vgr_train_storage_cycle_05,1.0,1.0,1.0,0.0,0.0,0.0,0.0,0.0,0.0,0.0,1.0,1.0,1.0,1.0,0.0,1.0,0.0,0.0,0.0,1,0,0,0,0,0,0,0,0,0,0
train,vgr_train_storage_cycle_05,1.0,1.0,1.0,0.0,0.0,0.0,0.0,0.0,0.0,0.0,1.0,1.0,1.0,1.0,0.0,1.0,0.0,0.0,1.0,1,0,0,0,0,0,0,0,0,0,0
train,vgr_train_storage_cycle_05,1.0,1.0,1.0,0.0,0.0,0.0,0.0,0.0,0.0,0.0,1.0,1.0,1.0,1.0,0.0,1.0,0.0,0.0,1.0,1,0,0,0,0,0,0,0,0,0,0
train,vgr_train_storage_cycle_05,1.0,1.0,1.0,0.0,0.0,0.0,0.0,0.0,0.0,0.0,1.0,1.0,1.0,1.0,0.0,1.0,0.0,0.0,1.0,1,0,0,0,0,0,0,0,0,0,0
train,vgr_train_storage_cycle_05,1.0,1.0,1.0,0.0,0.0,0.0,0.0,0.0,0.0,0.0,1.0,1.0,1.0,1.0,0.0,1.0,0.0,0.0,1.0,1,0,0,0,0,0,0,0,0,0,0
train,vgr_train_storage_cycle_05,1.0,1.0,1.0,0.0,0.0,0.0,0.0,0.0,0.0,0.0,1.0,1.0,1.0,1.0,0.0,1.0,0.0,0.0,1.0,1,0,0,0,0,0,0,0,0,0,0
train,vgr_train_storage_cycle_05,1.0,1.0,1.0,0.0,0.0,0.0,0.0,0.0,0.0,0.0,1.0,1.0,1.0,1.0,0.0,1.0,0.0,0.0,1.0,1,0,0,0,0,0,0,0,0,0,0
train,vgr_train_storage_cycle_05,1.0,1.0,1.0,0.0,0.0,0.0,0.0,0.0,0.0,0.0,1.0,1.0,1.0,1.0,0.0,1.0,0.0,0.0,1.0,1,0,0,0,0,0,0,0,0,0,0
train,vgr_train_storage_cycle_05,1.0,1.0,1.0,0.0,0.0,0.0,0.0,0.0,0.0,0.0,1.0,1.0,1.0,1.0,0.0,1.0,0.0,0.0,1.0,1,0,0,0,0,0,0,0,0,0,0
train,vgr_train_storage_cycle_05,1.0,1.0,1.0,0.0,0.0,0.0,0.0,0.0,0.0,0.0,1.0,1.0,1.0,1.0,0.0,1.0,0.0,0.0,1.0,1,0,0,0,0,0,0,0,0,0,0
train,vgr_train_storage_cycle_05,1.0,1.0,1.0,0.0,0.0,0.0,0.0,0.0,0.0,0.0,1.0,1.0,1.0,1.0,0.0,1.0,0.0,0.0,1.0,1,0,0,0,0,0,0,0,0,0,0
train,vgr_train_storage_cycle_05,1.0,1.0,1.0,0.0,0.0,0.0,0.0,0.0,0.0,0.0,1.0,1.0,1.0,1.0,0.0,1.0,0.0,0.0,1.0,1,0,0,0,0,0,0,0,0,0,0
train,vgr_train_storage_cycle_05,1.0,1.0,1.0,0.0,0.0,0.0,0.0,0.0,0.0,0.0,1.0,1.0,1.0,1.0,0.0,1.0,0.0,0.0,1.0,1,0,0,0,0,0,0,0,0,0,0
train,vgr_train_storage_cycle_05,1.0,1.0,1.0,0.0,0.0,0.0,0.0,0.0,0.0,0.0,1.0,1.0,1.0,1.0,0.0,1.0,0.0,0.0,1.0,1,0,0,0,0,0,0,0,0,0,0
train,vgr_train_storage_cycle_05,1.0,1.0,1.0,0.0,0.0,0.0,0.0,0.0,0.0,0.0,1.0,1.0,1.0,1.0,0.0,1.0,0.0,0.0,1.0,1,0,0,0,0,0,0,0,0,0,0
train,vgr_train_storage_cycle_05,1.0,1.0,1.0,0.0,0.0,0.0,0.0,0.0,0.0,0.0,1.0,1.0,1.0,1.0,0.0,1.0,0.0,0.0,1.0,1,0,0,0,0,0,0,0,0,0,0
train,vgr_train_storage_cycle_05,1.0,1.0,1.0,0.0,0.0,0.0,0.0,0.0,0.0,0.0,1.0,1.0,1.0,1.0,0.0,1.0,0.0,0.0,0.0,1,0,0,0,0,0,0,0,0,0,0
train,vgr_train_storage_cycle_05,1.0,1.0,1.0,0.0,0.0,0.0,0.0,0.0,0.0,0.0,1.0,1.0,1.0,1.0,0.0,1.0,0.0,0.0,1.0,1,0,0,0,0,0,0,0,0,0,0
train,vgr_train_storage_cycle_05,1.0,1.0,1.0,0.0,0.0,0.0,0.0,0.0,0.0,0.0,1.0,1.0,1.0,1.0,0.0,1.0,0.0,0.0,1.0,1,0,0,0,0,0,0,0,0,0,0
train,vgr_train_storage_cycle_05,1.0,1.0,1.0,0.0,0.0,0.0,0.0,0.0,0.0,0.0,1.0,1.0,1.0,1.0,0.0,1.0,0.0,0.0,1.0,1,0,0,0,0,0,0,0,0,0,0
train,vgr_train_storage_cycle_05,1.0,1.0,1.0,0.0,0.0,0.0,0.0,0.0,0.0,0.0,1.0,1.0,1.0,1.0,0.0,1.0,0.0,0.0,1.0,1,0,0,0,0,0,0,0,0,0,0
train,vgr_train_storage_cycle_05,1.0,1.0,1.0,0.0,0.0,0.0,0.0,0.0,0.0,0.0,1.0,1.0,1.0,1.0,0.0,1.0,0.0,0.0,1.0,1,0,0,0,0,0,0,0,0,0,0
train,vgr_train_storage_cycle_05,1.0,1.0,1.0,0.0,0.0,0.0,0.0,0.0,0.0,0.0,1.0,1.0,1.0,1.0,0.0,1.0,0.0,0.0,1.0,1,0,0,0,0,0,0,0,0,0,0
train,vgr_train_storage_cycle_05,1.0,1.0,1.0,0.0,0.0,0.0,0.0,0.0,0.0,0.0,1.0,1.0,1.0,1.0,0.0,1.0,0.0,0.0,1.0,1,0,0,0,0,0,0,0,0,0,0
train,vgr_train_storage_cycle_05,1.0,1.0,1.0,0.0,0.0,0.0,0.0,0.0,0.0,0.0,1.0,1.0,1.0,1.0,0.0,1.0,0.0,0.0,1.0,1,0,0,0,0,0,0,0,0,0,0
train,vgr_train_storage_cycle_05,1.0,1.0,1.0,0.0,0.0,0.0,0.0,0.0,0.0,0.0,1.0,1.0,1.0,1.0,0.0,1.0,0.0,0.0,1.0,1,0,0,0,0,0,0,0,0,0,0
train,vgr_train_storage_cycle_05,1.0,1.0,1.0,0.0,0.0,0.0,0.0,0.0,0.0,0.0,1.0,1.0,1.0,1.0,0.0,1.0,0.0,0.0,1.0,1,0,0,0,0,0,0,0,0,0,0
train,vgr_train_storage_cycle_05,1.0,1.0,1.0,0.0,0.0,0.0,0.0,0.0,0.0,0.0,1.0,1.0,1.0,1.0,0.0,1.0,0.0,0.0,1.0,1,0,0,0,0,0,0,0,0,0,0
train,vgr_train_storage_cycle_05,1.0,1.0,1.0,0.0,0.0,0.0,0.0,0.0,0.0,0.0,1.0,1.0,1.0,1.0,0.0,1.0,0.0,0.0,1.0,1,0,0,0,0,0,0,0,0,0,0
train,vgr_train_storage_cycle_05,1.0,1.0,1.0,0.0,0.0,0.0,0.0,0.0,0.0,0.0,1.0,1.0,1.0,1.0,0.0,1.0,0.0,0.0,1.0,1,0,0,0,0,0,0,0,0,0,0
train,vgr_train_storage_cycle_05,1.0,1.0,1.0,0.0,0.0,0.0,0.0,0.0,0.0,0.0,1.0,1.0,1.0,1.0,0.0,1.0,0.0,0.0,1.0,1,0,0,0,0,0,0,0,0,0,0
train,vgr_train_storage_cycle_05,1.0,1.0,1.0,0.0,0.0,0.0,0.0,0.0,0.0,0.0,1.0,1.0,1.0,1.0,0.0,1.0,0.0,0.0,1.0,1,0,0,0,0,0,0,0,0,0,0
train,vgr_train_storage_cycle_05,1.0,1.0,1.0,0.0,0.0,0.0,0.0,0.0,0.0,0.0,1.0,1.0,1.0,1.0,0.0,1.0,0.0,0.0,1.0,1,0,0,0,0,0,0,0,0,0,0
train,vgr_train_storage_cycle_05,1.0,1.0,1.0,0.0,0.0,0.0,0.0,0.0,0.0,0.0,1.0,1.0,1.0,1.0,0.0,1.0,0.0,0.0,1.0,1,0,0,0,0,0,0,0,0,0,0
train,vgr_train_storage_cycle_05,1.0,1.0,1.0,0.0,0.0,0.0,0.0,0.0,0.0,0.0,1.0,1.0,1.0,1.0,0.0,1.0,0.0,0.0,1.0,1,0,0,0,0,0,0,0,0,0,0
train,vgr_train_storage_cycle_05,1.0,1.0,1.0,0.0,0.0,0.0,0.0,0.0,0.0,0.0,1.0,1.0,1.0,1.0,0.0,1.0,0.0,0.0,0.0,1,0,0,0,0,0,0,0,0,0,0
train,vgr_train_storage_cycle_05,1.0,1.0,1.0,0.0,0.0,0.0,0.0,0.0,0.0,0.0,1.0,1.0,1.0,1.0,0.0,1.0,0.0,0.0,1.0,1,0,0,0,0,0,0,0,0,0,0
train,vgr_train_storage_cycle_05,1.0,1.0,1.0,0.0,0.0,0.0,0.0,0.0,0.0,0.0,1.0,1.0,1.0,1.0,0.0,1.0,0.0,0.0,1.0,1,0,0,0,0,0,0,0,0,0,0
train,vgr_train_storage_cycle_05,1.0,1.0,1.0,0.0,0.0,0.0,0.0,0.0,0.0,0.0,1.0,1.0,1.0,1.0,0.0,1.0,0.0,0.0,1.0,1,0,0,0,0,0,0,0,0,0,0
train,vgr_train_storage_cycle_05,1.0,1.0,1.0,0.0,0.0,0.0,0.0,0.0,0.0,0.0,1.0,1.0,1.0,1.0,0.0,1.0,0.0,0.0,1.0,1,0,0,0,0,0,0,0,0,0,0
train,vgr_train_storage_cycle_05,1.0,1.0,1.0,0.0,0.0,0.0,0.0,0.0,0.0,0.0,1.0,1.0,1.0,1.0,0.0,1.0,0.0,0.0,1.0,1,0,0,0,0,0,0,0,0,0,0
train,vgr_train_storage_cycle_05,1.0,1.0,1.0,0.0,0.0,0.0,0.0,0.0,0.0,0.0,1.0,1.0,1.0,1.0,0.0,1.0,0.0,0.0,1.0,1,0,0,0,0,0,0,0,0,0,0
train,vgr_train_storage_cycle_05,1.0,1.0,1.0,0.0,0.0,0.0,0.0,0.0,0.0,0.0,1.0,1.0,1.0,1.0,0.0,1.0,0.0,0.0,1.0,1,0,0,0,0,0,0,0,0,0,0
train,vgr_train_storage_cycle_05,1.0,1.0,1.0,0.0,0.0,0.0,0.0,0.0,0.0,0.0,1.0,1.0,1.0,1.0,0.0,1.0,0.0,0.0,1.0,1,0,0,0,0,0,0,0,0,0,0
train,vgr_train_storage_cycle_05,1.0,1.0,1.0,0.0,0.0,0.0,0.0,0.0,0.0,0.0,1.0,1.0,1.0,1.0,0.0,1.0,0.0,0.0,1.0,1,0,0,0,0,0,0,0,0,0,0
train,vgr_train_storage_cycle_05,1.0,1.0,1.0,0.0,0.0,0.0,0.0,0.0,0.0,0.0,1.0,1.0,1.0,1.0,0.0,1.0,0.0,0.0,1.0,1,0,0,0,0,0,0,0,0,0,0
train,vgr_train_storage_cycle_05,1.0,1.0,1.0,0.0,0.0,0.0,0.0,0.0,0.0,0.0,1.0,1.0,1.0,1.0,0.0,1.0,0.0,0.0,1.0,1,0,0,0,0,0,0,0,0,0,0
train,vgr_train_storage_cycle_05,1.0,1.0,1.0,0.0,0.0,0.0,0.0,0.0,0.0,0.0,1.0,1.0,1.0,1.0,0.0,1.0,0.0,0.0,0.0,1,0,0,0,0,0,0,0,0,0,0
train,vgr_train_storage_cycle_05,1.0,1.0,1.0,0.0,0.0,0.0,0.0,0.0,0.0,0.0,1.0,1.0,1.0,1.0,0.0,1.0,0.0,0.0,1.0,1,0,0,0,0,0,0,0,0,0,0
train,vgr_train_storage_cycle_05,1.0,1.0,1.0,0.0,0.0,0.0,0.0,0.0,0.0,0.0,1.0,1.0,1.0,1.0,0.0,1.0,0.0,0.0,1.0,1,0,0,0,0,0,0,0,0,0,0
train,vgr_train_storage_cycle_05,1.0,1.0,1.0,0.0,0.0,0.0,0.0,0.0,0.0,0.0,1.0,1.0,1.0,1.0,0.0,1.0,0.0,0.0,1.0,1,0,0,0,0,0,0,0,0,0,0
train,vgr_train_storage_cycle_05,1.0,1.0,1.0,0.0,0.0,0.0,0.0,0.0,0.0,0.0,1.0,1.0,1.0,1.0,0.0,1.0,0.0,0.0,1.0,1,0,0,0,0,0,0,0,0,0,0
train,vgr_train_storage_cycle_05,1.0,1.0,1.0,0.0,0.0,0.0,0.0,0.0,0.0,0.0,1.0,1.0,1.0,1.0,0.0,1.0,0.0,0.0,1.0,1,0,0,0,0,0,0,0,0,0,0
train,vgr_train_storage_cycle_05,1.0,1.0,1.0,0.0,0.0,0.0,0.0,0.0,0.0,0.0,1.0,1.0,1.0,1.0,0.0,1.0,0.0,0.0,1.0,1,0,0,0,0,0,0,0,0,0,0
train,vgr_train_storage_cycle_05,1.0,1.0,1.0,0.0,0.0,0.0,0.0,0.0,0.0,0.0,1.0,1.0,1.0,1.0,0.0,1.0,0.0,0.0,1.0,1,0,0,0,0,0,0,0,0,0,0
train,vgr_train_storage_cycle_05,1.0,1.0,1.0,0.0,0.0,0.0,0.0,0.0,0.0,0.0,1.0,1.0,1.0,1.0,0.0,1.0,0.0,0.0,1.0,1,0,0,0,0,0,0,0,0,0,0
train,vgr_train_storage_cycle_05,1.0,1.0,1.0,0.0,0.0,0.0,0.0,0.0,0.0,0.0,1.0,1.0,1.0,1.0,0.0,1.0,0.0,0.0,1.0,1,0,0,0,0,0,0,0,0,0,0
train,vgr_train_storage_cycle_05,1.0,1.0,1.0,0.0,0.0,0.0,0.0,0.0,0.0,0.0,1.0,1.0,1.0,1.0,0.0,1.0,0.0,0.0,1.0,1,0,0,0,0,0,0,0,0,0,0
train,vgr_train_storage_cycle_05,1.0,1.0,1.0,0.0,0.0,0.0,0.0,0.0,0.0,0.0,1.0,1.0,1.0,1.0,0.0,1.0,0.0,0.0,1.0,1,0,0,0,0,0,0,0,0,0,0
train,vgr_train_storage_cycle_05,1.0,1.0,1.0,0.0,0.0,0.0,0.0,0.0,0.0,0.0,1.0,1.0,1.0,1.0,0.0,1.0,0.0,0.0,0.0,1,0,0,0,0,0,0,0,0,0,0
train,vgr_train_storage_cycle_05,1.0,1.0,1.0,0.0,0.0,0.0,0.0,0.0,0.0,0.0,1.0,1.0,1.0,1.0,0.0,1.0,0.0,0.0,1.0,1,0,0,0,0,0,0,0,0,0,0
train,vgr_train_storage_cycle_05,1.0,1.0,1.0,0.0,0.0,0.0,0.0,0.0,0.0,0.0,1.0,1.0,1.0,1.0,0.0,1.0,0.0,0.0,1.0,1,0,0,0,0,0,0,0,0,0,0
train,vgr_train_storage_cycle_05,1.0,1.0,1.0,0.0,0.0,0.0,0.0,0.0,0.0,0.0,1.0,1.0,1.0,1.0,0.0,1.0,0.0,0.0,1.0,1,0,0,0,0,0,0,0,0,0,0
train,vgr_train_storage_cycle_05,1.0,1.0,1.0,0.0,0.0,0.0,0.0,0.0,0.0,0.0,1.0,1.0,1.0,1.0,0.0,1.0,0.0,0.0,1.0,1,0,0,0,0,0,0,0,0,0,0
train,vgr_train_storage_cycle_05,1.0,1.0,1.0,0.0,0.0,0.0,0.0,0.0,0.0,0.0,1.0,1.0,1.0,1.0,0.0,1.0,0.0,0.0,1.0,1,0,0,0,0,0,0,0,0,0,0
train,vgr_train_storage_cycle_05,1.0,1.0,1.0,0.0,0.0,0.0,0.0,0.0,0.0,0.0,1.0,1.0,1.0,1.0,0.0,1.0,0.0,0.0,1.0,1,0,0,0,0,0,0,0,0,0,0
train,vgr_train_storage_cycle_05,1.0,1.0,1.0,0.0,0.0,0.0,0.0,0.0,0.0,0.0,1.0,1.0,1.0,1.0,0.0,1.0,0.0,0.0,1.0,1,0,0,0,0,0,0,0,0,0,0
train,vgr_train_storage_cycle_05,1.0,1.0,1.0,0.0,0.0,0.0,0.0,0.0,0.0,0.0,1.0,1.0,1.0,1.0,0.0,1.0,0.0,0.0,1.0,1,0,0,0,0,0,0,0,0,0,0
train,vgr_train_storage_cycle_05,1.0,1.0,1.0,0.0,0.0,0.0,0.0,0.0,0.0,0.0,1.0,1.0,1.0,1.0,0.0,1.0,0.0,0.0,1.0,1,0,0,0,0,0,0,0,0,0,0
train,vgr_train_storage_cycle_05,1.0,1.0,1.0,0.0,0.0,0.0,0.0,0.0,0.0,0.0,1.0,1.0,1.0,1.0,0.0,1.0,0.0,0.0,1.0,1,0,0,0,0,0,0,0,0,0,0
train,vgr_train_storage_cycle_05,1.0,1.0,1.0,0.0,0.0,0.0,0.0,0.0,0.0,0.0,1.0,1.0,1.0,1.0,0.0,1.0,0.0,0.0,1.0,1,0,0,0,0,0,0,0,0,0,0
train,vgr_train_storage_cycle_05,1.0,1.0,1.0,0.0,0.0,0.0,0.0,0.0,0.0,0.0,1.0,1.0,1.0,1.0,0.0,1.0,0.0,0.0,1.0,1,0,0,0,0,0,0,0,0,0,0
train,vgr_train_storage_cycle_05,1.0,1.0,1.0,0.0,0.0,0.0,0.0,0.0,0.0,0.0,1.0,1.0,1.0,1.0,0.0,1.0,0.0,0.0,1.0,1,0,0,0,0,0,0,0,0,0,0
train,vgr_train_storage_cycle_05,1.0,1.0,1.0,0.0,0.0,0.0,0.0,0.0,0.0,0.0,1.0,1.0,1.0,1.0,0.0,1.0,0.0,0.0,1.0,1,0,0,0,0,0,0,0,0,0,0
train,vgr_train_storage_cycle_05,1.0,1.0,1.0,0.0,0.0,0.0,0.0,0.0,0.0,0.0,1.0,1.0,1.0,1.0,0.0,1.0,0.0,0.0,1.0,1,0,0,0,0,0,0,0,0,0,0
train,vgr_train_storage_cycle_05,1.0,1.0,1.0,0.0,0.0,0.0,0.0,0.0,0.0,0.0,1.0,1.0,1.0,1.0,0.0,1.0,0.0,0.0,1.0,1,0,0,0,0,0,0,0,0,0,0
train,vgr_train_storage_cycle_05,1.0,1.0,1.0,0.0,0.0,0.0,0.0,0.0,0.0,0.0,1.0,1.0,1.0,1.0,0.0,1.0,0.0,0.0,1.0,1,0,0,0,0,0,0,0,0,0,0
train,vgr_train_storage_cycle_05,1.0,1.0,1.0,0.0,0.0,0.0,0.0,0.0,0.0,0.0,1.0,1.0,1.0,1.0,0.0,1.0,0.0,0.0,1.0,1,0,0,0,0,0,0,0,0,0,0
train,vgr_train_storage_cycle_05,1.0,1.0,1.0,0.0,0.0,0.0,0.0,0.0,0.0,0.0,1.0,1.0,1.0,1.0,0.0,1.0,0.0,0.0,1.0,1,0,0,0,0,0,0,0,0,0,0
train,vgr_train_storage_cycle_05,1.0,1.0,1.0,0.0,0.0,0.0,0.0,0.0,0.0,0.0,1.0,1.0,1.0,1.0,0.0,1.0,0.0,0.0,1.0,0,1,0,0,0,0,0,0,0,0,0
train,vgr_train_storage_cycle_05,1.0,1.0,1.0,0.0,0.0,0.0,0.0,0.0,0.0,0.0,1.0,1.0,1.0,1.0,0.0,1.0,0.0,0.0,1.0,0,1,0,0,0,0,0,0,0,0,0
train,vgr_train_storage_cycle_05,1.0,1.0,1.0,0.0,0.0,0.0,0.0,0.0,0.0,0.0,1.0,1.0,1.0,1.0,0.0,1.0,0.0,0.0,1.0,0,1,0,0,0,0,0,0,0,0,0
train,vgr_train_storage_cycle_05,1.0,1.0,1.0,0.0,0.0,0.0,0.0,0.0,0.0,0.0,1.0,1.0,1.0,1.0,0.0,1.0,0.0,0.0,1.0,0,1,0,0,0,0,0,0,0,0,0
train,vgr_train_storage_cycle_05,1.0,1.0,1.0,0.0,0.0,0.0,0.0,0.0,0.0,0.0,1.0,1.0,1.0,1.0,0.0,1.0,0.0,0.0,1.0,0,1,0,0,0,0,0,0,0,0,0
train,vgr_train_storage_cycle_05,1.0,1.0,1.0,0.0,0.0,0.0,0.0,0.0,0.0,0.0,1.0,1.0,1.0,1.0,0.0,1.0,0.0,0.0,1.0,0,1,0,0,0,0,0,0,0,0,0
train,vgr_train_storage_cycle_05,1.0,1.0,1.0,0.0,0.0,0.0,0.0,0.0,0.0,0.0,1.0,1.0,1.0,1.0,0.0,1.0,0.0,0.0,1.0,0,1,0,0,0,0,0,0,0,0,0
train,vgr_train_storage_cycle_05,1.0,1.0,1.0,0.0,0.0,0.0,0.0,0.0,0.0,0.0,1.0,1.0,1.0,1.0,0.0,1.0,0.0,0.0,1.0,0,1,0,0,0,0,0,0,0,0,0
train,vgr_train_storage_cycle_05,1.0,1.0,1.0,0.0,0.0,0.0,0.0,0.0,0.0,0.0,1.0,1.0,1.0,1.0,0.0,1.0,0.0,0.0,1.0,0,1,0,0,0,0,0,0,0,0,0
train,vgr_train_storage_cycle_05,1.0,1.0,1.0,0.0,0.0,0.0,0.0,0.0,0.0,0.0,1.0,1.0,1.0,1.0,0.0,1.0,0.0,0.0,1.0,0,1,0,0,0,0,0,0,0,0,0
train,vgr_train_storage_cycle_05,1.0,1.0,1.0,0.0,0.0,0.0,0.0,0.0,0.0,0.0,1.0,1.0,1.0,1.0,0.0,1.0,0.0,0.0,0.0,0,1,0,0,0,0,0,0,0,0,101
train,vgr_train_storage_cycle_05,0.0,0.0,0.0,0.0,0.0,1.0,1.0,391.0,26.0,32.0,1.0,1.0,1.0,1.0,0.0,1.0,0.0,0.0,1.0,0,1,0,0,0,0,0,0,0,0,102
train,vgr_train_storage_cycle_05,0.0,0.0,0.0,0.0,0.0,1.0,1.0,1451.0,908.0,704.0,0.0,1.0,1.0,0.0,0.0,1.0,404.0,2869.0,1.0,0,1,0,0,0,0,0,0,0,0,103
train,vgr_train_storage_cycle_05,0.0,0.0,0.0,0.0,0.0,1.0,1.0,2453.0,160.0,428.0,0.0,1.0,1.0,0.0,0.0,1.0,37.0,2869.0,1.0,0,1,0,0,0,0,0,0,0,0,102
train,vgr_train_storage_cycle_05,0.0,0.0,0.0,0.0,0.0,1.0,1.0,1447.0,905.0,706.0,0.0,0.0,1.0,0.0,1.0,0.0,2799.0,16.0,1.0,0,1,0,0,0,0,0,0,0,0,104
train,vgr_train_storage_cycle_05,1.0,0.0,0.0,1.0,1.0,1.0,1.0,0.0,604.0,5348.0,0.0,1.0,0.0,0.0,1.0,0.0,2799.0,16.0,1.0,0,1,0,0,0,0,0,0,0,0,105
train,vgr_train_storage_cycle_05,0.0,0.0,0.0,0.0,0.0,0.0,0.0,398.0,604.0,5348.0,0.0,1.0,0.0,0.0,1.0,0.0,2799.0,16.0,1.0,0,1,0,0,0,0,0,0,0,0,0
train,vgr_train_storage_cycle_05,0.0,0.0,0.0,0.0,0.0,0.0,0.0,398.0,604.0,5348.0,0.0,0.0,1.0,0.0,1.0,0.0,2799.0,16.0,1.0,0,1,0,0,0,0,0,0,0,0,0
train,vgr_train_storage_cycle_05,0.0,0.0,0.0,0.0,0.0,0.0,0.0,398.0,604.0,5348.0,0.0,1.0,1.0,0.0,0.0,1.0,35.0,2870.0,1.0,0,1,0,0,0,0,0,0,0,0,0
train,vgr_train_storage_cycle_05,0.0,0.0,0.0,0.0,0.0,0.0,0.0,398.0,604.0,5348.0,0.0,1.0,1.0,0.0,0.0,1.0,402.0,2870.0,1.0,0,1,0,0,0,0,0,0,0,0,301
train,vgr_train_storage_cycle_05,1.0,1.0,1.0,0.0,0.0,0.0,0.0,0.0,0.0,0.0,1.0,1.0,1.0,1.0,0.0,1.0,0.0,0.0,1.0,0,0,1,0,0,0,0,0,0,0,0
train,vgr_train_storage_cycle_05,1.0,1.0,1.0,0.0,0.0,0.0,0.0,0.0,0.0,0.0,1.0,1.0,1.0,1.0,0.0,1.0,0.0,0.0,1.0,0,0,1,0,0,0,0,0,0,0,0
train,vgr_train_storage_cycle_05,1.0,1.0,1.0,0.0,0.0,0.0,0.0,0.0,0.0,0.0,1.0,1.0,1.0,1.0,0.0,1.0,0.0,0.0,1.0,0,0,1,0,0,0,0,0,0,0,0
train,vgr_train_storage_cycle_05,1.0,1.0,1.0,0.0,0.0,0.0,0.0,0.0,0.0,0.0,1.0,1.0,1.0,1.0,0.0,1.0,0.0,0.0,1.0,0,0,1,0,0,0,0,0,0,0,0
train,vgr_train_storage_cycle_05,1.0,1.0,1.0,0.0,0.0,0.0,0.0,0.0,0.0,0.0,1.0,1.0,1.0,1.0,0.0,1.0,0.0,0.0,1.0,0,0,1,0,0,0,0,0,0,0,0
train,vgr_train_storage_cycle_05,1.0,1.0,1.0,0.0,0.0,0.0,0.0,0.0,0.0,0.0,1.0,1.0,1.0,1.0,0.0,1.0,0.0,0.0,1.0,0,0,1,0,0,0,0,0,0,0,0
train,vgr_train_storage_cycle_05,1.0,1.0,1.0,0.0,0.0,0.0,0.0,0.0,0.0,0.0,1.0,1.0,1.0,1.0,0.0,1.0,0.0,0.0,1.0,0,0,1,0,0,0,0,0,0,0,0
train,vgr_train_storage_cycle_05,1.0,1.0,1.0,0.0,0.0,0.0,0.0,0.0,0.0,0.0,1.0,1.0,1.0,1.0,0.0,1.0,0.0,0.0,1.0,0,0,1,0,0,0,0,0,0,0,0
train,vgr_train_storage_cycle_05,1.0,1.0,1.0,0.0,0.0,0.0,0.0,0.0,0.0,0.0,1.0,1.0,1.0,1.0,0.0,1.0,0.0,0.0,1.0,0,0,1,0,0,0,0,0,0,0,0
train,vgr_train_storage_cycle_05,1.0,1.0,1.0,0.0,0.0,0.0,0.0,0.0,0.0,0.0,1.0,1.0,1.0,1.0,0.0,1.0,0.0,0.0,1.0,0,0,1,0,0,0,0,0,0,0,0
train,vgr_train_storage_cycle_05,1.0,1.0,1.0,0.0,0.0,0.0,0.0,0.0,0.0,0.0,1.0,1.0,1.0,1.0,0.0,1.0,0.0,0.0,1.0,0,0,1,0,0,0,0,0,0,0,0
train,vgr_train_storage_cycle_05,1.0,1.0,1.0,0.0,0.0,0.0,0.0,0.0,0.0,0.0,1.0,1.0,1.0,1.0,0.0,1.0,0.0,0.0,1.0,0,0,1,0,0,0,0,0,0,0,0
train,vgr_train_storage_cycle_05,1.0,1.0,1.0,0.0,0.0,0.0,0.0,0.0,0.0,0.0,1.0,1.0,1.0,1.0,0.0,1.0,0.0,0.0,1.0,0,0,1,0,0,0,0,0,0,0,0
train,vgr_train_storage_cycle_05,1.0,1.0,1.0,0.0,0.0,0.0,0.0,0.0,0.0,0.0,1.0,1.0,1.0,1.0,0.0,1.0,0.0,0.0,1.0,0,0,1,0,0,0,0,0,0,0,0
train,vgr_train_storage_cycle_05,1.0,1.0,1.0,0.0,0.0,0.0,0.0,0.0,0.0,0.0,1.0,1.0,1.0,1.0,0.0,1.0,0.0,0.0,1.0,0,0,1,0,0,0,0,0,0,0,0
train,vgr_train_storage_cycle_05,1.0,1.0,1.0,0.0,0.0,0.0,0.0,0.0,0.0,0.0,1.0,1.0,1.0,1.0,0.0,1.0,0.0,0.0,1.0,0,0,1,0,0,0,0,0,0,0,0
train,vgr_train_storage_cycle_05,1.0,1.0,1.0,0.0,0.0,0.0,0.0,0.0,0.0,0.0,1.0,1.0,1.0,1.0,0.0,1.0,0.0,0.0,0.0,0,0,1,0,0,0,0,0,0,0,101
train,vgr_train_storage_cycle_05,0.0,0.0,0.0,0.0,0.0,1.0,1.0,394.0,26.0,33.0,1.0,1.0,1.0,1.0,0.0,1.0,0.0,0.0,1.0,0,0,1,0,0,0,0,0,0,0,102
train,vgr_train_storage_cycle_05,0.0,0.0,0.0,0.0,0.0,1.0,1.0,1452.0,904.0,703.0,0.0,1.0,1.0,0.0,0.0,1.0,1753.0,2869.0,1.0,0,0,1,0,0,0,0,0,0,0,103
train,vgr_train_storage_cycle_05,0.0,0.0,0.0,0.0,0.0,1.0,1.0,2456.0,156.0,426.0,0.0,1.0,1.0,0.0,0.0,1.0,1382.0,2869.0,1.0,0,0,1,0,0,0,0,0,0,0,102
train,vgr_train_storage_cycle_05,0.0,0.0,0.0,0.0,0.0,1.0,1.0,1449.0,908.0,702.0,0.0,0.0,1.0,0.0,1.0,0.0,2804.0,16.0,1.0,0,0,1,0,0,0,0,0,0,0,104
train,vgr_train_storage_cycle_05,1.0,0.0,0.0,1.0,1.0,1.0,1.0,0.0,608.0,5348.0,0.0,1.0,0.0,0.0,1.0,0.0,2804.0,16.0,1.0,0,0,1,0,0,0,0,0,0,0,105
train,vgr_train_storage_cycle_05,0.0,0.0,0.0,0.0,0.0,0.0,0.0,403.0,608.0,5348.0,0.0,1.0,0.0,0.0,1.0,0.0,2804.0,16.0,1.0,0,0,1,0,0,0,0,0,0,0,0
train,vgr_train_storage_cycle_05,0.0,0.0,0.0,0.0,0.0,0.0,0.0,403.0,608.0,5348.0,0.0,0.0,1.0,0.0,1.0,0.0,2804.0,16.0,1.0,0,0,1,0,0,0,0,0,0,0,0
train,vgr_train_storage_cycle_05,0.0,0.0,0.0,0.0,0.0,0.0,0.0,403.0,608.0,5348.0,0.0,1.0,1.0,0.0,0.0,1.0,1385.0,2870.0,1.0,0,0,1,0,0,0,0,0,0,0,0
train,vgr_train_storage_cycle_05,0.0,0.0,0.0,0.0,0.0,0.0,0.0,403.0,608.0,5348.0,0.0,1.0,1.0,0.0,0.0,1.0,1748.0,2870.0,1.0,0,0,1,0,0,0,0,0,0,0,301
train,vgr_train_storage_cycle_05,1.0,1.0,1.0,0.0,0.0,0.0,0.0,0.0,0.0,0.0,1.0,1.0,1.0,1.0,0.0,1.0,0.0,0.0,1.0,0,0,0,1,0,0,0,0,0,0,0
train,vgr_train_storage_cycle_05,1.0,1.0,1.0,0.0,0.0,0.0,0.0,0.0,0.0,0.0,1.0,1.0,1.0,1.0,0.0,1.0,0.0,0.0,1.0,0,0,0,1,0,0,0,0,0,0,0
train,vgr_train_storage_cycle_05,1.0,1.0,1.0,0.0,0.0,0.0,0.0,0.0,0.0,0.0,1.0,1.0,1.0,1.0,0.0,1.0,0.0,0.0,1.0,0,0,0,1,0,0,0,0,0,0,0
train,vgr_train_storage_cycle_05,1.0,1.0,1.0,0.0,0.0,0.0,0.0,0.0,0.0,0.0,1.0,1.0,1.0,1.0,0.0,1.0,0.0,0.0,1.0,0,0,0,1,0,0,0,0,0,0,0
train,vgr_train_storage_cycle_05,1.0,1.0,1.0,0.0,0.0,0.0,0.0,0.0,0.0,0.0,1.0,1.0,1.0,1.0,0.0,1.0,0.0,0.0,1.0,0,0,0,1,0,0,0,0,0,0,0
train,vgr_train_storage_cycle_05,1.0,1.0,1.0,0.0,0.0,0.0,0.0,0.0,0.0,0.0,1.0,1.0,1.0,1.0,0.0,1.0,0.0,0.0,1.0,0,0,0,1,0,0,0,0,0,0,0
train,vgr_train_storage_cycle_05,1.0,1.0,1.0,0.0,0.0,0.0,0.0,0.0,0.0,0.0,1.0,1.0,1.0,1.0,0.0,1.0,0.0,0.0,1.0,0,0,0,1,0,0,0,0,0,0,0
train,vgr_train_storage_cycle_05,1.0,1.0,1.0,0.0,0.0,0.0,0.0,0.0,0.0,0.0,1.0,1.0,1.0,1.0,0.0,1.0,0.0,0.0,1.0,0,0,0,1,0,0,0,0,0,0,0
train,vgr_train_storage_cycle_05,1.0,1.0,1.0,0.0,0.0,0.0,0.0,0.0,0.0,0.0,1.0,1.0,1.0,1.0,0.0,1.0,0.0,0.0,1.0,0,0,0,1,0,0,0,0,0,0,0
train,vgr_train_storage_cycle_05,1.0,1.0,1.0,0.0,0.0,0.0,0.0,0.0,0.0,0.0,1.0,1.0,1.0,1.0,0.0,1.0,0.0,0.0,1.0,0,0,0,1,0,0,0,0,0,0,0
train,vgr_train_storage_cycle_05,1.0,1.0,1.0,0.0,0.0,0.0,0.0,0.0,0.0,0.0,1.0,1.0,1.0,1.0,0.0,1.0,0.0,0.0,1.0,0,0,0,1,0,0,0,0,0,0,0
train,vgr_train_storage_cycle_05,1.0,1.0,1.0,0.0,0.0,0.0,0.0,0.0,0.0,0.0,1.0,1.0,1.0,1.0,0.0,1.0,0.0,0.0,1.0,0,0,0,1,0,0,0,0,0,0,0
train,vgr_train_storage_cycle_05,1.0,1.0,1.0,0.0,0.0,0.0,0.0,0.0,0.0,0.0,1.0,1.0,1.0,1.0,0.0,1.0,0.0,0.0,1.0,0,0,0,1,0,0,0,0,0,0,0
train,vgr_train_storage_cycle_05,1.0,1.0,1.0,0.0,0.0,0.0,0.0,0.0,0.0,0.0,1.0,1.0,1.0,1.0,0.0,1.0,0.0,0.0,1.0,0,0,0,1,0,0,0,0,0,0,0
train,vgr_train_storage_cycle_05,1.0,1.0,1.0,0.0,0.0,0.0,0.0,0.0,0.0,0.0,1.0,1.0,1.0,1.0,0.0,1.0,0.0,0.0,0.0,0,0,0,1,0,0,0,0,0,0,101
train,vgr_train_storage_cycle_05,0.0,0.0,0.0,0.0,0.0,1.0,1.0,397.0,25.0,33.0,1.0,1.0,1.0,1.0,0.0,1.0,0.0,0.0,1.0,0,0,0,1,0,0,0,0,0,0,102
train,vgr_train_storage_cycle_05,0.0,0.0,0.0,0.0,0.0,1.0,1.0,1449.0,905.0,702.0,0.0,1.0,1.0,0.0,0.0,1.0,3252.0,2869.0,1.0,0,0,0,1,0,0,0,0,0,0,103
train,vgr_train_storage_cycle_05,0.0,0.0,0.0,0.0,0.0,1.0,1.0,2455.0,152.0,426.0,0.0,1.0,1.0,0.0,0.0,1.0,2885.0,2869.0,1.0,0,0,0,1,0,0,0,0,0,0,102
train,vgr_train_storage_cycle_05,0.0,0.0,0.0,0.0,0.0,1.0,1.0,1448.0,910.0,704.0,0.0,0.0,1.0,0.0,1.0,0.0,2799.0,18.0,1.0,0,0,0,1,0,0,0,0,0,0,104
train,vgr_train_storage_cycle_05,1.0,0.0,0.0,1.0,1.0,1.0,1.0,0.0,604.0,5348.0,0.0,1.0,0.0,0.0,1.0,0.0,2799.0,18.0,1.0,0,0,0,1,0,0,0,0,0,0,105
train,vgr_train_storage_cycle_05,0.0,0.0,0.0,0.0,0.0,0.0,0.0,396.0,604.0,5348.0,0.0,1.0,0.0,0.0,1.0,0.0,2799.0,18.0,1.0,0,0,0,1,0,0,0,0,0,0,0
train,vgr_train_storage_cycle_05,0.0,0.0,0.0,0.0,0.0,0.0,0.0,396.0,604.0,5348.0,0.0,0.0,1.0,0.0,1.0,0.0,2799.0,18.0,1.0,0,0,0,1,0,0,0,0,0,0,0
train,vgr_train_storage_cycle_05,0.0,0.0,0.0,0.0,0.0,0.0,0.0,396.0,604.0,5348.0,0.0,1.0,1.0,0.0,0.0,1.0,2878.0,2870.0,1.0,0,0,0,1,0,0,0,0,0,0,0
train,vgr_train_storage_cycle_05,0.0,0.0,0.0,0.0,0.0,0.0,0.0,396.0,604.0,5348.0,0.0,1.0,1.0,0.0,0.0,1.0,3250.0,2870.0,1.0,0,0,0,1,0,0,0,0,0,0,301
train,vgr_train_storage_cycle_05,1.0,1.0,1.0,0.0,0.0,0.0,0.0,0.0,0.0,0.0,1.0,1.0,1.0,1.0,0.0,1.0,0.0,0.0,1.0,0,0,0,0,1,0,0,0,0,0,0
train,vgr_train_storage_cycle_05,1.0,1.0,1.0,0.0,0.0,0.0,0.0,0.0,0.0,0.0,1.0,1.0,1.0,1.0,0.0,1.0,0.0,0.0,1.0,0,0,0,0,1,0,0,0,0,0,0
train,vgr_train_storage_cycle_05,1.0,1.0,1.0,0.0,0.0,0.0,0.0,0.0,0.0,0.0,1.0,1.0,1.0,1.0,0.0,1.0,0.0,0.0,1.0,0,0,0,0,1,0,0,0,0,0,0
train,vgr_train_storage_cycle_05,1.0,1.0,1.0,0.0,0.0,0.0,0.0,0.0,0.0,0.0,1.0,1.0,1.0,1.0,0.0,1.0,0.0,0.0,1.0,0,0,0,0,1,0,0,0,0,0,0
train,vgr_train_storage_cycle_05,1.0,1.0,1.0,0.0,0.0,0.0,0.0,0.0,0.0,0.0,1.0,1.0,1.0,1.0,0.0,1.0,0.0,0.0,1.0,0,0,0,0,1,0,0,0,0,0,0
train,vgr_train_storage_cycle_05,1.0,1.0,1.0,0.0,0.0,0.0,0.0,0.0,0.0,0.0,1.0,1.0,1.0,1.0,0.0,1.0,0.0,0.0,1.0,0,0,0,0,1,0,0,0,0,0,0
train,vgr_train_storage_cycle_05,1.0,1.0,1.0,0.0,0.0,0.0,0.0,0.0,0.0,0.0,1.0,1.0,1.0,1.0,0.0,1.0,0.0,0.0,1.0,0,0,0,0,1,0,0,0,0,0,0
train,vgr_train_storage_cycle_05,1.0,1.0,1.0,0.0,0.0,0.0,0.0,0.0,0.0,0.0,1.0,1.0,1.0,1.0,0.0,1.0,0.0,0.0,1.0,0,0,0,0,1,0,0,0,0,0,0
train,vgr_train_storage_cycle_05,1.0,1.0,1.0,0.0,0.0,0.0,0.0,0.0,0.0,0.0,1.0,1.0,1.0,1.0,0.0,1.0,0.0,0.0,1.0,0,0,0,0,1,0,0,0,0,0,0
train,vgr_train_storage_cycle_05,1.0,1.0,1.0,0.0,0.0,0.0,0.0,0.0,0.0,0.0,1.0,1.0,1.0,1.0,0.0,1.0,0.0,0.0,1.0,0,0,0,0,1,0,0,0,0,0,0
train,vgr_train_storage_cycle_05,1.0,1.0,1.0,0.0,0.0,0.0,0.0,0.0,0.0,0.0,1.0,1.0,1.0,1.0,0.0,1.0,0.0,0.0,1.0,0,0,0,0,1,0,0,0,0,0,0
train,vgr_train_storage_cycle_05,1.0,1.0,1.0,0.0,0.0,0.0,0.0,0.0,0.0,0.0,1.0,1.0,1.0,1.0,0.0,1.0,0.0,0.0,1.0,0,0,0,0,1,0,0,0,0,0,0
train,vgr_train_storage_cycle_05,1.0,1.0,1.0,0.0,0.0,0.0,0.0,0.0,0.0,0.0,1.0,1.0,1.0,1.0,0.0,1.0,0.0,0.0,1.0,0,0,0,0,1,0,0,0,0,0,0
train,vgr_train_storage_cycle_05,1.0,1.0,1.0,0.0,0.0,0.0,0.0,0.0,0.0,0.0,1.0,1.0,1.0,1.0,0.0,1.0,0.0,0.0,1.0,0,0,0,0,1,0,0,0,0,0,0
train,vgr_train_storage_cycle_05,1.0,1.0,1.0,0.0,0.0,0.0,0.0,0.0,0.0,0.0,1.0,1.0,1.0,1.0,0.0,1.0,0.0,0.0,1.0,0,0,0,0,1,0,0,0,0,0,0
train,vgr_train_storage_cycle_05,1.0,1.0,1.0,0.0,0.0,0.0,0.0,0.0,0.0,0.0,1.0,1.0,1.0,1.0,0.0,1.0,0.0,0.0,0.0,0,0,0,0,1,0,0,0,0,0,101
train,vgr_train_storage_cycle_05,0.0,0.0,0.0,0.0,0.0,1.0,1.0,394.0,25.0,29.0,1.0,1.0,1.0,1.0,0.0,1.0,0.0,0.0,1.0,0,0,0,0,1,0,0,0,0,0,102
train,vgr_train_storage_cycle_05,0.0,0.0,0.0,0.0,0.0,1.0,1.0,1449.0,905.0,703.0,0.0,1.0,1.0,0.0,0.0,1.0,399.0,5199.0,1.0,0,0,0,0,1,0,0,0,0,0,103
train,vgr_train_storage_cycle_05,0.0,0.0,0.0,0.0,0.0,1.0,1.0,2454.0,157.0,424.0,0.0,1.0,1.0,0.0,0.0,1.0,32.0,5199.0,1.0,0,0,0,0,1,0,0,0,0,0,102
train,vgr_train_storage_cycle_05,0.0,0.0,0.0,0.0,0.0,1.0,1.0,1446.0,907.0,699.0,0.0,0.0,1.0,0.0,1.0,0.0,2803.0,17.0,1.0,0,0,0,0,1,0,0,0,0,0,104
train,vgr_train_storage_cycle_05,1.0,0.0,0.0,0.0,0.0,1.0,1.0,0.0,605.0,5349.0,0.0,1.0,0.0,0.0,1.0,0.0,2803.0,17.0,1.0,0,0,0,0,1,0,0,0,0,0,105
train,vgr_train_storage_cycle_05,0.0,0.0,0.0,0.0,0.0,0.0,0.0,400.0,605.0,5349.0,0.0,1.0,0.0,0.0,1.0,0.0,2803.0,17.0,1.0,0,0,0,0,1,0,0,0,0,0,0
train,vgr_train_storage_cycle_05,0.0,0.0,0.0,0.0,0.0,0.0,0.0,400.0,605.0,5349.0,0.0,0.0,1.0,0.0,1.0,0.0,2803.0,17.0,1.0,0,0,0,0,1,0,0,0,0,0,0
train,vgr_train_storage_cycle_05,0.0,0.0,0.0,0.0,0.0,0.0,0.0,400.0,605.0,5349.0,0.0,1.0,1.0,0.0,0.0,1.0,35.0,5199.0,1.0,0,0,0,0,1,0,0,0,0,0,0
train,vgr_train_storage_cycle_05,0.0,0.0,0.0,0.0,0.0,0.0,0.0,400.0,605.0,5349.0,0.0,1.0,1.0,0.0,0.0,1.0,401.0,5199.0,1.0,0,0,0,0,1,0,0,0,0,0,301
train,vgr_train_storage_cycle_05,1.0,1.0,1.0,0.0,0.0,0.0,0.0,0.0,0.0,0.0,1.0,1.0,1.0,1.0,0.0,1.0,0.0,0.0,1.0,0,0,0,0,0,1,0,0,0,0,0
train,vgr_train_storage_cycle_05,1.0,1.0,1.0,0.0,0.0,0.0,0.0,0.0,0.0,0.0,1.0,1.0,1.0,1.0,0.0,1.0,0.0,0.0,1.0,0,0,0,0,0,1,0,0,0,0,0
train,vgr_train_storage_cycle_05,1.0,1.0,1.0,0.0,0.0,0.0,0.0,0.0,0.0,0.0,1.0,1.0,1.0,1.0,0.0,1.0,0.0,0.0,1.0,0,0,0,0,0,1,0,0,0,0,0
train,vgr_train_storage_cycle_05,1.0,1.0,1.0,0.0,0.0,0.0,0.0,0.0,0.0,0.0,1.0,1.0,1.0,1.0,0.0,1.0,0.0,0.0,1.0,0,0,0,0,0,1,0,0,0,0,0
train,vgr_train_storage_cycle_05,1.0,1.0,1.0,0.0,0.0,0.0,0.0,0.0,0.0,0.0,1.0,1.0,1.0,1.0,0.0,1.0,0.0,0.0,1.0,0,0,0,0,0,1,0,0,0,0,0
train,vgr_train_storage_cycle_05,1.0,1.0,1.0,0.0,0.0,0.0,0.0,0.0,0.0,0.0,1.0,1.0,1.0,1.0,0.0,1.0,0.0,0.0,1.0,0,0,0,0,0,1,0,0,0,0,0
train,vgr_train_storage_cycle_05,1.0,1.0,1.0,0.0,0.0,0.0,0.0,0.0,0.0,0.0,1.0,1.0,1.0,1.0,0.0,1.0,0.0,0.0,1.0,0,0,0,0,0,1,0,0,0,0,0
train,vgr_train_storage_cycle_05,1.0,1.0,1.0,0.0,0.0,0.0,0.0,0.0,0.0,0.0,1.0,1.0,1.0,1.0,0.0,1.0,0.0,0.0,1.0,0,0,0,0,0,1,0,0,0,0,0
train,vgr_train_storage_cycle_05,1.0,1.0,1.0,0.0,0.0,0.0,0.0,0.0,0.0,0.0,1.0,1.0,1.0,1.0,0.0,1.0,0.0,0.0,1.0,0,0,0,0,0,1,0,0,0,0,0
train,vgr_train_storage_cycle_05,1.0,1.0,1.0,0.0,0.0,0.0,0.0,0.0,0.0,0.0,1.0,1.0,1.0,1.0,0.0,1.0,0.0,0.0,1.0,0,0,0,0,0,1,0,0,0,0,0
train,vgr_train_storage_cycle_05,1.0,1.0,1.0,0.0,0.0,0.0,0.0,0.0,0.0,0.0,1.0,1.0,1.0,1.0,0.0,1.0,0.0,0.0,1.0,0,0,0,0,0,1,0,0,0,0,0
train,vgr_train_storage_cycle_05,1.0,1.0,1.0,0.0,0.0,0.0,0.0,0.0,0.0,0.0,1.0,1.0,1.0,1.0,0.0,1.0,0.0,0.0,1.0,0,0,0,0,0,1,0,0,0,0,0
train,vgr_train_storage_cycle_05,1.0,1.0,1.0,0.0,0.0,0.0,0.0,0.0,0.0,0.0,1.0,1.0,1.0,1.0,0.0,1.0,0.0,0.0,1.0,0,0,0,0,0,1,0,0,0,0,0
train,vgr_train_storage_cycle_05,1.0,1.0,1.0,0.0,0.0,0.0,0.0,0.0,0.0,0.0,1.0,1.0,1.0,1.0,0.0,1.0,0.0,0.0,0.0,0,0,0,0,0,1,0,0,0,0,101
train,vgr_train_storage_cycle_05,0.0,0.0,0.0,0.0,0.0,1.0,1.0,395.0,25.0,32.0,1.0,1.0,1.0,1.0,0.0,1.0,0.0,0.0,1.0,0,0,0,0,0,1,0,0,0,0,102
train,vgr_train_storage_cycle_05,0.0,0.0,0.0,0.0,0.0,1.0,1.0,1448.0,905.0,704.0,0.0,1.0,1.0,0.0,0.0,1.0,1754.0,5201.0,1.0,0,0,0,0,0,1,0,0,0,0,103
train,vgr_train_storage_cycle_05,0.0,0.0,0.0,0.0,0.0,1.0,1.0,2462.0,157.0,426.0,0.0,1.0,1.0,0.0,0.0,1.0,1386.0,5201.0,1.0,0,0,0,0,0,1,0,0,0,0,102
train,vgr_train_storage_cycle_05,0.0,0.0,0.0,0.0,0.0,1.0,1.0,1448.0,903.0,706.0,0.0,0.0,1.0,0.0,1.0,0.0,2800.0,17.0,1.0,0,0,0,0,0,1,0,0,0,0,104
train,vgr_train_storage_cycle_05,1.0,0.0,0.0,0.0,0.0,1.0,1.0,0.0,607.0,5351.0,0.0,1.0,0.0,0.0,1.0,0.0,2800.0,17.0,1.0,0,0,0,0,0,1,0,0,0,0,105
train,vgr_train_storage_cycle_05,0.0,0.0,0.0,0.0,0.0,0.0,0.0,399.0,607.0,5351.0,0.0,1.0,0.0,0.0,1.0,0.0,2800.0,17.0,1.0,0,0,0,0,0,1,0,0,0,0,0
train,vgr_train_storage_cycle_05,0.0,0.0,0.0,0.0,0.0,0.0,0.0,399.0,607.0,5351.0,0.0,0.0,1.0,0.0,1.0,0.0,2800.0,17.0,1.0,0,0,0,0,0,1,0,0,0,0,0
train,vgr_train_storage_cycle_05,0.0,0.0,0.0,0.0,0.0,0.0,0.0,399.0,607.0,5351.0,0.0,1.0,1.0,0.0,0.0,1.0,1383.0,5198.0,1.0,0,0,0,0,0,1,0,0,0,0,0
train,vgr_train_storage_cycle_05,0.0,0.0,0.0,0.0,0.0,0.0,0.0,399.0,607.0,5351.0,0.0,1.0,1.0,0.0,0.0,1.0,1752.0,5198.0,1.0,0,0,0,0,0,1,0,0,0,0,301
train,vgr_train_storage_cycle_05,1.0,1.0,1.0,0.0,0.0,0.0,0.0,0.0,0.0,0.0,1.0,1.0,1.0,1.0,0.0,1.0,0.0,0.0,1.0,0,0,0,0,0,0,1,0,0,0,0
train,vgr_train_storage_cycle_05,1.0,1.0,1.0,0.0,0.0,0.0,0.0,0.0,0.0,0.0,1.0,1.0,1.0,1.0,0.0,1.0,0.0,0.0,1.0,0,0,0,0,0,0,1,0,0,0,0
train,vgr_train_storage_cycle_05,1.0,1.0,1.0,0.0,0.0,0.0,0.0,0.0,0.0,0.0,1.0,1.0,1.0,1.0,0.0,1.0,0.0,0.0,1.0,0,0,0,0,0,0,1,0,0,0,0
train,vgr_train_storage_cycle_05,1.0,1.0,1.0,0.0,0.0,0.0,0.0,0.0,0.0,0.0,1.0,1.0,1.0,1.0,0.0,1.0,0.0,0.0,1.0,0,0,0,0,0,0,1,0,0,0,0
train,vgr_train_storage_cycle_05,1.0,1.0,1.0,0.0,0.0,0.0,0.0,0.0,0.0,0.0,1.0,1.0,1.0,1.0,0.0,1.0,0.0,0.0,1.0,0,0,0,0,0,0,1,0,0,0,0
train,vgr_train_storage_cycle_05,1.0,1.0,1.0,0.0,0.0,0.0,0.0,0.0,0.0,0.0,1.0,1.0,1.0,1.0,0.0,1.0,0.0,0.0,1.0,0,0,0,0,0,0,1,0,0,0,0
train,vgr_train_storage_cycle_05,1.0,1.0,1.0,0.0,0.0,0.0,0.0,0.0,0.0,0.0,1.0,1.0,1.0,1.0,0.0,1.0,0.0,0.0,1.0,0,0,0,0,0,0,1,0,0,0,0
train,vgr_train_storage_cycle_05,1.0,1.0,1.0,0.0,0.0,0.0,0.0,0.0,0.0,0.0,1.0,1.0,1.0,1.0,0.0,1.0,0.0,0.0,1.0,0,0,0,0,0,0,1,0,0,0,0
train,vgr_train_storage_cycle_05,1.0,1.0,1.0,0.0,0.0,0.0,0.0,0.0,0.0,0.0,1.0,1.0,1.0,1.0,0.0,1.0,0.0,0.0,1.0,0,0,0,0,0,0,1,0,0,0,0
train,vgr_train_storage_cycle_05,1.0,1.0,1.0,0.0,0.0,0.0,0.0,0.0,0.0,0.0,1.0,1.0,1.0,1.0,0.0,1.0,0.0,0.0,1.0,0,0,0,0,0,0,1,0,0,0,0
train,vgr_train_storage_cycle_05,1.0,1.0,1.0,0.0,0.0,0.0,0.0,0.0,0.0,0.0,1.0,1.0,1.0,1.0,0.0,1.0,0.0,0.0,1.0,0,0,0,0,0,0,1,0,0,0,0
train,vgr_train_storage_cycle_05,1.0,1.0,1.0,0.0,0.0,0.0,0.0,0.0,0.0,0.0,1.0,1.0,1.0,1.0,0.0,1.0,0.0,0.0,1.0,0,0,0,0,0,0,1,0,0,0,0
train,vgr_train_storage_cycle_05,1.0,1.0,1.0,0.0,0.0,0.0,0.0,0.0,0.0,0.0,1.0,1.0,1.0,1.0,0.0,1.0,0.0,0.0,1.0,0,0,0,0,0,0,1,0,0,0,0
train,vgr_train_storage_cycle_05,1.0,1.0,1.0,0.0,0.0,0.0,0.0,0.0,0.0,0.0,1.0,1.0,1.0,1.0,0.0,1.0,0.0,0.0,1.0,0,0,0,0,0,0,1,0,0,0,0
train,vgr_train_storage_cycle_05,1.0,1.0,1.0,0.0,0.0,0.0,0.0,0.0,0.0,0.0,1.0,1.0,1.0,1.0,0.0,1.0,0.0,0.0,1.0,0,0,0,0,0,0,1,0,0,0,0
train,vgr_train_storage_cycle_05,1.0,1.0,1.0,0.0,0.0,0.0,0.0,0.0,0.0,0.0,1.0,1.0,1.0,1.0,0.0,1.0,0.0,0.0,1.0,0,0,0,0,0,0,1,0,0,0,0
train,vgr_train_storage_cycle_05,1.0,1.0,1.0,0.0,0.0,0.0,0.0,0.0,0.0,0.0,1.0,1.0,1.0,1.0,0.0,1.0,0.0,0.0,1.0,0,0,0,0,0,0,1,0,0,0,0
train,vgr_train_storage_cycle_05,1.0,1.0,1.0,0.0,0.0,0.0,0.0,0.0,0.0,0.0,1.0,1.0,1.0,1.0,0.0,1.0,0.0,0.0,1.0,0,0,0,0,0,0,1,0,0,0,0
train,vgr_train_storage_cycle_05,1.0,1.0,1.0,0.0,0.0,0.0,0.0,0.0,0.0,0.0,1.0,1.0,1.0,1.0,0.0,1.0,0.0,0.0,0.0,0,0,0,0,0,0,1,0,0,0,101
train,vgr_train_storage_cycle_05,0.0,0.0,0.0,0.0,0.0,1.0,1.0,396.0,26.0,33.0,1.0,1.0,1.0,1.0,0.0,1.0,0.0,0.0,1.0,0,0,0,0,0,0,1,0,0,0,102
train,vgr_train_storage_cycle_05,0.0,0.0,0.0,0.0,0.0,1.0,1.0,1451.0,908.0,704.0,0.0,1.0,1.0,0.0,0.0,1.0,3253.0,5199.0,1.0,0,0,0,0,0,0,1,0,0,0,103
train,vgr_train_storage_cycle_05,0.0,0.0,0.0,0.0,0.0,1.0,1.0,2458.0,156.0,423.0,0.0,1.0,1.0,0.0,0.0,1.0,2883.0,5199.0,1.0,0,0,0,0,0,0,1,0,0,0,102
train,vgr_train_storage_cycle_05,0.0,0.0,0.0,0.0,0.0,1.0,1.0,1448.0,908.0,703.0,0.0,0.0,1.0,0.0,1.0,0.0,2802.0,17.0,1.0,0,0,0,0,0,0,1,0,0,0,104
train,vgr_train_storage_cycle_05,1.0,0.0,0.0,0.0,0.0,1.0,1.0,0.0,604.0,5352.0,0.0,1.0,0.0,0.0,1.0,0.0,2802.0,17.0,1.0,0,0,0,0,0,0,1,0,0,0,105
train,vgr_train_storage_cycle_05,0.0,0.0,0.0,0.0,0.0,0.0,0.0,400.0,604.0,5352.0,0.0,1.0,0.0,0.0,1.0,0.0,2802.0,17.0,1.0,0,0,0,0,0,0,1,0,0,0,0
train,vgr_train_storage_cycle_05,0.0,0.0,0.0,0.0,0.0,0.0,0.0,400.0,604.0,5352.0,0.0,0.0,1.0,0.0,1.0,0.0,2802.0,17.0,1.0,0,0,0,0,0,0,1,0,0,0,0
train,vgr_train_storage_cycle_05,0.0,0.0,0.0,0.0,0.0,0.0,0.0,400.0,604.0,5352.0,0.0,1.0,1.0,0.0,0.0,1.0,2881.0,5198.0,1.0,0,0,0,0,0,0,1,0,0,0,0
train,vgr_train_storage_cycle_05,0.0,0.0,0.0,0.0,0.0,0.0,0.0,400.0,604.0,5352.0,0.0,1.0,1.0,0.0,0.0,1.0,3250.0,5198.0,1.0,0,0,0,0,0,0,1,0,0,0,301
train,vgr_train_storage_cycle_05,1.0,1.0,1.0,0.0,0.0,0.0,0.0,0.0,0.0,0.0,1.0,1.0,1.0,1.0,0.0,1.0,0.0,0.0,1.0,0,0,0,0,0,0,0,1,0,0,0
train,vgr_train_storage_cycle_05,1.0,1.0,1.0,0.0,0.0,0.0,0.0,0.0,0.0,0.0,1.0,1.0,1.0,1.0,0.0,1.0,0.0,0.0,1.0,0,0,0,0,0,0,0,1,0,0,0
train,vgr_train_storage_cycle_05,1.0,1.0,1.0,0.0,0.0,0.0,0.0,0.0,0.0,0.0,1.0,1.0,1.0,1.0,0.0,1.0,0.0,0.0,0.0,0,0,0,0,0,0,0,1,0,0,101
train,vgr_train_storage_cycle_05,0.0,0.0,0.0,0.0,0.0,1.0,1.0,398.0,26.0,33.0,1.0,1.0,1.0,1.0,0.0,1.0,0.0,0.0,1.0,0,0,0,0,0,0,0,1,0,0,102
train,vgr_train_storage_cycle_05,0.0,0.0,0.0,0.0,0.0,1.0,1.0,1453.0,906.0,705.0,0.0,1.0,1.0,0.0,0.0,1.0,399.0,7560.0,1.0,0,0,0,0,0,0,0,1,0,0,103
train,vgr_train_storage_cycle_05,0.0,0.0,0.0,0.0,0.0,1.0,1.0,2460.0,157.0,426.0,0.0,1.0,1.0,0.0,0.0,1.0,36.0,7560.0,1.0,0,0,0,0,0,0,0,1,0,0,102
train,vgr_train_storage_cycle_05,0.0,0.0,0.0,0.0,0.0,1.0,1.0,1450.0,909.0,700.0,0.0,0.0,1.0,0.0,1.0,0.0,2802.0,17.0,1.0,0,0,0,0,0,0,0,1,0,0,104
train,vgr_train_storage_cycle_05,1.0,0.0,0.0,0.0,0.0,1.0,1.0,0.0,603.0,5350.0,0.0,1.0,0.0,0.0,1.0,0.0,2802.0,17.0,1.0,0,0,0,0,0,0,0,1,0,0,105
train,vgr_train_storage_cycle_05,0.0,0.0,0.0,0.0,0.0,0.0,0.0,400.0,603.0,5350.0,0.0,1.0,0.0,0.0,1.0,0.0,2802.0,17.0,1.0,0,0,0,0,0,0,0,1,0,0,0
train,vgr_train_storage_cycle_05,0.0,0.0,0.0,0.0,0.0,0.0,0.0,400.0,603.0,5350.0,0.0,0.0,1.0,0.0,1.0,0.0,2802.0,17.0,1.0,0,0,0,0,0,0,0,1,0,0,0
train,vgr_train_storage_cycle_05,0.0,0.0,0.0,0.0,0.0,0.0,0.0,400.0,603.0,5350.0,0.0,1.0,1.0,0.0,0.0,1.0,34.0,7559.0,1.0,0,0,0,0,0,0,0,1,0,0,0
train,vgr_train_storage_cycle_05,0.0,0.0,0.0,0.0,0.0,0.0,0.0,400.0,603.0,5350.0,0.0,1.0,1.0,0.0,0.0,1.0,403.0,7559.0,1.0,0,0,0,0,0,0,0,1,0,0,301
train,vgr_train_storage_cycle_05,1.0,1.0,1.0,0.0,0.0,0.0,0.0,0.0,0.0,0.0,1.0,1.0,1.0,1.0,0.0,1.0,0.0,0.0,1.0,0,0,0,0,0,0,0,0,1,0,0
train,vgr_train_storage_cycle_05,1.0,1.0,1.0,0.0,0.0,0.0,0.0,0.0,0.0,0.0,1.0,1.0,1.0,1.0,0.0,1.0,0.0,0.0,1.0,0,0,0,0,0,0,0,0,1,0,0
train,vgr_train_storage_cycle_05,1.0,1.0,1.0,0.0,0.0,0.0,0.0,0.0,0.0,0.0,1.0,1.0,1.0,1.0,0.0,1.0,0.0,0.0,1.0,0,0,0,0,0,0,0,0,1,0,0
train,vgr_train_storage_cycle_05,1.0,1.0,1.0,0.0,0.0,0.0,0.0,0.0,0.0,0.0,1.0,1.0,1.0,1.0,0.0,1.0,0.0,0.0,1.0,0,0,0,0,0,0,0,0,1,0,0
train,vgr_train_storage_cycle_05,1.0,1.0,1.0,0.0,0.0,0.0,0.0,0.0,0.0,0.0,1.0,1.0,1.0,1.0,0.0,1.0,0.0,0.0,1.0,0,0,0,0,0,0,0,0,1,0,0
train,vgr_train_storage_cycle_05,1.0,1.0,1.0,0.0,0.0,0.0,0.0,0.0,0.0,0.0,1.0,1.0,1.0,1.0,0.0,1.0,0.0,0.0,1.0,0,0,0,0,0,0,0,0,1,0,0
train,vgr_train_storage_cycle_05,1.0,1.0,1.0,0.0,0.0,0.0,0.0,0.0,0.0,0.0,1.0,1.0,1.0,1.0,0.0,1.0,0.0,0.0,1.0,0,0,0,0,0,0,0,0,1,0,0
train,vgr_train_storage_cycle_05,1.0,1.0,1.0,0.0,0.0,0.0,0.0,0.0,0.0,0.0,1.0,1.0,1.0,1.0,0.0,1.0,0.0,0.0,1.0,0,0,0,0,0,0,0,0,1,0,0
train,vgr_train_storage_cycle_05,1.0,1.0,1.0,0.0,0.0,0.0,0.0,0.0,0.0,0.0,1.0,1.0,1.0,1.0,0.0,1.0,0.0,0.0,1.0,0,0,0,0,0,0,0,0,1,0,0
train,vgr_train_storage_cycle_05,1.0,1.0,1.0,0.0,0.0,0.0,0.0,0.0,0.0,0.0,1.0,1.0,1.0,1.0,0.0,1.0,0.0,0.0,1.0,0,0,0,0,0,0,0,0,1,0,0
train,vgr_train_storage_cycle_05,1.0,1.0,1.0,0.0,0.0,0.0,0.0,0.0,0.0,0.0,1.0,1.0,1.0,1.0,0.0,1.0,0.0,0.0,1.0,0,0,0,0,0,0,0,0,1,0,0
train,vgr_train_storage_cycle_05,1.0,1.0,1.0,0.0,0.0,0.0,0.0,0.0,0.0,0.0,1.0,1.0,1.0,1.0,0.0,1.0,0.0,0.0,1.0,0,0,0,0,0,0,0,0,1,0,0
train,vgr_train_storage_cycle_05,1.0,1.0,1.0,0.0,0.0,0.0,0.0,0.0,0.0,0.0,1.0,1.0,1.0,1.0,0.0,1.0,0.0,0.0,1.0,0,0,0,0,0,0,0,0,1,0,0
train,vgr_train_storage_cycle_05,1.0,1.0,1.0,0.0,0.0,0.0,0.0,0.0,0.0,0.0,1.0,1.0,1.0,1.0,0.0,1.0,0.0,0.0,1.0,0,0,0,0,0,0,0,0,1,0,0
train,vgr_train_storage_cycle_05,1.0,1.0,1.0,0.0,0.0,0.0,0.0,0.0,0.0,0.0,1.0,1.0,1.0,1.0,0.0,1.0,0.0,0.0,0.0,0,0,0,0,0,0,0,0,1,0,101
train,vgr_train_storage_cycle_05,0.0,0.0,0.0,0.0,0.0,1.0,1.0,390.0,26.0,32.0,1.0,1.0,1.0,1.0,0.0,1.0,0.0,0.0,1.0,0,0,0,0,0,0,0,0,1,0,102
train,vgr_train_storage_cycle_05,0.0,0.0,0.0,0.0,0.0,1.0,1.0,1447.0,906.0,700.0,0.0,1.0,1.0,0.0,0.0,1.0,1754.0,7559.0,1.0,0,0,0,0,0,0,0,0,1,0,103
train,vgr_train_storage_cycle_05,0.0,0.0,0.0,0.0,0.0,1.0,1.0,2456.0,156.0,424.0,0.0,1.0,1.0,0.0,0.0,1.0,1386.0,7559.0,1.0,0,0,0,0,0,0,0,0,1,0,102
train,vgr_train_storage_cycle_05,0.0,0.0,0.0,0.0,0.0,1.0,1.0,1446.0,904.0,703.0,0.0,0.0,1.0,0.0,1.0,0.0,2804.0,17.0,1.0,0,0,0,0,0,0,0,0,1,0,104
train,vgr_train_storage_cycle_05,1.0,0.0,0.0,0.0,0.0,1.0,1.0,0.0,606.0,5351.0,0.0,1.0,0.0,0.0,1.0,0.0,2804.0,17.0,1.0,0,0,0,0,0,0,0,0,1,0,105
train,vgr_train_storage_cycle_05,0.0,0.0,0.0,0.0,0.0,0.0,0.0,401.0,606.0,5351.0,0.0,1.0,0.0,0.0,1.0,0.0,2804.0,17.0,1.0,0,0,0,0,0,0,0,0,1,0,0
train,vgr_train_storage_cycle_05,0.0,0.0,0.0,0.0,0.0,0.0,0.0,401.0,606.0,5351.0,0.0,0.0,1.0,0.0,1.0,0.0,2804.0,17.0,1.0,0,0,0,0,0,0,0,0,1,0,0
train,vgr_train_storage_cycle_05,0.0,0.0,0.0,0.0,0.0,0.0,0.0,401.0,606.0,5351.0,0.0,1.0,1.0,0.0,0.0,1.0,1383.0,7559.0,1.0,0,0,0,0,0,0,0,0,1,0,0
train,vgr_train_storage_cycle_05,0.0,0.0,0.0,0.0,0.0,0.0,0.0,401.0,606.0,5351.0,0.0,1.0,1.0,0.0,0.0,1.0,1751.0,7559.0,1.0,0,0,0,0,0,0,0,0,1,0,301
train,vgr_train_storage_cycle_05,1.0,1.0,1.0,0.0,0.0,0.0,0.0,0.0,0.0,0.0,1.0,1.0,1.0,1.0,0.0,1.0,0.0,0.0,1.0,0,0,0,0,0,0,0,0,0,1,0
train,vgr_train_storage_cycle_05,1.0,1.0,1.0,0.0,0.0,0.0,0.0,0.0,0.0,0.0,1.0,1.0,1.0,1.0,0.0,1.0,0.0,0.0,1.0,0,0,0,0,0,0,0,0,0,1,0
train,vgr_train_storage_cycle_05,1.0,1.0,1.0,0.0,0.0,0.0,0.0,0.0,0.0,0.0,1.0,1.0,1.0,1.0,0.0,1.0,0.0,0.0,1.0,0,0,0,0,0,0,0,0,0,1,0
train,vgr_train_storage_cycle_05,1.0,1.0,1.0,0.0,0.0,0.0,0.0,0.0,0.0,0.0,1.0,1.0,1.0,1.0,0.0,1.0,0.0,0.0,1.0,0,0,0,0,0,0,0,0,0,1,0
train,vgr_train_storage_cycle_05,1.0,1.0,1.0,0.0,0.0,0.0,0.0,0.0,0.0,0.0,1.0,1.0,1.0,1.0,0.0,1.0,0.0,0.0,0.0,0,0,0,0,0,0,0,0,0,1,101
train,vgr_train_storage_cycle_05,0.0,0.0,0.0,0.0,0.0,1.0,1.0,396.0,26.0,34.0,1.0,1.0,1.0,1.0,0.0,1.0,0.0,0.0,1.0,0,0,0,0,0,0,0,0,0,1,102
train,vgr_train_storage_cycle_05,0.0,0.0,0.0,0.0,0.0,1.0,1.0,1452.0,910.0,704.0,0.0,1.0,1.0,0.0,0.0,1.0,3250.0,7556.0,1.0,0,0,0,0,0,0,0,0,0,1,103
train,vgr_train_storage_cycle_05,0.0,0.0,0.0,0.0,0.0,1.0,1.0,2460.0,156.0,424.0,0.0,1.0,1.0,0.0,0.0,1.0,2887.0,7556.0,1.0,0,0,0,0,0,0,0,0,0,1,102
train,vgr_train_storage_cycle_05,0.0,0.0,0.0,0.0,0.0,1.0,1.0,1449.0,908.0,702.0,0.0,0.0,1.0,0.0,1.0,0.0,2802.0,19.0,1.0,0,0,0,0,0,0,0,0,0,1,104
train,vgr_train_storage_cycle_05,1.0,0.0,0.0,0.0,1.0,1.0,1.0,0.0,483.0,5348.0,0.0,1.0,0.0,0.0,1.0,0.0,2802.0,19.0,1.0,0,0,0,0,0,0,0,0,0,1,105
train,vgr_train_storage_cycle_05,0.0,0.0,0.0,0.0,0.0,0.0,0.0,398.0,608.0,5348.0,0.0,1.0,0.0,0.0,1.0,0.0,2802.0,19.0,1.0,0,0,0,0,0,0,0,0,0,1,0
train,vgr_train_storage_cycle_05,0.0,0.0,0.0,0.0,0.0,0.0,0.0,398.0,608.0,5348.0,0.0,0.0,1.0,0.0,1.0,0.0,2802.0,19.0,1.0,0,0,0,0,0,0,0,0,0,1,0
train,vgr_train_storage_cycle_05,0.0,0.0,0.0,0.0,0.0,0.0,0.0,398.0,608.0,5348.0,0.0,1.0,1.0,0.0,0.0,1.0,2883.0,7560.0,1.0,0,0,0,0,0,0,0,0,0,1,0
train,vgr_train_storage_cycle_05,0.0,0.0,0.0,0.0,0.0,0.0,0.0,398.0,608.0,5348.0,0.0,1.0,1.0,0.0,0.0,1.0,3252.0,7560.0,1.0,0,0,0,0,0,0,0,0,0,1,301
train,vgr_train_storage_cycle_05,1.0,1.0,1.0,0.0,0.0,0.0,0.0,0.0,0.0,0.0,1.0,1.0,1.0,1.0,0.0,1.0,0.0,0.0,1.0,1,0,0,0,0,0,0,0,0,0,0
train,vgr_train_storage_cycle_05,1.0,1.0,1.0,0.0,0.0,0.0,0.0,0.0,0.0,0.0,1.0,1.0,1.0,1.0,0.0,1.0,0.0,0.0,1.0,1,0,0,0,0,0,0,0,0,0,0
train,vgr_train_storage_cycle_05,1.0,1.0,1.0,0.0,0.0,0.0,0.0,0.0,0.0,0.0,1.0,1.0,1.0,1.0,0.0,1.0,0.0,0.0,1.0,1,0,0,0,0,0,0,0,0,0,0
train,vgr_train_storage_cycle_05,1.0,1.0,1.0,0.0,0.0,0.0,0.0,0.0,0.0,0.0,1.0,1.0,1.0,1.0,0.0,1.0,0.0,0.0,1.0,1,0,0,0,0,0,0,0,0,0,0
train,vgr_train_storage_cycle_05,1.0,1.0,1.0,0.0,0.0,0.0,0.0,0.0,0.0,0.0,1.0,1.0,1.0,1.0,0.0,1.0,0.0,0.0,1.0,1,0,0,0,0,0,0,0,0,0,0
train,vgr_train_storage_cycle_05,1.0,1.0,1.0,0.0,0.0,0.0,0.0,0.0,0.0,0.0,1.0,1.0,1.0,1.0,0.0,1.0,0.0,0.0,1.0,1,0,0,0,0,0,0,0,0,0,0
train,vgr_train_storage_cycle_05,1.0,1.0,1.0,0.0,0.0,0.0,0.0,0.0,0.0,0.0,1.0,1.0,1.0,1.0,0.0,1.0,0.0,0.0,1.0,1,0,0,0,0,0,0,0,0,0,0
train,vgr_train_storage_cycle_05,1.0,1.0,1.0,0.0,0.0,0.0,0.0,0.0,0.0,0.0,1.0,1.0,1.0,1.0,0.0,1.0,0.0,0.0,1.0,1,0,0,0,0,0,0,0,0,0,0
train,vgr_train_storage_cycle_05,1.0,1.0,1.0,0.0,0.0,0.0,0.0,0.0,0.0,0.0,1.0,1.0,1.0,1.0,0.0,1.0,0.0,0.0,1.0,1,0,0,0,0,0,0,0,0,0,0
train,vgr_train_storage_cycle_05,1.0,1.0,1.0,0.0,0.0,0.0,0.0,0.0,0.0,0.0,1.0,1.0,1.0,1.0,0.0,1.0,0.0,0.0,1.0,1,0,0,0,0,0,0,0,0,0,0
train,vgr_train_storage_cycle_05,1.0,1.0,1.0,0.0,0.0,0.0,0.0,0.0,0.0,0.0,1.0,1.0,1.0,1.0,0.0,1.0,0.0,0.0,1.0,1,0,0,0,0,0,0,0,0,0,0
train,vgr_train_storage_cycle_05,1.0,1.0,1.0,0.0,0.0,0.0,0.0,0.0,0.0,0.0,1.0,1.0,1.0,1.0,0.0,1.0,0.0,0.0,1.0,1,0,0,0,0,0,0,0,0,0,0
train,vgr_train_storage_cycle_05,1.0,1.0,1.0,0.0,0.0,0.0,0.0,0.0,0.0,0.0,1.0,1.0,1.0,1.0,0.0,1.0,0.0,0.0,1.0,1,0,0,0,0,0,0,0,0,0,0
train,vgr_train_storage_cycle_05,1.0,1.0,1.0,0.0,0.0,0.0,0.0,0.0,0.0,0.0,1.0,1.0,1.0,1.0,0.0,1.0,0.0,0.0,1.0,1,0,0,0,0,0,0,0,0,0,0
train,vgr_train_storage_cycle_05,1.0,1.0,1.0,0.0,0.0,0.0,0.0,0.0,0.0,0.0,1.0,1.0,1.0,1.0,0.0,1.0,0.0,0.0,1.0,1,0,0,0,0,0,0,0,0,0,0
train,vgr_train_storage_cycle_05,1.0,1.0,1.0,0.0,0.0,0.0,0.0,0.0,0.0,0.0,1.0,1.0,1.0,1.0,0.0,1.0,0.0,0.0,1.0,1,0,0,0,0,0,0,0,0,0,0
train,vgr_train_storage_cycle_05,1.0,1.0,1.0,0.0,0.0,0.0,0.0,0.0,0.0,0.0,1.0,1.0,1.0,1.0,0.0,1.0,0.0,0.0,1.0,1,0,0,0,0,0,0,0,0,0,0
train,vgr_train_storage_cycle_05,1.0,1.0,1.0,0.0,0.0,0.0,0.0,0.0,0.0,0.0,1.0,1.0,1.0,1.0,0.0,1.0,0.0,0.0,1.0,1,0,0,0,0,0,0,0,0,0,0
train,vgr_train_storage_cycle_05,1.0,1.0,1.0,0.0,0.0,0.0,0.0,0.0,0.0,0.0,1.0,1.0,1.0,1.0,0.0,1.0,0.0,0.0,1.0,1,0,0,0,0,0,0,0,0,0,0
train,vgr_train_storage_cycle_05,1.0,1.0,1.0,0.0,0.0,0.0,0.0,0.0,0.0,0.0,1.0,1.0,1.0,1.0,0.0,1.0,0.0,0.0,0.0,1,0,0,0,0,0,0,0,0,0,0
train,vgr_train_storage_cycle_05,1.0,1.0,1.0,0.0,0.0,0.0,0.0,0.0,0.0,0.0,1.0,1.0,1.0,1.0,0.0,1.0,0.0,0.0,1.0,1,0,0,0,0,0,0,0,0,0,0
train,vgr_train_storage_cycle_05,1.0,1.0,1.0,0.0,0.0,0.0,0.0,0.0,0.0,0.0,1.0,1.0,1.0,1.0,0.0,1.0,0.0,0.0,1.0,1,0,0,0,0,0,0,0,0,0,0
train,vgr_train_storage_cycle_05,1.0,1.0,1.0,0.0,0.0,0.0,0.0,0.0,0.0,0.0,1.0,1.0,1.0,1.0,0.0,1.0,0.0,0.0,1.0,1,0,0,0,0,0,0,0,0,0,0
train,vgr_train_storage_cycle_05,1.0,1.0,1.0,0.0,0.0,0.0,0.0,0.0,0.0,0.0,1.0,1.0,1.0,1.0,0.0,1.0,0.0,0.0,1.0,1,0,0,0,0,0,0,0,0,0,0
train,vgr_train_storage_cycle_05,1.0,1.0,1.0,0.0,0.0,0.0,0.0,0.0,0.0,0.0,1.0,1.0,1.0,1.0,0.0,1.0,0.0,0.0,1.0,1,0,0,0,0,0,0,0,0,0,0
train,vgr_train_storage_cycle_05,1.0,1.0,1.0,0.0,0.0,0.0,0.0,0.0,0.0,0.0,1.0,1.0,1.0,1.0,0.0,1.0,0.0,0.0,1.0,1,0,0,0,0,0,0,0,0,0,0
train,vgr_train_storage_cycle_05,1.0,1.0,1.0,0.0,0.0,0.0,0.0,0.0,0.0,0.0,1.0,1.0,1.0,1.0,0.0,1.0,0.0,0.0,1.0,1,0,0,0,0,0,0,0,0,0,0
train,vgr_train_storage_cycle_05,1.0,1.0,1.0,0.0,0.0,0.0,0.0,0.0,0.0,0.0,1.0,1.0,1.0,1.0,0.0,1.0,0.0,0.0,1.0,1,0,0,0,0,0,0,0,0,0,0
train,vgr_train_storage_cycle_05,1.0,1.0,1.0,0.0,0.0,0.0,0.0,0.0,0.0,0.0,1.0,1.0,1.0,1.0,0.0,1.0,0.0,0.0,1.0,1,0,0,0,0,0,0,0,0,0,0
train,vgr_train_storage_cycle_05,1.0,1.0,1.0,0.0,0.0,0.0,0.0,0.0,0.0,0.0,1.0,1.0,1.0,1.0,0.0,1.0,0.0,0.0,1.0,1,0,0,0,0,0,0,0,0,0,0
train,vgr_train_storage_cycle_05,1.0,1.0,1.0,0.0,0.0,0.0,0.0,0.0,0.0,0.0,1.0,1.0,1.0,1.0,0.0,1.0,0.0,0.0,1.0,1,0,0,0,0,0,0,0,0,0,0
train,vgr_train_storage_cycle_05,1.0,1.0,1.0,0.0,0.0,0.0,0.0,0.0,0.0,0.0,1.0,1.0,1.0,1.0,0.0,1.0,0.0,0.0,1.0,1,0,0,0,0,0,0,0,0,0,0
train,vgr_train_storage_cycle_05,1.0,1.0,1.0,0.0,0.0,0.0,0.0,0.0,0.0,0.0,1.0,1.0,1.0,1.0,0.0,1.0,0.0,0.0,1.0,1,0,0,0,0,0,0,0,0,0,0
train,vgr_train_storage_cycle_05,1.0,1.0,1.0,0.0,0.0,0.0,0.0,0.0,0.0,0.0,1.0,1.0,1.0,1.0,0.0,1.0,0.0,0.0,1.0,1,0,0,0,0,0,0,0,0,0,0
train,vgr_train_storage_cycle_05,1.0,1.0,1.0,0.0,0.0,0.0,0.0,0.0,0.0,0.0,1.0,1.0,1.0,1.0,0.0,1.0,0.0,0.0,1.0,1,0,0,0,0,0,0,0,0,0,0
train,vgr_train_storage_cycle_05,1.0,1.0,1.0,0.0,0.0,0.0,0.0,0.0,0.0,0.0,1.0,1.0,1.0,1.0,0.0,1.0,0.0,0.0,1.0,1,0,0,0,0,0,0,0,0,0,0
train,vgr_train_storage_cycle_05,1.0,1.0,1.0,0.0,0.0,0.0,0.0,0.0,0.0,0.0,1.0,1.0,1.0,1.0,0.0,1.0,0.0,0.0,1.0,1,0,0,0,0,0,0,0,0,0,0
train,vgr_train_storage_cycle_05,1.0,1.0,1.0,0.0,0.0,0.0,0.0,0.0,0.0,0.0,1.0,1.0,1.0,1.0,0.0,1.0,0.0,0.0,1.0,1,0,0,0,0,0,0,0,0,0,0
train,vgr_train_storage_cycle_05,1.0,1.0,1.0,0.0,0.0,0.0,0.0,0.0,0.0,0.0,1.0,1.0,1.0,1.0,0.0,1.0,0.0,0.0,1.0,1,0,0,0,0,0,0,0,0,0,0
train,vgr_train_storage_cycle_05,1.0,1.0,1.0,0.0,0.0,0.0,0.0,0.0,0.0,0.0,1.0,1.0,1.0,1.0,0.0,1.0,0.0,0.0,1.0,1,0,0,0,0,0,0,0,0,0,0
train,vgr_train_storage_cycle_05,1.0,1.0,1.0,0.0,0.0,0.0,0.0,0.0,0.0,0.0,1.0,1.0,1.0,1.0,0.0,1.0,0.0,0.0,0.0,1,0,0,0,0,0,0,0,0,0,0
train,vgr_train_storage_cycle_05,1.0,1.0,1.0,0.0,0.0,0.0,0.0,0.0,0.0,0.0,1.0,1.0,1.0,1.0,0.0,1.0,0.0,0.0,1.0,1,0,0,0,0,0,0,0,0,0,0
train,vgr_train_storage_cycle_05,1.0,1.0,1.0,0.0,0.0,0.0,0.0,0.0,0.0,0.0,1.0,1.0,1.0,1.0,0.0,1.0,0.0,0.0,1.0,1,0,0,0,0,0,0,0,0,0,0
train,vgr_train_storage_cycle_05,1.0,1.0,1.0,0.0,0.0,0.0,0.0,0.0,0.0,0.0,1.0,1.0,1.0,1.0,0.0,1.0,0.0,0.0,1.0,1,0,0,0,0,0,0,0,0,0,0
train,vgr_train_storage_cycle_05,1.0,1.0,1.0,0.0,0.0,0.0,0.0,0.0,0.0,0.0,1.0,1.0,1.0,1.0,0.0,1.0,0.0,0.0,1.0,1,0,0,0,0,0,0,0,0,0,0
train,vgr_train_storage_cycle_05,1.0,1.0,1.0,0.0,0.0,0.0,0.0,0.0,0.0,0.0,1.0,1.0,1.0,1.0,0.0,1.0,0.0,0.0,1.0,1,0,0,0,0,0,0,0,0,0,0
train,vgr_train_storage_cycle_05,1.0,1.0,1.0,0.0,0.0,0.0,0.0,0.0,0.0,0.0,1.0,1.0,1.0,1.0,0.0,1.0,0.0,0.0,1.0,1,0,0,0,0,0,0,0,0,0,0
train,vgr_train_storage_cycle_05,1.0,1.0,1.0,0.0,0.0,0.0,0.0,0.0,0.0,0.0,1.0,1.0,1.0,1.0,0.0,1.0,0.0,0.0,1.0,1,0,0,0,0,0,0,0,0,0,0
train,vgr_train_storage_cycle_05,1.0,1.0,1.0,0.0,0.0,0.0,0.0,0.0,0.0,0.0,1.0,1.0,1.0,1.0,0.0,1.0,0.0,0.0,1.0,1,0,0,0,0,0,0,0,0,0,0
train,vgr_train_storage_cycle_05,1.0,1.0,1.0,0.0,0.0,0.0,0.0,0.0,0.0,0.0,1.0,1.0,1.0,1.0,0.0,1.0,0.0,0.0,1.0,1,0,0,0,0,0,0,0,0,0,0
train,vgr_train_storage_cycle_05,1.0,1.0,1.0,0.0,0.0,0.0,0.0,0.0,0.0,0.0,1.0,1.0,1.0,1.0,0.0,1.0,0.0,0.0,1.0,1,0,0,0,0,0,0,0,0,0,0
train,vgr_train_storage_cycle_05,1.0,1.0,1.0,0.0,0.0,0.0,0.0,0.0,0.0,0.0,1.0,1.0,1.0,1.0,0.0,1.0,0.0,0.0,1.0,1,0,0,0,0,0,0,0,0,0,0
train,vgr_train_storage_cycle_05,1.0,1.0,1.0,0.0,0.0,0.0,0.0,0.0,0.0,0.0,1.0,1.0,1.0,1.0,0.0,1.0,0.0,0.0,1.0,1,0,0,0,0,0,0,0,0,0,0
train,vgr_train_storage_cycle_05,1.0,1.0,1.0,0.0,0.0,0.0,0.0,0.0,0.0,0.0,1.0,1.0,1.0,1.0,0.0,1.0,0.0,0.0,1.0,1,0,0,0,0,0,0,0,0,0,0
train,vgr_train_storage_cycle_05,1.0,1.0,1.0,0.0,0.0,0.0,0.0,0.0,0.0,0.0,1.0,1.0,1.0,1.0,0.0,1.0,0.0,0.0,0.0,1,0,0,0,0,0,0,0,0,0,0
train,vgr_train_storage_cycle_05,1.0,1.0,1.0,0.0,0.0,0.0,0.0,0.0,0.0,0.0,1.0,1.0,1.0,1.0,0.0,1.0,0.0,0.0,1.0,1,0,0,0,0,0,0,0,0,0,0
train,vgr_train_storage_cycle_05,1.0,1.0,1.0,0.0,0.0,0.0,0.0,0.0,0.0,0.0,1.0,1.0,1.0,1.0,0.0,1.0,0.0,0.0,1.0,1,0,0,0,0,0,0,0,0,0,0
train,vgr_train_storage_cycle_05,1.0,1.0,1.0,0.0,0.0,0.0,0.0,0.0,0.0,0.0,1.0,1.0,1.0,1.0,0.0,1.0,0.0,0.0,1.0,1,0,0,0,0,0,0,0,0,0,0
train,vgr_train_storage_cycle_05,1.0,1.0,1.0,0.0,0.0,0.0,0.0,0.0,0.0,0.0,1.0,1.0,1.0,1.0,0.0,1.0,0.0,0.0,1.0,1,0,0,0,0,0,0,0,0,0,0
train,vgr_train_storage_cycle_05,1.0,1.0,1.0,0.0,0.0,0.0,0.0,0.0,0.0,0.0,1.0,1.0,1.0,1.0,0.0,1.0,0.0,0.0,1.0,1,0,0,0,0,0,0,0,0,0,0
train,vgr_train_storage_cycle_05,1.0,1.0,1.0,0.0,0.0,0.0,0.0,0.0,0.0,0.0,1.0,1.0,1.0,1.0,0.0,1.0,0.0,0.0,1.0,1,0,0,0,0,0,0,0,0,0,0
train,vgr_train_storage_cycle_05,1.0,1.0,1.0,0.0,0.0,0.0,0.0,0.0,0.0,0.0,1.0,1.0,1.0,1.0,0.0,1.0,0.0,0.0,0.0,1,0,0,0,0,0,0,0,0,0,0
train,vgr_train_storage_cycle_05,1.0,1.0,1.0,0.0,0.0,0.0,0.0,0.0,0.0,0.0,1.0,1.0,1.0,1.0,0.0,1.0,0.0,0.0,1.0,1,0,0,0,0,0,0,0,0,0,0
train,vgr_train_storage_cycle_05,1.0,1.0,1.0,0.0,0.0,0.0,0.0,0.0,0.0,0.0,1.0,1.0,1.0,1.0,0.0,1.0,0.0,0.0,1.0,1,0,0,0,0,0,0,0,0,0,0
train,vgr_train_storage_cycle_05,1.0,1.0,1.0,0.0,0.0,0.0,0.0,0.0,0.0,0.0,1.0,1.0,1.0,1.0,0.0,1.0,0.0,0.0,1.0,1,0,0,0,0,0,0,0,0,0,0
train,vgr_train_storage_cycle_05,1.0,1.0,1.0,0.0,0.0,0.0,0.0,0.0,0.0,0.0,1.0,1.0,1.0,1.0,0.0,1.0,0.0,0.0,0.0,1,0,0,0,0,0,0,0,0,0,0
train,vgr_train_storage_cycle_05,1.0,1.0,1.0,0.0,0.0,0.0,0.0,0.0,0.0,0.0,1.0,1.0,1.0,1.0,0.0,1.0,0.0,0.0,1.0,1,0,0,0,0,0,0,0,0,0,0
train,vgr_train_storage_cycle_05,1.0,1.0,1.0,0.0,0.0,0.0,0.0,0.0,0.0,0.0,1.0,1.0,1.0,1.0,0.0,1.0,0.0,0.0,1.0,1,0,0,0,0,0,0,0,0,0,0
train,vgr_train_storage_cycle_05,1.0,1.0,1.0,0.0,0.0,0.0,0.0,0.0,0.0,0.0,1.0,1.0,1.0,1.0,0.0,1.0,0.0,0.0,1.0,1,0,0,0,0,0,0,0,0,0,0
train,vgr_train_storage_cycle_05,1.0,1.0,1.0,0.0,0.0,0.0,0.0,0.0,0.0,0.0,1.0,1.0,1.0,1.0,0.0,1.0,0.0,0.0,1.0,1,0,0,0,0,0,0,0,0,0,0
train,vgr_train_storage_cycle_05,1.0,1.0,1.0,0.0,0.0,0.0,0.0,0.0,0.0,0.0,1.0,1.0,1.0,1.0,0.0,1.0,0.0,0.0,1.0,1,0,0,0,0,0,0,0,0,0,0
train,vgr_train_storage_cycle_05,1.0,1.0,1.0,0.0,0.0,0.0,0.0,0.0,0.0,0.0,1.0,1.0,1.0,1.0,0.0,1.0,0.0,0.0,1.0,1,0,0,0,0,0,0,0,0,0,0
train,vgr_train_storage_cycle_05,1.0,1.0,1.0,0.0,0.0,0.0,0.0,0.0,0.0,0.0,1.0,1.0,1.0,1.0,0.0,1.0,0.0,0.0,1.0,1,0,0,0,0,0,0,0,0,0,0
train,vgr_train_storage_cycle_05,1.0,1.0,1.0,0.0,0.0,0.0,0.0,0.0,0.0,0.0,1.0,1.0,1.0,1.0,0.0,1.0,0.0,0.0,1.0,1,0,0,0,0,0,0,0,0,0,0
train,vgr_train_storage_cycle_05,1.0,1.0,1.0,0.0,0.0,0.0,0.0,0.0,0.0,0.0,1.0,1.0,1.0,1.0,0.0,1.0,0.0,0.0,1.0,1,0,0,0,0,0,0,0,0,0,0
train,vgr_train_storage_cycle_05,1.0,1.0,1.0,0.0,0.0,0.0,0.0,0.0,0.0,0.0,1.0,1.0,1.0,1.0,0.0,1.0,0.0,0.0,1.0,1,0,0,0,0,0,0,0,0,0,0
train,vgr_train_storage_cycle_05,1.0,1.0,1.0,0.0,0.0,0.0,0.0,0.0,0.0,0.0,1.0,1.0,1.0,1.0,0.0,1.0,0.0,0.0,1.0,1,0,0,0,0,0,0,0,0,0,0
train,vgr_train_storage_cycle_05,1.0,1.0,1.0,0.0,0.0,0.0,0.0,0.0,0.0,0.0,1.0,1.0,1.0,1.0,0.0,1.0,0.0,0.0,1.0,1,0,0,0,0,0,0,0,0,0,0
train,vgr_train_storage_cycle_05,1.0,1.0,1.0,0.0,0.0,0.0,0.0,0.0,0.0,0.0,1.0,1.0,1.0,1.0,0.0,1.0,0.0,0.0,1.0,1,0,0,0,0,0,0,0,0,0,0
train,vgr_train_storage_cycle_05,1.0,1.0,1.0,0.0,0.0,0.0,0.0,0.0,0.0,0.0,1.0,1.0,1.0,1.0,0.0,1.0,0.0,0.0,1.0,1,0,0,0,0,0,0,0,0,0,0
train,vgr_train_storage_cycle_05,1.0,1.0,1.0,0.0,0.0,0.0,0.0,0.0,0.0,0.0,1.0,1.0,1.0,1.0,0.0,1.0,0.0,0.0,1.0,1,0,0,0,0,0,0,0,0,0,0
train,vgr_train_storage_cycle_05,1.0,1.0,1.0,0.0,0.0,0.0,0.0,0.0,0.0,0.0,1.0,1.0,1.0,1.0,0.0,1.0,0.0,0.0,0.0,1,0,0,0,0,0,0,0,0,0,0
train,vgr_train_storage_cycle_05,1.0,1.0,1.0,0.0,0.0,0.0,0.0,0.0,0.0,0.0,1.0,1.0,1.0,1.0,0.0,1.0,0.0,0.0,1.0,1,0,0,0,0,0,0,0,0,0,0
train,vgr_train_storage_cycle_05,1.0,1.0,1.0,0.0,0.0,0.0,0.0,0.0,0.0,0.0,1.0,1.0,1.0,1.0,0.0,1.0,0.0,0.0,1.0,1,0,0,0,0,0,0,0,0,0,0
train,vgr_train_storage_cycle_05,1.0,1.0,1.0,0.0,0.0,0.0,0.0,0.0,0.0,0.0,1.0,1.0,1.0,1.0,0.0,1.0,0.0,0.0,1.0,1,0,0,0,0,0,0,0,0,0,0
train,vgr_train_storage_cycle_05,1.0,1.0,1.0,0.0,0.0,0.0,0.0,0.0,0.0,0.0,1.0,1.0,1.0,1.0,0.0,1.0,0.0,0.0,1.0,1,0,0,0,0,0,0,0,0,0,0
train,vgr_train_storage_cycle_05,1.0,1.0,1.0,0.0,0.0,0.0,0.0,0.0,0.0,0.0,1.0,1.0,1.0,1.0,0.0,1.0,0.0,0.0,1.0,1,0,0,0,0,0,0,0,0,0,0
train,vgr_train_storage_cycle_05,1.0,1.0,1.0,0.0,0.0,0.0,0.0,0.0,0.0,0.0,1.0,1.0,1.0,1.0,0.0,1.0,0.0,0.0,1.0,1,0,0,0,0,0,0,0,0,0,0
train,vgr_train_storage_cycle_05,1.0,1.0,1.0,0.0,0.0,0.0,0.0,0.0,0.0,0.0,1.0,1.0,1.0,1.0,0.0,1.0,0.0,0.0,1.0,1,0,0,0,0,0,0,0,0,0,0
train,vgr_train_storage_cycle_05,1.0,1.0,1.0,0.0,0.0,0.0,0.0,0.0,0.0,0.0,1.0,1.0,1.0,1.0,0.0,1.0,0.0,0.0,1.0,1,0,0,0,0,0,0,0,0,0,0
train,vgr_train_storage_cycle_05,1.0,1.0,1.0,0.0,0.0,0.0,0.0,0.0,0.0,0.0,1.0,1.0,1.0,1.0,0.0,1.0,0.0,0.0,1.0,1,0,0,0,0,0,0,0,0,0,0
train,vgr_train_storage_cycle_05,1.0,1.0,1.0,0.0,0.0,0.0,0.0,0.0,0.0,0.0,1.0,1.0,1.0,1.0,0.0,1.0,0.0,0.0,1.0,1,0,0,0,0,0,0,0,0,0,0
train,vgr_train_storage_cycle_05,1.0,1.0,1.0,0.0,0.0,0.0,0.0,0.0,0.0,0.0,1.0,1.0,1.0,1.0,0.0,1.0,0.0,0.0,1.0,1,0,0,0,0,0,0,0,0,0,0
train,vgr_train_storage_cycle_05,1.0,1.0,1.0,0.0,0.0,0.0,0.0,0.0,0.0,0.0,1.0,1.0,1.0,1.0,0.0,1.0,0.0,0.0,1.0,1,0,0,0,0,0,0,0,0,0,0
train,vgr_train_storage_cycle_05,1.0,1.0,1.0,0.0,0.0,0.0,0.0,0.0,0.0,0.0,1.0,1.0,1.0,1.0,0.0,1.0,0.0,0.0,1.0,1,0,0,0,0,0,0,0,0,0,0
train,vgr_train_storage_cycle_05,1.0,1.0,1.0,0.0,0.0,0.0,0.0,0.0,0.0,0.0,1.0,1.0,1.0,1.0,0.0,1.0,0.0,0.0,1.0,1,0,0,0,0,0,0,0,0,0,0
train,vgr_train_storage_cycle_05,1.0,1.0,1.0,0.0,0.0,0.0,0.0,0.0,0.0,0.0,1.0,1.0,1.0,1.0,0.0,1.0,0.0,0.0,1.0,1,0,0,0,0,0,0,0,0,0,0
train,vgr_train_storage_cycle_05,1.0,1.0,1.0,0.0,0.0,0.0,0.0,0.0,0.0,0.0,1.0,1.0,1.0,1.0,0.0,1.0,0.0,0.0,1.0,1,0,0,0,0,0,0,0,0,0,0
train,vgr_train_storage_cycle_05,1.0,1.0,1.0,0.0,0.0,0.0,0.0,0.0,0.0,0.0,1.0,1.0,1.0,1.0,0.0,1.0,0.0,0.0,1.0,1,0,0,0,0,0,0,0,0,0,0
train,vgr_train_storage_cycle_05,1.0,1.0,1.0,0.0,0.0,0.0,0.0,0.0,0.0,0.0,1.0,1.0,1.0,1.0,0.0,1.0,0.0,0.0,1.0,1,0,0,0,0,0,0,0,0,0,0
train,vgr_train_storage_cycle_05,1.0,1.0,1.0,0.0,0.0,0.0,0.0,0.0,0.0,0.0,1.0,1.0,1.0,1.0,0.0,1.0,0.0,0.0,0.0,1,0,0,0,0,0,0,0,0,0,0
train,vgr_train_storage_cycle_05,1.0,1.0,1.0,0.0,0.0,0.0,0.0,0.0,0.0,0.0,1.0,1.0,1.0,1.0,0.0,1.0,0.0,0.0,1.0,1,0,0,0,0,0,0,0,0,0,0
train,vgr_train_storage_cycle_05,1.0,1.0,1.0,0.0,0.0,0.0,0.0,0.0,0.0,0.0,1.0,1.0,1.0,1.0,0.0,1.0,0.0,0.0,1.0,1,0,0,0,0,0,0,0,0,0,0
train,vgr_train_storage_cycle_05,1.0,1.0,1.0,0.0,0.0,0.0,0.0,0.0,0.0,0.0,1.0,1.0,1.0,1.0,0.0,1.0,0.0,0.0,1.0,1,0,0,0,0,0,0,0,0,0,0
train,vgr_train_storage_cycle_05,1.0,1.0,1.0,0.0,0.0,0.0,0.0,0.0,0.0,0.0,1.0,1.0,1.0,1.0,0.0,1.0,0.0,0.0,1.0,1,0,0,0,0,0,0,0,0,0,0
train,vgr_train_storage_cycle_05,1.0,1.0,1.0,0.0,0.0,0.0,0.0,0.0,0.0,0.0,1.0,1.0,1.0,1.0,0.0,1.0,0.0,0.0,1.0,1,0,0,0,0,0,0,0,0,0,0
train,vgr_train_storage_cycle_05,1.0,1.0,1.0,0.0,0.0,0.0,0.0,0.0,0.0,0.0,1.0,1.0,1.0,1.0,0.0,1.0,0.0,0.0,1.0,1,0,0,0,0,0,0,0,0,0,0
train,vgr_train_storage_cycle_05,1.0,1.0,1.0,0.0,0.0,0.0,0.0,0.0,0.0,0.0,1.0,1.0,1.0,1.0,0.0,1.0,0.0,0.0,1.0,1,0,0,0,0,0,0,0,0,0,0
train,vgr_train_storage_cycle_05,1.0,1.0,1.0,0.0,0.0,0.0,0.0,0.0,0.0,0.0,1.0,1.0,1.0,1.0,0.0,1.0,0.0,0.0,1.0,1,0,0,0,0,0,0,0,0,0,0
train,vgr_train_storage_cycle_05,1.0,1.0,1.0,0.0,0.0,0.0,0.0,0.0,0.0,0.0,1.0,1.0,1.0,1.0,0.0,1.0,0.0,0.0,1.0,1,0,0,0,0,0,0,0,0,0,0
train,vgr_train_storage_cycle_05,1.0,1.0,1.0,0.0,0.0,0.0,0.0,0.0,0.0,0.0,1.0,1.0,1.0,1.0,0.0,1.0,0.0,0.0,1.0,1,0,0,0,0,0,0,0,0,0,0
train,vgr_train_storage_cycle_05,1.0,1.0,1.0,0.0,0.0,0.0,0.0,0.0,0.0,0.0,1.0,1.0,1.0,1.0,0.0,1.0,0.0,0.0,1.0,1,0,0,0,0,0,0,0,0,0,0
train,vgr_train_storage_cycle_05,1.0,1.0,1.0,0.0,0.0,0.0,0.0,0.0,0.0,0.0,1.0,1.0,1.0,1.0,0.0,1.0,0.0,0.0,0.0,1,0,0,0,0,0,0,0,0,0,0
train,vgr_train_storage_cycle_05,1.0,1.0,1.0,0.0,0.0,0.0,0.0,0.0,0.0,0.0,1.0,1.0,1.0,1.0,0.0,1.0,0.0,0.0,1.0,1,0,0,0,0,0,0,0,0,0,0
train,vgr_train_storage_cycle_05,1.0,1.0,1.0,0.0,0.0,0.0,0.0,0.0,0.0,0.0,1.0,1.0,1.0,1.0,0.0,1.0,0.0,0.0,1.0,1,0,0,0,0,0,0,0,0,0,0
train,vgr_train_storage_cycle_05,1.0,1.0,1.0,0.0,0.0,0.0,0.0,0.0,0.0,0.0,1.0,1.0,1.0,1.0,0.0,1.0,0.0,0.0,1.0,1,0,0,0,0,0,0,0,0,0,0
train,vgr_train_storage_cycle_05,1.0,1.0,1.0,0.0,0.0,0.0,0.0,0.0,0.0,0.0,1.0,1.0,1.0,1.0,0.0,1.0,0.0,0.0,1.0,1,0,0,0,0,0,0,0,0,0,0
train,vgr_train_storage_cycle_05,1.0,1.0,1.0,0.0,0.0,0.0,0.0,0.0,0.0,0.0,1.0,1.0,1.0,1.0,0.0,1.0,0.0,0.0,1.0,1,0,0,0,0,0,0,0,0,0,0
train,vgr_train_storage_cycle_05,1.0,1.0,1.0,0.0,0.0,0.0,0.0,0.0,0.0,0.0,1.0,1.0,1.0,1.0,0.0,1.0,0.0,0.0,1.0,1,0,0,0,0,0,0,0,0,0,0
train,vgr_train_storage_cycle_05,1.0,1.0,1.0,0.0,0.0,0.0,0.0,0.0,0.0,0.0,1.0,1.0,1.0,1.0,0.0,1.0,0.0,0.0,1.0,1,0,0,0,0,0,0,0,0,0,0
train,vgr_train_storage_cycle_05,1.0,1.0,1.0,0.0,0.0,0.0,0.0,0.0,0.0,0.0,1.0,1.0,1.0,1.0,0.0,1.0,0.0,0.0,1.0,1,0,0,0,0,0,0,0,0,0,0
train,vgr_train_storage_cycle_05,1.0,1.0,1.0,0.0,0.0,0.0,0.0,0.0,0.0,0.0,1.0,1.0,1.0,1.0,0.0,1.0,0.0,0.0,1.0,1,0,0,0,0,0,0,0,0,0,0
train,vgr_train_storage_cycle_05,1.0,1.0,1.0,0.0,0.0,0.0,0.0,0.0,0.0,0.0,1.0,1.0,1.0,1.0,0.0,1.0,0.0,0.0,1.0,1,0,0,0,0,0,0,0,0,0,0
train,vgr_train_storage_cycle_05,1.0,1.0,1.0,0.0,0.0,0.0,0.0,0.0,0.0,0.0,1.0,1.0,1.0,1.0,0.0,1.0,0.0,0.0,1.0,1,0,0,0,0,0,0,0,0,0,0
train,vgr_train_storage_cycle_05,1.0,1.0,1.0,0.0,0.0,0.0,0.0,0.0,0.0,0.0,1.0,1.0,1.0,1.0,0.0,1.0,0.0,0.0,0.0,1,0,0,0,0,0,0,0,0,0,0
train,vgr_train_storage_cycle_05,1.0,1.0,1.0,0.0,0.0,0.0,0.0,0.0,0.0,0.0,1.0,1.0,1.0,1.0,0.0,1.0,0.0,0.0,1.0,1,0,0,0,0,0,0,0,0,0,0
train,vgr_train_storage_cycle_05,1.0,1.0,1.0,0.0,0.0,0.0,0.0,0.0,0.0,0.0,1.0,1.0,1.0,1.0,0.0,1.0,0.0,0.0,1.0,1,0,0,0,0,0,0,0,0,0,0
train,vgr_train_storage_cycle_05,1.0,1.0,1.0,0.0,0.0,0.0,0.0,0.0,0.0,0.0,1.0,1.0,1.0,1.0,0.0,1.0,0.0,0.0,1.0,1,0,0,0,0,0,0,0,0,0,0
train,vgr_train_storage_cycle_05,1.0,1.0,1.0,0.0,0.0,0.0,0.0,0.0,0.0,0.0,1.0,1.0,1.0,1.0,0.0,1.0,0.0,0.0,1.0,1,0,0,0,0,0,0,0,0,0,0
train,vgr_train_storage_cycle_05,1.0,1.0,1.0,0.0,0.0,0.0,0.0,0.0,0.0,0.0,1.0,1.0,1.0,1.0,0.0,1.0,0.0,0.0,1.0,1,0,0,0,0,0,0,0,0,0,0
train,vgr_train_storage_cycle_05,1.0,1.0,1.0,0.0,0.0,0.0,0.0,0.0,0.0,0.0,1.0,1.0,1.0,1.0,0.0,1.0,0.0,0.0,1.0,1,0,0,0,0,0,0,0,0,0,0
train,vgr_train_storage_cycle_05,1.0,1.0,1.0,0.0,0.0,0.0,0.0,0.0,0.0,0.0,1.0,1.0,1.0,1.0,0.0,1.0,0.0,0.0,1.0,1,0,0,0,0,0,0,0,0,0,0
train,vgr_train_storage_cycle_05,1.0,1.0,1.0,0.0,0.0,0.0,0.0,0.0,0.0,0.0,1.0,1.0,1.0,1.0,0.0,1.0,0.0,0.0,1.0,1,0,0,0,0,0,0,0,0,0,0
train,vgr_train_storage_cycle_05,1.0,1.0,1.0,0.0,0.0,0.0,0.0,0.0,0.0,0.0,1.0,1.0,1.0,1.0,0.0,1.0,0.0,0.0,1.0,1,0,0,0,0,0,0,0,0,0,0
train,vgr_train_storage_cycle_05,1.0,1.0,1.0,0.0,0.0,0.0,0.0,0.0,0.0,0.0,1.0,1.0,1.0,1.0,0.0,1.0,0.0,0.0,1.0,1,0,0,0,0,0,0,0,0,0,0
train,vgr_train_storage_cycle_05,1.0,1.0,1.0,0.0,0.0,0.0,0.0,0.0,0.0,0.0,1.0,1.0,1.0,1.0,0.0,1.0,0.0,0.0,1.0,1,0,0,0,0,0,0,0,0,0,0
train,vgr_train_storage_cycle_05,1.0,1.0,1.0,0.0,0.0,0.0,0.0,0.0,0.0,0.0,1.0,1.0,1.0,1.0,0.0,1.0,0.0,0.0,1.0,1,0,0,0,0,0,0,0,0,0,0
train,vgr_train_storage_cycle_05,1.0,1.0,1.0,0.0,0.0,0.0,0.0,0.0,0.0,0.0,1.0,1.0,1.0,1.0,0.0,1.0,0.0,0.0,1.0,1,0,0,0,0,0,0,0,0,0,0
train,vgr_train_storage_cycle_05,1.0,1.0,1.0,0.0,0.0,0.0,0.0,0.0,0.0,0.0,1.0,1.0,1.0,1.0,0.0,1.0,0.0,0.0,1.0,1,0,0,0,0,0,0,0,0,0,0
train,vgr_train_storage_cycle_05,1.0,1.0,1.0,0.0,0.0,0.0,0.0,0.0,0.0,0.0,1.0,1.0,1.0,1.0,0.0,1.0,0.0,0.0,1.0,1,0,0,0,0,0,0,0,0,0,0
train,vgr_train_storage_cycle_05,1.0,1.0,1.0,0.0,0.0,0.0,0.0,0.0,0.0,0.0,1.0,1.0,1.0,1.0,0.0,1.0,0.0,0.0,1.0,1,0,0,0,0,0,0,0,0,0,0
train,vgr_train_storage_cycle_05,1.0,1.0,1.0,0.0,0.0,0.0,0.0,0.0,0.0,0.0,1.0,1.0,1.0,1.0,0.0,1.0,0.0,0.0,1.0,1,0,0,0,0,0,0,0,0,0,0
train,vgr_train_storage_cycle_05,1.0,1.0,1.0,0.0,0.0,0.0,0.0,0.0,0.0,0.0,1.0,1.0,1.0,1.0,0.0,1.0,0.0,0.0,1.0,1,0,0,0,0,0,0,0,0,0,0
train,vgr_train_storage_cycle_05,1.0,1.0,1.0,0.0,0.0,0.0,0.0,0.0,0.0,0.0,1.0,1.0,1.0,1.0,0.0,1.0,0.0,0.0,1.0,1,0,0,0,0,0,0,0,0,0,0
train,vgr_train_storage_cycle_05,1.0,1.0,1.0,0.0,0.0,0.0,0.0,0.0,0.0,0.0,1.0,1.0,1.0,1.0,0.0,1.0,0.0,0.0,0.0,1,0,0,0,0,0,0,0,0,0,0
train,vgr_train_storage_cycle_05,1.0,1.0,1.0,0.0,0.0,0.0,0.0,0.0,0.0,0.0,1.0,1.0,1.0,1.0,0.0,1.0,0.0,0.0,0.0,1,0,0,0,0,0,0,0,0,0,0
train,vgr_train_storage_cycle_05,1.0,1.0,1.0,0.0,0.0,0.0,0.0,0.0,0.0,0.0,1.0,1.0,1.0,1.0,0.0,1.0,0.0,0.0,0.0,1,0,0,0,0,0,0,0,0,0,0
train,vgr_train_storage_cycle_05,1.0,1.0,1.0,0.0,0.0,0.0,0.0,0.0,0.0,0.0,1.0,1.0,1.0,1.0,0.0,1.0,0.0,0.0,0.0,1,0,0,0,0,0,0,0,0,0,0
train,vgr_train_storage_cycle_05,1.0,1.0,1.0,0.0,0.0,0.0,0.0,0.0,0.0,0.0,1.0,1.0,1.0,1.0,0.0,1.0,0.0,0.0,0.0,1,0,0,0,0,0,0,0,0,0,0
train,vgr_train_storage_cycle_05,1.0,1.0,1.0,0.0,0.0,0.0,0.0,0.0,0.0,0.0,1.0,1.0,1.0,1.0,0.0,1.0,0.0,0.0,0.0,1,0,0,0,0,0,0,0,0,0,0
train,vgr_train_storage_cycle_05,1.0,1.0,1.0,0.0,0.0,0.0,0.0,0.0,0.0,0.0,1.0,1.0,1.0,1.0,0.0,1.0,0.0,0.0,0.0,1,0,0,0,0,0,0,0,0,0,0
train,vgr_train_storage_cycle_05,1.0,1.0,1.0,0.0,0.0,0.0,0.0,0.0,0.0,0.0,1.0,1.0,1.0,1.0,0.0,1.0,0.0,0.0,0.0,1,0,0,0,0,0,0,0,0,0,0
train,vgr_train_storage_cycle_05,1.0,1.0,1.0,0.0,0.0,0.0,0.0,0.0,0.0,0.0,1.0,1.0,1.0,1.0,0.0,1.0,0.0,0.0,0.0,1,0,0,0,0,0,0,0,0,0,0
train,vgr_train_storage_cycle_05,1.0,1.0,1.0,0.0,0.0,0.0,0.0,0.0,0.0,0.0,1.0,1.0,1.0,1.0,0.0,1.0,0.0,0.0,0.0,1,0,0,0,0,0,0,0,0,0,0
train,vgr_train_storage_cycle_05,1.0,1.0,1.0,0.0,0.0,0.0,0.0,0.0,0.0,0.0,1.0,1.0,1.0,1.0,0.0,1.0,0.0,0.0,0.0,1,0,0,0,0,0,0,0,0,0,0
train,vgr_train_storage_cycle_05,1.0,1.0,1.0,0.0,0.0,0.0,0.0,0.0,0.0,0.0,1.0,1.0,1.0,1.0,0.0,1.0,0.0,0.0,0.0,1,0,0,0,0,0,0,0,0,0,0
train,vgr_train_storage_cycle_05,1.0,1.0,1.0,0.0,0.0,0.0,0.0,0.0,0.0,0.0,1.0,1.0,1.0,1.0,0.0,1.0,0.0,0.0,0.0,1,0,0,0,0,0,0,0,0,0,0
train,vgr_train_storage_cycle_05,1.0,1.0,1.0,0.0,0.0,0.0,0.0,0.0,0.0,0.0,1.0,1.0,1.0,1.0,0.0,1.0,0.0,0.0,0.0,1,0,0,0,0,0,0,0,0,0,0
train,vgr_train_storage_cycle_05,1.0,1.0,1.0,0.0,0.0,0.0,0.0,0.0,0.0,0.0,1.0,1.0,1.0,1.0,0.0,1.0,0.0,0.0,0.0,1,0,0,0,0,0,0,0,0,0,0
train,vgr_train_storage_cycle_05,1.0,1.0,1.0,0.0,0.0,0.0,0.0,0.0,0.0,0.0,1.0,1.0,1.0,1.0,0.0,1.0,0.0,0.0,0.0,1,0,0,0,0,0,0,0,0,0,0
train,vgr_train_storage_cycle_05,1.0,1.0,1.0,0.0,0.0,0.0,0.0,0.0,0.0,0.0,1.0,1.0,1.0,1.0,0.0,1.0,0.0,0.0,0.0,1,0,0,0,0,0,0,0,0,0,0
train,vgr_train_storage_cycle_05,1.0,1.0,1.0,0.0,0.0,0.0,0.0,0.0,0.0,0.0,1.0,1.0,1.0,1.0,0.0,1.0,0.0,0.0,0.0,1,0,0,0,0,0,0,0,0,0,0
train,vgr_train_storage_cycle_05,1.0,1.0,1.0,0.0,0.0,0.0,0.0,0.0,0.0,0.0,1.0,1.0,1.0,1.0,0.0,1.0,0.0,0.0,0.0,1,0,0,0,0,0,0,0,0,0,0
train,vgr_train_storage_cycle_05,1.0,1.0,1.0,0.0,0.0,0.0,0.0,0.0,0.0,0.0,1.0,1.0,1.0,1.0,0.0,1.0,0.0,0.0,0.0,1,0,0,0,0,0,0,0,0,0,0
train,vgr_train_storage_cycle_05,1.0,1.0,1.0,0.0,0.0,0.0,0.0,0.0,0.0,0.0,1.0,1.0,1.0,1.0,0.0,1.0,0.0,0.0,0.0,1,0,0,0,0,0,0,0,0,0,0
train,vgr_train_storage_cycle_05,1.0,1.0,1.0,0.0,0.0,0.0,0.0,0.0,0.0,0.0,1.0,1.0,1.0,1.0,0.0,1.0,0.0,0.0,0.0,1,0,0,0,0,0,0,0,0,0,0
train,vgr_train_storage_cycle_05,1.0,1.0,1.0,0.0,0.0,0.0,0.0,0.0,0.0,0.0,1.0,1.0,1.0,1.0,0.0,1.0,0.0,0.0,0.0,1,0,0,0,0,0,0,0,0,0,0
train,vgr_train_storage_cycle_05,1.0,1.0,1.0,0.0,0.0,0.0,0.0,0.0,0.0,0.0,1.0,1.0,1.0,1.0,0.0,1.0,0.0,0.0,0.0,1,0,0,0,0,0,0,0,0,0,0
train,vgr_train_storage_cycle_05,1.0,1.0,1.0,0.0,0.0,0.0,0.0,0.0,0.0,0.0,1.0,1.0,1.0,1.0,0.0,1.0,0.0,0.0,0.0,1,0,0,0,0,0,0,0,0,0,0
train,vgr_train_storage_cycle_05,1.0,1.0,1.0,0.0,0.0,0.0,0.0,0.0,0.0,0.0,1.0,1.0,1.0,1.0,0.0,1.0,0.0,0.0,0.0,1,0,0,0,0,0,0,0,0,0,0
train,vgr_train_storage_cycle_05,1.0,1.0,1.0,0.0,0.0,0.0,0.0,0.0,0.0,0.0,1.0,1.0,1.0,1.0,0.0,1.0,0.0,0.0,0.0,1,0,0,0,0,0,0,0,0,0,0
train,vgr_train_storage_cycle_05,1.0,1.0,1.0,0.0,0.0,0.0,0.0,0.0,0.0,0.0,1.0,1.0,1.0,1.0,0.0,1.0,0.0,0.0,0.0,1,0,0,0,0,0,0,0,0,0,0
train,vgr_train_storage_cycle_05,1.0,1.0,1.0,0.0,0.0,0.0,0.0,0.0,0.0,0.0,1.0,1.0,1.0,1.0,0.0,1.0,0.0,0.0,0.0,1,0,0,0,0,0,0,0,0,0,0
train,vgr_train_storage_cycle_05,1.0,1.0,1.0,0.0,0.0,0.0,0.0,0.0,0.0,0.0,1.0,1.0,1.0,1.0,0.0,1.0,0.0,0.0,0.0,1,0,0,0,0,0,0,0,0,0,0
train,vgr_train_storage_cycle_05,0.0,0.0,0.0,0.0,0.0,1.0,1.0,394.0,26.0,33.0,1.0,1.0,1.0,1.0,0.0,1.0,0.0,0.0,1.0,1,0,0,0,0,0,0,0,0,0,0
train,vgr_train_storage_cycle_05,0.0,0.0,0.0,0.0,0.0,1.0,1.0,1452.0,904.0,703.0,0.0,1.0,1.0,0.0,0.0,1.0,1753.0,2869.0,1.0,1,0,0,0,0,0,0,0,0,0,0
train,vgr_train_storage_cycle_05,0.0,0.0,0.0,0.0,0.0,1.0,1.0,2456.0,156.0,426.0,0.0,1.0,1.0,0.0,0.0,1.0,1382.0,2869.0,1.0,1,0,0,0,0,0,0,0,0,0,0
train,vgr_train_storage_cycle_05,0.0,0.0,0.0,0.0,0.0,1.0,1.0,1449.0,908.0,702.0,0.0,0.0,1.0,0.0,1.0,0.0,2804.0,16.0,1.0,1,0,0,0,0,0,0,0,0,0,0
train,vgr_train_storage_cycle_05,1.0,0.0,0.0,1.0,1.0,1.0,1.0,0.0,608.0,5348.0,0.0,1.0,0.0,0.0,1.0,0.0,2804.0,16.0,1.0,1,0,0,0,0,0,0,0,0,0,0
train,vgr_train_storage_cycle_05,0.0,0.0,0.0,0.0,0.0,0.0,0.0,403.0,608.0,5348.0,0.0,1.0,0.0,0.0,1.0,0.0,2804.0,16.0,1.0,1,0,0,0,0,0,0,0,0,0,0
train,vgr_train_storage_cycle_05,0.0,0.0,0.0,0.0,0.0,0.0,0.0,403.0,608.0,5348.0,0.0,0.0,1.0,0.0,1.0,0.0,2804.0,16.0,1.0,1,0,0,0,0,0,0,0,0,0,0
train,vgr_train_storage_cycle_05,0.0,0.0,0.0,0.0,0.0,0.0,0.0,403.0,608.0,5348.0,0.0,1.0,1.0,0.0,0.0,1.0,1385.0,2870.0,1.0,1,0,0,0,0,0,0,0,0,0,0
train,vgr_train_storage_cycle_05,0.0,0.0,0.0,0.0,0.0,0.0,0.0,403.0,608.0,5348.0,0.0,1.0,1.0,0.0,0.0,1.0,1748.0,2870.0,1.0,1,0,0,0,0,0,0,0,0,0,0
test,vgr_test_storage_cycle_01,1.0,1.0,1.0,0.0,0.0,0.0,0.0,0.0,0.0,0.0,1.0,1.0,1.0,1.0,0.0,1.0,0.0,0.0,1.0,0,1,0,0,0,0,0,0,0,0,0
test,vgr_test_storage_cycle_01,1.0,1.0,1.0,0.0,0.0,0.0,0.0,0.0,0.0,0.0,1.0,1.0,1.0,1.0,0.0,1.0,0.0,0.0,1.0,0,1,0,0,0,0,0,0,0,0,0
test,vgr_test_storage_cycle_01,1.0,1.0,1.0,0.0,0.0,0.0,0.0,0.0,0.0,0.0,1.0,1.0,1.0,1.0,0.0,1.0,0.0,0.0,1.0,0,1,0,0,0,0,0,0,0,0,0
test,vgr_test_storage_cycle_01,1.0,1.0,1.0,0.0,0.0,0.0,0.0,0.0,0.0,0.0,1.0,1.0,1.0,1.0,0.0,1.0,0.0,0.0,1.0,0,1,0,0,0,0,0,0,0,0,0
test,vgr_test_storage_cycle_01,1.0,1.0,1.0,0.0,0.0,0.0,0.0,0.0,0.0,0.0,1.0,1.0,1.0,1.0,0.0,1.0,0.0,0.0,1.0,0,1,0,0,0,0,0,0,0,0,0
test,vgr_test_storage_cycle_01,1.0,1.0,1.0,0.0,0.0,0.0,0.0,0.0,0.0,0.0,1.0,1.0,1.0,1.0,0.0,1.0,0.0,0.0,1.0,0,1,0,0,0,0,0,0,0,0,0
test,vgr_test_storage_cycle_01,1.0,1.0,1.0,0.0,0.0,0.0,0.0,0.0,0.0,0.0,1.0,1.0,1.0,1.0,0.0,1.0,0.0,0.0,1.0,0,1,0,0,0,0,0,0,0,0,0
test,vgr_test_storage_cycle_01,1.0,1.0,1.0,0.0,0.0,0.0,0.0,0.0,0.0,0.0,1.0,1.0,1.0,1.0,0.0,1.0,0.0,0.0,1.0,0,1,0,0,0,0,0,0,0,0,0
test,vgr_test_storage_cycle_01,1.0,1.0,1.0,0.0,0.0,0.0,0.0,0.0,0.0,0.0,1.0,1.0,1.0,1.0,0.0,1.0,0.0,0.0,1.0,0,1,0,0,0,0,0,0,0,0,0
test,vgr_test_storage_cycle_01,1.0,1.0,1.0,0.0,0.0,0.0,0.0,0.0,0.0,0.0,1.0,1.0,1.0,1.0,0.0,1.0,0.0,0.0,1.0,0,1,0,0,0,0,0,0,0,0,0
test,vgr_test_storage_cycle_01,1.0,1.0,1.0,0.0,0.0,0.0,0.0,0.0,0.0,0.0,1.0,1.0,1.0,1.0,0.0,1.0,0.0,0.0,0.0,0,1,0,0,0,0,0,0,0,0,101
test,vgr_test_storage_cycle_01,0.0,0.0,0.0,0.0,0.0,1.0,1.0,391.0,26.0,32.0,1.0,1.0,1.0,1.0,0.0,1.0,0.0,0.0,1.0,0,1,0,0,0,0,0,0,0,0,102
test,vgr_test_storage_cycle_01,0.0,0.0,0.0,0.0,0.0,1.0,1.0,1451.0,908.0,704.0,0.0,1.0,1.0,0.0,0.0,1.0,404.0,2869.0,1.0,0,1,0,0,0,0,0,0,0,0,103
test,vgr_test_storage_cycle_01,0.0,0.0,0.0,0.0,0.0,1.0,1.0,2453.0,160.0,428.0,0.0,1.0,1.0,0.0,0.0,1.0,37.0,2869.0,1.0,0,1,0,0,0,0,0,0,0,0,102
test,vgr_test_storage_cycle_01,0.0,0.0,0.0,0.0,0.0,1.0,1.0,1447.0,905.0,706.0,0.0,0.0,1.0,0.0,1.0,0.0,2799.0,16.0,1.0,0,1,0,0,0,0,0,0,0,0,104
test,vgr_test_storage_cycle_01,1.0,0.0,0.0,1.0,1.0,1.0,1.0,0.0,604.0,5348.0,0.0,1.0,0.0,0.0,1.0,0.0,2799.0,16.0,1.0,0,1,0,0,0,0,0,0,0,0,105
test,vgr_test_storage_cycle_01,0.0,0.0,0.0,0.0,0.0,0.0,0.0,398.0,604.0,5348.0,0.0,1.0,0.0,0.0,1.0,0.0,2799.0,16.0,1.0,0,1,0,0,0,0,0,0,0,0,0
test,vgr_test_storage_cycle_01,0.0,0.0,0.0,0.0,0.0,0.0,0.0,398.0,604.0,5348.0,0.0,0.0,1.0,0.0,1.0,0.0,2799.0,16.0,1.0,0,1,0,0,0,0,0,0,0,0,0
test,vgr_test_storage_cycle_01,0.0,0.0,0.0,0.0,0.0,0.0,0.0,398.0,604.0,5348.0,0.0,1.0,1.0,0.0,0.0,1.0,35.0,2870.0,1.0,0,1,0,0,0,0,0,0,0,0,0
test,vgr_test_storage_cycle_01,0.0,0.0,0.0,0.0,0.0,0.0,0.0,398.0,604.0,5348.0,0.0,1.0,1.0,0.0,0.0,1.0,402.0,2870.0,1.0,0,1,0,0,0,0,0,0,0,0,301
test,vgr_test_storage_cycle_01,1.0,1.0,1.0,0.0,0.0,0.0,0.0,0.0,0.0,0.0,1.0,1.0,1.0,1.0,0.0,1.0,0.0,0.0,1.0,0,0,1,0,0,0,0,0,0,0,0
test,vgr_test_storage_cycle_01,1.0,1.0,1.0,0.0,0.0,0.0,0.0,0.0,0.0,0.0,1.0,1.0,1.0,1.0,0.0,1.0,0.0,0.0,1.0,0,0,1,0,0,0,0,0,0,0,0
test,vgr_test_storage_cycle_01,1.0,1.0,1.0,0.0,0.0,0.0,0.0,0.0,0.0,0.0,1.0,1.0,1.0,1.0,0.0,1.0,0.0,0.0,1.0,0,0,1,0,0,0,0,0,0,0,0
test,vgr_test_storage_cycle_01,1.0,1.0,1.0,0.0,0.0,0.0,0.0,0.0,0.0,0.0,1.0,1.0,1.0,1.0,0.0,1.0,0.0,0.0,1.0,0,0,1,0,0,0,0,0,0,0,0
test,vgr_test_storage_cycle_01,1.0,1.0,1.0,0.0,0.0,0.0,0.0,0.0,0.0,0.0,1.0,1.0,1.0,1.0,0.0,1.0,0.0,0.0,1.0,0,0,1,0,0,0,0,0,0,0,0
test,vgr_test_storage_cycle_01,1.0,1.0,1.0,0.0,0.0,0.0,0.0,0.0,0.0,0.0,1.0,1.0,1.0,1.0,0.0,1.0,0.0,0.0,1.0,0,0,1,0,0,0,0,0,0,0,0
test,vgr_test_storage_cycle_01,1.0,1.0,1.0,0.0,0.0,0.0,0.0,0.0,0.0,0.0,1.0,1.0,1.0,1.0,0.0,1.0,0.0,0.0,1.0,0,0,1,0,0,0,0,0,0,0,0
test,vgr_test_storage_cycle_01,1.0,1.0,1.0,0.0,0.0,0.0,0.0,0.0,0.0,0.0,1.0,1.0,1.0,1.0,0.0,1.0,0.0,0.0,1.0,0,0,1,0,0,0,0,0,0,0,0
test,vgr_test_storage_cycle_01,1.0,1.0,1.0,0.0,0.0,0.0,0.0,0.0,0.0,0.0,1.0,1.0,1.0,1.0,0.0,1.0,0.0,0.0,1.0,0,0,1,0,0,0,0,0,0,0,0
test,vgr_test_storage_cycle_01,1.0,1.0,1.0,0.0,0.0,0.0,0.0,0.0,0.0,0.0,1.0,1.0,1.0,1.0,0.0,1.0,0.0,0.0,1.0,0,0,1,0,0,0,0,0,0,0,0
test,vgr_test_storage_cycle_01,1.0,1.0,1.0,0.0,0.0,0.0,0.0,0.0,0.0,0.0,1.0,1.0,1.0,1.0,0.0,1.0,0.0,0.0,1.0,0,0,1,0,0,0,0,0,0,0,0
test,vgr_test_storage_cycle_01,1.0,1.0,1.0,0.0,0.0,0.0,0.0,0.0,0.0,0.0,1.0,1.0,1.0,1.0,0.0,1.0,0.0,0.0,1.0,0,0,1,0,0,0,0,0,0,0,0
test,vgr_test_storage_cycle_01,1.0,1.0,1.0,0.0,0.0,0.0,0.0,0.0,0.0,0.0,1.0,1.0,1.0,1.0,0.0,1.0,0.0,0.0,1.0,0,0,1,0,0,0,0,0,0,0,0
test,vgr_test_storage_cycle_01,1.0,1.0,1.0,0.0,0.0,0.0,0.0,0.0,0.0,0.0,1.0,1.0,1.0,1.0,0.0,1.0,0.0,0.0,1.0,0,0,1,0,0,0,0,0,0,0,0
test,vgr_test_storage_cycle_01,1.0,1.0,1.0,0.0,0.0,0.0,0.0,0.0,0.0,0.0,1.0,1.0,1.0,1.0,0.0,1.0,0.0,0.0,1.0,0,0,1,0,0,0,0,0,0,0,0
test,vgr_test_storage_cycle_01,1.0,1.0,1.0,0.0,0.0,0.0,0.0,0.0,0.0,0.0,1.0,1.0,1.0,1.0,0.0,1.0,0.0,0.0,1.0,0,0,1,0,0,0,0,0,0,0,0
test,vgr_test_storage_cycle_01,1.0,1.0,1.0,0.0,0.0,0.0,0.0,0.0,0.0,0.0,1.0,1.0,1.0,1.0,0.0,1.0,0.0,0.0,1.0,0,0,1,0,0,0,0,0,0,0,0
test,vgr_test_storage_cycle_01,1.0,1.0,1.0,0.0,0.0,0.0,0.0,0.0,0.0,0.0,1.0,1.0,1.0,1.0,0.0,1.0,0.0,0.0,1.0,0,0,1,0,0,0,0,0,0,0,0
test,vgr_test_storage_cycle_01,1.0,1.0,1.0,0.0,0.0,0.0,0.0,0.0,0.0,0.0,1.0,1.0,1.0,1.0,0.0,1.0,0.0,0.0,1.0,0,0,1,0,0,0,0,0,0,0,0
test,vgr_test_storage_cycle_01,1.0,1.0,1.0,0.0,0.0,0.0,0.0,0.0,0.0,0.0,1.0,1.0,1.0,1.0,0.0,1.0,0.0,0.0,1.0,0,0,1,0,0,0,0,0,0,0,0
test,vgr_test_storage_cycle_01,1.0,1.0,1.0,0.0,0.0,0.0,0.0,0.0,0.0,0.0,1.0,1.0,1.0,1.0,0.0,1.0,0.0,0.0,0.0,0,0,1,0,0,0,0,0,0,0,101
test,vgr_test_storage_cycle_01,0.0,0.0,0.0,0.0,0.0,1.0,1.0,394.0,26.0,33.0,1.0,1.0,1.0,1.0,0.0,1.0,0.0,0.0,1.0,0,0,1,0,0,0,0,0,0,0,102
test,vgr_test_storage_cycle_01,0.0,0.0,0.0,0.0,0.0,1.0,1.0,1452.0,904.0,703.0,0.0,1.0,1.0,0.0,0.0,1.0,1753.0,2869.0,1.0,0,0,1,0,0,0,0,0,0,0,103
test,vgr_test_storage_cycle_01,0.0,0.0,0.0,0.0,0.0,1.0,1.0,2456.0,156.0,426.0,0.0,1.0,1.0,0.0,0.0,1.0,1382.0,2869.0,1.0,0,0,1,0,0,0,0,0,0,0,102
test,vgr_test_storage_cycle_01,0.0,0.0,0.0,0.0,0.0,1.0,1.0,1449.0,908.0,702.0,0.0,0.0,1.0,0.0,1.0,0.0,2804.0,16.0,1.0,0,0,1,0,0,0,0,0,0,0,104
test,vgr_test_storage_cycle_01,1.0,0.0,0.0,1.0,1.0,1.0,1.0,0.0,608.0,5348.0,0.0,1.0,0.0,0.0,1.0,0.0,2804.0,16.0,1.0,0,0,1,0,0,0,0,0,0,0,105
test,vgr_test_storage_cycle_01,0.0,0.0,0.0,0.0,0.0,0.0,0.0,403.0,608.0,5348.0,0.0,1.0,0.0,0.0,1.0,0.0,2804.0,16.0,1.0,0,0,1,0,0,0,0,0,0,0,0
test,vgr_test_storage_cycle_01,0.0,0.0,0.0,0.0,0.0,0.0,0.0,403.0,608.0,5348.0,0.0,0.0,1.0,0.0,1.0,0.0,2804.0,16.0,1.0,0,0,1,0,0,0,0,0,0,0,0
test,vgr_test_storage_cycle_01,0.0,0.0,0.0,0.0,0.0,0.0,0.0,403.0,608.0,5348.0,0.0,1.0,1.0,0.0,0.0,1.0,1385.0,2870.0,1.0,0,0,1,0,0,0,0,0,0,0,0
test,vgr_test_storage_cycle_01,0.0,0.0,0.0,0.0,0.0,0.0,0.0,403.0,608.0,5348.0,0.0,1.0,1.0,0.0,0.0,1.0,1748.0,2870.0,1.0,0,0,1,0,0,0,0,0,0,0,301
test,vgr_test_storage_cycle_01,1.0,1.0,1.0,0.0,0.0,0.0,0.0,0.0,0.0,0.0,1.0,1.0,1.0,1.0,0.0,1.0,0.0,0.0,1.0,0,0,0,1,0,0,0,0,0,0,0
test,vgr_test_storage_cycle_01,1.0,1.0,1.0,0.0,0.0,0.0,0.0,0.0,0.0,0.0,1.0,1.0,1.0,1.0,0.0,1.0,0.0,0.0,1.0,0,0,0,1,0,0,0,0,0,0,0
test,vgr_test_storage_cycle_01,1.0,1.0,1.0,0.0,0.0,0.0,0.0,0.0,0.0,0.0,1.0,1.0,1.0,1.0,0.0,1.0,0.0,0.0,1.0,0,0,0,1,0,0,0,0,0,0,0
test,vgr_test_storage_cycle_01,1.0,1.0,1.0,0.0,0.0,0.0,0.0,0.0,0.0,0.0,1.0,1.0,1.0,1.0,0.0,1.0,0.0,0.0,1.0,0,0,0,1,0,0,0,0,0,0,0
test,vgr_test_storage_cycle_01,1.0,1.0,1.0,0.0,0.0,0.0,0.0,0.0,0.0,0.0,1.0,1.0,1.0,1.0,0.0,1.0,0.0,0.0,1.0,0,0,0,1,0,0,0,0,0,0,0
test,vgr_test_storage_cycle_01,1.0,1.0,1.0,0.0,0.0,0.0,0.0,0.0,0.0,0.0,1.0,1.0,1.0,1.0,0.0,1.0,0.0,0.0,1.0,0,0,0,1,0,0,0,0,0,0,0
test,vgr_test_storage_cycle_01,1.0,1.0,1.0,0.0,0.0,0.0,0.0,0.0,0.0,0.0,1.0,1.0,1.0,1.0,0.0,1.0,0.0,0.0,1.0,0,0,0,1,0,0,0,0,0,0,0
test,vgr_test_storage_cycle_01,1.0,1.0,1.0,0.0,0.0,0.0,0.0,0.0,0.0,0.0,1.0,1.0,1.0,1.0,0.0,1.0,0.0,0.0,1.0,0,0,0,1,0,0,0,0,0,0,0
test,vgr_test_storage_cycle_01,1.0,1.0,1.0,0.0,0.0,0.0,0.0,0.0,0.0,0.0,1.0,1.0,1.0,1.0,0.0,1.0,0.0,0.0,1.0,0,0,0,1,0,0,0,0,0,0,0
test,vgr_test_storage_cycle_01,1.0,1.0,1.0,0.0,0.0,0.0,0.0,0.0,0.0,0.0,1.0,1.0,1.0,1.0,0.0,1.0,0.0,0.0,1.0,0,0,0,1,0,0,0,0,0,0,0
test,vgr_test_storage_cycle_01,1.0,1.0,1.0,0.0,0.0,0.0,0.0,0.0,0.0,0.0,1.0,1.0,1.0,1.0,0.0,1.0,0.0,0.0,1.0,0,0,0,1,0,0,0,0,0,0,0
test,vgr_test_storage_cycle_01,1.0,1.0,1.0,0.0,0.0,0.0,0.0,0.0,0.0,0.0,1.0,1.0,1.0,1.0,0.0,1.0,0.0,0.0,1.0,0,0,0,1,0,0,0,0,0,0,0
test,vgr_test_storage_cycle_01,1.0,1.0,1.0,0.0,0.0,0.0,0.0,0.0,0.0,0.0,1.0,1.0,1.0,1.0,0.0,1.0,0.0,0.0,1.0,0,0,0,1,0,0,0,0,0,0,0
test,vgr_test_storage_cycle_01,1.0,1.0,1.0,0.0,0.0,0.0,0.0,0.0,0.0,0.0,1.0,1.0,1.0,1.0,0.0,1.0,0.0,0.0,1.0,0,0,0,1,0,0,0,0,0,0,0
test,vgr_test_storage_cycle_01,1.0,1.0,1.0,0.0,0.0,0.0,0.0,0.0,0.0,0.0,1.0,1.0,1.0,1.0,0.0,1.0,0.0,0.0,1.0,0,0,0,1,0,0,0,0,0,0,0
test,vgr_test_storage_cycle_01,1.0,1.0,1.0,0.0,0.0,0.0,0.0,0.0,0.0,0.0,1.0,1.0,1.0,1.0,0.0,1.0,0.0,0.0,1.0,0,0,0,1,0,0,0,0,0,0,0
test,vgr_test_storage_cycle_01,1.0,1.0,1.0,0.0,0.0,0.0,0.0,0.0,0.0,0.0,1.0,1.0,1.0,1.0,0.0,1.0,0.0,0.0,1.0,0,0,0,1,0,0,0,0,0,0,0
test,vgr_test_storage_cycle_01,1.0,1.0,1.0,0.0,0.0,0.0,0.0,0.0,0.0,0.0,1.0,1.0,1.0,1.0,0.0,1.0,0.0,0.0,0.0,0,0,0,1,0,0,0,0,0,0,101
test,vgr_test_storage_cycle_01,0.0,0.0,0.0,0.0,0.0,1.0,1.0,397.0,25.0,33.0,1.0,1.0,1.0,1.0,0.0,1.0,0.0,0.0,1.0,0,0,0,1,0,0,0,0,0,0,102
test,vgr_test_storage_cycle_01,0.0,0.0,0.0,0.0,0.0,1.0,1.0,1449.0,905.0,702.0,0.0,1.0,1.0,0.0,0.0,1.0,3252.0,2869.0,1.0,0,0,0,1,0,0,0,0,0,0,103
test,vgr_test_storage_cycle_01,0.0,0.0,0.0,0.0,0.0,1.0,1.0,2455.0,152.0,426.0,0.0,1.0,1.0,0.0,0.0,1.0,2885.0,2869.0,1.0,0,0,0,1,0,0,0,0,0,0,102
test,vgr_test_storage_cycle_01,0.0,0.0,0.0,0.0,0.0,1.0,1.0,1448.0,910.0,704.0,0.0,0.0,1.0,0.0,1.0,0.0,2799.0,18.0,1.0,0,0,0,1,0,0,0,0,0,0,104
test,vgr_test_storage_cycle_01,1.0,0.0,0.0,1.0,1.0,1.0,1.0,0.0,604.0,5348.0,0.0,1.0,0.0,0.0,1.0,0.0,2799.0,18.0,1.0,0,0,0,1,0,0,0,0,0,0,105
test,vgr_test_storage_cycle_01,0.0,0.0,0.0,0.0,0.0,0.0,0.0,396.0,604.0,5348.0,0.0,1.0,0.0,0.0,1.0,0.0,2799.0,18.0,1.0,0,0,0,1,0,0,0,0,0,0,0
test,vgr_test_storage_cycle_01,0.0,0.0,0.0,0.0,0.0,0.0,0.0,396.0,604.0,5348.0,0.0,0.0,1.0,0.0,1.0,0.0,2799.0,18.0,1.0,0,0,0,1,0,0,0,0,0,0,0
test,vgr_test_storage_cycle_01,0.0,0.0,0.0,0.0,0.0,0.0,0.0,396.0,604.0,5348.0,0.0,1.0,1.0,0.0,0.0,1.0,2878.0,2870.0,1.0,0,0,0,1,0,0,0,0,0,0,0
test,vgr_test_storage_cycle_01,0.0,0.0,0.0,0.0,0.0,0.0,0.0,396.0,604.0,5348.0,0.0,1.0,1.0,0.0,0.0,1.0,3250.0,2870.0,1.0,0,0,0,1,0,0,0,0,0,0,301
test,vgr_test_storage_cycle_01,1.0,1.0,1.0,0.0,0.0,0.0,0.0,0.0,0.0,0.0,1.0,1.0,1.0,1.0,0.0,1.0,0.0,0.0,1.0,0,0,0,0,1,0,0,0,0,0,0
test,vgr_test_storage_cycle_01,1.0,1.0,1.0,0.0,0.0,0.0,0.0,0.0,0.0,0.0,1.0,1.0,1.0,1.0,0.0,1.0,0.0,0.0,1.0,0,0,0,0,1,0,0,0,0,0,0
test,vgr_test_storage_cycle_01,1.0,1.0,1.0,0.0,0.0,0.0,0.0,0.0,0.0,0.0,1.0,1.0,1.0,1.0,0.0,1.0,0.0,0.0,1.0,0,0,0,0,1,0,0,0,0,0,0
test,vgr_test_storage_cycle_01,1.0,1.0,1.0,0.0,0.0,0.0,0.0,0.0,0.0,0.0,1.0,1.0,1.0,1.0,0.0,1.0,0.0,0.0,1.0,0,0,0,0,1,0,0,0,0,0,0
test,vgr_test_storage_cycle_01,1.0,1.0,1.0,0.0,0.0,0.0,0.0,0.0,0.0,0.0,1.0,1.0,1.0,1.0,0.0,1.0,0.0,0.0,1.0,0,0,0,0,1,0,0,0,0,0,0
test,vgr_test_storage_cycle_01,1.0,1.0,1.0,0.0,0.0,0.0,0.0,0.0,0.0,0.0,1.0,1.0,1.0,1.0,0.0,1.0,0.0,0.0,1.0,0,0,0,0,1,0,0,0,0,0,0
test,vgr_test_storage_cycle_01,1.0,1.0,1.0,0.0,0.0,0.0,0.0,0.0,0.0,0.0,1.0,1.0,1.0,1.0,0.0,1.0,0.0,0.0,1.0,0,0,0,0,1,0,0,0,0,0,0
test,vgr_test_storage_cycle_01,1.0,1.0,1.0,0.0,0.0,0.0,0.0,0.0,0.0,0.0,1.0,1.0,1.0,1.0,0.0,1.0,0.0,0.0,1.0,0,0,0,0,1,0,0,0,0,0,0
test,vgr_test_storage_cycle_01,1.0,1.0,1.0,0.0,0.0,0.0,0.0,0.0,0.0,0.0,1.0,1.0,1.0,1.0,0.0,1.0,0.0,0.0,1.0,0,0,0,0,1,0,0,0,0,0,0
test,vgr_test_storage_cycle_01,1.0,1.0,1.0,0.0,0.0,0.0,0.0,0.0,0.0,0.0,1.0,1.0,1.0,1.0,0.0,1.0,0.0,0.0,1.0,0,0,0,0,1,0,0,0,0,0,0
test,vgr_test_storage_cycle_01,1.0,1.0,1.0,0.0,0.0,0.0,0.0,0.0,0.0,0.0,1.0,1.0,1.0,1.0,0.0,1.0,0.0,0.0,1.0,0,0,0,0,1,0,0,0,0,0,0
test,vgr_test_storage_cycle_01,1.0,1.0,1.0,0.0,0.0,0.0,0.0,0.0,0.0,0.0,1.0,1.0,1.0,1.0,0.0,1.0,0.0,0.0,1.0,0,0,0,0,1,0,0,0,0,0,0
test,vgr_test_storage_cycle_01,1.0,1.0,1.0,0.0,0.0,0.0,0.0,0.0,0.0,0.0,1.0,1.0,1.0,1.0,0.0,1.0,0.0,0.0,1.0,0,0,0,0,1,0,0,0,0,0,0
test,vgr_test_storage_cycle_01,1.0,1.0,1.0,0.0,0.0,0.0,0.0,0.0,0.0,0.0,1.0,1.0,1.0,1.0,0.0,1.0,0.0,0.0,0.0,0,0,0,0,1,0,0,0,0,0,101
test,vgr_test_storage_cycle_01,0.0,0.0,0.0,0.0,0.0,1.0,1.0,394.0,25.0,29.0,1.0,1.0,1.0,1.0,0.0,1.0,0.0,0.0,1.0,0,0,0,0,1,0,0,0,0,0,102
test,vgr_test_storage_cycle_01,0.0,0.0,0.0,0.0,0.0,1.0,1.0,1449.0,905.0,703.0,0.0,1.0,1.0,0.0,0.0,1.0,399.0,5199.0,1.0,0,0,0,0,1,0,0,0,0,0,103
test,vgr_test_storage_cycle_01,0.0,0.0,0.0,0.0,0.0,1.0,1.0,2454.0,157.0,424.0,0.0,1.0,1.0,0.0,0.0,1.0,32.0,5199.0,1.0,0,0,0,0,1,0,0,0,0,0,102
test,vgr_test_storage_cycle_01,0.0,0.0,0.0,0.0,0.0,1.0,1.0,1446.0,907.0,699.0,0.0,0.0,1.0,0.0,1.0,0.0,2803.0,17.0,1.0,0,0,0,0,1,0,0,0,0,0,104
test,vgr_test_storage_cycle_01,1.0,0.0,0.0,0.0,0.0,1.0,1.0,0.0,605.0,5349.0,0.0,1.0,0.0,0.0,1.0,0.0,2803.0,17.0,1.0,0,0,0,0,1,0,0,0,0,0,105
test,vgr_test_storage_cycle_01,0.0,0.0,0.0,0.0,0.0,0.0,0.0,400.0,605.0,5349.0,0.0,1.0,0.0,0.0,1.0,0.0,2803.0,17.0,1.0,0,0,0,0,1,0,0,0,0,0,0
test,vgr_test_storage_cycle_01,0.0,0.0,0.0,0.0,0.0,0.0,0.0,400.0,605.0,5349.0,0.0,0.0,1.0,0.0,1.0,0.0,2803.0,17.0,1.0,0,0,0,0,1,0,0,0,0,0,0
test,vgr_test_storage_cycle_01,0.0,0.0,0.0,0.0,0.0,0.0,0.0,400.0,605.0,5349.0,0.0,1.0,1.0,0.0,0.0,1.0,35.0,5199.0,1.0,0,0,0,0,1,0,0,0,0,0,0
test,vgr_test_storage_cycle_01,0.0,0.0,0.0,0.0,0.0,0.0,0.0,400.0,605.0,5349.0,0.0,1.0,1.0,0.0,0.0,1.0,401.0,5199.0,1.0,0,0,0,0,1,0,0,0,0,0,301
test,vgr_test_storage_cycle_01,1.0,1.0,1.0,0.0,0.0,0.0,0.0,0.0,0.0,0.0,1.0,1.0,1.0,1.0,0.0,1.0,0.0,0.0,1.0,0,0,0,0,0,1,0,0,0,0,0
test,vgr_test_storage_cycle_01,1.0,1.0,1.0,0.0,0.0,0.0,0.0,0.0,0.0,0.0,1.0,1.0,1.0,1.0,0.0,1.0,0.0,0.0,0.0,0,0,0,0,0,1,0,0,0,0,101
test,vgr_test_storage_cycle_01,0.0,0.0,0.0,0.0,0.0,1.0,1.0,395.0,25.0,32.0,1.0,1.0,1.0,1.0,0.0,1.0,0.0,0.0,1.0,0,0,0,0,0,1,0,0,0,0,102
test,vgr_test_storage_cycle_01,0.0,0.0,0.0,0.0,0.0,1.0,1.0,1448.0,905.0,704.0,0.0,1.0,1.0,0.0,0.0,1.0,1754.0,5201.0,1.0,0,0,0,0,0,1,0,0,0,0,103
test,vgr_test_storage_cycle_01,0.0,0.0,0.0,0.0,0.0,1.0,1.0,2462.0,157.0,426.0,0.0,1.0,1.0,0.0,0.0,1.0,1386.0,5201.0,1.0,0,0,0,0,0,1,0,0,0,0,102
test,vgr_test_storage_cycle_01,0.0,0.0,0.0,0.0,0.0,1.0,1.0,1448.0,903.0,706.0,0.0,0.0,1.0,0.0,1.0,0.0,2800.0,17.0,1.0,0,0,0,0,0,1,0,0,0,0,104
test,vgr_test_storage_cycle_01,1.0,0.0,0.0,0.0,0.0,1.0,1.0,0.0,607.0,5351.0,0.0,1.0,0.0,0.0,1.0,0.0,2800.0,17.0,1.0,0,0,0,0,0,1,0,0,0,0,105
test,vgr_test_storage_cycle_01,0.0,0.0,0.0,0.0,0.0,0.0,0.0,399.0,607.0,5351.0,0.0,1.0,0.0,0.0,1.0,0.0,2800.0,17.0,1.0,0,0,0,0,0,1,0,0,0,0,0
test,vgr_test_storage_cycle_01,0.0,0.0,0.0,0.0,0.0,0.0,0.0,399.0,607.0,5351.0,0.0,0.0,1.0,0.0,1.0,0.0,2800.0,17.0,1.0,0,0,0,0,0,1,0,0,0,0,0
test,vgr_test_storage_cycle_01,0.0,0.0,0.0,0.0,0.0,0.0,0.0,399.0,607.0,5351.0,0.0,1.0,1.0,0.0,0.0,1.0,1383.0,5198.0,1.0,0,0,0,0,0,1,0,0,0,0,0
test,vgr_test_storage_cycle_01,0.0,0.0,0.0,0.0,0.0,0.0,0.0,399.0,607.0,5351.0,0.0,1.0,1.0,0.0,0.0,1.0,1752.0,5198.0,1.0,0,0,0,0,0,1,0,0,0,0,301
test,vgr_test_storage_cycle_01,1.0,1.0,1.0,0.0,0.0,0.0,0.0,0.0,0.0,0.0,1.0,1.0,1.0,1.0,0.0,1.0,0.0,0.0,1.0,0,0,0,0,0,0,1,0,0,0,0
test,vgr_test_storage_cycle_01,1.0,1.0,1.0,0.0,0.0,0.0,0.0,0.0,0.0,0.0,1.0,1.0,1.0,1.0,0.0,1.0,0.0,0.0,1.0,0,0,0,0,0,0,1,0,0,0,0
test,vgr_test_storage_cycle_01,1.0,1.0,1.0,0.0,0.0,0.0,0.0,0.0,0.0,0.0,1.0,1.0,1.0,1.0,0.0,1.0,0.0,0.0,1.0,0,0,0,0,0,0,1,0,0,0,0
test,vgr_test_storage_cycle_01,1.0,1.0,1.0,0.0,0.0,0.0,0.0,0.0,0.0,0.0,1.0,1.0,1.0,1.0,0.0,1.0,0.0,0.0,1.0,0,0,0,0,0,0,1,0,0,0,0
test,vgr_test_storage_cycle_01,1.0,1.0,1.0,0.0,0.0,0.0,0.0,0.0,0.0,0.0,1.0,1.0,1.0,1.0,0.0,1.0,0.0,0.0,1.0,0,0,0,0,0,0,1,0,0,0,0
test,vgr_test_storage_cycle_01,1.0,1.0,1.0,0.0,0.0,0.0,0.0,0.0,0.0,0.0,1.0,1.0,1.0,1.0,0.0,1.0,0.0,0.0,1.0,0,0,0,0,0,0,1,0,0,0,0
test,vgr_test_storage_cycle_01,1.0,1.0,1.0,0.0,0.0,0.0,0.0,0.0,0.0,0.0,1.0,1.0,1.0,1.0,0.0,1.0,0.0,0.0,1.0,0,0,0,0,0,0,1,0,0,0,0
test,vgr_test_storage_cycle_01,1.0,1.0,1.0,0.0,0.0,0.0,0.0,0.0,0.0,0.0,1.0,1.0,1.0,1.0,0.0,1.0,0.0,0.0,1.0,0,0,0,0,0,0,1,0,0,0,0
test,vgr_test_storage_cycle_01,1.0,1.0,1.0,0.0,0.0,0.0,0.0,0.0,0.0,0.0,1.0,1.0,1.0,1.0,0.0,1.0,0.0,0.0,0.0,0,0,0,0,0,0,1,0,0,0,101
test,vgr_test_storage_cycle_01,0.0,0.0,0.0,0.0,0.0,1.0,1.0,396.0,26.0,33.0,1.0,1.0,1.0,1.0,0.0,1.0,0.0,0.0,1.0,0,0,0,0,0,0,1,0,0,0,102
test,vgr_test_storage_cycle_01,0.0,0.0,0.0,0.0,0.0,1.0,1.0,1451.0,908.0,704.0,0.0,1.0,1.0,0.0,0.0,1.0,3253.0,5199.0,1.0,0,0,0,0,0,0,1,0,0,0,103
test,vgr_test_storage_cycle_01,0.0,0.0,0.0,0.0,0.0,1.0,1.0,2458.0,156.0,423.0,0.0,1.0,1.0,0.0,0.0,1.0,2883.0,5199.0,1.0,0,0,0,0,0,0,1,0,0,0,102
test,vgr_test_storage_cycle_01,0.0,0.0,0.0,0.0,0.0,1.0,1.0,1448.0,908.0,703.0,0.0,0.0,1.0,0.0,1.0,0.0,2802.0,17.0,1.0,0,0,0,0,0,0,1,0,0,0,104
test,vgr_test_storage_cycle_01,1.0,0.0,0.0,0.0,0.0,1.0,1.0,0.0,604.0,5352.0,0.0,1.0,0.0,0.0,1.0,0.0,2802.0,17.0,1.0,0,0,0,0,0,0,1,0,0,0,105
test,vgr_test_storage_cycle_01,0.0,0.0,0.0,0.0,0.0,0.0,0.0,400.0,604.0,5352.0,0.0,1.0,0.0,0.0,1.0,0.0,2802.0,17.0,1.0,0,0,0,0,0,0,1,0,0,0,0
test,vgr_test_storage_cycle_01,0.0,0.0,0.0,0.0,0.0,0.0,0.0,400.0,604.0,5352.0,0.0,0.0,1.0,0.0,1.0,0.0,2802.0,17.0,1.0,0,0,0,0,0,0,1,0,0,0,0
test,vgr_test_storage_cycle_01,0.0,0.0,0.0,0.0,0.0,0.0,0.0,400.0,604.0,5352.0,0.0,1.0,1.0,0.0,0.0,1.0,2881.0,5198.0,1.0,0,0,0,0,0,0,1,0,0,0,0
test,vgr_test_storage_cycle_01,0.0,0.0,0.0,0.0,0.0,0.0,0.0,400.0,604.0,5352.0,0.0,1.0,1.0,0.0,0.0,1.0,3250.0,5198.0,1.0,0,0,0,0,0,0,1,0,0,0,301
test,vgr_test_storage_cycle_01,1.0,1.0,1.0,0.0,0.0,0.0,0.0,0.0,0.0,0.0,1.0,1.0,1.0,1.0,0.0,1.0,0.0,0.0,1.0,0,0,0,0,0,0,0,1,0,0,0
test,vgr_test_storage_cycle_01,1.0,1.0,1.0,0.0,0.0,0.0,0.0,0.0,0.0,0.0,1.0,1.0,1.0,1.0,0.0,1.0,0.0,0.0,1.0,0,0,0,0,0,0,0,1,0,0,0
test,vgr_test_storage_cycle_01,1.0,1.0,1.0,0.0,0.0,0.0,0.0,0.0,0.0,0.0,1.0,1.0,1.0,1.0,0.0,1.0,0.0,0.0,1.0,0,0,0,0,0,0,0,1,0,0,0
test,vgr_test_storage_cycle_01,1.0,1.0,1.0,0.0,0.0,0.0,0.0,0.0,0.0,0.0,1.0,1.0,1.0,1.0,0.0,1.0,0.0,0.0,1.0,0,0,0,0,0,0,0,1,0,0,0
test,vgr_test_storage_cycle_01,1.0,1.0,1.0,0.0,0.0,0.0,0.0,0.0,0.0,0.0,1.0,1.0,1.0,1.0,0.0,1.0,0.0,0.0,1.0,0,0,0,0,0,0,0,1,0,0,0
test,vgr_test_storage_cycle_01,1.0,1.0,1.0,0.0,0.0,0.0,0.0,0.0,0.0,0.0,1.0,1.0,1.0,1.0,0.0,1.0,0.0,0.0,0.0,0,0,0,0,0,0,0,1,0,0,101
test,vgr_test_storage_cycle_01,0.0,0.0,0.0,0.0,0.0,1.0,1.0,398.0,26.0,33.0,1.0,1.0,1.0,1.0,0.0,1.0,0.0,0.0,1.0,0,0,0,0,0,0,0,1,0,0,102
test,vgr_test_storage_cycle_01,0.0,0.0,0.0,0.0,0.0,1.0,1.0,1453.0,906.0,705.0,0.0,1.0,1.0,0.0,0.0,1.0,399.0,7560.0,1.0,0,0,0,0,0,0,0,1,0,0,103
test,vgr_test_storage_cycle_01,0.0,0.0,0.0,0.0,0.0,1.0,1.0,2460.0,157.0,426.0,0.0,1.0,1.0,0.0,0.0,1.0,36.0,7560.0,1.0,0,0,0,0,0,0,0,1,0,0,102
test,vgr_test_storage_cycle_01,0.0,0.0,0.0,0.0,0.0,1.0,1.0,1450.0,909.0,700.0,0.0,0.0,1.0,0.0,1.0,0.0,2802.0,17.0,1.0,0,0,0,0,0,0,0,1,0,0,104
test,vgr_test_storage_cycle_01,1.0,0.0,0.0,0.0,0.0,1.0,1.0,0.0,603.0,5350.0,0.0,1.0,0.0,0.0,1.0,0.0,2802.0,17.0,1.0,0,0,0,0,0,0,0,1,0,0,105
test,vgr_test_storage_cycle_01,0.0,0.0,0.0,0.0,0.0,0.0,0.0,400.0,603.0,5350.0,0.0,1.0,0.0,0.0,1.0,0.0,2802.0,17.0,1.0,0,0,0,0,0,0,0,1,0,0,0
test,vgr_test_storage_cycle_01,0.0,0.0,0.0,0.0,0.0,0.0,0.0,400.0,603.0,5350.0,0.0,0.0,1.0,0.0,1.0,0.0,2802.0,17.0,1.0,0,0,0,0,0,0,0,1,0,0,0
test,vgr_test_storage_cycle_01,0.0,0.0,0.0,0.0,0.0,0.0,0.0,400.0,603.0,5350.0,0.0,1.0,1.0,0.0,0.0,1.0,34.0,7559.0,1.0,0,0,0,0,0,0,0,1,0,0,0
test,vgr_test_storage_cycle_01,0.0,0.0,0.0,0.0,0.0,0.0,0.0,400.0,603.0,5350.0,0.0,1.0,1.0,0.0,0.0,1.0,403.0,7559.0,1.0,0,0,0,0,0,0,0,1,0,0,301
test,vgr_test_storage_cycle_01,1.0,1.0,1.0,0.0,0.0,0.0,0.0,0.0,0.0,0.0,1.0,1.0,1.0,1.0,0.0,1.0,0.0,0.0,1.0,0,0,0,0,0,0,0,0,1,0,0
test,vgr_test_storage_cycle_01,1.0,1.0,1.0,0.0,0.0,0.0,0.0,0.0,0.0,0.0,1.0,1.0,1.0,1.0,0.0,1.0,0.0,0.0,1.0,0,0,0,0,0,0,0,0,1,0,0
test,vgr_test_storage_cycle_01,1.0,1.0,1.0,0.0,0.0,0.0,0.0,0.0,0.0,0.0,1.0,1.0,1.0,1.0,0.0,1.0,0.0,0.0,0.0,0,0,0,0,0,0,0,0,1,0,101
test,vgr_test_storage_cycle_01,0.0,0.0,0.0,0.0,0.0,1.0,1.0,390.0,26.0,32.0,1.0,1.0,1.0,1.0,0.0,1.0,0.0,0.0,1.0,0,0,0,0,0,0,0,0,1,0,102
test,vgr_test_storage_cycle_01,0.0,0.0,0.0,0.0,0.0,1.0,1.0,1447.0,906.0,700.0,0.0,1.0,1.0,0.0,0.0,1.0,1754.0,7559.0,1.0,0,0,0,0,0,0,0,0,1,0,103
test,vgr_test_storage_cycle_01,0.0,0.0,0.0,0.0,0.0,1.0,1.0,2456.0,156.0,424.0,0.0,1.0,1.0,0.0,0.0,1.0,1386.0,7559.0,1.0,0,0,0,0,0,0,0,0,1,0,102
test,vgr_test_storage_cycle_01,0.0,0.0,0.0,0.0,0.0,1.0,1.0,1446.0,904.0,703.0,0.0,0.0,1.0,0.0,1.0,0.0,2804.0,17.0,1.0,0,0,0,0,0,0,0,0,1,0,104
test,vgr_test_storage_cycle_01,1.0,0.0,0.0,0.0,0.0,1.0,1.0,0.0,606.0,5351.0,0.0,1.0,0.0,0.0,1.0,0.0,2804.0,17.0,1.0,0,0,0,0,0,0,0,0,1,0,105
test,vgr_test_storage_cycle_01,0.0,0.0,0.0,0.0,0.0,0.0,0.0,401.0,606.0,5351.0,0.0,1.0,0.0,0.0,1.0,0.0,2804.0,17.0,1.0,0,0,0,0,0,0,0,0,1,0,0
test,vgr_test_storage_cycle_01,0.0,0.0,0.0,0.0,0.0,0.0,0.0,401.0,606.0,5351.0,0.0,0.0,1.0,0.0,1.0,0.0,2804.0,17.0,1.0,0,0,0,0,0,0,0,0,1,0,0
test,vgr_test_storage_cycle_01,0.0,0.0,0.0,0.0,0.0,0.0,0.0,401.0,606.0,5351.0,0.0,1.0,1.0,0.0,0.0,1.0,1383.0,7559.0,1.0,0,0,0,0,0,0,0,0,1,0,0
test,vgr_test_storage_cycle_01,0.0,0.0,0.0,0.0,0.0,0.0,0.0,401.0,606.0,5351.0,0.0,1.0,1.0,0.0,0.0,1.0,1751.0,7559.0,1.0,0,0,0,0,0,0,0,0,1,0,301
test,vgr_test_storage_cycle_01,1.0,1.0,1.0,0.0,0.0,0.0,0.0,0.0,0.0,0.0,1.0,1.0,1.0,1.0,0.0,1.0,0.0,0.0,1.0,0,0,0,0,0,0,0,0,0,1,0
test,vgr_test_storage_cycle_01,1.0,1.0,1.0,0.0,0.0,0.0,0.0,0.0,0.0,0.0,1.0,1.0,1.0,1.0,0.0,1.0,0.0,0.0,1.0,0,0,0,0,0,0,0,0,0,1,0
test,vgr_test_storage_cycle_01,1.0,1.0,1.0,0.0,0.0,0.0,0.0,0.0,0.0,0.0,1.0,1.0,1.0,1.0,0.0,1.0,0.0,0.0,1.0,0,0,0,0,0,0,0,0,0,1,0
test,vgr_test_storage_cycle_01,1.0,1.0,1.0,0.0,0.0,0.0,0.0,0.0,0.0,0.0,1.0,1.0,1.0,1.0,0.0,1.0,0.0,0.0,0.0,0,0,0,0,0,0,0,0,0,1,101
test,vgr_test_storage_cycle_01,0.0,0.0,0.0,0.0,0.0,1.0,1.0,396.0,26.0,34.0,1.0,1.0,1.0,1.0,0.0,1.0,0.0,0.0,1.0,0,0,0,0,0,0,0,0,0,1,102
test,vgr_test_storage_cycle_01,0.0,0.0,0.0,0.0,0.0,1.0,1.0,1452.0,910.0,704.0,0.0,1.0,1.0,0.0,0.0,1.0,3250.0,7556.0,1.0,0,0,0,0,0,0,0,0,0,1,103
test,vgr_test_storage_cycle_01,0.0,0.0,0.0,0.0,0.0,1.0,1.0,2460.0,156.0,424.0,0.0,1.0,1.0,0.0,0.0,1.0,2887.0,7556.0,1.0,0,0,0,0,0,0,0,0,0,1,102
test,vgr_test_storage_cycle_01,0.0,0.0,0.0,0.0,0.0,1.0,1.0,1449.0,908.0,702.0,0.0,0.0,1.0,0.0,1.0,0.0,2802.0,19.0,1.0,0,0,0,0,0,0,0,0,0,1,104
test,vgr_test_storage_cycle_01,1.0,0.0,0.0,0.0,1.0,1.0,1.0,0.0,483.0,5348.0,0.0,1.0,0.0,0.0,1.0,0.0,2802.0,19.0,1.0,0,0,0,0,0,0,0,0,0,1,105
test,vgr_test_storage_cycle_01,0.0,0.0,0.0,0.0,0.0,0.0,0.0,398.0,608.0,5348.0,0.0,1.0,0.0,0.0,1.0,0.0,2802.0,19.0,1.0,0,0,0,0,0,0,0,0,0,1,0
test,vgr_test_storage_cycle_01,0.0,0.0,0.0,0.0,0.0,0.0,0.0,398.0,608.0,5348.0,0.0,0.0,1.0,0.0,1.0,0.0,2802.0,19.0,1.0,0,0,0,0,0,0,0,0,0,1,0
test,vgr_test_storage_cycle_01,0.0,0.0,0.0,0.0,0.0,0.0,0.0,398.0,608.0,5348.0,0.0,1.0,1.0,0.0,0.0,1.0,2883.0,7560.0,1.0,0,0,0,0,0,0,0,0,0,1,0
test,vgr_test_storage_cycle_01,0.0,0.0,0.0,0.0,0.0,0.0,0.0,398.0,608.0,5348.0,0.0,1.0,1.0,0.0,0.0,1.0,3252.0,7560.0,1.0,0,0,0,0,0,0,0,0,0,1,301
test,vgr_test_storage_cycle_01,1.0,1.0,1.0,0.0,0.0,0.0,0.0,0.0,0.0,0.0,1.0,1.0,1.0,1.0,0.0,1.0,0.0,0.0,1.0,1,0,0,0,0,0,0,0,0,0,0
test,vgr_test_storage_cycle_01,1.0,1.0,1.0,0.0,0.0,0.0,0.0,0.0,0.0,0.0,1.0,1.0,1.0,1.0,0.0,1.0,0.0,0.0,1.0,1,0,0,0,0,0,0,0,0,0,0
test,vgr_test_storage_cycle_01,1.0,1.0,1.0,0.0,0.0,0.0,0.0,0.0,0.0,0.0,1.0,1.0,1.0,1.0,0.0,1.0,0.0,0.0,1.0,1,0,0,0,0,0,0,0,0,0,0
test,vgr_test_storage_cycle_01,1.0,1.0,1.0,0.0,0.0,0.0,0.0,0.0,0.0,0.0,1.0,1.0,1.0,1.0,0.0,1.0,0.0,0.0,1.0,1,0,0,0,0,0,0,0,0,0,0
test,vgr_test_storage_cycle_01,1.0,1.0,1.0,0.0,0.0,0.0,0.0,0.0,0.0,0.0,1.0,1.0,1.0,1.0,0.0,1.0,0.0,0.0,1.0,1,0,0,0,0,0,0,0,0,0,0
test,vgr_test_storage_cycle_01,1.0,1.0,1.0,0.0,0.0,0.0,0.0,0.0,0.0,0.0,1.0,1.0,1.0,1.0,0.0,1.0,0.0,0.0,1.0,1,0,0,0,0,0,0,0,0,0,0
test,vgr_test_storage_cycle_01,1.0,1.0,1.0,0.0,0.0,0.0,0.0,0.0,0.0,0.0,1.0,1.0,1.0,1.0,0.0,1.0,0.0,0.0,1.0,1,0,0,0,0,0,0,0,0,0,0
test,vgr_test_storage_cycle_01,1.0,1.0,1.0,0.0,0.0,0.0,0.0,0.0,0.0,0.0,1.0,1.0,1.0,1.0,0.0,1.0,0.0,0.0,1.0,1,0,0,0,0,0,0,0,0,0,0
test,vgr_test_storage_cycle_01,1.0,1.0,1.0,0.0,0.0,0.0,0.0,0.0,0.0,0.0,1.0,1.0,1.0,1.0,0.0,1.0,0.0,0.0,1.0,1,0,0,0,0,0,0,0,0,0,0
test,vgr_test_storage_cycle_01,1.0,1.0,1.0,0.0,0.0,0.0,0.0,0.0,0.0,0.0,1.0,1.0,1.0,1.0,0.0,1.0,0.0,0.0,1.0,1,0,0,0,0,0,0,0,0,0,0
test,vgr_test_storage_cycle_01,1.0,1.0,1.0,0.0,0.0,0.0,0.0,0.0,0.0,0.0,1.0,1.0,1.0,1.0,0.0,1.0,0.0,0.0,0.0,1,0,0,0,0,0,0,0,0,0,0
test,vgr_test_storage_cycle_01,1.0,1.0,1.0,0.0,0.0,0.0,0.0,0.0,0.0,0.0,1.0,1.0,1.0,1.0,0.0,1.0,0.0,0.0,1.0,1,0,0,0,0,0,0,0,0,0,0
test,vgr_test_storage_cycle_01,1.0,1.0,1.0,0.0,0.0,0.0,0.0,0.0,0.0,0.0,1.0,1.0,1.0,1.0,0.0,1.0,0.0,0.0,1.0,1,0,0,0,0,0,0,0,0,0,0
test,vgr_test_storage_cycle_01,1.0,1.0,1.0,0.0,0.0,0.0,0.0,0.0,0.0,0.0,1.0,1.0,1.0,1.0,0.0,1.0,0.0,0.0,1.0,1,0,0,0,0,0,0,0,0,0,0
test,vgr_test_storage_cycle_01,1.0,1.0,1.0,0.0,0.0,0.0,0.0,0.0,0.0,0.0,1.0,1.0,1.0,1.0,0.0,1.0,0.0,0.0,1.0,1,0,0,0,0,0,0,0,0,0,0
test,vgr_test_storage_cycle_01,1.0,1.0,1.0,0.0,0.0,0.0,0.0,0.0,0.0,0.0,1.0,1.0,1.0,1.0,0.0,1.0,0.0,0.0,1.0,1,0,0,0,0,0,0,0,0,0,0
test,vgr_test_storage_cycle_01,1.0,1.0,1.0,0.0,0.0,0.0,0.0,0.0,0.0,0.0,1.0,1.0,1.0,1.0,0.0,1.0,0.0,0.0,1.0,1,0,0,0,0,0,0,0,0,0,0
test,vgr_test_storage_cycle_01,1.0,1.0,1.0,0.0,0.0,0.0,0.0,0.0,0.0,0.0,1.0,1.0,1.0,1.0,0.0,1.0,0.0,0.0,1.0,1,0,0,0,0,0,0,0,0,0,0
test,vgr_test_storage_cycle_01,1.0,1.0,1.0,0.0,0.0,0.0,0.0,0.0,0.0,0.0,1.0,1.0,1.0,1.0,0.0,1.0,0.0,0.0,1.0,1,0,0,0,0,0,0,0,0,0,0
test,vgr_test_storage_cycle_01,1.0,1.0,1.0,0.0,0.0,0.0,0.0,0.0,0.0,0.0,1.0,1.0,1.0,1.0,0.0,1.0,0.0,0.0,1.0,1,0,0,0,0,0,0,0,0,0,0
test,vgr_test_storage_cycle_01,1.0,1.0,1.0,0.0,0.0,0.0,0.0,0.0,0.0,0.0,1.0,1.0,1.0,1.0,0.0,1.0,0.0,0.0,1.0,1,0,0,0,0,0,0,0,0,0,0
test,vgr_test_storage_cycle_01,1.0,1.0,1.0,0.0,0.0,0.0,0.0,0.0,0.0,0.0,1.0,1.0,1.0,1.0,0.0,1.0,0.0,0.0,1.0,1,0,0,0,0,0,0,0,0,0,0
test,vgr_test_storage_cycle_01,1.0,1.0,1.0,0.0,0.0,0.0,0.0,0.0,0.0,0.0,1.0,1.0,1.0,1.0,0.0,1.0,0.0,0.0,1.0,1,0,0,0,0,0,0,0,0,0,0
test,vgr_test_storage_cycle_01,1.0,1.0,1.0,0.0,0.0,0.0,0.0,0.0,0.0,0.0,1.0,1.0,1.0,1.0,0.0,1.0,0.0,0.0,1.0,1,0,0,0,0,0,0,0,0,0,0
test,vgr_test_storage_cycle_01,1.0,1.0,1.0,0.0,0.0,0.0,0.0,0.0,0.0,0.0,1.0,1.0,1.0,1.0,0.0,1.0,0.0,0.0,1.0,1,0,0,0,0,0,0,0,0,0,0
test,vgr_test_storage_cycle_01,1.0,1.0,1.0,0.0,0.0,0.0,0.0,0.0,0.0,0.0,1.0,1.0,1.0,1.0,0.0,1.0,0.0,0.0,1.0,1,0,0,0,0,0,0,0,0,0,0
test,vgr_test_storage_cycle_01,1.0,1.0,1.0,0.0,0.0,0.0,0.0,0.0,0.0,0.0,1.0,1.0,1.0,1.0,0.0,1.0,0.0,0.0,0.0,1,0,0,0,0,0,0,0,0,0,0
test,vgr_test_storage_cycle_01,1.0,1.0,1.0,0.0,0.0,0.0,0.0,0.0,0.0,0.0,1.0,1.0,1.0,1.0,0.0,1.0,0.0,0.0,1.0,1,0,0,0,0,0,0,0,0,0,0
test,vgr_test_storage_cycle_01,1.0,1.0,1.0,0.0,0.0,0.0,0.0,0.0,0.0,0.0,1.0,1.0,1.0,1.0,0.0,1.0,0.0,0.0,1.0,1,0,0,0,0,0,0,0,0,0,0
test,vgr_test_storage_cycle_01,1.0,1.0,1.0,0.0,0.0,0.0,0.0,0.0,0.0,0.0,1.0,1.0,1.0,1.0,0.0,1.0,0.0,0.0,1.0,1,0,0,0,0,0,0,0,0,0,0
test,vgr_test_storage_cycle_01,1.0,1.0,1.0,0.0,0.0,0.0,0.0,0.0,0.0,0.0,1.0,1.0,1.0,1.0,0.0,1.0,0.0,0.0,1.0,1,0,0,0,0,0,0,0,0,0,0
test,vgr_test_storage_cycle_01,1.0,1.0,1.0,0.0,0.0,0.0,0.0,0.0,0.0,0.0,1.0,1.0,1.0,1.0,0.0,1.0,0.0,0.0,1.0,1,0,0,0,0,0,0,0,0,0,0
test,vgr_test_storage_cycle_01,1.0,1.0,1.0,0.0,0.0,0.0,0.0,0.0,0.0,0.0,1.0,1.0,1.0,1.0,0.0,1.0,0.0,0.0,1.0,1,0,0,0,0,0,0,0,0,0,0
test,vgr_test_storage_cycle_01,1.0,1.0,1.0,0.0,0.0,0.0,0.0,0.0,0.0,0.0,1.0,1.0,1.0,1.0,0.0,1.0,0.0,0.0,1.0,1,0,0,0,0,0,0,0,0,0,0
test,vgr_test_storage_cycle_01,1.0,1.0,1.0,0.0,0.0,0.0,0.0,0.0,0.0,0.0,1.0,1.0,1.0,1.0,0.0,1.0,0.0,0.0,1.0,1,0,0,0,0,0,0,0,0,0,0
test,vgr_test_storage_cycle_01,1.0,1.0,1.0,0.0,0.0,0.0,0.0,0.0,0.0,0.0,1.0,1.0,1.0,1.0,0.0,1.0,0.0,0.0,1.0,1,0,0,0,0,0,0,0,0,0,0
test,vgr_test_storage_cycle_01,1.0,1.0,1.0,0.0,0.0,0.0,0.0,0.0,0.0,0.0,1.0,1.0,1.0,1.0,0.0,1.0,0.0,0.0,1.0,1,0,0,0,0,0,0,0,0,0,0
test,vgr_test_storage_cycle_01,1.0,1.0,1.0,0.0,0.0,0.0,0.0,0.0,0.0,0.0,1.0,1.0,1.0,1.0,0.0,1.0,0.0,0.0,1.0,1,0,0,0,0,0,0,0,0,0,0
test,vgr_test_storage_cycle_01,1.0,1.0,1.0,0.0,0.0,0.0,0.0,0.0,0.0,0.0,1.0,1.0,1.0,1.0,0.0,1.0,0.0,0.0,1.0,1,0,0,0,0,0,0,0,0,0,0
test,vgr_test_storage_cycle_01,1.0,1.0,1.0,0.0,0.0,0.0,0.0,0.0,0.0,0.0,1.0,1.0,1.0,1.0,0.0,1.0,0.0,0.0,1.0,1,0,0,0,0,0,0,0,0,0,0
test,vgr_test_storage_cycle_01,1.0,1.0,1.0,0.0,0.0,0.0,0.0,0.0,0.0,0.0,1.0,1.0,1.0,1.0,0.0,1.0,0.0,0.0,0.0,1,0,0,0,0,0,0,0,0,0,0
test,vgr_test_storage_cycle_01,1.0,1.0,1.0,0.0,0.0,0.0,0.0,0.0,0.0,0.0,1.0,1.0,1.0,1.0,0.0,1.0,0.0,0.0,1.0,1,0,0,0,0,0,0,0,0,0,0
test,vgr_test_storage_cycle_01,1.0,1.0,1.0,0.0,0.0,0.0,0.0,0.0,0.0,0.0,1.0,1.0,1.0,1.0,0.0,1.0,0.0,0.0,1.0,1,0,0,0,0,0,0,0,0,0,0
test,vgr_test_storage_cycle_01,1.0,1.0,1.0,0.0,0.0,0.0,0.0,0.0,0.0,0.0,1.0,1.0,1.0,1.0,0.0,1.0,0.0,0.0,1.0,1,0,0,0,0,0,0,0,0,0,0
test,vgr_test_storage_cycle_01,1.0,1.0,1.0,0.0,0.0,0.0,0.0,0.0,0.0,0.0,1.0,1.0,1.0,1.0,0.0,1.0,0.0,0.0,1.0,1,0,0,0,0,0,0,0,0,0,0
test,vgr_test_storage_cycle_01,1.0,1.0,1.0,0.0,0.0,0.0,0.0,0.0,0.0,0.0,1.0,1.0,1.0,1.0,0.0,1.0,0.0,0.0,1.0,1,0,0,0,0,0,0,0,0,0,0
test,vgr_test_storage_cycle_01,1.0,1.0,1.0,0.0,0.0,0.0,0.0,0.0,0.0,0.0,1.0,1.0,1.0,1.0,0.0,1.0,0.0,0.0,1.0,1,0,0,0,0,0,0,0,0,0,0
test,vgr_test_storage_cycle_01,1.0,1.0,1.0,0.0,0.0,0.0,0.0,0.0,0.0,0.0,1.0,1.0,1.0,1.0,0.0,1.0,0.0,0.0,1.0,1,0,0,0,0,0,0,0,0,0,0
test,vgr_test_storage_cycle_01,1.0,1.0,1.0,0.0,0.0,0.0,0.0,0.0,0.0,0.0,1.0,1.0,1.0,1.0,0.0,1.0,0.0,0.0,0.0,1,0,0,0,0,0,0,0,0,0,0
test,vgr_test_storage_cycle_01,1.0,1.0,1.0,0.0,0.0,0.0,0.0,0.0,0.0,0.0,1.0,1.0,1.0,1.0,0.0,1.0,0.0,0.0,1.0,1,0,0,0,0,0,0,0,0,0,0
test,vgr_test_storage_cycle_01,1.0,1.0,1.0,0.0,0.0,0.0,0.0,0.0,0.0,0.0,1.0,1.0,1.0,1.0,0.0,1.0,0.0,0.0,1.0,1,0,0,0,0,0,0,0,0,0,0
test,vgr_test_storage_cycle_01,1.0,1.0,1.0,0.0,0.0,0.0,0.0,0.0,0.0,0.0,1.0,1.0,1.0,1.0,0.0,1.0,0.0,0.0,1.0,1,0,0,0,0,0,0,0,0,0,0
test,vgr_test_storage_cycle_01,1.0,1.0,1.0,0.0,0.0,0.0,0.0,0.0,0.0,0.0,1.0,1.0,1.0,1.0,0.0,1.0,0.0,0.0,1.0,1,0,0,0,0,0,0,0,0,0,0
test,vgr_test_storage_cycle_01,1.0,1.0,1.0,0.0,0.0,0.0,0.0,0.0,0.0,0.0,1.0,1.0,1.0,1.0,0.0,1.0,0.0,0.0,1.0,1,0,0,0,0,0,0,0,0,0,0
test,vgr_test_storage_cycle_01,1.0,1.0,1.0,0.0,0.0,0.0,0.0,0.0,0.0,0.0,1.0,1.0,1.0,1.0,0.0,1.0,0.0,0.0,1.0,1,0,0,0,0,0,0,0,0,0,0
test,vgr_test_storage_cycle_01,1.0,1.0,1.0,0.0,0.0,0.0,0.0,0.0,0.0,0.0,1.0,1.0,1.0,1.0,0.0,1.0,0.0,0.0,1.0,1,0,0,0,0,0,0,0,0,0,0
test,vgr_test_storage_cycle_01,1.0,1.0,1.0,0.0,0.0,0.0,0.0,0.0,0.0,0.0,1.0,1.0,1.0,1.0,0.0,1.0,0.0,0.0,1.0,1,0,0,0,0,0,0,0,0,0,0
test,vgr_test_storage_cycle_01,1.0,1.0,1.0,0.0,0.0,0.0,0.0,0.0,0.0,0.0,1.0,1.0,1.0,1.0,0.0,1.0,0.0,0.0,1.0,1,0,0,0,0,0,0,0,0,0,0
test,vgr_test_storage_cycle_01,1.0,1.0,1.0,0.0,0.0,0.0,0.0,0.0,0.0,0.0,1.0,1.0,1.0,1.0,0.0,1.0,0.0,0.0,0.0,1,0,0,0,0,0,0,0,0,0,0
test,vgr_test_storage_cycle_01,1.0,1.0,1.0,0.0,0.0,0.0,0.0,0.0,0.0,0.0,1.0,1.0,1.0,1.0,0.0,1.0,0.0,0.0,1.0,1,0,0,0,0,0,0,0,0,0,0
test,vgr_test_storage_cycle_01,1.0,1.0,1.0,0.0,0.0,0.0,0.0,0.0,0.0,0.0,1.0,1.0,1.0,1.0,0.0,1.0,0.0,0.0,1.0,1,0,0,0,0,0,0,0,0,0,0
test,vgr_test_storage_cycle_01,1.0,1.0,1.0,0.0,0.0,0.0,0.0,0.0,0.0,0.0,1.0,1.0,1.0,1.0,0.0,1.0,0.0,0.0,1.0,1,0,0,0,0,0,0,0,0,0,0
test,vgr_test_storage_cycle_01,1.0,1.0,1.0,0.0,0.0,0.0,0.0,0.0,0.0,0.0,1.0,1.0,1.0,1.0,0.0,1.0,0.0,0.0,1.0,1,0,0,0,0,0,0,0,0,0,0
test,vgr_test_storage_cycle_01,1.0,1.0,1.0,0.0,0.0,0.0,0.0,0.0,0.0,0.0,1.0,1.0,1.0,1.0,0.0,1.0,0.0,0.0,1.0,1,0,0,0,0,0,0,0,0,0,0
test,vgr_test_storage_cycle_01,1.0,1.0,1.0,0.0,0.0,0.0,0.0,0.0,0.0,0.0,1.0,1.0,1.0,1.0,0.0,1.0,0.0,0.0,1.0,1,0,0,0,0,0,0,0,0,0,0
test,vgr_test_storage_cycle_01,1.0,1.0,1.0,0.0,0.0,0.0,0.0,0.0,0.0,0.0,1.0,1.0,1.0,1.0,0.0,1.0,0.0,0.0,1.0,1,0,0,0,0,0,0,0,0,0,0
test,vgr_test_storage_cycle_01,1.0,1.0,1.0,0.0,0.0,0.0,0.0,0.0,0.0,0.0,1.0,1.0,1.0,1.0,0.0,1.0,0.0,0.0,1.0,1,0,0,0,0,0,0,0,0,0,0
test,vgr_test_storage_cycle_01,1.0,1.0,1.0,0.0,0.0,0.0,0.0,0.0,0.0,0.0,1.0,1.0,1.0,1.0,0.0,1.0,0.0,0.0,1.0,1,0,0,0,0,0,0,0,0,0,0
test,vgr_test_storage_cycle_01,1.0,1.0,1.0,0.0,0.0,0.0,0.0,0.0,0.0,0.0,1.0,1.0,1.0,1.0,0.0,1.0,0.0,0.0,1.0,1,0,0,0,0,0,0,0,0,0,0
test,vgr_test_storage_cycle_01,1.0,1.0,1.0,0.0,0.0,0.0,0.0,0.0,0.0,0.0,1.0,1.0,1.0,1.0,0.0,1.0,0.0,0.0,1.0,1,0,0,0,0,0,0,0,0,0,0
test,vgr_test_storage_cycle_01,1.0,1.0,1.0,0.0,0.0,0.0,0.0,0.0,0.0,0.0,1.0,1.0,1.0,1.0,0.0,1.0,0.0,0.0,1.0,1,0,0,0,0,0,0,0,0,0,0
test,vgr_test_storage_cycle_01,1.0,1.0,1.0,0.0,0.0,0.0,0.0,0.0,0.0,0.0,1.0,1.0,1.0,1.0,0.0,1.0,0.0,0.0,0.0,1,0,0,0,0,0,0,0,0,0,0
test,vgr_test_storage_cycle_01,1.0,1.0,1.0,0.0,0.0,0.0,0.0,0.0,0.0,0.0,1.0,1.0,1.0,1.0,0.0,1.0,0.0,0.0,1.0,1,0,0,0,0,0,0,0,0,0,0
test,vgr_test_storage_cycle_01,1.0,1.0,1.0,0.0,0.0,0.0,0.0,0.0,0.0,0.0,1.0,1.0,1.0,1.0,0.0,1.0,0.0,0.0,1.0,1,0,0,0,0,0,0,0,0,0,0
test,vgr_test_storage_cycle_01,1.0,1.0,1.0,0.0,0.0,0.0,0.0,0.0,0.0,0.0,1.0,1.0,1.0,1.0,0.0,1.0,0.0,0.0,1.0,1,0,0,0,0,0,0,0,0,0,0
test,vgr_test_storage_cycle_01,1.0,1.0,1.0,0.0,0.0,0.0,0.0,0.0,0.0,0.0,1.0,1.0,1.0,1.0,0.0,1.0,0.0,0.0,1.0,1,0,0,0,0,0,0,0,0,0,0
test,vgr_test_storage_cycle_01,1.0,1.0,1.0,0.0,0.0,0.0,0.0,0.0,0.0,0.0,1.0,1.0,1.0,1.0,0.0,1.0,0.0,0.0,1.0,1,0,0,0,0,0,0,0,0,0,0
test,vgr_test_storage_cycle_01,1.0,1.0,1.0,0.0,0.0,0.0,0.0,0.0,0.0,0.0,1.0,1.0,1.0,1.0,0.0,1.0,0.0,0.0,1.0,1,0,0,0,0,0,0,0,0,0,0
test,vgr_test_storage_cycle_01,1.0,1.0,1.0,0.0,0.0,0.0,0.0,0.0,0.0,0.0,1.0,1.0,1.0,1.0,0.0,1.0,0.0,0.0,1.0,1,0,0,0,0,0,0,0,0,0,0
test,vgr_test_storage_cycle_01,1.0,1.0,1.0,0.0,0.0,0.0,0.0,0.0,0.0,0.0,1.0,1.0,1.0,1.0,0.0,1.0,0.0,0.0,1.0,1,0,0,0,0,0,0,0,0,0,0
test,vgr_test_storage_cycle_01,1.0,1.0,1.0,0.0,0.0,0.0,0.0,0.0,0.0,0.0,1.0,1.0,1.0,1.0,0.0,1.0,0.0,0.0,1.0,1,0,0,0,0,0,0,0,0,0,0
test,vgr_test_storage_cycle_01,1.0,1.0,1.0,0.0,0.0,0.0,0.0,0.0,0.0,0.0,1.0,1.0,1.0,1.0,0.0,1.0,0.0,0.0,1.0,1,0,0,0,0,0,0,0,0,0,0
test,vgr_test_storage_cycle_01,1.0,1.0,1.0,0.0,0.0,0.0,0.0,0.0,0.0,0.0,1.0,1.0,1.0,1.0,0.0,1.0,0.0,0.0,1.0,1,0,0,0,0,0,0,0,0,0,0
test,vgr_test_storage_cycle_01,1.0,1.0,1.0,0.0,0.0,0.0,0.0,0.0,0.0,0.0,1.0,1.0,1.0,1.0,0.0,1.0,0.0,0.0,1.0,1,0,0,0,0,0,0,0,0,0,0
test,vgr_test_storage_cycle_01,1.0,1.0,1.0,0.0,0.0,0.0,0.0,0.0,0.0,0.0,1.0,1.0,1.0,1.0,0.0,1.0,0.0,0.0,1.0,1,0,0,0,0,0,0,0,0,0,0
test,vgr_test_storage_cycle_01,1.0,1.0,1.0,0.0,0.0,0.0,0.0,0.0,0.0,0.0,1.0,1.0,1.0,1.0,0.0,1.0,0.0,0.0,1.0,1,0,0,0,0,0,0,0,0,0,0
test,vgr_test_storage_cycle_01,1.0,1.0,1.0,0.0,0.0,0.0,0.0,0.0,0.0,0.0,1.0,1.0,1.0,1.0,0.0,1.0,0.0,0.0,1.0,1,0,0,0,0,0,0,0,0,0,0
test,vgr_test_storage_cycle_01,1.0,1.0,1.0,0.0,0.0,0.0,0.0,0.0,0.0,0.0,1.0,1.0,1.0,1.0,0.0,1.0,0.0,0.0,1.0,1,0,0,0,0,0,0,0,0,0,0
test,vgr_test_storage_cycle_01,1.0,1.0,1.0,0.0,0.0,0.0,0.0,0.0,0.0,0.0,1.0,1.0,1.0,1.0,0.0,1.0,0.0,0.0,1.0,1,0,0,0,0,0,0,0,0,0,0
test,vgr_test_storage_cycle_01,1.0,1.0,1.0,0.0,0.0,0.0,0.0,0.0,0.0,0.0,1.0,1.0,1.0,1.0,0.0,1.0,0.0,0.0,0.0,1,0,0,0,0,0,0,0,0,0,0
test,vgr_test_storage_cycle_01,1.0,1.0,1.0,0.0,0.0,0.0,0.0,0.0,0.0,0.0,1.0,1.0,1.0,1.0,0.0,1.0,0.0,0.0,1.0,1,0,0,0,0,0,0,0,0,0,0
test,vgr_test_storage_cycle_01,1.0,1.0,1.0,0.0,0.0,0.0,0.0,0.0,0.0,0.0,1.0,1.0,1.0,1.0,0.0,1.0,0.0,0.0,1.0,1,0,0,0,0,0,0,0,0,0,0
test,vgr_test_storage_cycle_01,1.0,1.0,1.0,0.0,0.0,0.0,0.0,0.0,0.0,0.0,1.0,1.0,1.0,1.0,0.0,1.0,0.0,0.0,0.0,1,0,0,0,0,0,0,0,0,0,0
test,vgr_test_storage_cycle_01,1.0,1.0,1.0,0.0,0.0,0.0,0.0,0.0,0.0,0.0,1.0,1.0,1.0,1.0,0.0,1.0,0.0,0.0,1.0,1,0,0,0,0,0,0,0,0,0,0
test,vgr_test_storage_cycle_01,1.0,1.0,1.0,0.0,0.0,0.0,0.0,0.0,0.0,0.0,1.0,1.0,1.0,1.0,0.0,1.0,0.0,0.0,1.0,1,0,0,0,0,0,0,0,0,0,0
test,vgr_test_storage_cycle_01,1.0,1.0,1.0,0.0,0.0,0.0,0.0,0.0,0.0,0.0,1.0,1.0,1.0,1.0,0.0,1.0,0.0,0.0,1.0,1,0,0,0,0,0,0,0,0,0,0
test,vgr_test_storage_cycle_01,1.0,1.0,1.0,0.0,0.0,0.0,0.0,0.0,0.0,0.0,1.0,1.0,1.0,1.0,0.0,1.0,0.0,0.0,1.0,1,0,0,0,0,0,0,0,0,0,0
test,vgr_test_storage_cycle_01,1.0,1.0,1.0,0.0,0.0,0.0,0.0,0.0,0.0,0.0,1.0,1.0,1.0,1.0,0.0,1.0,0.0,0.0,1.0,1,0,0,0,0,0,0,0,0,0,0
test,vgr_test_storage_cycle_01,1.0,1.0,1.0,0.0,0.0,0.0,0.0,0.0,0.0,0.0,1.0,1.0,1.0,1.0,0.0,1.0,0.0,0.0,1.0,1,0,0,0,0,0,0,0,0,0,0
test,vgr_test_storage_cycle_01,1.0,1.0,1.0,0.0,0.0,0.0,0.0,0.0,0.0,0.0,1.0,1.0,1.0,1.0,0.0,1.0,0.0,0.0,1.0,1,0,0,0,0,0,0,0,0,0,0
test,vgr_test_storage_cycle_01,1.0,1.0,1.0,0.0,0.0,0.0,0.0,0.0,0.0,0.0,1.0,1.0,1.0,1.0,0.0,1.0,0.0,0.0,1.0,1,0,0,0,0,0,0,0,0,0,0
test,vgr_test_storage_cycle_01,1.0,1.0,1.0,0.0,0.0,0.0,0.0,0.0,0.0,0.0,1.0,1.0,1.0,1.0,0.0,1.0,0.0,0.0,1.0,1,0,0,0,0,0,0,0,0,0,0
test,vgr_test_storage_cycle_01,1.0,1.0,1.0,0.0,0.0,0.0,0.0,0.0,0.0,0.0,1.0,1.0,1.0,1.0,0.0,1.0,0.0,0.0,1.0,1,0,0,0,0,0,0,0,0,0,0
test,vgr_test_storage_cycle_01,1.0,1.0,1.0,0.0,0.0,0.0,0.0,0.0,0.0,0.0,1.0,1.0,1.0,1.0,0.0,1.0,0.0,0.0,1.0,1,0,0,0,0,0,0,0,0,0,0
test,vgr_test_storage_cycle_01,1.0,1.0,1.0,0.0,0.0,0.0,0.0,0.0,0.0,0.0,1.0,1.0,1.0,1.0,0.0,1.0,0.0,0.0,1.0,1,0,0,0,0,0,0,0,0,0,0
test,vgr_test_storage_cycle_01,1.0,1.0,1.0,0.0,0.0,0.0,0.0,0.0,0.0,0.0,1.0,1.0,1.0,1.0,0.0,1.0,0.0,0.0,0.0,1,0,0,0,0,0,0,0,0,0,0
test,vgr_test_storage_cycle_01,1.0,1.0,1.0,0.0,0.0,0.0,0.0,0.0,0.0,0.0,1.0,1.0,1.0,1.0,0.0,1.0,0.0,0.0,1.0,1,0,0,0,0,0,0,0,0,0,0
test,vgr_test_storage_cycle_01,1.0,1.0,1.0,0.0,0.0,0.0,0.0,0.0,0.0,0.0,1.0,1.0,1.0,1.0,0.0,1.0,0.0,0.0,1.0,1,0,0,0,0,0,0,0,0,0,0
test,vgr_test_storage_cycle_01,1.0,1.0,1.0,0.0,0.0,0.0,0.0,0.0,0.0,0.0,1.0,1.0,1.0,1.0,0.0,1.0,0.0,0.0,1.0,1,0,0,0,0,0,0,0,0,0,0
test,vgr_test_storage_cycle_01,1.0,1.0,1.0,0.0,0.0,0.0,0.0,0.0,0.0,0.0,1.0,1.0,1.0,1.0,0.0,1.0,0.0,0.0,1.0,1,0,0,0,0,0,0,0,0,0,0
test,vgr_test_storage_cycle_01,1.0,1.0,1.0,0.0,0.0,0.0,0.0,0.0,0.0,0.0,1.0,1.0,1.0,1.0,0.0,1.0,0.0,0.0,1.0,1,0,0,0,0,0,0,0,0,0,0
test,vgr_test_storage_cycle_01,1.0,1.0,1.0,0.0,0.0,0.0,0.0,0.0,0.0,0.0,1.0,1.0,1.0,1.0,0.0,1.0,0.0,0.0,1.0,1,0,0,0,0,0,0,0,0,0,0
test,vgr_test_storage_cycle_01,1.0,1.0,1.0,0.0,0.0,0.0,0.0,0.0,0.0,0.0,1.0,1.0,1.0,1.0,0.0,1.0,0.0,0.0,1.0,0,1,0,0,0,0,0,0,0,0,0
test,vgr_test_storage_cycle_01,1.0,1.0,1.0,0.0,0.0,0.0,0.0,0.0,0.0,0.0,1.0,1.0,1.0,1.0,0.0,1.0,0.0,0.0,1.0,0,1,0,0,0,0,0,0,0,0,0
test,vgr_test_storage_cycle_01,1.0,1.0,1.0,0.0,0.0,0.0,0.0,0.0,0.0,0.0,1.0,1.0,1.0,1.0,0.0,1.0,0.0,0.0,1.0,0,1,0,0,0,0,0,0,0,0,0
test,vgr_test_storage_cycle_01,1.0,1.0,1.0,0.0,0.0,0.0,0.0,0.0,0.0,0.0,1.0,1.0,1.0,1.0,0.0,1.0,0.0,0.0,1.0,0,1,0,0,0,0,0,0,0,0,0
test,vgr_test_storage_cycle_01,1.0,1.0,1.0,0.0,0.0,0.0,0.0,0.0,0.0,0.0,1.0,1.0,1.0,1.0,0.0,1.0,0.0,0.0,1.0,0,1,0,0,0,0,0,0,0,0,0
test,vgr_test_storage_cycle_01,1.0,1.0,1.0,0.0,0.0,0.0,0.0,0.0,0.0,0.0,1.0,1.0,1.0,1.0,0.0,1.0,0.0,0.0,1.0,0,1,0,0,0,0,0,0,0,0,0
test,vgr_test_storage_cycle_01,1.0,1.0,1.0,0.0,0.0,0.0,0.0,0.0,0.0,0.0,1.0,1.0,1.0,1.0,0.0,1.0,0.0,0.0,1.0,0,1,0,0,0,0,0,0,0,0,0
test,vgr_test_storage_cycle_01,1.0,1.0,1.0,0.0,0.0,0.0,0.0,0.0,0.0,0.0,1.0,1.0,1.0,1.0,0.0,1.0,0.0,0.0,1.0,0,1,0,0,0,0,0,0,0,0,0
test,vgr_test_storage_cycle_01,1.0,1.0,1.0,0.0,0.0,0.0,0.0,0.0,0.0,0.0,1.0,1.0,1.0,1.0,0.0,1.0,0.0,0.0,1.0,0,1,0,0,0,0,0,0,0,0,0
test,vgr_test_storage_cycle_01,1.0,1.0,1.0,0.0,0.0,0.0,0.0,0.0,0.0,0.0,1.0,1.0,1.0,1.0,0.0,1.0,0.0,0.0,1.0,0,1,0,0,0,0,0,0,0,0,0
test,vgr_test_storage_cycle_01,1.0,1.0,1.0,0.0,0.0,0.0,0.0,0.0,0.0,0.0,1.0,1.0,1.0,1.0,0.0,1.0,0.0,0.0,0.0,0,1,0,0,0,0,0,0,0,0,101
test,vgr_test_storage_cycle_01,0.0,0.0,0.0,0.0,0.0,1.0,1.0,391.0,26.0,32.0,1.0,1.0,1.0,1.0,0.0,1.0,0.0,0.0,1.0,0,1,0,0,0,0,0,0,0,0,102
test,vgr_test_storage_cycle_01,0.0,0.0,0.0,0.0,0.0,1.0,1.0,1451.0,908.0,704.0,0.0,1.0,1.0,0.0,0.0,1.0,404.0,2869.0,1.0,0,1,0,0,0,0,0,0,0,0,103
test,vgr_test_storage_cycle_01,0.0,0.0,0.0,0.0,0.0,1.0,1.0,2453.0,160.0,428.0,0.0,1.0,1.0,0.0,0.0,1.0,37.0,2869.0,1.0,0,1,0,0,0,0,0,0,0,0,102
test,vgr_test_storage_cycle_01,0.0,0.0,0.0,0.0,0.0,1.0,1.0,1447.0,905.0,706.0,0.0,0.0,1.0,0.0,1.0,0.0,2799.0,16.0,1.0,0,1,0,0,0,0,0,0,0,0,104
test,vgr_test_storage_cycle_01,1.0,0.0,0.0,1.0,1.0,1.0,1.0,0.0,604.0,5348.0,0.0,1.0,0.0,0.0,1.0,0.0,2799.0,16.0,1.0,0,1,0,0,0,0,0,0,0,0,105
test,vgr_test_storage_cycle_01,0.0,0.0,0.0,0.0,0.0,0.0,0.0,398.0,604.0,5348.0,0.0,1.0,0.0,0.0,1.0,0.0,2799.0,16.0,1.0,0,1,0,0,0,0,0,0,0,0,0
test,vgr_test_storage_cycle_01,0.0,0.0,0.0,0.0,0.0,0.0,0.0,398.0,604.0,5348.0,0.0,0.0,1.0,0.0,1.0,0.0,2799.0,16.0,1.0,0,1,0,0,0,0,0,0,0,0,0
test,vgr_test_storage_cycle_01,0.0,0.0,0.0,0.0,0.0,0.0,0.0,398.0,604.0,5348.0,0.0,1.0,1.0,0.0,0.0,1.0,35.0,2870.0,1.0,0,1,0,0,0,0,0,0,0,0,0
test,vgr_test_storage_cycle_01,0.0,0.0,0.0,0.0,0.0,0.0,0.0,398.0,604.0,5348.0,0.0,1.0,1.0,0.0,0.0,1.0,402.0,2870.0,1.0,0,1,0,0,0,0,0,0,0,0,301
test,vgr_test_storage_cycle_01,1.0,1.0,1.0,0.0,0.0,0.0,0.0,0.0,0.0,0.0,1.0,1.0,1.0,1.0,0.0,1.0,0.0,0.0,1.0,0,0,1,0,0,0,0,0,0,0,0
test,vgr_test_storage_cycle_01,1.0,1.0,1.0,0.0,0.0,0.0,0.0,0.0,0.0,0.0,1.0,1.0,1.0,1.0,0.0,1.0,0.0,0.0,1.0,0,0,1,0,0,0,0,0,0,0,0
test,vgr_test_storage_cycle_01,1.0,1.0,1.0,0.0,0.0,0.0,0.0,0.0,0.0,0.0,1.0,1.0,1.0,1.0,0.0,1.0,0.0,0.0,1.0,0,0,1,0,0,0,0,0,0,0,0
test,vgr_test_storage_cycle_01,1.0,1.0,1.0,0.0,0.0,0.0,0.0,0.0,0.0,0.0,1.0,1.0,1.0,1.0,0.0,1.0,0.0,0.0,1.0,0,0,1,0,0,0,0,0,0,0,0
test,vgr_test_storage_cycle_01,1.0,1.0,1.0,0.0,0.0,0.0,0.0,0.0,0.0,0.0,1.0,1.0,1.0,1.0,0.0,1.0,0.0,0.0,1.0,0,0,1,0,0,0,0,0,0,0,0
test,vgr_test_storage_cycle_01,1.0,1.0,1.0,0.0,0.0,0.0,0.0,0.0,0.0,0.0,1.0,1.0,1.0,1.0,0.0,1.0,0.0,0.0,1.0,0,0,1,0,0,0,0,0,0,0,0
test,vgr_test_storage_cycle_01,1.0,1.0,1.0,0.0,0.0,0.0,0.0,0.0,0.0,0.0,1.0,1.0,1.0,1.0,0.0,1.0,0.0,0.0,1.0,0,0,1,0,0,0,0,0,0,0,0
test,vgr_test_storage_cycle_01,1.0,1.0,1.0,0.0,0.0,0.0,0.0,0.0,0.0,0.0,1.0,1.0,1.0,1.0,0.0,1.0,0.0,0.0,1.0,0,0,1,0,0,0,0,0,0,0,0
test,vgr_test_storage_cycle_01,1.0,1.0,1.0,0.0,0.0,0.0,0.0,0.0,0.0,0.0,1.0,1.0,1.0,1.0,0.0,1.0,0.0,0.0,1.0,0,0,1,0,0,0,0,0,0,0,0
test,vgr_test_storage_cycle_01,1.0,1.0,1.0,0.0,0.0,0.0,0.0,0.0,0.0,0.0,1.0,1.0,1.0,1.0,0.0,1.0,0.0,0.0,1.0,0,0,1,0,0,0,0,0,0,0,0
test,vgr_test_storage_cycle_01,1.0,1.0,1.0,0.0,0.0,0.0,0.0,0.0,0.0,0.0,1.0,1.0,1.0,1.0,0.0,1.0,0.0,0.0,1.0,0,0,1,0,0,0,0,0,0,0,0
test,vgr_test_storage_cycle_01,1.0,1.0,1.0,0.0,0.0,0.0,0.0,0.0,0.0,0.0,1.0,1.0,1.0,1.0,0.0,1.0,0.0,0.0,1.0,0,0,1,0,0,0,0,0,0,0,0
test,vgr_test_storage_cycle_01,1.0,1.0,1.0,0.0,0.0,0.0,0.0,0.0,0.0,0.0,1.0,1.0,1.0,1.0,0.0,1.0,0.0,0.0,1.0,0,0,1,0,0,0,0,0,0,0,0
test,vgr_test_storage_cycle_01,1.0,1.0,1.0,0.0,0.0,0.0,0.0,0.0,0.0,0.0,1.0,1.0,1.0,1.0,0.0,1.0,0.0,0.0,1.0,0,0,1,0,0,0,0,0,0,0,0
test,vgr_test_storage_cycle_01,1.0,1.0,1.0,0.0,0.0,0.0,0.0,0.0,0.0,0.0,1.0,1.0,1.0,1.0,0.0,1.0,0.0,0.0,1.0,0,0,1,0,0,0,0,0,0,0,0
test,vgr_test_storage_cycle_01,1.0,1.0,1.0,0.0,0.0,0.0,0.0,0.0,0.0,0.0,1.0,1.0,1.0,1.0,0.0,1.0,0.0,0.0,1.0,0,0,1,0,0,0,0,0,0,0,0
test,vgr_test_storage_cycle_01,1.0,1.0,1.0,0.0,0.0,0.0,0.0,0.0,0.0,0.0,1.0,1.0,1.0,1.0,0.0,1.0,0.0,0.0,1.0,0,0,1,0,0,0,0,0,0,0,0
test,vgr_test_storage_cycle_01,1.0,1.0,1.0,0.0,0.0,0.0,0.0,0.0,0.0,0.0,1.0,1.0,1.0,1.0,0.0,1.0,0.0,0.0,1.0,0,0,1,0,0,0,0,0,0,0,0
test,vgr_test_storage_cycle_01,1.0,1.0,1.0,0.0,0.0,0.0,0.0,0.0,0.0,0.0,1.0,1.0,1.0,1.0,0.0,1.0,0.0,0.0,1.0,0,0,1,0,0,0,0,0,0,0,0
test,vgr_test_storage_cycle_01,1.0,1.0,1.0,0.0,0.0,0.0,0.0,0.0,0.0,0.0,1.0,1.0,1.0,1.0,0.0,1.0,0.0,0.0,1.0,0,0,1,0,0,0,0,0,0,0,0
test,vgr_test_storage_cycle_01,1.0,1.0,1.0,0.0,0.0,0.0,0.0,0.0,0.0,0.0,1.0,1.0,1.0,1.0,0.0,1.0,0.0,0.0,0.0,0,0,1,0,0,0,0,0,0,0,101
test,vgr_test_storage_cycle_01,0.0,0.0,0.0,0.0,0.0,1.0,1.0,394.0,26.0,33.0,1.0,1.0,1.0,1.0,0.0,1.0,0.0,0.0,1.0,0,0,1,0,0,0,0,0,0,0,102
test,vgr_test_storage_cycle_01,0.0,0.0,0.0,0.0,0.0,1.0,1.0,1452.0,904.0,703.0,0.0,1.0,1.0,0.0,0.0,1.0,1753.0,2869.0,1.0,0,0,1,0,0,0,0,0,0,0,103
test,vgr_test_storage_cycle_01,0.0,0.0,0.0,0.0,0.0,1.0,1.0,2456.0,156.0,426.0,0.0,1.0,1.0,0.0,0.0,1.0,1382.0,2869.0,1.0,0,0,1,0,0,0,0,0,0,0,102
test,vgr_test_storage_cycle_01,0.0,0.0,0.0,0.0,0.0,1.0,1.0,1449.0,908.0,702.0,0.0,0.0,1.0,0.0,1.0,0.0,2804.0,16.0,1.0,0,0,1,0,0,0,0,0,0,0,104
test,vgr_test_storage_cycle_01,1.0,0.0,0.0,1.0,1.0,1.0,1.0,0.0,608.0,5348.0,0.0,1.0,0.0,0.0,1.0,0.0,2804.0,16.0,1.0,0,0,1,0,0,0,0,0,0,0,105
test,vgr_test_storage_cycle_01,0.0,0.0,0.0,0.0,0.0,0.0,0.0,403.0,608.0,5348.0,0.0,1.0,0.0,0.0,1.0,0.0,2804.0,16.0,1.0,0,0,1,0,0,0,0,0,0,0,0
test,vgr_test_storage_cycle_01,0.0,0.0,0.0,0.0,0.0,0.0,0.0,403.0,608.0,5348.0,0.0,0.0,1.0,0.0,1.0,0.0,2804.0,16.0,1.0,0,0,1,0,0,0,0,0,0,0,0
test,vgr_test_storage_cycle_01,0.0,0.0,0.0,0.0,0.0,0.0,0.0,403.0,608.0,5348.0,0.0,1.0,1.0,0.0,0.0,1.0,1385.0,2870.0,1.0,0,0,1,0,0,0,0,0,0,0,0
test,vgr_test_storage_cycle_01,0.0,0.0,0.0,0.0,0.0,0.0,0.0,403.0,608.0,5348.0,0.0,1.0,1.0,0.0,0.0,1.0,1748.0,2870.0,1.0,0,0,1,0,0,0,0,0,0,0,301
test,vgr_test_storage_cycle_01,1.0,1.0,1.0,0.0,0.0,0.0,0.0,0.0,0.0,0.0,1.0,1.0,1.0,1.0,0.0,1.0,0.0,0.0,1.0,0,0,0,1,0,0,0,0,0,0,0
test,vgr_test_storage_cycle_01,1.0,1.0,1.0,0.0,0.0,0.0,0.0,0.0,0.0,0.0,1.0,1.0,1.0,1.0,0.0,1.0,0.0,0.0,1.0,0,0,0,1,0,0,0,0,0,0,0
test,vgr_test_storage_cycle_01,1.0,1.0,1.0,0.0,0.0,0.0,0.0,0.0,0.0,0.0,1.0,1.0,1.0,1.0,0.0,1.0,0.0,0.0,1.0,0,0,0,1,0,0,0,0,0,0,0
test,vgr_test_storage_cycle_01,1.0,1.0,1.0,0.0,0.0,0.0,0.0,0.0,0.0,0.0,1.0,1.0,1.0,1.0,0.0,1.0,0.0,0.0,1.0,0,0,0,1,0,0,0,0,0,0,0
test,vgr_test_storage_cycle_01,1.0,1.0,1.0,0.0,0.0,0.0,0.0,0.0,0.0,0.0,1.0,1.0,1.0,1.0,0.0,1.0,0.0,0.0,1.0,0,0,0,1,0,0,0,0,0,0,0
test,vgr_test_storage_cycle_01,1.0,1.0,1.0,0.0,0.0,0.0,0.0,0.0,0.0,0.0,1.0,1.0,1.0,1.0,0.0,1.0,0.0,0.0,1.0,0,0,0,1,0,0,0,0,0,0,0
test,vgr_test_storage_cycle_01,1.0,1.0,1.0,0.0,0.0,0.0,0.0,0.0,0.0,0.0,1.0,1.0,1.0,1.0,0.0,1.0,0.0,0.0,1.0,0,0,0,1,0,0,0,0,0,0,0
test,vgr_test_storage_cycle_01,1.0,1.0,1.0,0.0,0.0,0.0,0.0,0.0,0.0,0.0,1.0,1.0,1.0,1.0,0.0,1.0,0.0,0.0,1.0,0,0,0,1,0,0,0,0,0,0,0
test,vgr_test_storage_cycle_01,1.0,1.0,1.0,0.0,0.0,0.0,0.0,0.0,0.0,0.0,1.0,1.0,1.0,1.0,0.0,1.0,0.0,0.0,1.0,0,0,0,1,0,0,0,0,0,0,0
test,vgr_test_storage_cycle_01,1.0,1.0,1.0,0.0,0.0,0.0,0.0,0.0,0.0,0.0,1.0,1.0,1.0,1.0,0.0,1.0,0.0,0.0,1.0,0,0,0,1,0,0,0,0,0,0,0
test,vgr_test_storage_cycle_01,1.0,1.0,1.0,0.0,0.0,0.0,0.0,0.0,0.0,0.0,1.0,1.0,1.0,1.0,0.0,1.0,0.0,0.0,1.0,0,0,0,1,0,0,0,0,0,0,0
test,vgr_test_storage_cycle_01,1.0,1.0,1.0,0.0,0.0,0.0,0.0,0.0,0.0,0.0,1.0,1.0,1.0,1.0,0.0,1.0,0.0,0.0,1.0,0,0,0,1,0,0,0,0,0,0,0
test,vgr_test_storage_cycle_01,1.0,1.0,1.0,0.0,0.0,0.0,0.0,0.0,0.0,0.0,1.0,1.0,1.0,1.0,0.0,1.0,0.0,0.0,1.0,0,0,0,1,0,0,0,0,0,0,0
test,vgr_test_storage_cycle_01,1.0,1.0,1.0,0.0,0.0,0.0,0.0,0.0,0.0,0.0,1.0,1.0,1.0,1.0,0.0,1.0,0.0,0.0,1.0,0,0,0,1,0,0,0,0,0,0,0
test,vgr_test_storage_cycle_01,1.0,1.0,1.0,0.0,0.0,0.0,0.0,0.0,0.0,0.0,1.0,1.0,1.0,1.0,0.0,1.0,0.0,0.0,1.0,0,0,0,1,0,0,0,0,0,0,0
test,vgr_test_storage_cycle_01,1.0,1.0,1.0,0.0,0.0,0.0,0.0,0.0,0.0,0.0,1.0,1.0,1.0,1.0,0.0,1.0,0.0,0.0,1.0,0,0,0,1,0,0,0,0,0,0,0
test,vgr_test_storage_cycle_01,1.0,1.0,1.0,0.0,0.0,0.0,0.0,0.0,0.0,0.0,1.0,1.0,1.0,1.0,0.0,1.0,0.0,0.0,1.0,0,0,0,1,0,0,0,0,0,0,0
test,vgr_test_storage_cycle_01,1.0,1.0,1.0,0.0,0.0,0.0,0.0,0.0,0.0,0.0,1.0,1.0,1.0,1.0,0.0,1.0,0.0,0.0,0.0,0,0,0,1,0,0,0,0,0,0,101
test,vgr_test_storage_cycle_01,0.0,0.0,0.0,0.0,0.0,1.0,1.0,397.0,25.0,33.0,1.0,1.0,1.0,1.0,0.0,1.0,0.0,0.0,1.0,0,0,0,1,0,0,0,0,0,0,102
test,vgr_test_storage_cycle_01,0.0,0.0,0.0,0.0,0.0,1.0,1.0,1449.0,905.0,702.0,0.0,1.0,1.0,0.0,0.0,1.0,3252.0,2869.0,1.0,0,0,0,1,0,0,0,0,0,0,103
test,vgr_test_storage_cycle_01,0.0,0.0,0.0,0.0,0.0,1.0,1.0,2455.0,152.0,426.0,0.0,1.0,1.0,0.0,0.0,1.0,2885.0,2869.0,1.0,0,0,0,1,0,0,0,0,0,0,102
test,vgr_test_storage_cycle_01,0.0,0.0,0.0,0.0,0.0,1.0,1.0,1448.0,910.0,704.0,0.0,0.0,1.0,0.0,1.0,0.0,2799.0,18.0,1.0,0,0,0,1,0,0,0,0,0,0,104
test,vgr_test_storage_cycle_01,1.0,0.0,0.0,1.0,1.0,1.0,1.0,0.0,604.0,5348.0,0.0,1.0,0.0,0.0,1.0,0.0,2799.0,18.0,1.0,0,0,0,1,0,0,0,0,0,0,105
test,vgr_test_storage_cycle_01,0.0,0.0,0.0,0.0,0.0,0.0,0.0,396.0,604.0,5348.0,0.0,1.0,0.0,0.0,1.0,0.0,2799.0,18.0,1.0,0,0,0,1,0,0,0,0,0,0,0
test,vgr_test_storage_cycle_01,0.0,0.0,0.0,0.0,0.0,0.0,0.0,396.0,604.0,5348.0,0.0,0.0,1.0,0.0,1.0,0.0,2799.0,18.0,1.0,0,0,0,1,0,0,0,0,0,0,0
test,vgr_test_storage_cycle_01,0.0,0.0,0.0,0.0,0.0,0.0,0.0,396.0,604.0,5348.0,0.0,1.0,1.0,0.0,0.0,1.0,2878.0,2870.0,1.0,0,0,0,1,0,0,0,0,0,0,0
test,vgr_test_storage_cycle_01,0.0,0.0,0.0,0.0,0.0,0.0,0.0,396.0,604.0,5348.0,0.0,1.0,1.0,0.0,0.0,1.0,3250.0,2870.0,1.0,0,0,0,1,0,0,0,0,0,0,301
test,vgr_test_storage_cycle_01,1.0,1.0,1.0,0.0,0.0,0.0,0.0,0.0,0.0,0.0,1.0,1.0,1.0,1.0,0.0,1.0,0.0,0.0,1.0,0,0,0,0,1,0,0,0,0,0,0
test,vgr_test_storage_cycle_01,1.0,1.0,1.0,0.0,0.0,0.0,0.0,0.0,0.0,0.0,1.0,1.0,1.0,1.0,0.0,1.0,0.0,0.0,1.0,0,0,0,0,1,0,0,0,0,0,0
test,vgr_test_storage_cycle_01,1.0,1.0,1.0,0.0,0.0,0.0,0.0,0.0,0.0,0.0,1.0,1.0,1.0,1.0,0.0,1.0,0.0,0.0,1.0,0,0,0,0,1,0,0,0,0,0,0
test,vgr_test_storage_cycle_01,1.0,1.0,1.0,0.0,0.0,0.0,0.0,0.0,0.0,0.0,1.0,1.0,1.0,1.0,0.0,1.0,0.0,0.0,1.0,0,0,0,0,1,0,0,0,0,0,0
test,vgr_test_storage_cycle_01,1.0,1.0,1.0,0.0,0.0,0.0,0.0,0.0,0.0,0.0,1.0,1.0,1.0,1.0,0.0,1.0,0.0,0.0,1.0,0,0,0,0,1,0,0,0,0,0,0
test,vgr_test_storage_cycle_01,1.0,1.0,1.0,0.0,0.0,0.0,0.0,0.0,0.0,0.0,1.0,1.0,1.0,1.0,0.0,1.0,0.0,0.0,1.0,0,0,0,0,1,0,0,0,0,0,0
test,vgr_test_storage_cycle_01,1.0,1.0,1.0,0.0,0.0,0.0,0.0,0.0,0.0,0.0,1.0,1.0,1.0,1.0,0.0,1.0,0.0,0.0,1.0,0,0,0,0,1,0,0,0,0,0,0
test,vgr_test_storage_cycle_01,1.0,1.0,1.0,0.0,0.0,0.0,0.0,0.0,0.0,0.0,1.0,1.0,1.0,1.0,0.0,1.0,0.0,0.0,1.0,0,0,0,0,1,0,0,0,0,0,0
test,vgr_test_storage_cycle_01,1.0,1.0,1.0,0.0,0.0,0.0,0.0,0.0,0.0,0.0,1.0,1.0,1.0,1.0,0.0,1.0,0.0,0.0,1.0,0,0,0,0,1,0,0,0,0,0,0
test,vgr_test_storage_cycle_01,1.0,1.0,1.0,0.0,0.0,0.0,0.0,0.0,0.0,0.0,1.0,1.0,1.0,1.0,0.0,1.0,0.0,0.0,1.0,0,0,0,0,1,0,0,0,0,0,0
test,vgr_test_storage_cycle_01,1.0,1.0,1.0,0.0,0.0,0.0,0.0,0.0,0.0,0.0,1.0,1.0,1.0,1.0,0.0,1.0,0.0,0.0,1.0,0,0,0,0,1,0,0,0,0,0,0
test,vgr_test_storage_cycle_01,1.0,1.0,1.0,0.0,0.0,0.0,0.0,0.0,0.0,0.0,1.0,1.0,1.0,1.0,0.0,1.0,0.0,0.0,1.0,0,0,0,0,1,0,0,0,0,0,0
test,vgr_test_storage_cycle_01,1.0,1.0,1.0,0.0,0.0,0.0,0.0,0.0,0.0,0.0,1.0,1.0,1.0,1.0,0.0,1.0,0.0,0.0,1.0,0,0,0,0,1,0,0,0,0,0,0
test,vgr_test_storage_cycle_01,1.0,1.0,1.0,0.0,0.0,0.0,0.0,0.0,0.0,0.0,1.0,1.0,1.0,1.0,0.0,1.0,0.0,0.0,0.0,0,0,0,0,1,0,0,0,0,0,101
test,vgr_test_storage_cycle_01,0.0,0.0,0.0,0.0,0.0,1.0,1.0,394.0,25.0,29.0,1.0,1.0,1.0,1.0,0.0,1.0,0.0,0.0,1.0,0,0,0,0,1,0,0,0,0,0,102
test,vgr_test_storage_cycle_01,0.0,0.0,0.0,0.0,0.0,1.0,1.0,1449.0,905.0,703.0,0.0,1.0,1.0,0.0,0.0,1.0,399.0,5199.0,1.0,0,0,0,0,1,0,0,0,0,0,103
test,vgr_test_storage_cycle_01,0.0,0.0,0.0,0.0,0.0,1.0,1.0,2454.0,157.0,424.0,0.0,1.0,1.0,0.0,0.0,1.0,32.0,5199.0,1.0,0,0,0,0,1,0,0,0,0,0,102
test,vgr_test_storage_cycle_01,0.0,0.0,0.0,0.0,0.0,1.0,1.0,1446.0,907.0,699.0,0.0,0.0,1.0,0.0,1.0,0.0,2803.0,17.0,1.0,0,0,0,0,1,0,0,0,0,0,104
test,vgr_test_storage_cycle_01,1.0,0.0,0.0,0.0,0.0,1.0,1.0,0.0,605.0,5349.0,0.0,1.0,0.0,0.0,1.0,0.0,2803.0,17.0,1.0,0,0,0,0,1,0,0,0,0,0,105
test,vgr_test_storage_cycle_01,0.0,0.0,0.0,0.0,0.0,0.0,0.0,400.0,605.0,5349.0,0.0,1.0,0.0,0.0,1.0,0.0,2803.0,17.0,1.0,0,0,0,0,1,0,0,0,0,0,0
test,vgr_test_storage_cycle_01,0.0,0.0,0.0,0.0,0.0,0.0,0.0,400.0,605.0,5349.0,0.0,0.0,1.0,0.0,1.0,0.0,2803.0,17.0,1.0,0,0,0,0,1,0,0,0,0,0,0
test,vgr_test_storage_cycle_01,0.0,0.0,0.0,0.0,0.0,0.0,0.0,400.0,605.0,5349.0,0.0,1.0,1.0,0.0,0.0,1.0,35.0,5199.0,1.0,0,0,0,0,1,0,0,0,0,0,0
test,vgr_test_storage_cycle_01,0.0,0.0,0.0,0.0,0.0,0.0,0.0,400.0,605.0,5349.0,0.0,1.0,1.0,0.0,0.0,1.0,401.0,5199.0,1.0,0,0,0,0,1,0,0,0,0,0,301
test,vgr_test_storage_cycle_01,1.0,1.0,1.0,0.0,0.0,0.0,0.0,0.0,0.0,0.0,1.0,1.0,1.0,1.0,0.0,1.0,0.0,0.0,1.0,0,0,0,0,0,1,0,0,0,0,0
test,vgr_test_storage_cycle_01,1.0,1.0,1.0,0.0,0.0,0.0,0.0,0.0,0.0,0.0,1.0,1.0,1.0,1.0,0.0,1.0,0.0,0.0,0.0,0,0,0,0,0,1,0,0,0,0,101
test,vgr_test_storage_cycle_01,0.0,0.0,0.0,0.0,0.0,1.0,1.0,395.0,25.0,32.0,1.0,1.0,1.0,1.0,0.0,1.0,0.0,0.0,1.0,0,0,0,0,0,1,0,0,0,0,102
test,vgr_test_storage_cycle_01,0.0,0.0,0.0,0.0,0.0,1.0,1.0,1448.0,905.0,704.0,0.0,1.0,1.0,0.0,0.0,1.0,1754.0,5201.0,1.0,0,0,0,0,0,1,0,0,0,0,103
test,vgr_test_storage_cycle_01,0.0,0.0,0.0,0.0,0.0,1.0,1.0,2462.0,157.0,426.0,0.0,1.0,1.0,0.0,0.0,1.0,1386.0,5201.0,1.0,0,0,0,0,0,1,0,0,0,0,102
test,vgr_test_storage_cycle_01,0.0,0.0,0.0,0.0,0.0,1.0,1.0,1448.0,903.0,706.0,0.0,0.0,1.0,0.0,1.0,0.0,2800.0,17.0,1.0,0,0,0,0,0,1,0,0,0,0,104
test,vgr_test_storage_cycle_01,1.0,0.0,0.0,0.0,0.0,1.0,1.0,0.0,607.0,5351.0,0.0,1.0,0.0,0.0,1.0,0.0,2800.0,17.0,1.0,0,0,0,0,0,1,0,0,0,0,105
test,vgr_test_storage_cycle_01,0.0,0.0,0.0,0.0,0.0,0.0,0.0,399.0,607.0,5351.0,0.0,1.0,0.0,0.0,1.0,0.0,2800.0,17.0,1.0,0,0,0,0,0,1,0,0,0,0,0
test,vgr_test_storage_cycle_01,0.0,0.0,0.0,0.0,0.0,0.0,0.0,399.0,607.0,5351.0,0.0,0.0,1.0,0.0,1.0,0.0,2800.0,17.0,1.0,0,0,0,0,0,1,0,0,0,0,0
test,vgr_test_storage_cycle_01,0.0,0.0,0.0,0.0,0.0,0.0,0.0,399.0,607.0,5351.0,0.0,1.0,1.0,0.0,0.0,1.0,1383.0,5198.0,1.0,0,0,0,0,0,1,0,0,0,0,0
test,vgr_test_storage_cycle_01,0.0,0.0,0.0,0.0,0.0,0.0,0.0,399.0,607.0,5351.0,0.0,1.0,1.0,0.0,0.0,1.0,1752.0,5198.0,1.0,0,0,0,0,0,1,0,0,0,0,301
test,vgr_test_storage_cycle_01,1.0,1.0,1.0,0.0,0.0,0.0,0.0,0.0,0.0,0.0,1.0,1.0,1.0,1.0,0.0,1.0,0.0,0.0,1.0,0,0,0,0,0,0,1,0,0,0,0
test,vgr_test_storage_cycle_01,1.0,1.0,1.0,0.0,0.0,0.0,0.0,0.0,0.0,0.0,1.0,1.0,1.0,1.0,0.0,1.0,0.0,0.0,1.0,0,0,0,0,0,0,1,0,0,0,0
test,vgr_test_storage_cycle_01,1.0,1.0,1.0,0.0,0.0,0.0,0.0,0.0,0.0,0.0,1.0,1.0,1.0,1.0,0.0,1.0,0.0,0.0,1.0,0,0,0,0,0,0,1,0,0,0,0
test,vgr_test_storage_cycle_01,1.0,1.0,1.0,0.0,0.0,0.0,0.0,0.0,0.0,0.0,1.0,1.0,1.0,1.0,0.0,1.0,0.0,0.0,1.0,0,0,0,0,0,0,1,0,0,0,0
test,vgr_test_storage_cycle_01,1.0,1.0,1.0,0.0,0.0,0.0,0.0,0.0,0.0,0.0,1.0,1.0,1.0,1.0,0.0,1.0,0.0,0.0,1.0,0,0,0,0,0,0,1,0,0,0,0
test,vgr_test_storage_cycle_01,1.0,1.0,1.0,0.0,0.0,0.0,0.0,0.0,0.0,0.0,1.0,1.0,1.0,1.0,0.0,1.0,0.0,0.0,1.0,0,0,0,0,0,0,1,0,0,0,0
test,vgr_test_storage_cycle_01,1.0,1.0,1.0,0.0,0.0,0.0,0.0,0.0,0.0,0.0,1.0,1.0,1.0,1.0,0.0,1.0,0.0,0.0,1.0,0,0,0,0,0,0,1,0,0,0,0
test,vgr_test_storage_cycle_01,1.0,1.0,1.0,0.0,0.0,0.0,0.0,0.0,0.0,0.0,1.0,1.0,1.0,1.0,0.0,1.0,0.0,0.0,1.0,0,0,0,0,0,0,1,0,0,0,0
test,vgr_test_storage_cycle_01,1.0,1.0,1.0,0.0,0.0,0.0,0.0,0.0,0.0,0.0,1.0,1.0,1.0,1.0,0.0,1.0,0.0,0.0,0.0,0,0,0,0,0,0,1,0,0,0,101
test,vgr_test_storage_cycle_01,0.0,0.0,0.0,0.0,0.0,1.0,1.0,396.0,26.0,33.0,1.0,1.0,1.0,1.0,0.0,1.0,0.0,0.0,1.0,0,0,0,0,0,0,1,0,0,0,102
test,vgr_test_storage_cycle_01,0.0,0.0,0.0,0.0,0.0,1.0,1.0,1451.0,908.0,704.0,0.0,1.0,1.0,0.0,0.0,1.0,3253.0,5199.0,1.0,0,0,0,0,0,0,1,0,0,0,103
test,vgr_test_storage_cycle_01,0.0,0.0,0.0,0.0,0.0,1.0,1.0,2458.0,156.0,423.0,0.0,1.0,1.0,0.0,0.0,1.0,2883.0,5199.0,1.0,0,0,0,0,0,0,1,0,0,0,102
test,vgr_test_storage_cycle_01,0.0,0.0,0.0,0.0,0.0,1.0,1.0,1448.0,908.0,703.0,0.0,0.0,1.0,0.0,1.0,0.0,2802.0,17.0,1.0,0,0,0,0,0,0,1,0,0,0,104
test,vgr_test_storage_cycle_01,1.0,0.0,0.0,0.0,0.0,1.0,1.0,0.0,604.0,5352.0,0.0,1.0,0.0,0.0,1.0,0.0,2802.0,17.0,1.0,0,0,0,0,0,0,1,0,0,0,105
test,vgr_test_storage_cycle_01,0.0,0.0,0.0,0.0,0.0,0.0,0.0,400.0,604.0,5352.0,0.0,1.0,0.0,0.0,1.0,0.0,2802.0,17.0,1.0,0,0,0,0,0,0,1,0,0,0,0
test,vgr_test_storage_cycle_01,0.0,0.0,0.0,0.0,0.0,0.0,0.0,400.0,604.0,5352.0,0.0,0.0,1.0,0.0,1.0,0.0,2802.0,17.0,1.0,0,0,0,0,0,0,1,0,0,0,0
test,vgr_test_storage_cycle_01,0.0,0.0,0.0,0.0,0.0,0.0,0.0,400.0,604.0,5352.0,0.0,1.0,1.0,0.0,0.0,1.0,2881.0,5198.0,1.0,0,0,0,0,0,0,1,0,0,0,0
test,vgr_test_storage_cycle_01,0.0,0.0,0.0,0.0,0.0,0.0,0.0,400.0,604.0,5352.0,0.0,1.0,1.0,0.0,0.0,1.0,3250.0,5198.0,1.0,0,0,0,0,0,0,1,0,0,0,301
test,vgr_test_storage_cycle_01,1.0,1.0,1.0,0.0,0.0,0.0,0.0,0.0,0.0,0.0,1.0,1.0,1.0,1.0,0.0,1.0,0.0,0.0,1.0,0,0,0,0,0,0,0,1,0,0,0
test,vgr_test_storage_cycle_01,1.0,1.0,1.0,0.0,0.0,0.0,0.0,0.0,0.0,0.0,1.0,1.0,1.0,1.0,0.0,1.0,0.0,0.0,1.0,0,0,0,0,0,0,0,1,0,0,0
test,vgr_test_storage_cycle_01,1.0,1.0,1.0,0.0,0.0,0.0,0.0,0.0,0.0,0.0,1.0,1.0,1.0,1.0,0.0,1.0,0.0,0.0,1.0,0,0,0,0,0,0,0,1,0,0,0
test,vgr_test_storage_cycle_01,1.0,1.0,1.0,0.0,0.0,0.0,0.0,0.0,0.0,0.0,1.0,1.0,1.0,1.0,0.0,1.0,0.0,0.0,1.0,0,0,0,0,0,0,0,1,0,0,0
test,vgr_test_storage_cycle_01,1.0,1.0,1.0,0.0,0.0,0.0,0.0,0.0,0.0,0.0,1.0,1.0,1.0,1.0,0.0,1.0,0.0,0.0,1.0,0,0,0,0,0,0,0,1,0,0,0
test,vgr_test_storage_cycle_01,1.0,1.0,1.0,0.0,0.0,0.0,0.0,0.0,0.0,0.0,1.0,1.0,1.0,1.0,0.0,1.0,0.0,0.0,0.0,0,0,0,0,0,0,0,1,0,0,101
test,vgr_test_storage_cycle_01,0.0,0.0,0.0,0.0,0.0,1.0,1.0,398.0,26.0,33.0,1.0,1.0,1.0,1.0,0.0,1.0,0.0,0.0,1.0,0,0,0,0,0,0,0,1,0,0,102
test,vgr_test_storage_cycle_01,0.0,0.0,0.0,0.0,0.0,1.0,1.0,1453.0,906.0,705.0,0.0,1.0,1.0,0.0,0.0,1.0,399.0,7560.0,1.0,0,0,0,0,0,0,0,1,0,0,103
test,vgr_test_storage_cycle_01,0.0,0.0,0.0,0.0,0.0,1.0,1.0,2460.0,157.0,426.0,0.0,1.0,1.0,0.0,0.0,1.0,36.0,7560.0,1.0,0,0,0,0,0,0,0,1,0,0,102
test,vgr_test_storage_cycle_01,0.0,0.0,0.0,0.0,0.0,1.0,1.0,1450.0,909.0,700.0,0.0,0.0,1.0,0.0,1.0,0.0,2802.0,17.0,1.0,0,0,0,0,0,0,0,1,0,0,104
test,vgr_test_storage_cycle_01,1.0,0.0,0.0,0.0,0.0,1.0,1.0,0.0,603.0,5350.0,0.0,1.0,0.0,0.0,1.0,0.0,2802.0,17.0,1.0,0,0,0,0,0,0,0,1,0,0,105
test,vgr_test_storage_cycle_01,0.0,0.0,0.0,0.0,0.0,0.0,0.0,400.0,603.0,5350.0,0.0,1.0,0.0,0.0,1.0,0.0,2802.0,17.0,1.0,0,0,0,0,0,0,0,1,0,0,0
test,vgr_test_storage_cycle_01,0.0,0.0,0.0,0.0,0.0,0.0,0.0,400.0,603.0,5350.0,0.0,0.0,1.0,0.0,1.0,0.0,2802.0,17.0,1.0,0,0,0,0,0,0,0,1,0,0,0
test,vgr_test_storage_cycle_01,0.0,0.0,0.0,0.0,0.0,0.0,0.0,400.0,603.0,5350.0,0.0,1.0,1.0,0.0,0.0,1.0,34.0,7559.0,1.0,0,0,0,0,0,0,0,1,0,0,0
test,vgr_test_storage_cycle_01,0.0,0.0,0.0,0.0,0.0,0.0,0.0,400.0,603.0,5350.0,0.0,1.0,1.0,0.0,0.0,1.0,403.0,7559.0,1.0,0,0,0,0,0,0,0,1,0,0,301
test,vgr_test_storage_cycle_01,1.0,1.0,1.0,0.0,0.0,0.0,0.0,0.0,0.0,0.0,1.0,1.0,1.0,1.0,0.0,1.0,0.0,0.0,1.0,0,0,0,0,0,0,0,0,1,0,0
test,vgr_test_storage_cycle_01,1.0,1.0,1.0,0.0,0.0,0.0,0.0,0.0,0.0,0.0,1.0,1.0,1.0,1.0,0.0,1.0,0.0,0.0,1.0,0,0,0,0,0,0,0,0,1,0,0
test,vgr_test_storage_cycle_01,1.0,1.0,1.0,0.0,0.0,0.0,0.0,0.0,0.0,0.0,1.0,1.0,1.0,1.0,0.0,1.0,0.0,0.0,0.0,0,0,0,0,0,0,0,0,1,0,101
test,vgr_test_storage_cycle_01,0.0,0.0,0.0,0.0,0.0,1.0,1.0,390.0,26.0,32.0,1.0,1.0,1.0,1.0,0.0,1.0,0.0,0.0,1.0,0,0,0,0,0,0,0,0,1,0,102
test,vgr_test_storage_cycle_01,0.0,0.0,0.0,0.0,0.0,1.0,1.0,1447.0,906.0,700.0,0.0,1.0,1.0,0.0,0.0,1.0,1754.0,7559.0,1.0,0,0,0,0,0,0,0,0,1,0,103
test,vgr_test_storage_cycle_01,0.0,0.0,0.0,0.0,0.0,1.0,1.0,2456.0,156.0,424.0,0.0,1.0,1.0,0.0,0.0,1.0,1386.0,7559.0,1.0,0,0,0,0,0,0,0,0,1,0,102
test,vgr_test_storage_cycle_01,0.0,0.0,0.0,0.0,0.0,1.0,1.0,1446.0,904.0,703.0,0.0,0.0,1.0,0.0,1.0,0.0,2804.0,17.0,1.0,0,0,0,0,0,0,0,0,1,0,104
test,vgr_test_storage_cycle_01,1.0,0.0,0.0,0.0,0.0,1.0,1.0,0.0,606.0,5351.0,0.0,1.0,0.0,0.0,1.0,0.0,2804.0,17.0,1.0,0,0,0,0,0,0,0,0,1,0,105
test,vgr_test_storage_cycle_01,0.0,0.0,0.0,0.0,0.0,0.0,0.0,401.0,606.0,5351.0,0.0,1.0,0.0,0.0,1.0,0.0,2804.0,17.0,1.0,0,0,0,0,0,0,0,0,1,0,0
test,vgr_test_storage_cycle_01,0.0,0.0,0.0,0.0,0.0,0.0,0.0,401.0,606.0,5351.0,0.0,0.0,1.0,0.0,1.0,0.0,2804.0,17.0,1.0,0,0,0,0,0,0,0,0,1,0,0
test,vgr_test_storage_cycle_01,0.0,0.0,0.0,0.0,0.0,0.0,0.0,401.0,606.0,5351.0,0.0,1.0,1.0,0.0,0.0,1.0,1383.0,7559.0,1.0,0,0,0,0,0,0,0,0,1,0,0
test,vgr_test_storage_cycle_01,0.0,0.0,0.0,0.0,0.0,0.0,0.0,401.0,606.0,5351.0,0.0,1.0,1.0,0.0,0.0,1.0,1751.0,7559.0,1.0,0,0,0,0,0,0,0,0,1,0,301
test,vgr_test_storage_cycle_01,1.0,1.0,1.0,0.0,0.0,0.0,0.0,0.0,0.0,0.0,1.0,1.0,1.0,1.0,0.0,1.0,0.0,0.0,1.0,0,0,0,0,0,0,0,0,0,1,0
test,vgr_test_storage_cycle_01,1.0,1.0,1.0,0.0,0.0,0.0,0.0,0.0,0.0,0.0,1.0,1.0,1.0,1.0,0.0,1.0,0.0,0.0,1.0,0,0,0,0,0,0,0,0,0,1,0
test,vgr_test_storage_cycle_01,1.0,1.0,1.0,0.0,0.0,0.0,0.0,0.0,0.0,0.0,1.0,1.0,1.0,1.0,0.0,1.0,0.0,0.0,1.0,0,0,0,0,0,0,0,0,0,1,0
test,vgr_test_storage_cycle_01,1.0,1.0,1.0,0.0,0.0,0.0,0.0,0.0,0.0,0.0,1.0,1.0,1.0,1.0,0.0,1.0,0.0,0.0,0.0,0,0,0,0,0,0,0,0,0,1,101
test,vgr_test_storage_cycle_01,0.0,0.0,0.0,0.0,0.0,1.0,1.0,396.0,26.0,34.0,1.0,1.0,1.0,1.0,0.0,1.0,0.0,0.0,1.0,0,0,0,0,0,0,0,0,0,1,102
test,vgr_test_storage_cycle_01,0.0,0.0,0.0,0.0,0.0,1.0,1.0,1452.0,910.0,704.0,0.0,1.0,1.0,0.0,0.0,1.0,3250.0,7556.0,1.0,0,0,0,0,0,0,0,0,0,1,103
test,vgr_test_storage_cycle_01,0.0,0.0,0.0,0.0,0.0,1.0,1.0,2460.0,156.0,424.0,0.0,1.0,1.0,0.0,0.0,1.0,2887.0,7556.0,1.0,0,0,0,0,0,0,0,0,0,1,102
test,vgr_test_storage_cycle_01,0.0,0.0,0.0,0.0,0.0,1.0,1.0,1449.0,908.0,702.0,0.0,0.0,1.0,0.0,1.0,0.0,2802.0,19.0,1.0,0,0,0,0,0,0,0,0,0,1,104
test,vgr_test_storage_cycle_01,1.0,0.0,0.0,0.0,1.0,1.0,1.0,0.0,483.0,5348.0,0.0,1.0,0.0,0.0,1.0,0.0,2802.0,19.0,1.0,0,0,0,0,0,0,0,0,0,1,105
test,vgr_test_storage_cycle_01,0.0,0.0,0.0,0.0,0.0,0.0,0.0,398.0,608.0,5348.0,0.0,1.0,0.0,0.0,1.0,0.0,2802.0,19.0,1.0,0,0,0,0,0,0,0,0,0,1,0
test,vgr_test_storage_cycle_01,0.0,0.0,0.0,0.0,0.0,0.0,0.0,398.0,608.0,5348.0,0.0,0.0,1.0,0.0,1.0,0.0,2802.0,19.0,1.0,0,0,0,0,0,0,0,0,0,1,0
test,vgr_test_storage_cycle_01,0.0,0.0,0.0,0.0,0.0,0.0,0.0,398.0,608.0,5348.0,0.0,1.0,1.0,0.0,0.0,1.0,2883.0,7560.0,1.0,0,0,0,0,0,0,0,0,0,1,0
test,vgr_test_storage_cycle_01,0.0,0.0,0.0,0.0,0.0,0.0,0.0,398.0,608.0,5348.0,0.0,1.0,1.0,0.0,0.0,1.0,3252.0,7560.0,1.0,0,0,0,0,0,0,0,0,0,1,301
test,vgr_test_storage_cycle_01,1.0,1.0,1.0,0.0,0.0,0.0,0.0,0.0,0.0,0.0,1.0,1.0,1.0,1.0,0.0,1.0,0.0,0.0,1.0,1,0,0,0,0,0,0,0,0,0,0
test,vgr_test_storage_cycle_01,1.0,1.0,1.0,0.0,0.0,0.0,0.0,0.0,0.0,0.0,1.0,1.0,1.0,1.0,0.0,1.0,0.0,0.0,1.0,1,0,0,0,0,0,0,0,0,0,0
test,vgr_test_storage_cycle_01,1.0,1.0,1.0,0.0,0.0,0.0,0.0,0.0,0.0,0.0,1.0,1.0,1.0,1.0,0.0,1.0,0.0,0.0,1.0,1,0,0,0,0,0,0,0,0,0,0
test,vgr_test_storage_cycle_01,1.0,1.0,1.0,0.0,0.0,0.0,0.0,0.0,0.0,0.0,1.0,1.0,1.0,1.0,0.0,1.0,0.0,0.0,1.0,1,0,0,0,0,0,0,0,0,0,0
test,vgr_test_storage_cycle_01,1.0,1.0,1.0,0.0,0.0,0.0,0.0,0.0,0.0,0.0,1.0,1.0,1.0,1.0,0.0,1.0,0.0,0.0,1.0,1,0,0,0,0,0,0,0,0,0,0
test,vgr_test_storage_cycle_01,1.0,1.0,1.0,0.0,0.0,0.0,0.0,0.0,0.0,0.0,1.0,1.0,1.0,1.0,0.0,1.0,0.0,0.0,1.0,1,0,0,0,0,0,0,0,0,0,0
test,vgr_test_storage_cycle_01,1.0,1.0,1.0,0.0,0.0,0.0,0.0,0.0,0.0,0.0,1.0,1.0,1.0,1.0,0.0,1.0,0.0,0.0,1.0,1,0,0,0,0,0,0,0,0,0,0
test,vgr_test_storage_cycle_01,1.0,1.0,1.0,0.0,0.0,0.0,0.0,0.0,0.0,0.0,1.0,1.0,1.0,1.0,0.0,1.0,0.0,0.0,1.0,1,0,0,0,0,0,0,0,0,0,0
test,vgr_test_storage_cycle_01,1.0,1.0,1.0,0.0,0.0,0.0,0.0,0.0,0.0,0.0,1.0,1.0,1.0,1.0,0.0,1.0,0.0,0.0,1.0,1,0,0,0,0,0,0,0,0,0,0
test,vgr_test_storage_cycle_01,1.0,1.0,1.0,0.0,0.0,0.0,0.0,0.0,0.0,0.0,1.0,1.0,1.0,1.0,0.0,1.0,0.0,0.0,1.0,1,0,0,0,0,0,0,0,0,0,0
test,vgr_test_storage_cycle_01,1.0,1.0,1.0,0.0,0.0,0.0,0.0,0.0,0.0,0.0,1.0,1.0,1.0,1.0,0.0,1.0,0.0,0.0,0.0,1,0,0,0,0,0,0,0,0,0,0
test,vgr_test_storage_cycle_01,1.0,1.0,1.0,0.0,0.0,0.0,0.0,0.0,0.0,0.0,1.0,1.0,1.0,1.0,0.0,1.0,0.0,0.0,1.0,1,0,0,0,0,0,0,0,0,0,0
test,vgr_test_storage_cycle_01,1.0,1.0,1.0,0.0,0.0,0.0,0.0,0.0,0.0,0.0,1.0,1.0,1.0,1.0,0.0,1.0,0.0,0.0,1.0,1,0,0,0,0,0,0,0,0,0,0
test,vgr_test_storage_cycle_01,1.0,1.0,1.0,0.0,0.0,0.0,0.0,0.0,0.0,0.0,1.0,1.0,1.0,1.0,0.0,1.0,0.0,0.0,1.0,1,0,0,0,0,0,0,0,0,0,0
test,vgr_test_storage_cycle_01,1.0,1.0,1.0,0.0,0.0,0.0,0.0,0.0,0.0,0.0,1.0,1.0,1.0,1.0,0.0,1.0,0.0,0.0,1.0,1,0,0,0,0,0,0,0,0,0,0
test,vgr_test_storage_cycle_01,1.0,1.0,1.0,0.0,0.0,0.0,0.0,0.0,0.0,0.0,1.0,1.0,1.0,1.0,0.0,1.0,0.0,0.0,1.0,1,0,0,0,0,0,0,0,0,0,0
test,vgr_test_storage_cycle_01,1.0,1.0,1.0,0.0,0.0,0.0,0.0,0.0,0.0,0.0,1.0,1.0,1.0,1.0,0.0,1.0,0.0,0.0,1.0,1,0,0,0,0,0,0,0,0,0,0
test,vgr_test_storage_cycle_01,1.0,1.0,1.0,0.0,0.0,0.0,0.0,0.0,0.0,0.0,1.0,1.0,1.0,1.0,0.0,1.0,0.0,0.0,1.0,1,0,0,0,0,0,0,0,0,0,0
test,vgr_test_storage_cycle_01,1.0,1.0,1.0,0.0,0.0,0.0,0.0,0.0,0.0,0.0,1.0,1.0,1.0,1.0,0.0,1.0,0.0,0.0,1.0,1,0,0,0,0,0,0,0,0,0,0
test,vgr_test_storage_cycle_01,1.0,1.0,1.0,0.0,0.0,0.0,0.0,0.0,0.0,0.0,1.0,1.0,1.0,1.0,0.0,1.0,0.0,0.0,1.0,1,0,0,0,0,0,0,0,0,0,0
test,vgr_test_storage_cycle_01,1.0,1.0,1.0,0.0,0.0,0.0,0.0,0.0,0.0,0.0,1.0,1.0,1.0,1.0,0.0,1.0,0.0,0.0,1.0,1,0,0,0,0,0,0,0,0,0,0
test,vgr_test_storage_cycle_01,1.0,1.0,1.0,0.0,0.0,0.0,0.0,0.0,0.0,0.0,1.0,1.0,1.0,1.0,0.0,1.0,0.0,0.0,1.0,1,0,0,0,0,0,0,0,0,0,0
test,vgr_test_storage_cycle_01,1.0,1.0,1.0,0.0,0.0,0.0,0.0,0.0,0.0,0.0,1.0,1.0,1.0,1.0,0.0,1.0,0.0,0.0,1.0,1,0,0,0,0,0,0,0,0,0,0
test,vgr_test_storage_cycle_01,1.0,1.0,1.0,0.0,0.0,0.0,0.0,0.0,0.0,0.0,1.0,1.0,1.0,1.0,0.0,1.0,0.0,0.0,1.0,1,0,0,0,0,0,0,0,0,0,0
test,vgr_test_storage_cycle_01,1.0,1.0,1.0,0.0,0.0,0.0,0.0,0.0,0.0,0.0,1.0,1.0,1.0,1.0,0.0,1.0,0.0,0.0,1.0,1,0,0,0,0,0,0,0,0,0,0
test,vgr_test_storage_cycle_01,1.0,1.0,1.0,0.0,0.0,0.0,0.0,0.0,0.0,0.0,1.0,1.0,1.0,1.0,0.0,1.0,0.0,0.0,1.0,1,0,0,0,0,0,0,0,0,0,0
test,vgr_test_storage_cycle_01,1.0,1.0,1.0,0.0,0.0,0.0,0.0,0.0,0.0,0.0,1.0,1.0,1.0,1.0,0.0,1.0,0.0,0.0,0.0,1,0,0,0,0,0,0,0,0,0,0
test,vgr_test_storage_cycle_01,1.0,1.0,1.0,0.0,0.0,0.0,0.0,0.0,0.0,0.0,1.0,1.0,1.0,1.0,0.0,1.0,0.0,0.0,1.0,1,0,0,0,0,0,0,0,0,0,0
test,vgr_test_storage_cycle_01,1.0,1.0,1.0,0.0,0.0,0.0,0.0,0.0,0.0,0.0,1.0,1.0,1.0,1.0,0.0,1.0,0.0,0.0,1.0,1,0,0,0,0,0,0,0,0,0,0
test,vgr_test_storage_cycle_01,1.0,1.0,1.0,0.0,0.0,0.0,0.0,0.0,0.0,0.0,1.0,1.0,1.0,1.0,0.0,1.0,0.0,0.0,1.0,1,0,0,0,0,0,0,0,0,0,0
test,vgr_test_storage_cycle_01,1.0,1.0,1.0,0.0,0.0,0.0,0.0,0.0,0.0,0.0,1.0,1.0,1.0,1.0,0.0,1.0,0.0,0.0,1.0,1,0,0,0,0,0,0,0,0,0,0
test,vgr_test_storage_cycle_01,1.0,1.0,1.0,0.0,0.0,0.0,0.0,0.0,0.0,0.0,1.0,1.0,1.0,1.0,0.0,1.0,0.0,0.0,1.0,1,0,0,0,0,0,0,0,0,0,0
test,vgr_test_storage_cycle_01,1.0,1.0,1.0,0.0,0.0,0.0,0.0,0.0,0.0,0.0,1.0,1.0,1.0,1.0,0.0,1.0,0.0,0.0,1.0,1,0,0,0,0,0,0,0,0,0,0
test,vgr_test_storage_cycle_01,1.0,1.0,1.0,0.0,0.0,0.0,0.0,0.0,0.0,0.0,1.0,1.0,1.0,1.0,0.0,1.0,0.0,0.0,1.0,1,0,0,0,0,0,0,0,0,0,0
test,vgr_test_storage_cycle_01,1.0,1.0,1.0,0.0,0.0,0.0,0.0,0.0,0.0,0.0,1.0,1.0,1.0,1.0,0.0,1.0,0.0,0.0,1.0,1,0,0,0,0,0,0,0,0,0,0
test,vgr_test_storage_cycle_01,1.0,1.0,1.0,0.0,0.0,0.0,0.0,0.0,0.0,0.0,1.0,1.0,1.0,1.0,0.0,1.0,0.0,0.0,1.0,1,0,0,0,0,0,0,0,0,0,0
test,vgr_test_storage_cycle_01,1.0,1.0,1.0,0.0,0.0,0.0,0.0,0.0,0.0,0.0,1.0,1.0,1.0,1.0,0.0,1.0,0.0,0.0,1.0,1,0,0,0,0,0,0,0,0,0,0
test,vgr_test_storage_cycle_01,1.0,1.0,1.0,0.0,0.0,0.0,0.0,0.0,0.0,0.0,1.0,1.0,1.0,1.0,0.0,1.0,0.0,0.0,1.0,1,0,0,0,0,0,0,0,0,0,0
test,vgr_test_storage_cycle_01,1.0,1.0,1.0,0.0,0.0,0.0,0.0,0.0,0.0,0.0,1.0,1.0,1.0,1.0,0.0,1.0,0.0,0.0,1.0,1,0,0,0,0,0,0,0,0,0,0
test,vgr_test_storage_cycle_01,1.0,1.0,1.0,0.0,0.0,0.0,0.0,0.0,0.0,0.0,1.0,1.0,1.0,1.0,0.0,1.0,0.0,0.0,1.0,1,0,0,0,0,0,0,0,0,0,0
test,vgr_test_storage_cycle_01,1.0,1.0,1.0,0.0,0.0,0.0,0.0,0.0,0.0,0.0,1.0,1.0,1.0,1.0,0.0,1.0,0.0,0.0,0.0,1,0,0,0,0,0,0,0,0,0,0
test,vgr_test_storage_cycle_01,1.0,1.0,1.0,0.0,0.0,0.0,0.0,0.0,0.0,0.0,1.0,1.0,1.0,1.0,0.0,1.0,0.0,0.0,1.0,1,0,0,0,0,0,0,0,0,0,0
test,vgr_test_storage_cycle_01,1.0,1.0,1.0,0.0,0.0,0.0,0.0,0.0,0.0,0.0,1.0,1.0,1.0,1.0,0.0,1.0,0.0,0.0,1.0,1,0,0,0,0,0,0,0,0,0,0
test,vgr_test_storage_cycle_01,1.0,1.0,1.0,0.0,0.0,0.0,0.0,0.0,0.0,0.0,1.0,1.0,1.0,1.0,0.0,1.0,0.0,0.0,1.0,1,0,0,0,0,0,0,0,0,0,0
test,vgr_test_storage_cycle_01,1.0,1.0,1.0,0.0,0.0,0.0,0.0,0.0,0.0,0.0,1.0,1.0,1.0,1.0,0.0,1.0,0.0,0.0,1.0,1,0,0,0,0,0,0,0,0,0,0
test,vgr_test_storage_cycle_01,1.0,1.0,1.0,0.0,0.0,0.0,0.0,0.0,0.0,0.0,1.0,1.0,1.0,1.0,0.0,1.0,0.0,0.0,1.0,1,0,0,0,0,0,0,0,0,0,0
test,vgr_test_storage_cycle_01,1.0,1.0,1.0,0.0,0.0,0.0,0.0,0.0,0.0,0.0,1.0,1.0,1.0,1.0,0.0,1.0,0.0,0.0,1.0,1,0,0,0,0,0,0,0,0,0,0
test,vgr_test_storage_cycle_01,1.0,1.0,1.0,0.0,0.0,0.0,0.0,0.0,0.0,0.0,1.0,1.0,1.0,1.0,0.0,1.0,0.0,0.0,1.0,1,0,0,0,0,0,0,0,0,0,0
test,vgr_test_storage_cycle_01,1.0,1.0,1.0,0.0,0.0,0.0,0.0,0.0,0.0,0.0,1.0,1.0,1.0,1.0,0.0,1.0,0.0,0.0,0.0,1,0,0,0,0,0,0,0,0,0,0
test,vgr_test_storage_cycle_01,1.0,1.0,1.0,0.0,0.0,0.0,0.0,0.0,0.0,0.0,1.0,1.0,1.0,1.0,0.0,1.0,0.0,0.0,1.0,1,0,0,0,0,0,0,0,0,0,0
test,vgr_test_storage_cycle_01,1.0,1.0,1.0,0.0,0.0,0.0,0.0,0.0,0.0,0.0,1.0,1.0,1.0,1.0,0.0,1.0,0.0,0.0,1.0,1,0,0,0,0,0,0,0,0,0,0
test,vgr_test_storage_cycle_01,1.0,1.0,1.0,0.0,0.0,0.0,0.0,0.0,0.0,0.0,1.0,1.0,1.0,1.0,0.0,1.0,0.0,0.0,1.0,1,0,0,0,0,0,0,0,0,0,0
test,vgr_test_storage_cycle_01,1.0,1.0,1.0,0.0,0.0,0.0,0.0,0.0,0.0,0.0,1.0,1.0,1.0,1.0,0.0,1.0,0.0,0.0,1.0,1,0,0,0,0,0,0,0,0,0,0
test,vgr_test_storage_cycle_01,1.0,1.0,1.0,0.0,0.0,0.0,0.0,0.0,0.0,0.0,1.0,1.0,1.0,1.0,0.0,1.0,0.0,0.0,1.0,1,0,0,0,0,0,0,0,0,0,0
test,vgr_test_storage_cycle_01,1.0,1.0,1.0,0.0,0.0,0.0,0.0,0.0,0.0,0.0,1.0,1.0,1.0,1.0,0.0,1.0,0.0,0.0,1.0,1,0,0,0,0,0,0,0,0,0,0
test,vgr_test_storage_cycle_01,1.0,1.0,1.0,0.0,0.0,0.0,0.0,0.0,0.0,0.0,1.0,1.0,1.0,1.0,0.0,1.0,0.0,0.0,1.0,1,0,0,0,0,0,0,0,0,0,0
test,vgr_test_storage_cycle_01,1.0,1.0,1.0,0.0,0.0,0.0,0.0,0.0,0.0,0.0,1.0,1.0,1.0,1.0,0.0,1.0,0.0,0.0,1.0,1,0,0,0,0,0,0,0,0,0,0
test,vgr_test_storage_cycle_01,1.0,1.0,1.0,0.0,0.0,0.0,0.0,0.0,0.0,0.0,1.0,1.0,1.0,1.0,0.0,1.0,0.0,0.0,1.0,1,0,0,0,0,0,0,0,0,0,0
test,vgr_test_storage_cycle_01,1.0,1.0,1.0,0.0,0.0,0.0,0.0,0.0,0.0,0.0,1.0,1.0,1.0,1.0,0.0,1.0,0.0,0.0,0.0,1,0,0,0,0,0,0,0,0,0,0
test,vgr_test_storage_cycle_01,1.0,1.0,1.0,0.0,0.0,0.0,0.0,0.0,0.0,0.0,1.0,1.0,1.0,1.0,0.0,1.0,0.0,0.0,1.0,1,0,0,0,0,0,0,0,0,0,0
test,vgr_test_storage_cycle_01,1.0,1.0,1.0,0.0,0.0,0.0,0.0,0.0,0.0,0.0,1.0,1.0,1.0,1.0,0.0,1.0,0.0,0.0,1.0,1,0,0,0,0,0,0,0,0,0,0
test,vgr_test_storage_cycle_01,1.0,1.0,1.0,0.0,0.0,0.0,0.0,0.0,0.0,0.0,1.0,1.0,1.0,1.0,0.0,1.0,0.0,0.0,1.0,1,0,0,0,0,0,0,0,0,0,0
test,vgr_test_storage_cycle_01,1.0,1.0,1.0,0.0,0.0,0.0,0.0,0.0,0.0,0.0,1.0,1.0,1.0,1.0,0.0,1.0,0.0,0.0,1.0,1,0,0,0,0,0,0,0,0,0,0
test,vgr_test_storage_cycle_01,1.0,1.0,1.0,0.0,0.0,0.0,0.0,0.0,0.0,0.0,1.0,1.0,1.0,1.0,0.0,1.0,0.0,0.0,1.0,1,0,0,0,0,0,0,0,0,0,0
test,vgr_test_storage_cycle_01,1.0,1.0,1.0,0.0,0.0,0.0,0.0,0.0,0.0,0.0,1.0,1.0,1.0,1.0,0.0,1.0,0.0,0.0,1.0,1,0,0,0,0,0,0,0,0,0,0
test,vgr_test_storage_cycle_01,1.0,1.0,1.0,0.0,0.0,0.0,0.0,0.0,0.0,0.0,1.0,1.0,1.0,1.0,0.0,1.0,0.0,0.0,1.0,1,0,0,0,0,0,0,0,0,0,0
test,vgr_test_storage_cycle_01,1.0,1.0,1.0,0.0,0.0,0.0,0.0,0.0,0.0,0.0,1.0,1.0,1.0,1.0,0.0,1.0,0.0,0.0,1.0,1,0,0,0,0,0,0,0,0,0,0
test,vgr_test_storage_cycle_01,1.0,1.0,1.0,0.0,0.0,0.0,0.0,0.0,0.0,0.0,1.0,1.0,1.0,1.0,0.0,1.0,0.0,0.0,1.0,1,0,0,0,0,0,0,0,0,0,0
test,vgr_test_storage_cycle_01,1.0,1.0,1.0,0.0,0.0,0.0,0.0,0.0,0.0,0.0,1.0,1.0,1.0,1.0,0.0,1.0,0.0,0.0,1.0,1,0,0,0,0,0,0,0,0,0,0
test,vgr_test_storage_cycle_01,1.0,1.0,1.0,0.0,0.0,0.0,0.0,0.0,0.0,0.0,1.0,1.0,1.0,1.0,0.0,1.0,0.0,0.0,1.0,1,0,0,0,0,0,0,0,0,0,0
test,vgr_test_storage_cycle_01,1.0,1.0,1.0,0.0,0.0,0.0,0.0,0.0,0.0,0.0,1.0,1.0,1.0,1.0,0.0,1.0,0.0,0.0,1.0,1,0,0,0,0,0,0,0,0,0,0
test,vgr_test_storage_cycle_01,1.0,1.0,1.0,0.0,0.0,0.0,0.0,0.0,0.0,0.0,1.0,1.0,1.0,1.0,0.0,1.0,0.0,0.0,0.0,1,0,0,0,0,0,0,0,0,0,0
test,vgr_test_storage_cycle_01,1.0,1.0,1.0,0.0,0.0,0.0,0.0,0.0,0.0,0.0,1.0,1.0,1.0,1.0,0.0,1.0,0.0,0.0,1.0,1,0,0,0,0,0,0,0,0,0,0
test,vgr_test_storage_cycle_01,1.0,1.0,1.0,0.0,0.0,0.0,0.0,0.0,0.0,0.0,1.0,1.0,1.0,1.0,0.0,1.0,0.0,0.0,1.0,1,0,0,0,0,0,0,0,0,0,0
test,vgr_test_storage_cycle_01,1.0,1.0,1.0,0.0,0.0,0.0,0.0,0.0,0.0,0.0,1.0,1.0,1.0,1.0,0.0,1.0,0.0,0.0,1.0,1,0,0,0,0,0,0,0,0,0,0
test,vgr_test_storage_cycle_01,1.0,1.0,1.0,0.0,0.0,0.0,0.0,0.0,0.0,0.0,1.0,1.0,1.0,1.0,0.0,1.0,0.0,0.0,1.0,1,0,0,0,0,0,0,0,0,0,0
test,vgr_test_storage_cycle_01,1.0,1.0,1.0,0.0,0.0,0.0,0.0,0.0,0.0,0.0,1.0,1.0,1.0,1.0,0.0,1.0,0.0,0.0,1.0,1,0,0,0,0,0,0,0,0,0,0
test,vgr_test_storage_cycle_01,1.0,1.0,1.0,0.0,0.0,0.0,0.0,0.0,0.0,0.0,1.0,1.0,1.0,1.0,0.0,1.0,0.0,0.0,1.0,1,0,0,0,0,0,0,0,0,0,0
test,vgr_test_storage_cycle_01,1.0,1.0,1.0,0.0,0.0,0.0,0.0,0.0,0.0,0.0,1.0,1.0,1.0,1.0,0.0,1.0,0.0,0.0,1.0,1,0,0,0,0,0,0,0,0,0,0
test,vgr_test_storage_cycle_01,1.0,1.0,1.0,0.0,0.0,0.0,0.0,0.0,0.0,0.0,1.0,1.0,1.0,1.0,0.0,1.0,0.0,0.0,1.0,1,0,0,0,0,0,0,0,0,0,0
test,vgr_test_storage_cycle_01,1.0,1.0,1.0,0.0,0.0,0.0,0.0,0.0,0.0,0.0,1.0,1.0,1.0,1.0,0.0,1.0,0.0,0.0,1.0,1,0,0,0,0,0,0,0,0,0,0
test,vgr_test_storage_cycle_01,1.0,1.0,1.0,0.0,0.0,0.0,0.0,0.0,0.0,0.0,1.0,1.0,1.0,1.0,0.0,1.0,0.0,0.0,1.0,1,0,0,0,0,0,0,0,0,0,0
test,vgr_test_storage_cycle_01,1.0,1.0,1.0,0.0,0.0,0.0,0.0,0.0,0.0,0.0,1.0,1.0,1.0,1.0,0.0,1.0,0.0,0.0,1.0,1,0,0,0,0,0,0,0,0,0,0
test,vgr_test_storage_cycle_01,1.0,1.0,1.0,0.0,0.0,0.0,0.0,0.0,0.0,0.0,1.0,1.0,1.0,1.0,0.0,1.0,0.0,0.0,1.0,1,0,0,0,0,0,0,0,0,0,0
test,vgr_test_storage_cycle_01,1.0,1.0,1.0,0.0,0.0,0.0,0.0,0.0,0.0,0.0,1.0,1.0,1.0,1.0,0.0,1.0,0.0,0.0,1.0,1,0,0,0,0,0,0,0,0,0,0
test,vgr_test_storage_cycle_01,1.0,1.0,1.0,0.0,0.0,0.0,0.0,0.0,0.0,0.0,1.0,1.0,1.0,1.0,0.0,1.0,0.0,0.0,1.0,1,0,0,0,0,0,0,0,0,0,0
test,vgr_test_storage_cycle_01,1.0,1.0,1.0,0.0,0.0,0.0,0.0,0.0,0.0,0.0,1.0,1.0,1.0,1.0,0.0,1.0,0.0,0.0,1.0,1,0,0,0,0,0,0,0,0,0,0
test,vgr_test_storage_cycle_01,1.0,1.0,1.0,0.0,0.0,0.0,0.0,0.0,0.0,0.0,1.0,1.0,1.0,1.0,0.0,1.0,0.0,0.0,1.0,1,0,0,0,0,0,0,0,0,0,0
test,vgr_test_storage_cycle_01,1.0,1.0,1.0,0.0,0.0,0.0,0.0,0.0,0.0,0.0,1.0,1.0,1.0,1.0,0.0,1.0,0.0,0.0,1.0,1,0,0,0,0,0,0,0,0,0,0
test,vgr_test_storage_cycle_01,1.0,1.0,1.0,0.0,0.0,0.0,0.0,0.0,0.0,0.0,1.0,1.0,1.0,1.0,0.0,1.0,0.0,0.0,0.0,1,0,0,0,0,0,0,0,0,0,0
test,vgr_test_storage_cycle_01,1.0,1.0,1.0,0.0,0.0,0.0,0.0,0.0,0.0,0.0,1.0,1.0,1.0,1.0,0.0,1.0,0.0,0.0,1.0,1,0,0,0,0,0,0,0,0,0,0
test,vgr_test_storage_cycle_01,1.0,1.0,1.0,0.0,0.0,0.0,0.0,0.0,0.0,0.0,1.0,1.0,1.0,1.0,0.0,1.0,0.0,0.0,1.0,1,0,0,0,0,0,0,0,0,0,0
test,vgr_test_storage_cycle_01,1.0,1.0,1.0,0.0,0.0,0.0,0.0,0.0,0.0,0.0,1.0,1.0,1.0,1.0,0.0,1.0,0.0,0.0,0.0,1,0,0,0,0,0,0,0,0,0,0
test,vgr_test_storage_cycle_01,1.0,1.0,1.0,0.0,0.0,0.0,0.0,0.0,0.0,0.0,1.0,1.0,1.0,1.0,0.0,1.0,0.0,0.0,1.0,1,0,0,0,0,0,0,0,0,0,0
test,vgr_test_storage_cycle_01,1.0,1.0,1.0,0.0,0.0,0.0,0.0,0.0,0.0,0.0,1.0,1.0,1.0,1.0,0.0,1.0,0.0,0.0,1.0,1,0,0,0,0,0,0,0,0,0,0
test,vgr_test_storage_cycle_01,1.0,1.0,1.0,0.0,0.0,0.0,0.0,0.0,0.0,0.0,1.0,1.0,1.0,1.0,0.0,1.0,0.0,0.0,1.0,1,0,0,0,0,0,0,0,0,0,0
test,vgr_test_storage_cycle_01,1.0,1.0,1.0,0.0,0.0,0.0,0.0,0.0,0.0,0.0,1.0,1.0,1.0,1.0,0.0,1.0,0.0,0.0,1.0,1,0,0,0,0,0,0,0,0,0,0
test,vgr_test_storage_cycle_01,1.0,1.0,1.0,0.0,0.0,0.0,0.0,0.0,0.0,0.0,1.0,1.0,1.0,1.0,0.0,1.0,0.0,0.0,1.0,1,0,0,0,0,0,0,0,0,0,0
test,vgr_test_storage_cycle_01,1.0,1.0,1.0,0.0,0.0,0.0,0.0,0.0,0.0,0.0,1.0,1.0,1.0,1.0,0.0,1.0,0.0,0.0,1.0,1,0,0,0,0,0,0,0,0,0,0
test,vgr_test_storage_cycle_01,1.0,1.0,1.0,0.0,0.0,0.0,0.0,0.0,0.0,0.0,1.0,1.0,1.0,1.0,0.0,1.0,0.0,0.0,1.0,1,0,0,0,0,0,0,0,0,0,0
test,vgr_test_storage_cycle_01,1.0,1.0,1.0,0.0,0.0,0.0,0.0,0.0,0.0,0.0,1.0,1.0,1.0,1.0,0.0,1.0,0.0,0.0,1.0,1,0,0,0,0,0,0,0,0,0,0
test,vgr_test_storage_cycle_01,1.0,1.0,1.0,0.0,0.0,0.0,0.0,0.0,0.0,0.0,1.0,1.0,1.0,1.0,0.0,1.0,0.0,0.0,1.0,1,0,0,0,0,0,0,0,0,0,0
test,vgr_test_storage_cycle_01,1.0,1.0,1.0,0.0,0.0,0.0,0.0,0.0,0.0,0.0,1.0,1.0,1.0,1.0,0.0,1.0,0.0,0.0,1.0,1,0,0,0,0,0,0,0,0,0,0
test,vgr_test_storage_cycle_01,1.0,1.0,1.0,0.0,0.0,0.0,0.0,0.0,0.0,0.0,1.0,1.0,1.0,1.0,0.0,1.0,0.0,0.0,1.0,1,0,0,0,0,0,0,0,0,0,0
test,vgr_test_storage_cycle_01,1.0,1.0,1.0,0.0,0.0,0.0,0.0,0.0,0.0,0.0,1.0,1.0,1.0,1.0,0.0,1.0,0.0,0.0,1.0,1,0,0,0,0,0,0,0,0,0,0
test,vgr_test_storage_cycle_01,1.0,1.0,1.0,0.0,0.0,0.0,0.0,0.0,0.0,0.0,1.0,1.0,1.0,1.0,0.0,1.0,0.0,0.0,0.0,1,0,0,0,0,0,0,0,0,0,0
test,vgr_test_storage_cycle_01,1.0,1.0,1.0,0.0,0.0,0.0,0.0,0.0,0.0,0.0,1.0,1.0,1.0,1.0,0.0,1.0,0.0,0.0,1.0,1,0,0,0,0,0,0,0,0,0,0
test,vgr_test_storage_cycle_01,1.0,1.0,1.0,0.0,0.0,0.0,0.0,0.0,0.0,0.0,1.0,1.0,1.0,1.0,0.0,1.0,0.0,0.0,1.0,1,0,0,0,0,0,0,0,0,0,0
test,vgr_test_storage_cycle_01,1.0,1.0,1.0,0.0,0.0,0.0,0.0,0.0,0.0,0.0,1.0,1.0,1.0,1.0,0.0,1.0,0.0,0.0,1.0,1,0,0,0,0,0,0,0,0,0,0
test,vgr_test_storage_cycle_01,1.0,1.0,1.0,0.0,0.0,0.0,0.0,0.0,0.0,0.0,1.0,1.0,1.0,1.0,0.0,1.0,0.0,0.0,1.0,1,0,0,0,0,0,0,0,0,0,0
test,vgr_test_storage_cycle_01,1.0,1.0,1.0,0.0,0.0,0.0,0.0,0.0,0.0,0.0,1.0,1.0,1.0,1.0,0.0,1.0,0.0,0.0,1.0,1,0,0,0,0,0,0,0,0,0,0
test,vgr_test_storage_cycle_01,1.0,1.0,1.0,0.0,0.0,0.0,0.0,0.0,0.0,0.0,1.0,1.0,1.0,1.0,0.0,1.0,0.0,0.0,1.0,1,0,0,0,0,0,0,0,0,0,0
test,vgr_test_storage_cycle_01,1.0,1.0,1.0,0.0,0.0,0.0,0.0,0.0,0.0,0.0,1.0,1.0,1.0,1.0,0.0,1.0,0.0,0.0,1.0,0,1,0,0,0,0,0,0,0,0,0
test,vgr_test_storage_cycle_01,1.0,1.0,1.0,0.0,0.0,0.0,0.0,0.0,0.0,0.0,1.0,1.0,1.0,1.0,0.0,1.0,0.0,0.0,1.0,0,1,0,0,0,0,0,0,0,0,0
test,vgr_test_storage_cycle_01,1.0,1.0,1.0,0.0,0.0,0.0,0.0,0.0,0.0,0.0,1.0,1.0,1.0,1.0,0.0,1.0,0.0,0.0,1.0,0,1,0,0,0,0,0,0,0,0,0
test,vgr_test_storage_cycle_01,1.0,1.0,1.0,0.0,0.0,0.0,0.0,0.0,0.0,0.0,1.0,1.0,1.0,1.0,0.0,1.0,0.0,0.0,1.0,0,1,0,0,0,0,0,0,0,0,0
test,vgr_test_storage_cycle_01,1.0,1.0,1.0,0.0,0.0,0.0,0.0,0.0,0.0,0.0,1.0,1.0,1.0,1.0,0.0,1.0,0.0,0.0,1.0,0,1,0,0,0,0,0,0,0,0,0
test,vgr_test_storage_cycle_01,1.0,1.0,1.0,0.0,0.0,0.0,0.0,0.0,0.0,0.0,1.0,1.0,1.0,1.0,0.0,1.0,0.0,0.0,1.0,0,1,0,0,0,0,0,0,0,0,0
test,vgr_test_storage_cycle_01,1.0,1.0,1.0,0.0,0.0,0.0,0.0,0.0,0.0,0.0,1.0,1.0,1.0,1.0,0.0,1.0,0.0,0.0,1.0,0,1,0,0,0,0,0,0,0,0,0
test,vgr_test_storage_cycle_01,1.0,1.0,1.0,0.0,0.0,0.0,0.0,0.0,0.0,0.0,1.0,1.0,1.0,1.0,0.0,1.0,0.0,0.0,1.0,0,1,0,0,0,0,0,0,0,0,0
test,vgr_test_storage_cycle_01,1.0,1.0,1.0,0.0,0.0,0.0,0.0,0.0,0.0,0.0,1.0,1.0,1.0,1.0,0.0,1.0,0.0,0.0,1.0,0,1,0,0,0,0,0,0,0,0,0
test,vgr_test_storage_cycle_01,1.0,1.0,1.0,0.0,0.0,0.0,0.0,0.0,0.0,0.0,1.0,1.0,1.0,1.0,0.0,1.0,0.0,0.0,1.0,0,1,0,0,0,0,0,0,0,0,0
test,vgr_test_storage_cycle_01,1.0,1.0,1.0,0.0,0.0,0.0,0.0,0.0,0.0,0.0,1.0,1.0,1.0,1.0,0.0,1.0,0.0,0.0,0.0,0,1,0,0,0,0,0,0,0,0,101
test,vgr_test_storage_cycle_01,0.0,0.0,0.0,0.0,0.0,1.0,1.0,391.0,26.0,32.0,1.0,1.0,1.0,1.0,0.0,1.0,0.0,0.0,1.0,0,1,0,0,0,0,0,0,0,0,102
test,vgr_test_storage_cycle_01,0.0,0.0,0.0,0.0,0.0,1.0,1.0,1451.0,908.0,704.0,0.0,1.0,1.0,0.0,0.0,1.0,404.0,2869.0,1.0,0,1,0,0,0,0,0,0,0,0,103
test,vgr_test_storage_cycle_01,0.0,0.0,0.0,0.0,0.0,1.0,1.0,2453.0,160.0,428.0,0.0,1.0,1.0,0.0,0.0,1.0,37.0,2869.0,1.0,0,1,0,0,0,0,0,0,0,0,102
test,vgr_test_storage_cycle_01,0.0,0.0,0.0,0.0,0.0,1.0,1.0,1447.0,905.0,706.0,0.0,0.0,1.0,0.0,1.0,0.0,2799.0,16.0,1.0,0,1,0,0,0,0,0,0,0,0,104
test,vgr_test_storage_cycle_01,1.0,0.0,0.0,1.0,1.0,1.0,1.0,0.0,604.0,5348.0,0.0,1.0,0.0,0.0,1.0,0.0,2799.0,16.0,1.0,0,1,0,0,0,0,0,0,0,0,105
test,vgr_test_storage_cycle_01,0.0,0.0,0.0,0.0,0.0,0.0,0.0,398.0,604.0,5348.0,0.0,1.0,0.0,0.0,1.0,0.0,2799.0,16.0,1.0,0,1,0,0,0,0,0,0,0,0,0
test,vgr_test_storage_cycle_01,0.0,0.0,0.0,0.0,0.0,0.0,0.0,398.0,604.0,5348.0,0.0,0.0,1.0,0.0,1.0,0.0,2799.0,16.0,1.0,0,1,0,0,0,0,0,0,0,0,0
test,vgr_test_storage_cycle_01,0.0,0.0,0.0,0.0,0.0,0.0,0.0,398.0,604.0,5348.0,0.0,1.0,1.0,0.0,0.0,1.0,35.0,2870.0,1.0,0,1,0,0,0,0,0,0,0,0,0
test,vgr_test_storage_cycle_01,0.0,0.0,0.0,0.0,0.0,0.0,0.0,398.0,604.0,5348.0,0.0,1.0,1.0,0.0,0.0,1.0,402.0,2870.0,1.0,0,1,0,0,0,0,0,0,0,0,301
test,vgr_test_storage_cycle_01,1.0,1.0,1.0,0.0,0.0,0.0,0.0,0.0,0.0,0.0,1.0,1.0,1.0,1.0,0.0,1.0,0.0,0.0,1.0,0,0,1,0,0,0,0,0,0,0,0
test,vgr_test_storage_cycle_01,1.0,1.0,1.0,0.0,0.0,0.0,0.0,0.0,0.0,0.0,1.0,1.0,1.0,1.0,0.0,1.0,0.0,0.0,1.0,0,0,1,0,0,0,0,0,0,0,0
test,vgr_test_storage_cycle_01,1.0,1.0,1.0,0.0,0.0,0.0,0.0,0.0,0.0,0.0,1.0,1.0,1.0,1.0,0.0,1.0,0.0,0.0,1.0,0,0,1,0,0,0,0,0,0,0,0
test,vgr_test_storage_cycle_01,1.0,1.0,1.0,0.0,0.0,0.0,0.0,0.0,0.0,0.0,1.0,1.0,1.0,1.0,0.0,1.0,0.0,0.0,1.0,0,0,1,0,0,0,0,0,0,0,0
test,vgr_test_storage_cycle_01,1.0,1.0,1.0,0.0,0.0,0.0,0.0,0.0,0.0,0.0,1.0,1.0,1.0,1.0,0.0,1.0,0.0,0.0,1.0,0,0,1,0,0,0,0,0,0,0,0
test,vgr_test_storage_cycle_01,1.0,1.0,1.0,0.0,0.0,0.0,0.0,0.0,0.0,0.0,1.0,1.0,1.0,1.0,0.0,1.0,0.0,0.0,1.0,0,0,1,0,0,0,0,0,0,0,0
test,vgr_test_storage_cycle_01,1.0,1.0,1.0,0.0,0.0,0.0,0.0,0.0,0.0,0.0,1.0,1.0,1.0,1.0,0.0,1.0,0.0,0.0,1.0,0,0,1,0,0,0,0,0,0,0,0
test,vgr_test_storage_cycle_01,1.0,1.0,1.0,0.0,0.0,0.0,0.0,0.0,0.0,0.0,1.0,1.0,1.0,1.0,0.0,1.0,0.0,0.0,1.0,0,0,1,0,0,0,0,0,0,0,0
test,vgr_test_storage_cycle_01,1.0,1.0,1.0,0.0,0.0,0.0,0.0,0.0,0.0,0.0,1.0,1.0,1.0,1.0,0.0,1.0,0.0,0.0,1.0,0,0,1,0,0,0,0,0,0,0,0
test,vgr_test_storage_cycle_01,1.0,1.0,1.0,0.0,0.0,0.0,0.0,0.0,0.0,0.0,1.0,1.0,1.0,1.0,0.0,1.0,0.0,0.0,1.0,0,0,1,0,0,0,0,0,0,0,0
test,vgr_test_storage_cycle_01,1.0,1.0,1.0,0.0,0.0,0.0,0.0,0.0,0.0,0.0,1.0,1.0,1.0,1.0,0.0,1.0,0.0,0.0,1.0,0,0,1,0,0,0,0,0,0,0,0
test,vgr_test_storage_cycle_01,1.0,1.0,1.0,0.0,0.0,0.0,0.0,0.0,0.0,0.0,1.0,1.0,1.0,1.0,0.0,1.0,0.0,0.0,1.0,0,0,1,0,0,0,0,0,0,0,0
test,vgr_test_storage_cycle_01,1.0,1.0,1.0,0.0,0.0,0.0,0.0,0.0,0.0,0.0,1.0,1.0,1.0,1.0,0.0,1.0,0.0,0.0,1.0,0,0,1,0,0,0,0,0,0,0,0
test,vgr_test_storage_cycle_01,1.0,1.0,1.0,0.0,0.0,0.0,0.0,0.0,0.0,0.0,1.0,1.0,1.0,1.0,0.0,1.0,0.0,0.0,1.0,0,0,1,0,0,0,0,0,0,0,0
test,vgr_test_storage_cycle_01,1.0,1.0,1.0,0.0,0.0,0.0,0.0,0.0,0.0,0.0,1.0,1.0,1.0,1.0,0.0,1.0,0.0,0.0,1.0,0,0,1,0,0,0,0,0,0,0,0
test,vgr_test_storage_cycle_01,1.0,1.0,1.0,0.0,0.0,0.0,0.0,0.0,0.0,0.0,1.0,1.0,1.0,1.0,0.0,1.0,0.0,0.0,1.0,0,0,1,0,0,0,0,0,0,0,0
test,vgr_test_storage_cycle_01,1.0,1.0,1.0,0.0,0.0,0.0,0.0,0.0,0.0,0.0,1.0,1.0,1.0,1.0,0.0,1.0,0.0,0.0,1.0,0,0,1,0,0,0,0,0,0,0,0
test,vgr_test_storage_cycle_01,1.0,1.0,1.0,0.0,0.0,0.0,0.0,0.0,0.0,0.0,1.0,1.0,1.0,1.0,0.0,1.0,0.0,0.0,1.0,0,0,1,0,0,0,0,0,0,0,0
test,vgr_test_storage_cycle_01,1.0,1.0,1.0,0.0,0.0,0.0,0.0,0.0,0.0,0.0,1.0,1.0,1.0,1.0,0.0,1.0,0.0,0.0,1.0,0,0,1,0,0,0,0,0,0,0,0
test,vgr_test_storage_cycle_01,1.0,1.0,1.0,0.0,0.0,0.0,0.0,0.0,0.0,0.0,1.0,1.0,1.0,1.0,0.0,1.0,0.0,0.0,1.0,0,0,1,0,0,0,0,0,0,0,0
test,vgr_test_storage_cycle_01,1.0,1.0,1.0,0.0,0.0,0.0,0.0,0.0,0.0,0.0,1.0,1.0,1.0,1.0,0.0,1.0,0.0,0.0,0.0,0,0,1,0,0,0,0,0,0,0,101
test,vgr_test_storage_cycle_01,0.0,0.0,0.0,0.0,0.0,1.0,1.0,394.0,26.0,33.0,1.0,1.0,1.0,1.0,0.0,1.0,0.0,0.0,1.0,0,0,1,0,0,0,0,0,0,0,102
test,vgr_test_storage_cycle_01,0.0,0.0,0.0,0.0,0.0,1.0,1.0,1452.0,904.0,703.0,0.0,1.0,1.0,0.0,0.0,1.0,1753.0,2869.0,1.0,0,0,1,0,0,0,0,0,0,0,103
test,vgr_test_storage_cycle_01,0.0,0.0,0.0,0.0,0.0,1.0,1.0,2456.0,156.0,426.0,0.0,1.0,1.0,0.0,0.0,1.0,1382.0,2869.0,1.0,0,0,1,0,0,0,0,0,0,0,102
test,vgr_test_storage_cycle_01,0.0,0.0,0.0,0.0,0.0,1.0,1.0,1449.0,908.0,702.0,0.0,0.0,1.0,0.0,1.0,0.0,2804.0,16.0,1.0,0,0,1,0,0,0,0,0,0,0,104
test,vgr_test_storage_cycle_01,1.0,0.0,0.0,1.0,1.0,1.0,1.0,0.0,608.0,5348.0,0.0,1.0,0.0,0.0,1.0,0.0,2804.0,16.0,1.0,0,0,1,0,0,0,0,0,0,0,105
test,vgr_test_storage_cycle_01,0.0,0.0,0.0,0.0,0.0,0.0,0.0,403.0,608.0,5348.0,0.0,1.0,0.0,0.0,1.0,0.0,2804.0,16.0,1.0,0,0,1,0,0,0,0,0,0,0,0
test,vgr_test_storage_cycle_01,0.0,0.0,0.0,0.0,0.0,0.0,0.0,403.0,608.0,5348.0,0.0,0.0,1.0,0.0,1.0,0.0,2804.0,16.0,1.0,0,0,1,0,0,0,0,0,0,0,0
test,vgr_test_storage_cycle_01,0.0,0.0,0.0,0.0,0.0,0.0,0.0,403.0,608.0,5348.0,0.0,1.0,1.0,0.0,0.0,1.0,1385.0,2870.0,1.0,0,0,1,0,0,0,0,0,0,0,0
test,vgr_test_storage_cycle_01,0.0,0.0,0.0,0.0,0.0,0.0,0.0,403.0,608.0,5348.0,0.0,1.0,1.0,0.0,0.0,1.0,1748.0,2870.0,1.0,0,0,1,0,0,0,0,0,0,0,301
test,vgr_test_storage_cycle_01,1.0,1.0,1.0,0.0,0.0,0.0,0.0,0.0,0.0,0.0,1.0,1.0,1.0,1.0,0.0,1.0,0.0,0.0,1.0,0,0,0,1,0,0,0,0,0,0,0
test,vgr_test_storage_cycle_01,1.0,1.0,1.0,0.0,0.0,0.0,0.0,0.0,0.0,0.0,1.0,1.0,1.0,1.0,0.0,1.0,0.0,0.0,1.0,0,0,0,1,0,0,0,0,0,0,0
test,vgr_test_storage_cycle_01,1.0,1.0,1.0,0.0,0.0,0.0,0.0,0.0,0.0,0.0,1.0,1.0,1.0,1.0,0.0,1.0,0.0,0.0,1.0,0,0,0,1,0,0,0,0,0,0,0
test,vgr_test_storage_cycle_01,1.0,1.0,1.0,0.0,0.0,0.0,0.0,0.0,0.0,0.0,1.0,1.0,1.0,1.0,0.0,1.0,0.0,0.0,1.0,0,0,0,1,0,0,0,0,0,0,0
test,vgr_test_storage_cycle_01,1.0,1.0,1.0,0.0,0.0,0.0,0.0,0.0,0.0,0.0,1.0,1.0,1.0,1.0,0.0,1.0,0.0,0.0,1.0,0,0,0,1,0,0,0,0,0,0,0
test,vgr_test_storage_cycle_01,1.0,1.0,1.0,0.0,0.0,0.0,0.0,0.0,0.0,0.0,1.0,1.0,1.0,1.0,0.0,1.0,0.0,0.0,1.0,0,0,0,1,0,0,0,0,0,0,0
test,vgr_test_storage_cycle_01,1.0,1.0,1.0,0.0,0.0,0.0,0.0,0.0,0.0,0.0,1.0,1.0,1.0,1.0,0.0,1.0,0.0,0.0,1.0,0,0,0,1,0,0,0,0,0,0,0
test,vgr_test_storage_cycle_01,1.0,1.0,1.0,0.0,0.0,0.0,0.0,0.0,0.0,0.0,1.0,1.0,1.0,1.0,0.0,1.0,0.0,0.0,1.0,0,0,0,1,0,0,0,0,0,0,0
test,vgr_test_storage_cycle_01,1.0,1.0,1.0,0.0,0.0,0.0,0.0,0.0,0.0,0.0,1.0,1.0,1.0,1.0,0.0,1.0,0.0,0.0,1.0,0,0,0,1,0,0,0,0,0,0,0
test,vgr_test_storage_cycle_01,1.0,1.0,1.0,0.0,0.0,0.0,0.0,0.0,0.0,0.0,1.0,1.0,1.0,1.0,0.0,1.0,0.0,0.0,1.0,0,0,0,1,0,0,0,0,0,0,0
test,vgr_test_storage_cycle_01,1.0,1.0,1.0,0.0,0.0,0.0,0.0,0.0,0.0,0.0,1.0,1.0,1.0,1.0,0.0,1.0,0.0,0.0,1.0,0,0,0,1,0,0,0,0,0,0,0
test,vgr_test_storage_cycle_01,1.0,1.0,1.0,0.0,0.0,0.0,0.0,0.0,0.0,0.0,1.0,1.0,1.0,1.0,0.0,1.0,0.0,0.0,1.0,0,0,0,1,0,0,0,0,0,0,0
test,vgr_test_storage_cycle_01,1.0,1.0,1.0,0.0,0.0,0.0,0.0,0.0,0.0,0.0,1.0,1.0,1.0,1.0,0.0,1.0,0.0,0.0,1.0,0,0,0,1,0,0,0,0,0,0,0
test,vgr_test_storage_cycle_01,1.0,1.0,1.0,0.0,0.0,0.0,0.0,0.0,0.0,0.0,1.0,1.0,1.0,1.0,0.0,1.0,0.0,0.0,1.0,0,0,0,1,0,0,0,0,0,0,0
test,vgr_test_storage_cycle_01,1.0,1.0,1.0,0.0,0.0,0.0,0.0,0.0,0.0,0.0,1.0,1.0,1.0,1.0,0.0,1.0,0.0,0.0,1.0,0,0,0,1,0,0,0,0,0,0,0
test,vgr_test_storage_cycle_01,1.0,1.0,1.0,0.0,0.0,0.0,0.0,0.0,0.0,0.0,1.0,1.0,1.0,1.0,0.0,1.0,0.0,0.0,1.0,0,0,0,1,0,0,0,0,0,0,0
test,vgr_test_storage_cycle_01,1.0,1.0,1.0,0.0,0.0,0.0,0.0,0.0,0.0,0.0,1.0,1.0,1.0,1.0,0.0,1.0,0.0,0.0,1.0,0,0,0,1,0,0,0,0,0,0,0
test,vgr_test_storage_cycle_01,1.0,1.0,1.0,0.0,0.0,0.0,0.0,0.0,0.0,0.0,1.0,1.0,1.0,1.0,0.0,1.0,0.0,0.0,0.0,0,0,0,1,0,0,0,0,0,0,101
test,vgr_test_storage_cycle_01,0.0,0.0,0.0,0.0,0.0,1.0,1.0,397.0,25.0,33.0,1.0,1.0,1.0,1.0,0.0,1.0,0.0,0.0,1.0,0,0,0,1,0,0,0,0,0,0,102
test,vgr_test_storage_cycle_01,0.0,0.0,0.0,0.0,0.0,1.0,1.0,1449.0,905.0,702.0,0.0,1.0,1.0,0.0,0.0,1.0,3252.0,2869.0,1.0,0,0,0,1,0,0,0,0,0,0,103
test,vgr_test_storage_cycle_01,0.0,0.0,0.0,0.0,0.0,1.0,1.0,2455.0,152.0,426.0,0.0,1.0,1.0,0.0,0.0,1.0,2885.0,2869.0,1.0,0,0,0,1,0,0,0,0,0,0,102
test,vgr_test_storage_cycle_01,0.0,0.0,0.0,0.0,0.0,1.0,1.0,1448.0,910.0,704.0,0.0,0.0,1.0,0.0,1.0,0.0,2799.0,18.0,1.0,0,0,0,1,0,0,0,0,0,0,104
test,vgr_test_storage_cycle_01,1.0,0.0,0.0,1.0,1.0,1.0,1.0,0.0,604.0,5348.0,0.0,1.0,0.0,0.0,1.0,0.0,2799.0,18.0,1.0,0,0,0,1,0,0,0,0,0,0,105
test,vgr_test_storage_cycle_01,0.0,0.0,0.0,0.0,0.0,0.0,0.0,396.0,604.0,5348.0,0.0,1.0,0.0,0.0,1.0,0.0,2799.0,18.0,1.0,0,0,0,1,0,0,0,0,0,0,0
test,vgr_test_storage_cycle_01,0.0,0.0,0.0,0.0,0.0,0.0,0.0,396.0,604.0,5348.0,0.0,0.0,1.0,0.0,1.0,0.0,2799.0,18.0,1.0,0,0,0,1,0,0,0,0,0,0,0
test,vgr_test_storage_cycle_01,0.0,0.0,0.0,0.0,0.0,0.0,0.0,396.0,604.0,5348.0,0.0,1.0,1.0,0.0,0.0,1.0,2878.0,2870.0,1.0,0,0,0,1,0,0,0,0,0,0,0
test,vgr_test_storage_cycle_01,0.0,0.0,0.0,0.0,0.0,0.0,0.0,396.0,604.0,5348.0,0.0,1.0,1.0,0.0,0.0,1.0,3250.0,2870.0,1.0,0,0,0,1,0,0,0,0,0,0,301
test,vgr_test_storage_cycle_01,1.0,1.0,1.0,0.0,0.0,0.0,0.0,0.0,0.0,0.0,1.0,1.0,1.0,1.0,0.0,1.0,0.0,0.0,1.0,0,0,0,0,1,0,0,0,0,0,0
test,vgr_test_storage_cycle_01,1.0,1.0,1.0,0.0,0.0,0.0,0.0,0.0,0.0,0.0,1.0,1.0,1.0,1.0,0.0,1.0,0.0,0.0,1.0,0,0,0,0,1,0,0,0,0,0,0
test,vgr_test_storage_cycle_01,1.0,1.0,1.0,0.0,0.0,0.0,0.0,0.0,0.0,0.0,1.0,1.0,1.0,1.0,0.0,1.0,0.0,0.0,1.0,0,0,0,0,1,0,0,0,0,0,0
test,vgr_test_storage_cycle_01,1.0,1.0,1.0,0.0,0.0,0.0,0.0,0.0,0.0,0.0,1.0,1.0,1.0,1.0,0.0,1.0,0.0,0.0,1.0,0,0,0,0,1,0,0,0,0,0,0
test,vgr_test_storage_cycle_01,1.0,1.0,1.0,0.0,0.0,0.0,0.0,0.0,0.0,0.0,1.0,1.0,1.0,1.0,0.0,1.0,0.0,0.0,1.0,0,0,0,0,1,0,0,0,0,0,0
test,vgr_test_storage_cycle_01,1.0,1.0,1.0,0.0,0.0,0.0,0.0,0.0,0.0,0.0,1.0,1.0,1.0,1.0,0.0,1.0,0.0,0.0,1.0,0,0,0,0,1,0,0,0,0,0,0
test,vgr_test_storage_cycle_01,1.0,1.0,1.0,0.0,0.0,0.0,0.0,0.0,0.0,0.0,1.0,1.0,1.0,1.0,0.0,1.0,0.0,0.0,1.0,0,0,0,0,1,0,0,0,0,0,0
test,vgr_test_storage_cycle_01,1.0,1.0,1.0,0.0,0.0,0.0,0.0,0.0,0.0,0.0,1.0,1.0,1.0,1.0,0.0,1.0,0.0,0.0,1.0,0,0,0,0,1,0,0,0,0,0,0
test,vgr_test_storage_cycle_01,1.0,1.0,1.0,0.0,0.0,0.0,0.0,0.0,0.0,0.0,1.0,1.0,1.0,1.0,0.0,1.0,0.0,0.0,1.0,0,0,0,0,1,0,0,0,0,0,0
test,vgr_test_storage_cycle_01,1.0,1.0,1.0,0.0,0.0,0.0,0.0,0.0,0.0,0.0,1.0,1.0,1.0,1.0,0.0,1.0,0.0,0.0,1.0,0,0,0,0,1,0,0,0,0,0,0
test,vgr_test_storage_cycle_01,1.0,1.0,1.0,0.0,0.0,0.0,0.0,0.0,0.0,0.0,1.0,1.0,1.0,1.0,0.0,1.0,0.0,0.0,1.0,0,0,0,0,1,0,0,0,0,0,0
test,vgr_test_storage_cycle_01,1.0,1.0,1.0,0.0,0.0,0.0,0.0,0.0,0.0,0.0,1.0,1.0,1.0,1.0,0.0,1.0,0.0,0.0,1.0,0,0,0,0,1,0,0,0,0,0,0
test,vgr_test_storage_cycle_01,1.0,1.0,1.0,0.0,0.0,0.0,0.0,0.0,0.0,0.0,1.0,1.0,1.0,1.0,0.0,1.0,0.0,0.0,1.0,0,0,0,0,1,0,0,0,0,0,0
test,vgr_test_storage_cycle_01,1.0,1.0,1.0,0.0,0.0,0.0,0.0,0.0,0.0,0.0,1.0,1.0,1.0,1.0,0.0,1.0,0.0,0.0,0.0,0,0,0,0,1,0,0,0,0,0,101
test,vgr_test_storage_cycle_01,0.0,0.0,0.0,0.0,0.0,1.0,1.0,394.0,25.0,29.0,1.0,1.0,1.0,1.0,0.0,1.0,0.0,0.0,1.0,0,0,0,0,1,0,0,0,0,0,102
test,vgr_test_storage_cycle_01,0.0,0.0,0.0,0.0,0.0,1.0,1.0,1449.0,905.0,703.0,0.0,1.0,1.0,0.0,0.0,1.0,399.0,5199.0,1.0,0,0,0,0,1,0,0,0,0,0,103
test,vgr_test_storage_cycle_01,0.0,0.0,0.0,0.0,0.0,1.0,1.0,2454.0,157.0,424.0,0.0,1.0,1.0,0.0,0.0,1.0,32.0,5199.0,1.0,0,0,0,0,1,0,0,0,0,0,102
test,vgr_test_storage_cycle_01,0.0,0.0,0.0,0.0,0.0,1.0,1.0,1446.0,907.0,699.0,0.0,0.0,1.0,0.0,1.0,0.0,2803.0,17.0,1.0,0,0,0,0,1,0,0,0,0,0,104
test,vgr_test_storage_cycle_01,1.0,0.0,0.0,0.0,0.0,1.0,1.0,0.0,605.0,5349.0,0.0,1.0,0.0,0.0,1.0,0.0,2803.0,17.0,1.0,0,0,0,0,1,0,0,0,0,0,105
test,vgr_test_storage_cycle_01,0.0,0.0,0.0,0.0,0.0,0.0,0.0,400.0,605.0,5349.0,0.0,1.0,0.0,0.0,1.0,0.0,2803.0,17.0,1.0,0,0,0,0,1,0,0,0,0,0,0
test,vgr_test_storage_cycle_01,0.0,0.0,0.0,0.0,0.0,0.0,0.0,400.0,605.0,5349.0,0.0,0.0,1.0,0.0,1.0,0.0,2803.0,17.0,1.0,0,0,0,0,1,0,0,0,0,0,0
test,vgr_test_storage_cycle_01,0.0,0.0,0.0,0.0,0.0,0.0,0.0,400.0,605.0,5349.0,0.0,1.0,1.0,0.0,0.0,1.0,35.0,5199.0,1.0,0,0,0,0,1,0,0,0,0,0,0
test,vgr_test_storage_cycle_01,0.0,0.0,0.0,0.0,0.0,0.0,0.0,400.0,605.0,5349.0,0.0,1.0,1.0,0.0,0.0,1.0,401.0,5199.0,1.0,0,0,0,0,1,0,0,0,0,0,301
test,vgr_test_storage_cycle_01,1.0,1.0,1.0,0.0,0.0,0.0,0.0,0.0,0.0,0.0,1.0,1.0,1.0,1.0,0.0,1.0,0.0,0.0,1.0,0,0,0,0,0,1,0,0,0,0,0
test,vgr_test_storage_cycle_01,1.0,1.0,1.0,0.0,0.0,0.0,0.0,0.0,0.0,0.0,1.0,1.0,1.0,1.0,0.0,1.0,0.0,0.0,0.0,0,0,0,0,0,1,0,0,0,0,101
test,vgr_test_storage_cycle_01,0.0,0.0,0.0,0.0,0.0,1.0,1.0,395.0,25.0,32.0,1.0,1.0,1.0,1.0,0.0,1.0,0.0,0.0,1.0,0,0,0,0,0,1,0,0,0,0,102
test,vgr_test_storage_cycle_01,0.0,0.0,0.0,0.0,0.0,1.0,1.0,1448.0,905.0,704.0,0.0,1.0,1.0,0.0,0.0,1.0,1754.0,5201.0,1.0,0,0,0,0,0,1,0,0,0,0,103
test,vgr_test_storage_cycle_01,0.0,0.0,0.0,0.0,0.0,1.0,1.0,2462.0,157.0,426.0,0.0,1.0,1.0,0.0,0.0,1.0,1386.0,5201.0,1.0,0,0,0,0,0,1,0,0,0,0,102
test,vgr_test_storage_cycle_01,0.0,0.0,0.0,0.0,0.0,1.0,1.0,1448.0,903.0,706.0,0.0,0.0,1.0,0.0,1.0,0.0,2800.0,17.0,1.0,0,0,0,0,0,1,0,0,0,0,104
test,vgr_test_storage_cycle_01,1.0,0.0,0.0,0.0,0.0,1.0,1.0,0.0,607.0,5351.0,0.0,1.0,0.0,0.0,1.0,0.0,2800.0,17.0,1.0,0,0,0,0,0,1,0,0,0,0,105
test,vgr_test_storage_cycle_01,0.0,0.0,0.0,0.0,0.0,0.0,0.0,399.0,607.0,5351.0,0.0,1.0,0.0,0.0,1.0,0.0,2800.0,17.0,1.0,0,0,0,0,0,1,0,0,0,0,0
test,vgr_test_storage_cycle_01,0.0,0.0,0.0,0.0,0.0,0.0,0.0,399.0,607.0,5351.0,0.0,0.0,1.0,0.0,1.0,0.0,2800.0,17.0,1.0,0,0,0,0,0,1,0,0,0,0,0
test,vgr_test_storage_cycle_01,0.0,0.0,0.0,0.0,0.0,0.0,0.0,399.0,607.0,5351.0,0.0,1.0,1.0,0.0,0.0,1.0,1383.0,5198.0,1.0,0,0,0,0,0,1,0,0,0,0,0
test,vgr_test_storage_cycle_01,0.0,0.0,0.0,0.0,0.0,0.0,0.0,399.0,607.0,5351.0,0.0,1.0,1.0,0.0,0.0,1.0,1752.0,5198.0,1.0,0,0,0,0,0,1,0,0,0,0,301
test,vgr_test_storage_cycle_01,1.0,1.0,1.0,0.0,0.0,0.0,0.0,0.0,0.0,0.0,1.0,1.0,1.0,1.0,0.0,1.0,0.0,0.0,1.0,0,0,0,0,0,0,1,0,0,0,0
test,vgr_test_storage_cycle_01,1.0,1.0,1.0,0.0,0.0,0.0,0.0,0.0,0.0,0.0,1.0,1.0,1.0,1.0,0.0,1.0,0.0,0.0,1.0,0,0,0,0,0,0,1,0,0,0,0
test,vgr_test_storage_cycle_01,1.0,1.0,1.0,0.0,0.0,0.0,0.0,0.0,0.0,0.0,1.0,1.0,1.0,1.0,0.0,1.0,0.0,0.0,1.0,0,0,0,0,0,0,1,0,0,0,0
test,vgr_test_storage_cycle_01,1.0,1.0,1.0,0.0,0.0,0.0,0.0,0.0,0.0,0.0,1.0,1.0,1.0,1.0,0.0,1.0,0.0,0.0,1.0,0,0,0,0,0,0,1,0,0,0,0
test,vgr_test_storage_cycle_01,1.0,1.0,1.0,0.0,0.0,0.0,0.0,0.0,0.0,0.0,1.0,1.0,1.0,1.0,0.0,1.0,0.0,0.0,1.0,0,0,0,0,0,0,1,0,0,0,0
test,vgr_test_storage_cycle_01,1.0,1.0,1.0,0.0,0.0,0.0,0.0,0.0,0.0,0.0,1.0,1.0,1.0,1.0,0.0,1.0,0.0,0.0,1.0,0,0,0,0,0,0,1,0,0,0,0
test,vgr_test_storage_cycle_01,1.0,1.0,1.0,0.0,0.0,0.0,0.0,0.0,0.0,0.0,1.0,1.0,1.0,1.0,0.0,1.0,0.0,0.0,1.0,0,0,0,0,0,0,1,0,0,0,0
test,vgr_test_storage_cycle_01,1.0,1.0,1.0,0.0,0.0,0.0,0.0,0.0,0.0,0.0,1.0,1.0,1.0,1.0,0.0,1.0,0.0,0.0,1.0,0,0,0,0,0,0,1,0,0,0,0
test,vgr_test_storage_cycle_01,1.0,1.0,1.0,0.0,0.0,0.0,0.0,0.0,0.0,0.0,1.0,1.0,1.0,1.0,0.0,1.0,0.0,0.0,0.0,0,0,0,0,0,0,1,0,0,0,101
test,vgr_test_storage_cycle_01,0.0,0.0,0.0,0.0,0.0,1.0,1.0,396.0,26.0,33.0,1.0,1.0,1.0,1.0,0.0,1.0,0.0,0.0,1.0,0,0,0,0,0,0,1,0,0,0,102
test,vgr_test_storage_cycle_01,0.0,0.0,0.0,0.0,0.0,1.0,1.0,1451.0,908.0,704.0,0.0,1.0,1.0,0.0,0.0,1.0,3253.0,5199.0,1.0,0,0,0,0,0,0,1,0,0,0,103
test,vgr_test_storage_cycle_01,0.0,0.0,0.0,0.0,0.0,1.0,1.0,2458.0,156.0,423.0,0.0,1.0,1.0,0.0,0.0,1.0,2883.0,5199.0,1.0,0,0,0,0,0,0,1,0,0,0,102
test,vgr_test_storage_cycle_01,0.0,0.0,0.0,0.0,0.0,1.0,1.0,1448.0,908.0,703.0,0.0,0.0,1.0,0.0,1.0,0.0,2802.0,17.0,1.0,0,0,0,0,0,0,1,0,0,0,104
test,vgr_test_storage_cycle_01,1.0,0.0,0.0,0.0,0.0,1.0,1.0,0.0,604.0,5352.0,0.0,1.0,0.0,0.0,1.0,0.0,2802.0,17.0,1.0,0,0,0,0,0,0,1,0,0,0,105
test,vgr_test_storage_cycle_01,0.0,0.0,0.0,0.0,0.0,0.0,0.0,400.0,604.0,5352.0,0.0,1.0,0.0,0.0,1.0,0.0,2802.0,17.0,1.0,0,0,0,0,0,0,1,0,0,0,0
test,vgr_test_storage_cycle_01,0.0,0.0,0.0,0.0,0.0,0.0,0.0,400.0,604.0,5352.0,0.0,0.0,1.0,0.0,1.0,0.0,2802.0,17.0,1.0,0,0,0,0,0,0,1,0,0,0,0
test,vgr_test_storage_cycle_01,0.0,0.0,0.0,0.0,0.0,0.0,0.0,400.0,604.0,5352.0,0.0,1.0,1.0,0.0,0.0,1.0,2881.0,5198.0,1.0,0,0,0,0,0,0,1,0,0,0,0
test,vgr_test_storage_cycle_01,0.0,0.0,0.0,0.0,0.0,0.0,0.0,400.0,604.0,5352.0,0.0,1.0,1.0,0.0,0.0,1.0,3250.0,5198.0,1.0,0,0,0,0,0,0,1,0,0,0,301
test,vgr_test_storage_cycle_01,1.0,1.0,1.0,0.0,0.0,0.0,0.0,0.0,0.0,0.0,1.0,1.0,1.0,1.0,0.0,1.0,0.0,0.0,1.0,0,0,0,0,0,0,0,1,0,0,0
test,vgr_test_storage_cycle_01,1.0,1.0,1.0,0.0,0.0,0.0,0.0,0.0,0.0,0.0,1.0,1.0,1.0,1.0,0.0,1.0,0.0,0.0,1.0,0,0,0,0,0,0,0,1,0,0,0
test,vgr_test_storage_cycle_01,1.0,1.0,1.0,0.0,0.0,0.0,0.0,0.0,0.0,0.0,1.0,1.0,1.0,1.0,0.0,1.0,0.0,0.0,1.0,0,0,0,0,0,0,0,1,0,0,0
test,vgr_test_storage_cycle_01,1.0,1.0,1.0,0.0,0.0,0.0,0.0,0.0,0.0,0.0,1.0,1.0,1.0,1.0,0.0,1.0,0.0,0.0,1.0,0,0,0,0,0,0,0,1,0,0,0
test,vgr_test_storage_cycle_01,1.0,1.0,1.0,0.0,0.0,0.0,0.0,0.0,0.0,0.0,1.0,1.0,1.0,1.0,0.0,1.0,0.0,0.0,1.0,0,0,0,0,0,0,0,1,0,0,0
test,vgr_test_storage_cycle_01,1.0,1.0,1.0,0.0,0.0,0.0,0.0,0.0,0.0,0.0,1.0,1.0,1.0,1.0,0.0,1.0,0.0,0.0,0.0,0,0,0,0,0,0,0,1,0,0,101
test,vgr_test_storage_cycle_01,0.0,0.0,0.0,0.0,0.0,1.0,1.0,398.0,26.0,33.0,1.0,1.0,1.0,1.0,0.0,1.0,0.0,0.0,1.0,0,0,0,0,0,0,0,1,0,0,102
test,vgr_test_storage_cycle_01,0.0,0.0,0.0,0.0,0.0,1.0,1.0,1453.0,906.0,705.0,0.0,1.0,1.0,0.0,0.0,1.0,399.0,7560.0,1.0,0,0,0,0,0,0,0,1,0,0,103
test,vgr_test_storage_cycle_01,0.0,0.0,0.0,0.0,0.0,1.0,1.0,2460.0,157.0,426.0,0.0,1.0,1.0,0.0,0.0,1.0,36.0,7560.0,1.0,0,0,0,0,0,0,0,1,0,0,102
test,vgr_test_storage_cycle_01,0.0,0.0,0.0,0.0,0.0,1.0,1.0,1450.0,909.0,700.0,0.0,0.0,1.0,0.0,1.0,0.0,2802.0,17.0,1.0,0,0,0,0,0,0,0,1,0,0,104
test,vgr_test_storage_cycle_01,1.0,0.0,0.0,0.0,0.0,1.0,1.0,0.0,603.0,5350.0,0.0,1.0,0.0,0.0,1.0,0.0,2802.0,17.0,1.0,0,0,0,0,0,0,0,1,0,0,105
test,vgr_test_storage_cycle_01,0.0,0.0,0.0,0.0,0.0,0.0,0.0,400.0,603.0,5350.0,0.0,1.0,0.0,0.0,1.0,0.0,2802.0,17.0,1.0,0,0,0,0,0,0,0,1,0,0,0
test,vgr_test_storage_cycle_01,0.0,0.0,0.0,0.0,0.0,0.0,0.0,400.0,603.0,5350.0,0.0,0.0,1.0,0.0,1.0,0.0,2802.0,17.0,1.0,0,0,0,0,0,0,0,1,0,0,0
test,vgr_test_storage_cycle_01,0.0,0.0,0.0,0.0,0.0,0.0,0.0,400.0,603.0,5350.0,0.0,1.0,1.0,0.0,0.0,1.0,34.0,7559.0,1.0,0,0,0,0,0,0,0,1,0,0,0
test,vgr_test_storage_cycle_01,0.0,0.0,0.0,0.0,0.0,0.0,0.0,400.0,603.0,5350.0,0.0,1.0,1.0,0.0,0.0,1.0,403.0,7559.0,1.0,0,0,0,0,0,0,0,1,0,0,301
test,vgr_test_storage_cycle_01,1.0,1.0,1.0,0.0,0.0,0.0,0.0,0.0,0.0,0.0,1.0,1.0,1.0,1.0,0.0,1.0,0.0,0.0,1.0,0,0,0,0,0,0,0,0,1,0,0
test,vgr_test_storage_cycle_01,1.0,1.0,1.0,0.0,0.0,0.0,0.0,0.0,0.0,0.0,1.0,1.0,1.0,1.0,0.0,1.0,0.0,0.0,1.0,0,0,0,0,0,0,0,0,1,0,0
test,vgr_test_storage_cycle_01,1.0,1.0,1.0,0.0,0.0,0.0,0.0,0.0,0.0,0.0,1.0,1.0,1.0,1.0,0.0,1.0,0.0,0.0,0.0,0,0,0,0,0,0,0,0,1,0,101
test,vgr_test_storage_cycle_01,0.0,0.0,0.0,0.0,0.0,1.0,1.0,390.0,26.0,32.0,1.0,1.0,1.0,1.0,0.0,1.0,0.0,0.0,1.0,0,0,0,0,0,0,0,0,1,0,102
test,vgr_test_storage_cycle_01,0.0,0.0,0.0,0.0,0.0,1.0,1.0,1447.0,906.0,700.0,0.0,1.0,1.0,0.0,0.0,1.0,1754.0,7559.0,1.0,0,0,0,0,0,0,0,0,1,0,103
test,vgr_test_storage_cycle_01,0.0,0.0,0.0,0.0,0.0,1.0,1.0,2456.0,156.0,424.0,0.0,1.0,1.0,0.0,0.0,1.0,1386.0,7559.0,1.0,0,0,0,0,0,0,0,0,1,0,102
test,vgr_test_storage_cycle_01,0.0,0.0,0.0,0.0,0.0,1.0,1.0,1446.0,904.0,703.0,0.0,0.0,1.0,0.0,1.0,0.0,2804.0,17.0,1.0,0,0,0,0,0,0,0,0,1,0,104
test,vgr_test_storage_cycle_01,1.0,0.0,0.0,0.0,0.0,1.0,1.0,0.0,606.0,5351.0,0.0,1.0,0.0,0.0,1.0,0.0,2804.0,17.0,1.0,0,0,0,0,0,0,0,0,1,0,105
test,vgr_test_storage_cycle_01,0.0,0.0,0.0,0.0,0.0,0.0,0.0,401.0,606.0,5351.0,0.0,1.0,0.0,0.0,1.0,0.0,2804.0,17.0,1.0,0,0,0,0,0,0,0,0,1,0,0
test,vgr_test_storage_cycle_01,0.0,0.0,0.0,0.0,0.0,0.0,0.0,401.0,606.0,5351.0,0.0,0.0,1.0,0.0,1.0,0.0,2804.0,17.0,1.0,0,0,0,0,0,0,0,0,1,0,0
test,vgr_test_storage_cycle_01,0.0,0.0,0.0,0.0,0.0,0.0,0.0,401.0,606.0,5351.0,0.0,1.0,1.0,0.0,0.0,1.0,1383.0,7559.0,1.0,0,0,0,0,0,0,0,0,1,0,0
test,vgr_test_storage_cycle_01,0.0,0.0,0.0,0.0,0.0,0.0,0.0,401.0,606.0,5351.0,0.0,1.0,1.0,0.0,0.0,1.0,1751.0,7559.0,1.0,0,0,0,0,0,0,0,0,1,0,301
test,vgr_test_storage_cycle_01,1.0,1.0,1.0,0.0,0.0,0.0,0.0,0.0,0.0,0.0,1.0,1.0,1.0,1.0,0.0,1.0,0.0,0.0,1.0,0,0,0,0,0,0,0,0,0,1,0
test,vgr_test_storage_cycle_01,1.0,1.0,1.0,0.0,0.0,0.0,0.0,0.0,0.0,0.0,1.0,1.0,1.0,1.0,0.0,1.0,0.0,0.0,1.0,0,0,0,0,0,0,0,0,0,1,0
test,vgr_test_storage_cycle_01,1.0,1.0,1.0,0.0,0.0,0.0,0.0,0.0,0.0,0.0,1.0,1.0,1.0,1.0,0.0,1.0,0.0,0.0,1.0,0,0,0,0,0,0,0,0,0,1,0
test,vgr_test_storage_cycle_01,1.0,1.0,1.0,0.0,0.0,0.0,0.0,0.0,0.0,0.0,1.0,1.0,1.0,1.0,0.0,1.0,0.0,0.0,0.0,0,0,0,0,0,0,0,0,0,1,101
test,vgr_test_storage_cycle_01,0.0,0.0,0.0,0.0,0.0,1.0,1.0,396.0,26.0,34.0,1.0,1.0,1.0,1.0,0.0,1.0,0.0,0.0,1.0,0,0,0,0,0,0,0,0,0,1,102
test,vgr_test_storage_cycle_01,0.0,0.0,0.0,0.0,0.0,1.0,1.0,1452.0,910.0,704.0,0.0,1.0,1.0,0.0,0.0,1.0,3250.0,7556.0,1.0,0,0,0,0,0,0,0,0,0,1,103
test,vgr_test_storage_cycle_01,0.0,0.0,0.0,0.0,0.0,1.0,1.0,2460.0,156.0,424.0,0.0,1.0,1.0,0.0,0.0,1.0,2887.0,7556.0,1.0,0,0,0,0,0,0,0,0,0,1,102
test,vgr_test_storage_cycle_01,0.0,0.0,0.0,0.0,0.0,1.0,1.0,1449.0,908.0,702.0,0.0,0.0,1.0,0.0,1.0,0.0,2802.0,19.0,1.0,0,0,0,0,0,0,0,0,0,1,104
test,vgr_test_storage_cycle_01,1.0,0.0,0.0,0.0,1.0,1.0,1.0,0.0,483.0,5348.0,0.0,1.0,0.0,0.0,1.0,0.0,2802.0,19.0,1.0,0,0,0,0,0,0,0,0,0,1,105
test,vgr_test_storage_cycle_01,0.0,0.0,0.0,0.0,0.0,0.0,0.0,398.0,608.0,5348.0,0.0,1.0,0.0,0.0,1.0,0.0,2802.0,19.0,1.0,0,0,0,0,0,0,0,0,0,1,0
test,vgr_test_storage_cycle_01,0.0,0.0,0.0,0.0,0.0,0.0,0.0,398.0,608.0,5348.0,0.0,0.0,1.0,0.0,1.0,0.0,2802.0,19.0,1.0,0,0,0,0,0,0,0,0,0,1,0
test,vgr_test_storage_cycle_01,0.0,0.0,0.0,0.0,0.0,0.0,0.0,398.0,608.0,5348.0,0.0,1.0,1.0,0.0,0.0,1.0,2883.0,7560.0,1.0,0,0,0,0,0,0,0,0,0,1,0
test,vgr_test_storage_cycle_01,0.0,0.0,0.0,0.0,0.0,0.0,0.0,398.0,608.0,5348.0,0.0,1.0,1.0,0.0,0.0,1.0,3252.0,7560.0,1.0,0,0,0,0,0,0,0,0,0,1,301
test,vgr_test_storage_cycle_01,1.0,1.0,1.0,0.0,0.0,0.0,0.0,0.0,0.0,0.0,1.0,1.0,1.0,1.0,0.0,1.0,0.0,0.0,1.0,1,0,0,0,0,0,0,0,0,0,0
test,vgr_test_storage_cycle_01,1.0,1.0,1.0,0.0,0.0,0.0,0.0,0.0,0.0,0.0,1.0,1.0,1.0,1.0,0.0,1.0,0.0,0.0,1.0,1,0,0,0,0,0,0,0,0,0,0
test,vgr_test_storage_cycle_01,1.0,1.0,1.0,0.0,0.0,0.0,0.0,0.0,0.0,0.0,1.0,1.0,1.0,1.0,0.0,1.0,0.0,0.0,1.0,1,0,0,0,0,0,0,0,0,0,0
test,vgr_test_storage_cycle_01,1.0,1.0,1.0,0.0,0.0,0.0,0.0,0.0,0.0,0.0,1.0,1.0,1.0,1.0,0.0,1.0,0.0,0.0,1.0,1,0,0,0,0,0,0,0,0,0,0
test,vgr_test_storage_cycle_01,1.0,1.0,1.0,0.0,0.0,0.0,0.0,0.0,0.0,0.0,1.0,1.0,1.0,1.0,0.0,1.0,0.0,0.0,1.0,1,0,0,0,0,0,0,0,0,0,0
test,vgr_test_storage_cycle_01,1.0,1.0,1.0,0.0,0.0,0.0,0.0,0.0,0.0,0.0,1.0,1.0,1.0,1.0,0.0,1.0,0.0,0.0,1.0,1,0,0,0,0,0,0,0,0,0,0
test,vgr_test_storage_cycle_01,1.0,1.0,1.0,0.0,0.0,0.0,0.0,0.0,0.0,0.0,1.0,1.0,1.0,1.0,0.0,1.0,0.0,0.0,1.0,1,0,0,0,0,0,0,0,0,0,0
test,vgr_test_storage_cycle_01,1.0,1.0,1.0,0.0,0.0,0.0,0.0,0.0,0.0,0.0,1.0,1.0,1.0,1.0,0.0,1.0,0.0,0.0,1.0,1,0,0,0,0,0,0,0,0,0,0
test,vgr_test_storage_cycle_01,1.0,1.0,1.0,0.0,0.0,0.0,0.0,0.0,0.0,0.0,1.0,1.0,1.0,1.0,0.0,1.0,0.0,0.0,1.0,1,0,0,0,0,0,0,0,0,0,0
test,vgr_test_storage_cycle_01,1.0,1.0,1.0,0.0,0.0,0.0,0.0,0.0,0.0,0.0,1.0,1.0,1.0,1.0,0.0,1.0,0.0,0.0,1.0,1,0,0,0,0,0,0,0,0,0,0
test,vgr_test_storage_cycle_01,1.0,1.0,1.0,0.0,0.0,0.0,0.0,0.0,0.0,0.0,1.0,1.0,1.0,1.0,0.0,1.0,0.0,0.0,0.0,1,0,0,0,0,0,0,0,0,0,0
test,vgr_test_storage_cycle_01,1.0,1.0,1.0,0.0,0.0,0.0,0.0,0.0,0.0,0.0,1.0,1.0,1.0,1.0,0.0,1.0,0.0,0.0,1.0,1,0,0,0,0,0,0,0,0,0,0
test,vgr_test_storage_cycle_01,1.0,1.0,1.0,0.0,0.0,0.0,0.0,0.0,0.0,0.0,1.0,1.0,1.0,1.0,0.0,1.0,0.0,0.0,1.0,1,0,0,0,0,0,0,0,0,0,0
test,vgr_test_storage_cycle_01,1.0,1.0,1.0,0.0,0.0,0.0,0.0,0.0,0.0,0.0,1.0,1.0,1.0,1.0,0.0,1.0,0.0,0.0,1.0,1,0,0,0,0,0,0,0,0,0,0
test,vgr_test_storage_cycle_01,1.0,1.0,1.0,0.0,0.0,0.0,0.0,0.0,0.0,0.0,1.0,1.0,1.0,1.0,0.0,1.0,0.0,0.0,1.0,1,0,0,0,0,0,0,0,0,0,0
test,vgr_test_storage_cycle_01,1.0,1.0,1.0,0.0,0.0,0.0,0.0,0.0,0.0,0.0,1.0,1.0,1.0,1.0,0.0,1.0,0.0,0.0,1.0,1,0,0,0,0,0,0,0,0,0,0
test,vgr_test_storage_cycle_01,1.0,1.0,1.0,0.0,0.0,0.0,0.0,0.0,0.0,0.0,1.0,1.0,1.0,1.0,0.0,1.0,0.0,0.0,1.0,1,0,0,0,0,0,0,0,0,0,0
test,vgr_test_storage_cycle_01,1.0,1.0,1.0,0.0,0.0,0.0,0.0,0.0,0.0,0.0,1.0,1.0,1.0,1.0,0.0,1.0,0.0,0.0,1.0,1,0,0,0,0,0,0,0,0,0,0
test,vgr_test_storage_cycle_01,1.0,1.0,1.0,0.0,0.0,0.0,0.0,0.0,0.0,0.0,1.0,1.0,1.0,1.0,0.0,1.0,0.0,0.0,1.0,1,0,0,0,0,0,0,0,0,0,0
test,vgr_test_storage_cycle_01,1.0,1.0,1.0,0.0,0.0,0.0,0.0,0.0,0.0,0.0,1.0,1.0,1.0,1.0,0.0,1.0,0.0,0.0,1.0,1,0,0,0,0,0,0,0,0,0,0
test,vgr_test_storage_cycle_01,1.0,1.0,1.0,0.0,0.0,0.0,0.0,0.0,0.0,0.0,1.0,1.0,1.0,1.0,0.0,1.0,0.0,0.0,1.0,1,0,0,0,0,0,0,0,0,0,0
test,vgr_test_storage_cycle_01,1.0,1.0,1.0,0.0,0.0,0.0,0.0,0.0,0.0,0.0,1.0,1.0,1.0,1.0,0.0,1.0,0.0,0.0,1.0,1,0,0,0,0,0,0,0,0,0,0
test,vgr_test_storage_cycle_01,1.0,1.0,1.0,0.0,0.0,0.0,0.0,0.0,0.0,0.0,1.0,1.0,1.0,1.0,0.0,1.0,0.0,0.0,1.0,1,0,0,0,0,0,0,0,0,0,0
test,vgr_test_storage_cycle_01,1.0,1.0,1.0,0.0,0.0,0.0,0.0,0.0,0.0,0.0,1.0,1.0,1.0,1.0,0.0,1.0,0.0,0.0,1.0,1,0,0,0,0,0,0,0,0,0,0
test,vgr_test_storage_cycle_01,1.0,1.0,1.0,0.0,0.0,0.0,0.0,0.0,0.0,0.0,1.0,1.0,1.0,1.0,0.0,1.0,0.0,0.0,1.0,1,0,0,0,0,0,0,0,0,0,0
test,vgr_test_storage_cycle_01,1.0,1.0,1.0,0.0,0.0,0.0,0.0,0.0,0.0,0.0,1.0,1.0,1.0,1.0,0.0,1.0,0.0,0.0,1.0,1,0,0,0,0,0,0,0,0,0,0
test,vgr_test_storage_cycle_01,1.0,1.0,1.0,0.0,0.0,0.0,0.0,0.0,0.0,0.0,1.0,1.0,1.0,1.0,0.0,1.0,0.0,0.0,0.0,1,0,0,0,0,0,0,0,0,0,0
test,vgr_test_storage_cycle_01,1.0,1.0,1.0,0.0,0.0,0.0,0.0,0.0,0.0,0.0,1.0,1.0,1.0,1.0,0.0,1.0,0.0,0.0,1.0,1,0,0,0,0,0,0,0,0,0,0
test,vgr_test_storage_cycle_01,1.0,1.0,1.0,0.0,0.0,0.0,0.0,0.0,0.0,0.0,1.0,1.0,1.0,1.0,0.0,1.0,0.0,0.0,1.0,1,0,0,0,0,0,0,0,0,0,0
test,vgr_test_storage_cycle_01,1.0,1.0,1.0,0.0,0.0,0.0,0.0,0.0,0.0,0.0,1.0,1.0,1.0,1.0,0.0,1.0,0.0,0.0,1.0,1,0,0,0,0,0,0,0,0,0,0
test,vgr_test_storage_cycle_01,1.0,1.0,1.0,0.0,0.0,0.0,0.0,0.0,0.0,0.0,1.0,1.0,1.0,1.0,0.0,1.0,0.0,0.0,1.0,1,0,0,0,0,0,0,0,0,0,0
test,vgr_test_storage_cycle_01,1.0,1.0,1.0,0.0,0.0,0.0,0.0,0.0,0.0,0.0,1.0,1.0,1.0,1.0,0.0,1.0,0.0,0.0,1.0,1,0,0,0,0,0,0,0,0,0,0
test,vgr_test_storage_cycle_01,1.0,1.0,1.0,0.0,0.0,0.0,0.0,0.0,0.0,0.0,1.0,1.0,1.0,1.0,0.0,1.0,0.0,0.0,1.0,1,0,0,0,0,0,0,0,0,0,0
test,vgr_test_storage_cycle_01,1.0,1.0,1.0,0.0,0.0,0.0,0.0,0.0,0.0,0.0,1.0,1.0,1.0,1.0,0.0,1.0,0.0,0.0,1.0,1,0,0,0,0,0,0,0,0,0,0
test,vgr_test_storage_cycle_01,1.0,1.0,1.0,0.0,0.0,0.0,0.0,0.0,0.0,0.0,1.0,1.0,1.0,1.0,0.0,1.0,0.0,0.0,1.0,1,0,0,0,0,0,0,0,0,0,0
test,vgr_test_storage_cycle_01,1.0,1.0,1.0,0.0,0.0,0.0,0.0,0.0,0.0,0.0,1.0,1.0,1.0,1.0,0.0,1.0,0.0,0.0,1.0,1,0,0,0,0,0,0,0,0,0,0
test,vgr_test_storage_cycle_01,1.0,1.0,1.0,0.0,0.0,0.0,0.0,0.0,0.0,0.0,1.0,1.0,1.0,1.0,0.0,1.0,0.0,0.0,1.0,1,0,0,0,0,0,0,0,0,0,0
test,vgr_test_storage_cycle_01,1.0,1.0,1.0,0.0,0.0,0.0,0.0,0.0,0.0,0.0,1.0,1.0,1.0,1.0,0.0,1.0,0.0,0.0,1.0,1,0,0,0,0,0,0,0,0,0,0
test,vgr_test_storage_cycle_01,1.0,1.0,1.0,0.0,0.0,0.0,0.0,0.0,0.0,0.0,1.0,1.0,1.0,1.0,0.0,1.0,0.0,0.0,1.0,1,0,0,0,0,0,0,0,0,0,0
test,vgr_test_storage_cycle_01,1.0,1.0,1.0,0.0,0.0,0.0,0.0,0.0,0.0,0.0,1.0,1.0,1.0,1.0,0.0,1.0,0.0,0.0,1.0,1,0,0,0,0,0,0,0,0,0,0
test,vgr_test_storage_cycle_01,1.0,1.0,1.0,0.0,0.0,0.0,0.0,0.0,0.0,0.0,1.0,1.0,1.0,1.0,0.0,1.0,0.0,0.0,0.0,1,0,0,0,0,0,0,0,0,0,0
test,vgr_test_storage_cycle_01,1.0,1.0,1.0,0.0,0.0,0.0,0.0,0.0,0.0,0.0,1.0,1.0,1.0,1.0,0.0,1.0,0.0,0.0,1.0,1,0,0,0,0,0,0,0,0,0,0
test,vgr_test_storage_cycle_01,1.0,1.0,1.0,0.0,0.0,0.0,0.0,0.0,0.0,0.0,1.0,1.0,1.0,1.0,0.0,1.0,0.0,0.0,1.0,1,0,0,0,0,0,0,0,0,0,0
test,vgr_test_storage_cycle_01,1.0,1.0,1.0,0.0,0.0,0.0,0.0,0.0,0.0,0.0,1.0,1.0,1.0,1.0,0.0,1.0,0.0,0.0,1.0,1,0,0,0,0,0,0,0,0,0,0
test,vgr_test_storage_cycle_01,1.0,1.0,1.0,0.0,0.0,0.0,0.0,0.0,0.0,0.0,1.0,1.0,1.0,1.0,0.0,1.0,0.0,0.0,1.0,1,0,0,0,0,0,0,0,0,0,0
test,vgr_test_storage_cycle_01,1.0,1.0,1.0,0.0,0.0,0.0,0.0,0.0,0.0,0.0,1.0,1.0,1.0,1.0,0.0,1.0,0.0,0.0,1.0,1,0,0,0,0,0,0,0,0,0,0
test,vgr_test_storage_cycle_01,1.0,1.0,1.0,0.0,0.0,0.0,0.0,0.0,0.0,0.0,1.0,1.0,1.0,1.0,0.0,1.0,0.0,0.0,1.0,1,0,0,0,0,0,0,0,0,0,0
test,vgr_test_storage_cycle_01,1.0,1.0,1.0,0.0,0.0,0.0,0.0,0.0,0.0,0.0,1.0,1.0,1.0,1.0,0.0,1.0,0.0,0.0,1.0,1,0,0,0,0,0,0,0,0,0,0
test,vgr_test_storage_cycle_01,1.0,1.0,1.0,0.0,0.0,0.0,0.0,0.0,0.0,0.0,1.0,1.0,1.0,1.0,0.0,1.0,0.0,0.0,0.0,1,0,0,0,0,0,0,0,0,0,0
test,vgr_test_storage_cycle_01,1.0,1.0,1.0,0.0,0.0,0.0,0.0,0.0,0.0,0.0,1.0,1.0,1.0,1.0,0.0,1.0,0.0,0.0,1.0,1,0,0,0,0,0,0,0,0,0,0
test,vgr_test_storage_cycle_01,1.0,1.0,1.0,0.0,0.0,0.0,0.0,0.0,0.0,0.0,1.0,1.0,1.0,1.0,0.0,1.0,0.0,0.0,1.0,1,0,0,0,0,0,0,0,0,0,0
test,vgr_test_storage_cycle_01,1.0,1.0,1.0,0.0,0.0,0.0,0.0,0.0,0.0,0.0,1.0,1.0,1.0,1.0,0.0,1.0,0.0,0.0,1.0,1,0,0,0,0,0,0,0,0,0,0
test,vgr_test_storage_cycle_01,1.0,1.0,1.0,0.0,0.0,0.0,0.0,0.0,0.0,0.0,1.0,1.0,1.0,1.0,0.0,1.0,0.0,0.0,1.0,1,0,0,0,0,0,0,0,0,0,0
test,vgr_test_storage_cycle_01,1.0,1.0,1.0,0.0,0.0,0.0,0.0,0.0,0.0,0.0,1.0,1.0,1.0,1.0,0.0,1.0,0.0,0.0,1.0,1,0,0,0,0,0,0,0,0,0,0
test,vgr_test_storage_cycle_01,1.0,1.0,1.0,0.0,0.0,0.0,0.0,0.0,0.0,0.0,1.0,1.0,1.0,1.0,0.0,1.0,0.0,0.0,1.0,1,0,0,0,0,0,0,0,0,0,0
test,vgr_test_storage_cycle_01,1.0,1.0,1.0,0.0,0.0,0.0,0.0,0.0,0.0,0.0,1.0,1.0,1.0,1.0,0.0,1.0,0.0,0.0,1.0,1,0,0,0,0,0,0,0,0,0,0
test,vgr_test_storage_cycle_01,1.0,1.0,1.0,0.0,0.0,0.0,0.0,0.0,0.0,0.0,1.0,1.0,1.0,1.0,0.0,1.0,0.0,0.0,1.0,1,0,0,0,0,0,0,0,0,0,0
test,vgr_test_storage_cycle_01,1.0,1.0,1.0,0.0,0.0,0.0,0.0,0.0,0.0,0.0,1.0,1.0,1.0,1.0,0.0,1.0,0.0,0.0,1.0,1,0,0,0,0,0,0,0,0,0,0
test,vgr_test_storage_cycle_01,1.0,1.0,1.0,0.0,0.0,0.0,0.0,0.0,0.0,0.0,1.0,1.0,1.0,1.0,0.0,1.0,0.0,0.0,0.0,1,0,0,0,0,0,0,0,0,0,0
test,vgr_test_storage_cycle_01,1.0,1.0,1.0,0.0,0.0,0.0,0.0,0.0,0.0,0.0,1.0,1.0,1.0,1.0,0.0,1.0,0.0,0.0,1.0,1,0,0,0,0,0,0,0,0,0,0
test,vgr_test_storage_cycle_01,1.0,1.0,1.0,0.0,0.0,0.0,0.0,0.0,0.0,0.0,1.0,1.0,1.0,1.0,0.0,1.0,0.0,0.0,1.0,1,0,0,0,0,0,0,0,0,0,0
test,vgr_test_storage_cycle_01,1.0,1.0,1.0,0.0,0.0,0.0,0.0,0.0,0.0,0.0,1.0,1.0,1.0,1.0,0.0,1.0,0.0,0.0,1.0,1,0,0,0,0,0,0,0,0,0,0
test,vgr_test_storage_cycle_01,1.0,1.0,1.0,0.0,0.0,0.0,0.0,0.0,0.0,0.0,1.0,1.0,1.0,1.0,0.0,1.0,0.0,0.0,1.0,1,0,0,0,0,0,0,0,0,0,0
test,vgr_test_storage_cycle_01,1.0,1.0,1.0,0.0,0.0,0.0,0.0,0.0,0.0,0.0,1.0,1.0,1.0,1.0,0.0,1.0,0.0,0.0,1.0,1,0,0,0,0,0,0,0,0,0,0
test,vgr_test_storage_cycle_01,1.0,1.0,1.0,0.0,0.0,0.0,0.0,0.0,0.0,0.0,1.0,1.0,1.0,1.0,0.0,1.0,0.0,0.0,1.0,1,0,0,0,0,0,0,0,0,0,0
test,vgr_test_storage_cycle_01,1.0,1.0,1.0,0.0,0.0,0.0,0.0,0.0,0.0,0.0,1.0,1.0,1.0,1.0,0.0,1.0,0.0,0.0,1.0,1,0,0,0,0,0,0,0,0,0,0
test,vgr_test_storage_cycle_01,1.0,1.0,1.0,0.0,0.0,0.0,0.0,0.0,0.0,0.0,1.0,1.0,1.0,1.0,0.0,1.0,0.0,0.0,1.0,1,0,0,0,0,0,0,0,0,0,0
test,vgr_test_storage_cycle_01,1.0,1.0,1.0,0.0,0.0,0.0,0.0,0.0,0.0,0.0,1.0,1.0,1.0,1.0,0.0,1.0,0.0,0.0,1.0,1,0,0,0,0,0,0,0,0,0,0
test,vgr_test_storage_cycle_01,1.0,1.0,1.0,0.0,0.0,0.0,0.0,0.0,0.0,0.0,1.0,1.0,1.0,1.0,0.0,1.0,0.0,0.0,1.0,1,0,0,0,0,0,0,0,0,0,0
test,vgr_test_storage_cycle_01,1.0,1.0,1.0,0.0,0.0,0.0,0.0,0.0,0.0,0.0,1.0,1.0,1.0,1.0,0.0,1.0,0.0,0.0,1.0,1,0,0,0,0,0,0,0,0,0,0
test,vgr_test_storage_cycle_01,1.0,1.0,1.0,0.0,0.0,0.0,0.0,0.0,0.0,0.0,1.0,1.0,1.0,1.0,0.0,1.0,0.0,0.0,1.0,1,0,0,0,0,0,0,0,0,0,0
test,vgr_test_storage_cycle_01,1.0,1.0,1.0,0.0,0.0,0.0,0.0,0.0,0.0,0.0,1.0,1.0,1.0,1.0,0.0,1.0,0.0,0.0,0.0,1,0,0,0,0,0,0,0,0,0,0
test,vgr_test_storage_cycle_01,1.0,1.0,1.0,0.0,0.0,0.0,0.0,0.0,0.0,0.0,1.0,1.0,1.0,1.0,0.0,1.0,0.0,0.0,1.0,1,0,0,0,0,0,0,0,0,0,0
test,vgr_test_storage_cycle_01,1.0,1.0,1.0,0.0,0.0,0.0,0.0,0.0,0.0,0.0,1.0,1.0,1.0,1.0,0.0,1.0,0.0,0.0,1.0,1,0,0,0,0,0,0,0,0,0,0
test,vgr_test_storage_cycle_01,1.0,1.0,1.0,0.0,0.0,0.0,0.0,0.0,0.0,0.0,1.0,1.0,1.0,1.0,0.0,1.0,0.0,0.0,1.0,1,0,0,0,0,0,0,0,0,0,0
test,vgr_test_storage_cycle_01,1.0,1.0,1.0,0.0,0.0,0.0,0.0,0.0,0.0,0.0,1.0,1.0,1.0,1.0,0.0,1.0,0.0,0.0,1.0,1,0,0,0,0,0,0,0,0,0,0
test,vgr_test_storage_cycle_01,1.0,1.0,1.0,0.0,0.0,0.0,0.0,0.0,0.0,0.0,1.0,1.0,1.0,1.0,0.0,1.0,0.0,0.0,1.0,1,0,0,0,0,0,0,0,0,0,0
test,vgr_test_storage_cycle_01,1.0,1.0,1.0,0.0,0.0,0.0,0.0,0.0,0.0,0.0,1.0,1.0,1.0,1.0,0.0,1.0,0.0,0.0,1.0,1,0,0,0,0,0,0,0,0,0,0
test,vgr_test_storage_cycle_01,1.0,1.0,1.0,0.0,0.0,0.0,0.0,0.0,0.0,0.0,1.0,1.0,1.0,1.0,0.0,1.0,0.0,0.0,1.0,1,0,0,0,0,0,0,0,0,0,0
test,vgr_test_storage_cycle_01,1.0,1.0,1.0,0.0,0.0,0.0,0.0,0.0,0.0,0.0,1.0,1.0,1.0,1.0,0.0,1.0,0.0,0.0,1.0,1,0,0,0,0,0,0,0,0,0,0
test,vgr_test_storage_cycle_01,1.0,1.0,1.0,0.0,0.0,0.0,0.0,0.0,0.0,0.0,1.0,1.0,1.0,1.0,0.0,1.0,0.0,0.0,1.0,1,0,0,0,0,0,0,0,0,0,0
test,vgr_test_storage_cycle_01,1.0,1.0,1.0,0.0,0.0,0.0,0.0,0.0,0.0,0.0,1.0,1.0,1.0,1.0,0.0,1.0,0.0,0.0,1.0,1,0,0,0,0,0,0,0,0,0,0
test,vgr_test_storage_cycle_01,1.0,1.0,1.0,0.0,0.0,0.0,0.0,0.0,0.0,0.0,1.0,1.0,1.0,1.0,0.0,1.0,0.0,0.0,1.0,1,0,0,0,0,0,0,0,0,0,0
test,vgr_test_storage_cycle_01,1.0,1.0,1.0,0.0,0.0,0.0,0.0,0.0,0.0,0.0,1.0,1.0,1.0,1.0,0.0,1.0,0.0,0.0,1.0,1,0,0,0,0,0,0,0,0,0,0
test,vgr_test_storage_cycle_01,1.0,1.0,1.0,0.0,0.0,0.0,0.0,0.0,0.0,0.0,1.0,1.0,1.0,1.0,0.0,1.0,0.0,0.0,1.0,1,0,0,0,0,0,0,0,0,0,0
test,vgr_test_storage_cycle_01,1.0,1.0,1.0,0.0,0.0,0.0,0.0,0.0,0.0,0.0,1.0,1.0,1.0,1.0,0.0,1.0,0.0,0.0,1.0,1,0,0,0,0,0,0,0,0,0,0
test,vgr_test_storage_cycle_01,1.0,1.0,1.0,0.0,0.0,0.0,0.0,0.0,0.0,0.0,1.0,1.0,1.0,1.0,0.0,1.0,0.0,0.0,1.0,1,0,0,0,0,0,0,0,0,0,0
test,vgr_test_storage_cycle_01,1.0,1.0,1.0,0.0,0.0,0.0,0.0,0.0,0.0,0.0,1.0,1.0,1.0,1.0,0.0,1.0,0.0,0.0,1.0,1,0,0,0,0,0,0,0,0,0,0
test,vgr_test_storage_cycle_01,1.0,1.0,1.0,0.0,0.0,0.0,0.0,0.0,0.0,0.0,1.0,1.0,1.0,1.0,0.0,1.0,0.0,0.0,1.0,1,0,0,0,0,0,0,0,0,0,0
test,vgr_test_storage_cycle_01,1.0,1.0,1.0,0.0,0.0,0.0,0.0,0.0,0.0,0.0,1.0,1.0,1.0,1.0,0.0,1.0,0.0,0.0,0.0,1,0,0,0,0,0,0,0,0,0,0
test,vgr_test_storage_cycle_01,1.0,1.0,1.0,0.0,0.0,0.0,0.0,0.0,0.0,0.0,1.0,1.0,1.0,1.0,0.0,1.0,0.0,0.0,1.0,1,0,0,0,0,0,0,0,0,0,0
test,vgr_test_storage_cycle_01,1.0,1.0,1.0,0.0,0.0,0.0,0.0,0.0,0.0,0.0,1.0,1.0,1.0,1.0,0.0,1.0,0.0,0.0,1.0,1,0,0,0,0,0,0,0,0,0,0
test,vgr_test_storage_cycle_01,1.0,1.0,1.0,0.0,0.0,0.0,0.0,0.0,0.0,0.0,1.0,1.0,1.0,1.0,0.0,1.0,0.0,0.0,0.0,1,0,0,0,0,0,0,0,0,0,0
test,vgr_test_storage_cycle_01,1.0,1.0,1.0,0.0,0.0,0.0,0.0,0.0,0.0,0.0,1.0,1.0,1.0,1.0,0.0,1.0,0.0,0.0,1.0,1,0,0,0,0,0,0,0,0,0,0
test,vgr_test_storage_cycle_01,1.0,1.0,1.0,0.0,0.0,0.0,0.0,0.0,0.0,0.0,1.0,1.0,1.0,1.0,0.0,1.0,0.0,0.0,1.0,1,0,0,0,0,0,0,0,0,0,0
test,vgr_test_storage_cycle_01,1.0,1.0,1.0,0.0,0.0,0.0,0.0,0.0,0.0,0.0,1.0,1.0,1.0,1.0,0.0,1.0,0.0,0.0,1.0,1,0,0,0,0,0,0,0,0,0,0
test,vgr_test_storage_cycle_01,1.0,1.0,1.0,0.0,0.0,0.0,0.0,0.0,0.0,0.0,1.0,1.0,1.0,1.0,0.0,1.0,0.0,0.0,1.0,1,0,0,0,0,0,0,0,0,0,0
test,vgr_test_storage_cycle_01,1.0,1.0,1.0,0.0,0.0,0.0,0.0,0.0,0.0,0.0,1.0,1.0,1.0,1.0,0.0,1.0,0.0,0.0,1.0,1,0,0,0,0,0,0,0,0,0,0
test,vgr_test_storage_cycle_01,1.0,1.0,1.0,0.0,0.0,0.0,0.0,0.0,0.0,0.0,1.0,1.0,1.0,1.0,0.0,1.0,0.0,0.0,1.0,1,0,0,0,0,0,0,0,0,0,0
test,vgr_test_storage_cycle_01,1.0,1.0,1.0,0.0,0.0,0.0,0.0,0.0,0.0,0.0,1.0,1.0,1.0,1.0,0.0,1.0,0.0,0.0,1.0,1,0,0,0,0,0,0,0,0,0,0
test,vgr_test_storage_cycle_01,1.0,1.0,1.0,0.0,0.0,0.0,0.0,0.0,0.0,0.0,1.0,1.0,1.0,1.0,0.0,1.0,0.0,0.0,1.0,1,0,0,0,0,0,0,0,0,0,0
test,vgr_test_storage_cycle_01,1.0,1.0,1.0,0.0,0.0,0.0,0.0,0.0,0.0,0.0,1.0,1.0,1.0,1.0,0.0,1.0,0.0,0.0,1.0,1,0,0,0,0,0,0,0,0,0,0
test,vgr_test_storage_cycle_01,1.0,1.0,1.0,0.0,0.0,0.0,0.0,0.0,0.0,0.0,1.0,1.0,1.0,1.0,0.0,1.0,0.0,0.0,1.0,1,0,0,0,0,0,0,0,0,0,0
test,vgr_test_storage_cycle_01,1.0,1.0,1.0,0.0,0.0,0.0,0.0,0.0,0.0,0.0,1.0,1.0,1.0,1.0,0.0,1.0,0.0,0.0,1.0,1,0,0,0,0,0,0,0,0,0,0
test,vgr_test_storage_cycle_01,1.0,1.0,1.0,0.0,0.0,0.0,0.0,0.0,0.0,0.0,1.0,1.0,1.0,1.0,0.0,1.0,0.0,0.0,1.0,1,0,0,0,0,0,0,0,0,0,0
test,vgr_test_storage_cycle_01,1.0,1.0,1.0,0.0,0.0,0.0,0.0,0.0,0.0,0.0,1.0,1.0,1.0,1.0,0.0,1.0,0.0,0.0,0.0,1,0,0,0,0,0,0,0,0,0,0
test,vgr_test_storage_cycle_01,1.0,1.0,1.0,0.0,0.0,0.0,0.0,0.0,0.0,0.0,1.0,1.0,1.0,1.0,0.0,1.0,0.0,0.0,1.0,1,0,0,0,0,0,0,0,0,0,0
test,vgr_test_storage_cycle_01,1.0,1.0,1.0,0.0,0.0,0.0,0.0,0.0,0.0,0.0,1.0,1.0,1.0,1.0,0.0,1.0,0.0,0.0,1.0,1,0,0,0,0,0,0,0,0,0,0
test,vgr_test_storage_cycle_01,1.0,1.0,1.0,0.0,0.0,0.0,0.0,0.0,0.0,0.0,1.0,1.0,1.0,1.0,0.0,1.0,0.0,0.0,1.0,1,0,0,0,0,0,0,0,0,0,0
test,vgr_test_storage_cycle_01,1.0,1.0,1.0,0.0,0.0,0.0,0.0,0.0,0.0,0.0,1.0,1.0,1.0,1.0,0.0,1.0,0.0,0.0,1.0,1,0,0,0,0,0,0,0,0,0,0
test,vgr_test_storage_cycle_01,1.0,1.0,1.0,0.0,0.0,0.0,0.0,0.0,0.0,0.0,1.0,1.0,1.0,1.0,0.0,1.0,0.0,0.0,1.0,1,0,0,0,0,0,0,0,0,0,0
test,vgr_test_storage_cycle_01,1.0,1.0,1.0,0.0,0.0,0.0,0.0,0.0,0.0,0.0,1.0,1.0,1.0,1.0,0.0,1.0,0.0,0.0,1.0,1,0,0,0,0,0,0,0,0,0,0
test,vgr_test_storage_cycle_01,1.0,1.0,1.0,0.0,0.0,0.0,0.0,0.0,0.0,0.0,1.0,1.0,1.0,1.0,0.0,1.0,0.0,0.0,0.0,1,0,0,0,0,0,0,0,0,0,0
test,vgr_test_storage_cycle_01,1.0,1.0,1.0,0.0,0.0,0.0,0.0,0.0,0.0,0.0,1.0,1.0,1.0,1.0,0.0,1.0,0.0,0.0,0.0,1,0,0,0,0,0,0,0,0,0,0
test,vgr_test_storage_cycle_01,1.0,1.0,1.0,0.0,0.0,0.0,0.0,0.0,0.0,0.0,1.0,1.0,1.0,1.0,0.0,1.0,0.0,0.0,0.0,1,0,0,0,0,0,0,0,0,0,0
test,vgr_test_storage_cycle_01,1.0,1.0,1.0,0.0,0.0,0.0,0.0,0.0,0.0,0.0,1.0,1.0,1.0,1.0,0.0,1.0,0.0,0.0,0.0,1,0,0,0,0,0,0,0,0,0,0
test,vgr_test_storage_cycle_01,1.0,1.0,1.0,0.0,0.0,0.0,0.0,0.0,0.0,0.0,1.0,1.0,1.0,1.0,0.0,1.0,0.0,0.0,0.0,1,0,0,0,0,0,0,0,0,0,0
test,vgr_test_storage_cycle_01,1.0,1.0,1.0,0.0,0.0,0.0,0.0,0.0,0.0,0.0,1.0,1.0,1.0,1.0,0.0,1.0,0.0,0.0,0.0,1,0,0,0,0,0,0,0,0,0,0
test,vgr_test_storage_cycle_01,1.0,1.0,1.0,0.0,0.0,0.0,0.0,0.0,0.0,0.0,1.0,1.0,1.0,1.0,0.0,1.0,0.0,0.0,0.0,1,0,0,0,0,0,0,0,0,0,0
test,vgr_test_storage_cycle_01,1.0,1.0,1.0,0.0,0.0,0.0,0.0,0.0,0.0,0.0,1.0,1.0,1.0,1.0,0.0,1.0,0.0,0.0,0.0,1,0,0,0,0,0,0,0,0,0,0
test,vgr_test_storage_cycle_01,1.0,1.0,1.0,0.0,0.0,0.0,0.0,0.0,0.0,0.0,1.0,1.0,1.0,1.0,0.0,1.0,0.0,0.0,0.0,1,0,0,0,0,0,0,0,0,0,0
test,vgr_test_storage_cycle_01,1.0,1.0,1.0,0.0,0.0,0.0,0.0,0.0,0.0,0.0,1.0,1.0,1.0,1.0,0.0,1.0,0.0,0.0,0.0,1,0,0,0,0,0,0,0,0,0,0
test,vgr_test_storage_cycle_01,1.0,1.0,1.0,0.0,0.0,0.0,0.0,0.0,0.0,0.0,1.0,1.0,1.0,1.0,0.0,1.0,0.0,0.0,0.0,1,0,0,0,0,0,0,0,0,0,0
test,vgr_test_storage_cycle_01,1.0,1.0,1.0,0.0,0.0,0.0,0.0,0.0,0.0,0.0,1.0,1.0,1.0,1.0,0.0,1.0,0.0,0.0,0.0,1,0,0,0,0,0,0,0,0,0,0
test,vgr_test_storage_cycle_01,1.0,1.0,1.0,0.0,0.0,0.0,0.0,0.0,0.0,0.0,1.0,1.0,1.0,1.0,0.0,1.0,0.0,0.0,0.0,1,0,0,0,0,0,0,0,0,0,0
test,vgr_test_storage_cycle_01,1.0,1.0,1.0,0.0,0.0,0.0,0.0,0.0,0.0,0.0,1.0,1.0,1.0,1.0,0.0,1.0,0.0,0.0,0.0,1,0,0,0,0,0,0,0,0,0,0
test,vgr_test_storage_cycle_01,1.0,1.0,1.0,0.0,0.0,0.0,0.0,0.0,0.0,0.0,1.0,1.0,1.0,1.0,0.0,1.0,0.0,0.0,0.0,1,0,0,0,0,0,0,0,0,0,0
test,vgr_test_storage_cycle_01,1.0,1.0,1.0,0.0,0.0,0.0,0.0,0.0,0.0,0.0,1.0,1.0,1.0,1.0,0.0,1.0,0.0,0.0,0.0,1,0,0,0,0,0,0,0,0,0,0
test,vgr_test_storage_cycle_01,1.0,1.0,1.0,0.0,0.0,0.0,0.0,0.0,0.0,0.0,1.0,1.0,1.0,1.0,0.0,1.0,0.0,0.0,0.0,1,0,0,0,0,0,0,0,0,0,0
test,vgr_test_storage_cycle_01,1.0,1.0,1.0,0.0,0.0,0.0,0.0,0.0,0.0,0.0,1.0,1.0,1.0,1.0,0.0,1.0,0.0,0.0,0.0,1,0,0,0,0,0,0,0,0,0,0
test,vgr_test_storage_cycle_01,1.0,1.0,1.0,0.0,0.0,0.0,0.0,0.0,0.0,0.0,1.0,1.0,1.0,1.0,0.0,1.0,0.0,0.0,0.0,1,0,0,0,0,0,0,0,0,0,0
test,vgr_test_storage_cycle_01,1.0,1.0,1.0,0.0,0.0,0.0,0.0,0.0,0.0,0.0,1.0,1.0,1.0,1.0,0.0,1.0,0.0,0.0,0.0,1,0,0,0,0,0,0,0,0,0,0
test,vgr_test_storage_cycle_01,1.0,1.0,1.0,0.0,0.0,0.0,0.0,0.0,0.0,0.0,1.0,1.0,1.0,1.0,0.0,1.0,0.0,0.0,0.0,1,0,0,0,0,0,0,0,0,0,0
test,vgr_test_storage_cycle_01,1.0,1.0,1.0,0.0,0.0,0.0,0.0,0.0,0.0,0.0,1.0,1.0,1.0,1.0,0.0,1.0,0.0,0.0,0.0,1,0,0,0,0,0,0,0,0,0,0
test,vgr_test_storage_cycle_01,1.0,1.0,1.0,0.0,0.0,0.0,0.0,0.0,0.0,0.0,1.0,1.0,1.0,1.0,0.0,1.0,0.0,0.0,0.0,1,0,0,0,0,0,0,0,0,0,0
test,vgr_test_storage_cycle_01,1.0,1.0,1.0,0.0,0.0,0.0,0.0,0.0,0.0,0.0,1.0,1.0,1.0,1.0,0.0,1.0,0.0,0.0,0.0,1,0,0,0,0,0,0,0,0,0,0
test,vgr_test_storage_cycle_01,1.0,1.0,1.0,0.0,0.0,0.0,0.0,0.0,0.0,0.0,1.0,1.0,1.0,1.0,0.0,1.0,0.0,0.0,0.0,1,0,0,0,0,0,0,0,0,0,0
test,vgr_test_storage_cycle_01,1.0,1.0,1.0,0.0,0.0,0.0,0.0,0.0,0.0,0.0,1.0,1.0,1.0,1.0,0.0,1.0,0.0,0.0,0.0,1,0,0,0,0,0,0,0,0,0,0
test,vgr_test_storage_cycle_01,1.0,1.0,1.0,0.0,0.0,0.0,0.0,0.0,0.0,0.0,1.0,1.0,1.0,1.0,0.0,1.0,0.0,0.0,0.0,1,0,0,0,0,0,0,0,0,0,0
test,vgr_test_storage_cycle_01,1.0,1.0,1.0,0.0,0.0,0.0,0.0,0.0,0.0,0.0,1.0,1.0,1.0,1.0,0.0,1.0,0.0,0.0,0.0,1,0,0,0,0,0,0,0,0,0,0
test,vgr_test_storage_cycle_01,1.0,1.0,1.0,0.0,0.0,0.0,0.0,0.0,0.0,0.0,1.0,1.0,1.0,1.0,0.0,1.0,0.0,0.0,0.0,1,0,0,0,0,0,0,0,0,0,0
test,vgr_test_storage_cycle_01,1.0,1.0,1.0,0.0,0.0,0.0,0.0,0.0,0.0,0.0,1.0,1.0,1.0,1.0,0.0,1.0,0.0,0.0,0.0,1,0,0,0,0,0,0,0,0,0,0
test,vgr_test_storage_cycle_01,0.0,0.0,0.0,0.0,0.0,1.0,1.0,394.0,25.0,29.0,1.0,1.0,1.0,1.0,0.0,1.0,0.0,0.0,1.0,1,0,0,0,0,0,0,0,0,0,0
test,vgr_test_storage_cycle_01,0.0,0.0,0.0,0.0,0.0,1.0,1.0,1449.0,905.0,703.0,0.0,1.0,1.0,0.0,0.0,1.0,399.0,5199.0,1.0,1,0,0,0,0,0,0,0,0,0,0
test,vgr_test_storage_cycle_01,0.0,0.0,0.0,0.0,0.0,1.0,1.0,2454.0,157.0,424.0,0.0,1.0,1.0,0.0,0.0,1.0,32.0,5199.0,1.0,1,0,0,0,0,0,0,0,0,0,0
test,vgr_test_storage_cycle_01,0.0,0.0,0.0,0.0,0.0,1.0,1.0,1446.0,907.0,699.0,0.0,0.0,1.0,0.0,1.0,0.0,2803.0,17.0,1.0,1,0,0,0,0,0,0,0,0,0,0
test,vgr_test_storage_cycle_01,1.0,0.0,0.0,0.0,0.0,1.0,1.0,0.0,605.0,5349.0,0.0,1.0,0.0,0.0,1.0,0.0,2803.0,17.0,1.0,1,0,0,0,0,0,0,0,0,0,0
test,vgr_test_storage_cycle_01,0.0,0.0,0.0,0.0,0.0,0.0,0.0,400.0,605.0,5349.0,0.0,1.0,0.0,0.0,1.0,0.0,2803.0,17.0,1.0,1,0,0,0,0,0,0,0,0,0,0
test,vgr_test_storage_cycle_01,0.0,0.0,0.0,0.0,0.0,0.0,0.0,400.0,605.0,5349.0,0.0,0.0,1.0,0.0,1.0,0.0,2803.0,17.0,1.0,1,0,0,0,0,0,0,0,0,0,0
test,vgr_test_storage_cycle_01,0.0,0.0,0.0,0.0,0.0,0.0,0.0,400.0,605.0,5349.0,0.0,1.0,1.0,0.0,0.0,1.0,35.0,5199.0,1.0,1,0,0,0,0,0,0,0,0,0,0
test,vgr_test_storage_cycle_01,0.0,0.0,0.0,0.0,0.0,0.0,0.0,400.0,605.0,5349.0,0.0,1.0,1.0,0.0,0.0,1.0,401.0,5199.0,1.0,1,0,0,0,0,0,0,0,0,0,0
test,vgr_test_storage_cycle_01,1.0,1.0,1.0,0.0,0.0,0.0,0.0,0.0,0.0,0.0,1.0,1.0,1.0,1.0,0.0,1.0,0.0,0.0,0.0,1,0,0,0,0,0,0,0,0,0,0
test,vgr_test_storage_cycle_01,1.0,1.0,1.0,0.0,0.0,0.0,0.0,0.0,0.0,0.0,1.0,1.0,1.0,1.0,0.0,1.0,0.0,0.0,0.0,1,0,0,0,0,0,0,0,0,0,0
test,vgr_test_storage_cycle_01,1.0,1.0,1.0,0.0,0.0,0.0,0.0,0.0,0.0,0.0,1.0,1.0,1.0,1.0,0.0,1.0,0.0,0.0,0.0,1,0,0,0,0,0,0,0,0,0,0
test,vgr_test_storage_cycle_01,1.0,1.0,1.0,0.0,0.0,0.0,0.0,0.0,0.0,0.0,1.0,1.0,1.0,1.0,0.0,1.0,0.0,0.0,0.0,1,0,0,0,0,0,0,0,0,0,0
test,vgr_test_storage_cycle_01,1.0,1.0,1.0,0.0,0.0,0.0,0.0,0.0,0.0,0.0,1.0,1.0,1.0,1.0,0.0,1.0,0.0,0.0,0.0,1,0,0,0,0,0,0,0,0,0,0
test,vgr_test_storage_cycle_01,1.0,1.0,1.0,0.0,0.0,0.0,0.0,0.0,0.0,0.0,1.0,1.0,1.0,1.0,0.0,1.0,0.0,0.0,0.0,1,0,0,0,0,0,0,0,0,0,0
test,vgr_test_storage_cycle_01,1.0,1.0,1.0,0.0,0.0,0.0,0.0,0.0,0.0,0.0,1.0,1.0,1.0,1.0,0.0,1.0,0.0,0.0,0.0,1,0,0,0,0,0,0,0,0,0,0
test,vgr_test_storage_cycle_01,1.0,1.0,1.0,0.0,0.0,0.0,0.0,0.0,0.0,0.0,1.0,1.0,1.0,1.0,0.0,1.0,0.0,0.0,0.0,1,0,0,0,0,0,0,0,0,0,0
test,vgr_test_storage_cycle_01,1.0,1.0,1.0,0.0,0.0,0.0,0.0,0.0,0.0,0.0,1.0,1.0,1.0,1.0,0.0,1.0,0.0,0.0,0.0,1,0,0,0,0,0,0,0,0,0,0
test,vgr_test_storage_cycle_01,1.0,1.0,1.0,0.0,0.0,0.0,0.0,0.0,0.0,0.0,1.0,1.0,1.0,1.0,0.0,1.0,0.0,0.0,0.0,1,0,0,0,0,0,0,0,0,0,0
test,vgr_test_storage_cycle_01,0.0,0.0,0.0,0.0,0.0,1.0,1.0,395.0,25.0,32.0,1.0,1.0,1.0,1.0,0.0,1.0,0.0,0.0,1.0,1,0,0,0,0,0,0,0,0,0,0
test,vgr_test_storage_cycle_01,0.0,0.0,0.0,0.0,0.0,1.0,1.0,1448.0,905.0,704.0,0.0,1.0,1.0,0.0,0.0,1.0,1754.0,5201.0,1.0,1,0,0,0,0,0,0,0,0,0,0
test,vgr_test_storage_cycle_01,0.0,0.0,0.0,0.0,0.0,1.0,1.0,2462.0,157.0,426.0,0.0,1.0,1.0,0.0,0.0,1.0,1386.0,5201.0,1.0,1,0,0,0,0,0,0,0,0,0,0
test,vgr_test_storage_cycle_01,0.0,0.0,0.0,0.0,0.0,1.0,1.0,1448.0,903.0,706.0,0.0,0.0,1.0,0.0,1.0,0.0,2800.0,17.0,1.0,1,0,0,0,0,0,0,0,0,0,0
test,vgr_test_storage_cycle_01,1.0,0.0,0.0,0.0,0.0,1.0,1.0,0.0,607.0,5351.0,0.0,1.0,0.0,0.0,1.0,0.0,2800.0,17.0,1.0,1,0,0,0,0,0,0,0,0,0,0
test,vgr_test_storage_cycle_01,0.0,0.0,0.0,0.0,0.0,0.0,0.0,399.0,607.0,5351.0,0.0,1.0,0.0,0.0,1.0,0.0,2800.0,17.0,1.0,1,0,0,0,0,0,0,0,0,0,0
test,vgr_test_storage_cycle_01,0.0,0.0,0.0,0.0,0.0,0.0,0.0,399.0,607.0,5351.0,0.0,0.0,1.0,0.0,1.0,0.0,2800.0,17.0,1.0,1,0,0,0,0,0,0,0,0,0,0
test,vgr_test_storage_cycle_01,0.0,0.0,0.0,0.0,0.0,0.0,0.0,399.0,607.0,5351.0,0.0,1.0,1.0,0.0,0.0,1.0,1383.0,5198.0,1.0,1,0,0,0,0,0,0,0,0,0,0
test,vgr_test_storage_cycle_01,0.0,0.0,0.0,0.0,0.0,0.0,0.0,399.0,607.0,5351.0,0.0,1.0,1.0,0.0,0.0,1.0,1752.0,5198.0,1.0,1,0,0,0,0,0,0,0,0,0,0
